ISO-10303-21;
HEADER;
FILE_DESCRIPTION (( 'STEP AP214' ),
    '1' );
FILE_NAME ('CONN-TH_B4B-PH-K-S-GW.STEP',
    '2021-07-04T15:47:27',
    ( '' ),
    ( '' ),
    'SwSTEP 2.0',
    'SolidWorks 2018',
    '' );
FILE_SCHEMA (( 'AUTOMOTIVE_DESIGN' ));
ENDSEC;

DATA;
#1 = COLOUR_RGB ( '',1.000000000000000000, 1.000000000000000000, 1.000000000000000000 ) ;
#2 = VERTEX_POINT ( 'NONE', #2335 ) ;
#3 = EDGE_CURVE ( 'NONE', #6250, #43, #51, .T. ) ;
#4 = FILL_AREA_STYLE ('',( #2457 ) ) ;
#5 = CARTESIAN_POINT ( 'NONE',  ( 0.2243697996426999575, 0.5897773272888193752, 0.01000000000000000194 ) ) ;
#6 = CARTESIAN_POINT ( 'NONE',  ( -2.849999999999999201, 0.0000000000000000000, 5.000000000000000888 ) ) ;
#7 = FILL_AREA_STYLE_COLOUR ( '', #3147 ) ;
#8 = ADVANCED_FACE ( 'NONE', ( #1443 ), #6722, .T. ) ;
#9 = FACE_BOUND ( 'NONE', #2695, .T. ) ;
#10 = MECHANICAL_DESIGN_GEOMETRIC_PRESENTATION_REPRESENTATION (  '', ( #7240 ), #7644 ) ;
#11 = CARTESIAN_POINT ( 'NONE',  ( -0.2710462516987122150, 0.2920778058621723017, 0.01000000000000000021 ) ) ;
#12 = PRESENTATION_LAYER_ASSIGNMENT (  '', '', ( #6183 ) ) ;
#13 = CARTESIAN_POINT ( 'NONE',  ( -4.950000000000000178, -0.6499999999999995781, 4.390000000000003233 ) ) ;
#14 = CARTESIAN_POINT ( 'NONE',  ( -0.3560974243474088197, 0.5073898897163993116, 0.0000000000000000000 ) ) ;
#15 = LINE ( 'NONE', #481, #971 ) ;
#16 = SURFACE_SIDE_STYLE ('',( #7063 ) ) ;
#17 = VERTEX_POINT ( 'NONE', #3599 ) ;
#18 = ADVANCED_FACE ( 'NONE', ( #3450, #7790, #6380 ), #4275, .F. ) ;
#19 = DIRECTION ( 'NONE',  ( 1.000000000000000000, -0.0000000000000000000, 0.0000000000000000000 ) ) ;
#20 = PRESENTATION_STYLE_ASSIGNMENT (( #408 ) ) ;
#21 = MECHANICAL_DESIGN_GEOMETRIC_PRESENTATION_REPRESENTATION (  '', ( #7558 ), #5382 ) ;
#22 = DIRECTION ( 'NONE',  ( 0.0000000000000000000, -3.614007241618350250E-16, 1.000000000000000000 ) ) ;
#23 =( LENGTH_UNIT ( ) NAMED_UNIT ( * ) SI_UNIT ( .MILLI., .METRE. ) );
#24 = CARTESIAN_POINT ( 'NONE',  ( 2.000000000000000000, -1.749999999999999778, 5.800000000000001599 ) ) ;
#25 = CARTESIAN_POINT ( 'NONE',  ( 0.2533150134679286181, 0.5792089484904940910, 0.0000000000000000000 ) ) ;
#26 = SURFACE_STYLE_FILL_AREA ( #2814 ) ;
#27 = CARTESIAN_POINT ( 'NONE',  ( -1.249999999999999778, -0.2999999999999997669, 4.699999999999997513 ) ) ;
#28 = COLOUR_RGB ( '',1.000000000000000000, 1.000000000000000000, 1.000000000000000000 ) ;
#29 = CARTESIAN_POINT ( 'NONE',  ( -0.3434964087590390847, 0.3667319280159819228, 0.01000000000000000021 ) ) ;
#30 = STYLED_ITEM ( 'NONE', ( #2420 ), #3109 ) ;
#31 = SURFACE_SIDE_STYLE ('',( #4463 ) ) ;
#32 = ORIENTED_EDGE ( 'NONE', *, *, #4029, .F. ) ;
#33 = DIRECTION ( 'NONE',  ( 1.000000000000000000, 0.0000000000000000000, 0.0000000000000000000 ) ) ;
#34 =( LENGTH_UNIT ( ) NAMED_UNIT ( * ) SI_UNIT ( .MILLI., .METRE. ) );
#35 = CARTESIAN_POINT ( 'NONE',  ( -0.8499999999999992006, 0.0000000000000000000, 5.000000000000000888 ) ) ;
#36 =( NAMED_UNIT ( * ) SI_UNIT ( $, .STERADIAN. ) SOLID_ANGLE_UNIT ( ) );
#37 = VERTEX_POINT ( 'NONE', #1786 ) ;
#38 = LINE ( 'NONE', #1169, #4739 ) ;
#39 = DIRECTION ( 'NONE',  ( 0.0000000000000000000, -1.000000000000000000, 0.0000000000000000000 ) ) ;
#40 = MECHANICAL_DESIGN_GEOMETRIC_PRESENTATION_REPRESENTATION (  '', ( #5549 ), #7834 ) ;
#41 = SURFACE_STYLE_FILL_AREA ( #931 ) ;
#42 = ORIENTED_EDGE ( 'NONE', *, *, #4216, .F. ) ;
#43 = VERTEX_POINT ( 'NONE', #2496 ) ;
#44 = EDGE_CURVE ( 'NONE', #4446, #4586, #425, .T. ) ;
#45 = CARTESIAN_POINT ( 'NONE',  ( 0.4009656646219040277, 0.5953628561172763511, 0.0000000000000000000 ) ) ;
#46 = ORIENTED_EDGE ( 'NONE', *, *, #5712, .T. ) ;
#47 = PLANE ( 'NONE',  #1374 ) ;
#48 =( NAMED_UNIT ( * ) SI_UNIT ( $, .STERADIAN. ) SOLID_ANGLE_UNIT ( ) );
#49 = FILL_AREA_STYLE_COLOUR ( '', #3374 ) ;
#50 = VECTOR ( 'NONE', #1203, 1000.000000000000000 ) ;
#51 = LINE ( 'NONE', #6775, #5430 ) ;
#52 = DIRECTION ( 'NONE',  ( 1.000000000000000000, 0.0000000000000000000, -0.0000000000000000000 ) ) ;
#53 = EDGE_LOOP ( 'NONE', ( #7487, #7540, #937, #6216, #1699 ) ) ;
#54 = DIRECTION ( 'NONE',  ( -1.000000000000000000, 0.0000000000000000000, 0.0000000000000000000 ) ) ;
#55 = AXIS2_PLACEMENT_3D ( 'NONE', #6510, #7135, #493 ) ;
#56 = PLANE ( 'NONE',  #4700 ) ;
#57 = EDGE_LOOP ( 'NONE', ( #4268, #152, #6695, #7597 ) ) ;
#58 = CARTESIAN_POINT ( 'NONE',  ( -4.950000000000000178, -0.2399999999999994083, 4.389999999999999680 ) ) ;
#59 =( NAMED_UNIT ( * ) PLANE_ANGLE_UNIT ( ) SI_UNIT ( $, .RADIAN. ) );
#60 = CARTESIAN_POINT ( 'NONE',  ( -4.700000000000000178, 2.000000000000000000, 6.000000000000000000 ) ) ;
#61 = ORIENTED_EDGE ( 'NONE', *, *, #3239, .F. ) ;
#62 = ORIENTED_EDGE ( 'NONE', *, *, #7777, .T. ) ;
#63 = CARTESIAN_POINT ( 'NONE',  ( 0.4906728319592074117, 0.3342544341622329940, 0.01000000000000000021 ) ) ;
#64 = COLOUR_RGB ( '',0.9686274509803921573, 0.8784313725490195957, 0.5999999999999999778 ) ;
#65 = CARTESIAN_POINT ( 'NONE',  ( -0.3510498080236360563, 0.5171076180070738326, 0.0000000000000000000 ) ) ;
#66 = LINE ( 'NONE', #7043, #7727 ) ;
#67 = ORIENTED_EDGE ( 'NONE', *, *, #5137, .F. ) ;
#68 =( NAMED_UNIT ( * ) SI_UNIT ( $, .STERADIAN. ) SOLID_ANGLE_UNIT ( ) );
#69 =( GEOMETRIC_REPRESENTATION_CONTEXT ( 3 ) GLOBAL_UNCERTAINTY_ASSIGNED_CONTEXT ( ( #1792 ) ) GLOBAL_UNIT_ASSIGNED_CONTEXT ( ( #23, #4317, #48 ) ) REPRESENTATION_CONTEXT ( 'NONE', 'WORKASPACE' ) );
#70 = CARTESIAN_POINT ( 'NONE',  ( 1.250000000000000222, -0.7999999999999997113, 5.000000000000000888 ) ) ;
#71 = ORIENTED_EDGE ( 'NONE', *, *, #7121, .F. ) ;
#72 = DIRECTION ( 'NONE',  ( 1.000000000000000000, 0.0000000000000000000, 0.0000000000000000000 ) ) ;
#73 = EDGE_CURVE ( 'NONE', #5401, #6996, #3862, .T. ) ;
#74 = LINE ( 'NONE', #6207, #2221 ) ;
#75 = ORIENTED_EDGE ( 'NONE', *, *, #5644, .T. ) ;
#76 = DIRECTION ( 'NONE',  ( 0.0000000000000000000, -1.000000000000000000, -8.673617379884027583E-16 ) ) ;
#77 = LINE ( 'NONE', #785, #3800 ) ;
#78 = CARTESIAN_POINT ( 'NONE',  ( -0.2251868985368068732, 0.2932553682771826264, 0.01000000000000000021 ) ) ;
#79 = FILL_AREA_STYLE_COLOUR ( '', #916 ) ;
#80 = DIRECTION ( 'NONE',  ( 0.0000000000000000000, -0.0000000000000000000, -1.000000000000000000 ) ) ;
#81 = EDGE_LOOP ( 'NONE', ( #1820, #5558, #1572, #4668 ) ) ;
#82 = AXIS2_PLACEMENT_3D ( 'NONE', #1882, #1926, #2568 ) ;
#83 = STYLED_ITEM ( 'NONE', ( #704 ), #4796 ) ;
#84 = ORIENTED_EDGE ( 'NONE', *, *, #708, .T. ) ;
#85 = CARTESIAN_POINT ( 'NONE',  ( -2.750000000000000000, -0.7999999999999997113, 4.699999999999997513 ) ) ;
#86 = LINE ( 'NONE', #5285, #4400 ) ;
#87 = DIRECTION ( 'NONE',  ( 0.0000000000000000000, -0.9486832980505145452, -0.3162277660168359428 ) ) ;
#88 = VERTEX_POINT ( 'NONE', #4431 ) ;
#89 = CARTESIAN_POINT ( 'NONE',  ( 0.0000000000000000000, 0.5624360268489836390, 0.01000000000000000021 ) ) ;
#90 = DIRECTION ( 'NONE',  ( 0.0000000000000000000, -1.000000000000000000, 0.0000000000000000000 ) ) ;
#91 = ADVANCED_FACE ( 'NONE', ( #7603 ), #6856, .F. ) ;
#92 =( LENGTH_UNIT ( ) NAMED_UNIT ( * ) SI_UNIT ( .MILLI., .METRE. ) );
#93 = EDGE_CURVE ( 'NONE', #840, #7643, #6282, .T. ) ;
#94 = ORIENTED_EDGE ( 'NONE', *, *, #4475, .T. ) ;
#95 = CARTESIAN_POINT ( 'NONE',  ( -1.150000000000000355, -0.3999999999999991340, 5.000000000000000888 ) ) ;
#96 = VECTOR ( 'NONE', #5719, 1000.000000000000000 ) ;
#97 = FILL_AREA_STYLE_COLOUR ( '', #64 ) ;
#98 = ORIENTED_EDGE ( 'NONE', *, *, #1978, .T. ) ;
#99 = UNCERTAINTY_MEASURE_WITH_UNIT (LENGTH_MEASURE( 1.000000000000000082E-05 ), #4043, 'distance_accuracy_value', 'NONE');
#100 = CARTESIAN_POINT ( 'NONE',  ( 0.02779493291458703941, 0.3282896853855690189, 0.0000000000000000000 ) ) ;
#101 = CARTESIAN_POINT ( 'NONE',  ( 3.250000000000000444, -0.7999999999999997113, 5.000000000000000888 ) ) ;
#102 = PLANE ( 'NONE',  #2789 ) ;
#103 = EDGE_CURVE ( 'NONE', #2500, #6871, #5900, .T. ) ;
#104 = LINE ( 'NONE', #2508, #3606 ) ;
#105 = FILL_AREA_STYLE ('',( #3165 ) ) ;
#106 = SURFACE_STYLE_USAGE ( .BOTH. , #680 ) ;
#107 = COLOUR_RGB ( '',1.000000000000000000, 1.000000000000000000, 1.000000000000000000 ) ;
#108 = ORIENTED_EDGE ( 'NONE', *, *, #7099, .T. ) ;
#109 = FILL_AREA_STYLE ('',( #520 ) ) ;
#110 = CARTESIAN_POINT ( 'NONE',  ( -0.5465953109878519678, 0.0000000000000000000, 0.01000000000000000021 ) ) ;
#111 = DIRECTION ( 'NONE',  ( -0.3390537954853693470, -0.9407669869669988971, 0.0000000000000000000 ) ) ;
#112 = CARTESIAN_POINT ( 'NONE',  ( -0.5868392134268763938, 0.2953628561172763622, 0.0000000000000000000 ) ) ;
#113 = LINE ( 'NONE', #5711, #6639 ) ;
#114 = EDGE_CURVE ( 'NONE', #37, #256, #4545, .T. ) ;
#115 = VERTEX_POINT ( 'NONE', #5003 ) ;
#116 = CARTESIAN_POINT ( 'NONE',  ( 0.1946275452200013634, 0.2957266645462814925, 0.01000000000000000021 ) ) ;
#117 = CARTESIAN_POINT ( 'NONE',  ( -0.4072932845747735953, 0.4670969751092826083, 0.01000000000000000021 ) ) ;
#118 = AXIS2_PLACEMENT_3D ( 'NONE', #4426, #5692, #1889 ) ;
#119 = SURFACE_SIDE_STYLE ('',( #5118 ) ) ;
#120 = DIRECTION ( 'NONE',  ( 0.0000000000000000000, -1.000000000000000000, -0.0000000000000000000 ) ) ;
#121 = PRESENTATION_STYLE_ASSIGNMENT (( #5523 ) ) ;
#122 = EDGE_LOOP ( 'NONE', ( #3254, #7744, #740, #1011 ) ) ;
#123 = PRESENTATION_LAYER_ASSIGNMENT (  '', '', ( #5373 ) ) ;
#124 = CARTESIAN_POINT ( 'NONE',  ( -0.3136431080172246144, 0.5538532142281646919, 0.0000000000000000000 ) ) ;
#125 = CARTESIAN_POINT ( 'NONE',  ( -4.450000000000000178, -0.6499999999999998002, 5.799999999999999822 ) ) ;
#126 = DIRECTION ( 'NONE',  ( -0.0000000000000000000, 0.0000000000000000000, -1.000000000000000000 ) ) ;
#127 = VECTOR ( 'NONE', #369, 1000.000000000000000 ) ;
#128 = CARTESIAN_POINT ( 'NONE',  ( 0.2086763914935740871, 0.5929618204643394286, 0.01000000000000000021 ) ) ;
#129 = AXIS2_PLACEMENT_3D ( 'NONE', #3498, #3520, #4180 ) ;
#130 = CARTESIAN_POINT ( 'NONE',  ( 0.7500000000000002220, -0.6999999999999994005, -3.399999999999999911 ) ) ;
#131 = MECHANICAL_DESIGN_GEOMETRIC_PRESENTATION_REPRESENTATION (  '', ( #7512 ), #790 ) ;
#132 = LINE ( 'NONE', #6591, #1332 ) ;
#133 = CARTESIAN_POINT ( 'NONE',  ( -0.1844001890366325780, 0.3035945634343496513, 0.01000000000000000021 ) ) ;
#134 =( NAMED_UNIT ( * ) SI_UNIT ( $, .STERADIAN. ) SOLID_ANGLE_UNIT ( ) );
#135 = ORIENTED_EDGE ( 'NONE', *, *, #4460, .F. ) ;
#136 = VERTEX_POINT ( 'NONE', #6285 ) ;
#137 = SURFACE_STYLE_FILL_AREA ( #5577 ) ;
#138 = FILL_AREA_STYLE_COLOUR ( '', #196 ) ;
#139 = FILL_AREA_STYLE ('',( #4993 ) ) ;
#140 = ORIENTED_EDGE ( 'NONE', *, *, #4657, .T. ) ;
#141 = FILL_AREA_STYLE_COLOUR ( '', #4628 ) ;
#142 = EDGE_CURVE ( 'NONE', #3351, #1082, #4646, .T. ) ;
#143 = COLOUR_RGB ( '',0.9686274509803921573, 0.8784313725490195957, 0.5999999999999999778 ) ;
#144 =( NAMED_UNIT ( * ) PLANE_ANGLE_UNIT ( ) SI_UNIT ( $, .RADIAN. ) );
#145 = ORIENTED_EDGE ( 'NONE', *, *, #1242, .F. ) ;
#146 = CARTESIAN_POINT ( 'NONE',  ( 0.2930894328771783131, 0.4159657668004689279, 0.0000000000000000000 ) ) ;
#147 = CARTESIAN_POINT ( 'NONE',  ( -0.2433241999714204074, 0.5979289557349410922, 0.01000000000000000021 ) ) ;
#148 = CARTESIAN_POINT ( 'NONE',  ( -0.3510498080236360563, 0.5171076180070738326, 0.0000000000000000000 ) ) ;
#149 = EDGE_LOOP ( 'NONE', ( #6752, #753, #5455, #6970 ) ) ;
#150 = DIRECTION ( 'NONE',  ( -1.000000000000000000, 0.0000000000000000000, -0.0000000000000000000 ) ) ;
#151 = EDGE_CURVE ( 'NONE', #1466, #1584, #7136, .T. ) ;
#152 = ORIENTED_EDGE ( 'NONE', *, *, #73, .T. ) ;
#153 = FILL_AREA_STYLE ('',( #6897 ) ) ;
#154 = DIRECTION ( 'NONE',  ( 1.000000000000000000, 0.0000000000000000000, -0.0000000000000000000 ) ) ;
#155 =( NAMED_UNIT ( * ) SI_UNIT ( $, .STERADIAN. ) SOLID_ANGLE_UNIT ( ) );
#156 = EDGE_LOOP ( 'NONE', ( #4367, #1874, #1753, #6508 ) ) ;
#157 = CARTESIAN_POINT ( 'NONE',  ( -0.2669459207439496828, 0.5990213927026423191, 0.0000000000000000000 ) ) ;
#158 = ORIENTED_EDGE ( 'NONE', *, *, #4558, .T. ) ;
#159 = MECHANICAL_DESIGN_GEOMETRIC_PRESENTATION_REPRESENTATION (  '', ( #7287 ), #1801 ) ;
#160 = PLANE ( 'NONE',  #5112 ) ;
#161 = CARTESIAN_POINT ( 'NONE',  ( 0.0000000000000000000, 0.0000000000000000000, 6.000000000000000000 ) ) ;
#162 = LINE ( 'NONE', #35, #5366 ) ;
#163 = ORIENTED_EDGE ( 'NONE', *, *, #1009, .F. ) ;
#164 = DIRECTION ( 'NONE',  ( 1.000000000000000000, -0.0000000000000000000, 0.0000000000000000000 ) ) ;
#165 = VECTOR ( 'NONE', #5969, 1000.000000000000000 ) ;
#166 = ORIENTED_EDGE ( 'NONE', *, *, #7326, .F. ) ;
#167 = CARTESIAN_POINT ( 'NONE',  ( 4.450000000000001066, 0.1500000000000001887, 5.799999999999999822 ) ) ;
#168 = UNCERTAINTY_MEASURE_WITH_UNIT (LENGTH_MEASURE( 1.000000000000000082E-05 ), #7613, 'distance_accuracy_value', 'NONE');
#169 = STYLED_ITEM ( 'NONE', ( #2735 ), #1609 ) ;
#170 = FILL_AREA_STYLE ('',( #1191 ) ) ;
#171 = ORIENTED_EDGE ( 'NONE', *, *, #6368, .F. ) ;
#172 = LINE ( 'NONE', #4650, #3006 ) ;
#173 = DIRECTION ( 'NONE',  ( 1.000000000000000000, -0.0000000000000000000, 0.0000000000000000000 ) ) ;
#174 = EDGE_LOOP ( 'NONE', ( #3155, #2717, #6110, #6197, #3576, #1932, #2413, #84, #6862, #6999 ) ) ;
#175 = CARTESIAN_POINT ( 'NONE',  ( 0.1752225243780017594, 0.5953628561172764622, 0.01000000000000000021 ) ) ;
#176 = CARTESIAN_POINT ( 'NONE',  ( -4.450000000000000178, 0.1500000000000002720, 5.799999999999999822 ) ) ;
#177 = FILL_AREA_STYLE_COLOUR ( '', #4632 ) ;
#178 = EDGE_LOOP ( 'NONE', ( #7934, #5048, #1395, #844 ) ) ;
#179 = CARTESIAN_POINT ( 'NONE',  ( -0.2447008551658191033, 0.2917781358819973025, 0.01000000000000000021 ) ) ;
#180 = CARTESIAN_POINT ( 'NONE',  ( 1.250000000000000222, -0.2999999999999997669, 1.000000000000000000 ) ) ;
#181 =( GEOMETRIC_REPRESENTATION_CONTEXT ( 3 ) GLOBAL_UNCERTAINTY_ASSIGNED_CONTEXT ( ( #3152 ) ) GLOBAL_UNIT_ASSIGNED_CONTEXT ( ( #3198, #4470, #793 ) ) REPRESENTATION_CONTEXT ( 'NONE', 'WORKASPACE' ) );
#182 = ORIENTED_EDGE ( 'NONE', *, *, #809, .T. ) ;
#183 =( GEOMETRIC_REPRESENTATION_CONTEXT ( 3 ) GLOBAL_UNCERTAINTY_ASSIGNED_CONTEXT ( ( #2317 ) ) GLOBAL_UNIT_ASSIGNED_CONTEXT ( ( #2093, #930, #2168 ) ) REPRESENTATION_CONTEXT ( 'NONE', 'WORKASPACE' ) );
#184 = LINE ( 'NONE', #6048, #4405 ) ;
#185 = PRESENTATION_STYLE_ASSIGNMENT (( #1700 ) ) ;
#186 = CARTESIAN_POINT ( 'NONE',  ( 0.3351120060853188254, 0.4415899902636178376, 0.01000000000000000021 ) ) ;
#187 = FACE_OUTER_BOUND ( 'NONE', #5448, .T. ) ;
#188 = CARTESIAN_POINT ( 'NONE',  ( 0.2637379732408435262, 0.5309769271943530766, 0.01000000000000000021 ) ) ;
#189 = SURFACE_STYLE_FILL_AREA ( #4588 ) ;
#190 = ORIENTED_EDGE ( 'NONE', *, *, #334, .T. ) ;
#191 = DIRECTION ( 'NONE',  ( 0.0000000000000000000, -0.0000000000000000000, 1.000000000000000000 ) ) ;
#192 = FILL_AREA_STYLE ('',( #3228 ) ) ;
#193 = CARTESIAN_POINT ( 'NONE',  ( 2.750000000000000444, -0.2999999999999997669, 1.000000000000000000 ) ) ;
#194 =( GEOMETRIC_REPRESENTATION_CONTEXT ( 3 ) GLOBAL_UNCERTAINTY_ASSIGNED_CONTEXT ( ( #1617 ) ) GLOBAL_UNIT_ASSIGNED_CONTEXT ( ( #6747, #3718, #68 ) ) REPRESENTATION_CONTEXT ( 'NONE', 'WORKASPACE' ) );
#195 =( LENGTH_UNIT ( ) NAMED_UNIT ( * ) SI_UNIT ( .MILLI., .METRE. ) );
#196 = COLOUR_RGB ( '',1.000000000000000000, 1.000000000000000000, 1.000000000000000000 ) ;
#197 = CARTESIAN_POINT ( 'NONE',  ( -0.3224153060279746352, 0.5483368076113085410, 0.0000000000000000000 ) ) ;
#198 = FACE_OUTER_BOUND ( 'NONE', #6899, .T. ) ;
#199 = CARTESIAN_POINT ( 'NONE',  ( -0.4331806768415105147, 0.5953628561172763511, 0.01000000000000000021 ) ) ;
#200 = DIRECTION ( 'NONE',  ( 0.0000000000000000000, -0.0000000000000000000, -1.000000000000000000 ) ) ;
#201 = EDGE_CURVE ( 'NONE', #136, #5035, #6959, .T. ) ;
#202 =( NAMED_UNIT ( * ) SI_UNIT ( $, .STERADIAN. ) SOLID_ANGLE_UNIT ( ) );
#203 = CARTESIAN_POINT ( 'NONE',  ( -0.2614009512317545525, 0.5660945634343496069, 0.0000000000000000000 ) ) ;
#204 = ADVANCED_FACE ( 'NONE', ( #233 ), #1433, .T. ) ;
#205 = SURFACE_STYLE_FILL_AREA ( #3543 ) ;
#206 = DIRECTION ( 'NONE',  ( -1.000000000000000000, -0.0000000000000000000, -0.0000000000000000000 ) ) ;
#207 = CIRCLE ( 'NONE', #5380, 0.2500000000000002220 ) ;
#208 =( NAMED_UNIT ( * ) PLANE_ANGLE_UNIT ( ) SI_UNIT ( $, .RADIAN. ) );
#209 = LINE ( 'NONE', #3658, #2171 ) ;
#210 = CARTESIAN_POINT ( 'NONE',  ( 0.3101489330411272838, 0.3564026935348292846, 0.01000000000000000021 ) ) ;
#211 = CARTESIAN_POINT ( 'NONE',  ( -1.136363636363633356, -0.6863636363636329563, -4.259090909090905264 ) ) ;
#212 = CARTESIAN_POINT ( 'NONE',  ( -2.750000000000000000, -0.2999999999999997669, 5.000000000000000888 ) ) ;
#213 = SURFACE_STYLE_USAGE ( .BOTH. , #3869 ) ;
#214 = STYLED_ITEM ( 'NONE', ( #2850 ), #1297 ) ;
#215 = SURFACE_SIDE_STYLE ('',( #4526 ) ) ;
#216 = LINE ( 'NONE', #7791, #4621 ) ;
#217 = UNCERTAINTY_MEASURE_WITH_UNIT (LENGTH_MEASURE( 1.000000000000000082E-05 ), #1749, 'distance_accuracy_value', 'NONE');
#218 = ORIENTED_EDGE ( 'NONE', *, *, #6658, .F. ) ;
#219 = EDGE_CURVE ( 'NONE', #7683, #6351, #5710, .T. ) ;
#220 =( NAMED_UNIT ( * ) PLANE_ANGLE_UNIT ( ) SI_UNIT ( $, .RADIAN. ) );
#221 = CARTESIAN_POINT ( 'NONE',  ( 0.2945634807338304850, 0.4560289217037672427, 0.009999999999999995004 ) ) ;
#222 = PRESENTATION_STYLE_ASSIGNMENT (( #3143 ) ) ;
#223 = FACE_OUTER_BOUND ( 'NONE', #4378, .T. ) ;
#224 = DIRECTION ( 'NONE',  ( 1.000000000000000000, 0.0000000000000000000, 0.0000000000000000000 ) ) ;
#225 = CARTESIAN_POINT ( 'NONE',  ( 0.4948871585243430071, 0.3529848073367885530, 0.0000000000000000000 ) ) ;
#226 = PRESENTATION_LAYER_ASSIGNMENT (  '', '', ( #7761 ) ) ;
#227 = CARTESIAN_POINT ( 'NONE',  ( -0.1867882260898287849, 0.3026252065450876771, 0.01000000000000000021 ) ) ;
#228 = DIRECTION ( 'NONE',  ( -0.0000000000000000000, 0.0000000000000000000, 1.000000000000000000 ) ) ;
#229 = EDGE_LOOP ( 'NONE', ( #2361, #1436, #3962, #245 ) ) ;
#230 = LINE ( 'NONE', #4208, #2468 ) ;
#231 = STYLED_ITEM ( 'NONE', ( #5605 ), #7413 ) ;
#232 =( GEOMETRIC_REPRESENTATION_CONTEXT ( 3 ) GLOBAL_UNCERTAINTY_ASSIGNED_CONTEXT ( ( #5319 ) ) GLOBAL_UNIT_ASSIGNED_CONTEXT ( ( #3142, #3787, #134 ) ) REPRESENTATION_CONTEXT ( 'NONE', 'WORKASPACE' ) );
#233 = FACE_OUTER_BOUND ( 'NONE', #229, .T. ) ;
#234 = DIRECTION ( 'NONE',  ( -1.000000000000000000, 0.0000000000000000000, 0.0000000000000000000 ) ) ;
#235 = ORIENTED_EDGE ( 'NONE', *, *, #3834, .F. ) ;
#236 = EDGE_LOOP ( 'NONE', ( #6930, #1189, #4738, #3138 ) ) ;
#237 = EDGE_CURVE ( 'NONE', #3086, #1552, #4263, .T. ) ;
#238 = EDGE_LOOP ( 'NONE', ( #7093, #46, #990, #3719 ) ) ;
#239 = CARTESIAN_POINT ( 'NONE',  ( 0.2254486417830609823, 0.3352441983450311080, 0.0000000000000000000 ) ) ;
#240 = LINE ( 'NONE', #1796, #5039 ) ;
#241 = VERTEX_POINT ( 'NONE', #5216 ) ;
#242 = CARTESIAN_POINT ( 'NONE',  ( 4.950000000000000178, 2.000000000000000000, 6.000000000000000000 ) ) ;
#243 = DIRECTION ( 'NONE',  ( 1.000000000000000000, -0.0000000000000000000, -0.0000000000000000000 ) ) ;
#244 = DIRECTION ( 'NONE',  ( 1.000000000000000000, 0.0000000000000000000, 0.0000000000000000000 ) ) ;
#245 = ORIENTED_EDGE ( 'NONE', *, *, #7484, .F. ) ;
#246 = EDGE_CURVE ( 'NONE', #7609, #2552, #2373, .T. ) ;
#247 = ORIENTED_EDGE ( 'NONE', *, *, #6018, .F. ) ;
#248 = CARTESIAN_POINT ( 'NONE',  ( -0.2549985122073643029, 0.2917043195319106164, 0.01000000000000000021 ) ) ;
#249 = LINE ( 'NONE', #6377, #5054 ) ;
#250 = VECTOR ( 'NONE', #2268, 1000.000000000000000 ) ;
#251 = FACE_OUTER_BOUND ( 'NONE', #3478, .T. ) ;
#252 = ORIENTED_EDGE ( 'NONE', *, *, #1146, .F. ) ;
#253 =( NAMED_UNIT ( * ) SI_UNIT ( $, .STERADIAN. ) SOLID_ANGLE_UNIT ( ) );
#254 = SURFACE_SIDE_STYLE ('',( #2277 ) ) ;
#255 = CARTESIAN_POINT ( 'NONE',  ( 0.0000000000000000000, 0.5953628561172763511, 0.01000000000000000021 ) ) ;
#256 = VERTEX_POINT ( 'NONE', #7033 ) ;
#257 = CARTESIAN_POINT ( 'NONE',  ( -0.08561970123175441372, 0.4270701731904470999, 0.0000000000000000000 ) ) ;
#258 = CARTESIAN_POINT ( 'NONE',  ( 0.1752225243780017316, 0.5953628561172763511, 0.0000000000000000000 ) ) ;
#259 = SURFACE_STYLE_USAGE ( .BOTH. , #5141 ) ;
#260 = DIRECTION ( 'NONE',  ( 4.956352788505164254E-16, -1.000000000000000000, 0.0000000000000000000 ) ) ;
#261 = VECTOR ( 'NONE', #3743, 1000.000000000000000 ) ;
#262 = EDGE_CURVE ( 'NONE', #5479, #1036, #5134, .T. ) ;
#263 = ORIENTED_EDGE ( 'NONE', *, *, #7134, .T. ) ;
#264 = CARTESIAN_POINT ( 'NONE',  ( -0.2019549676862398835, 0.5883601625426860826, 0.01000000000000000021 ) ) ;
#265 = CARTESIAN_POINT ( 'NONE',  ( -3.003586417958281629, -1.749999999999999778, 2.116552042568997649 ) ) ;
#266 = VERTEX_POINT ( 'NONE', #1411 ) ;
#267 = CARTESIAN_POINT ( 'NONE',  ( 2.750000000000000444, -0.7999999999999997113, 5.000000000000000888 ) ) ;
#268 = CARTESIAN_POINT ( 'NONE',  ( -0.2894620333182886251, 0.3290686859322594637, 0.0000000000000000000 ) ) ;
#269 = AXIS2_PLACEMENT_3D ( 'NONE', #3929, #4512, #6369 ) ;
#270 = ORIENTED_EDGE ( 'NONE', *, *, #3385, .T. ) ;
#271 = VECTOR ( 'NONE', #126, 1000.000000000000000 ) ;
#272 = MECHANICAL_DESIGN_GEOMETRIC_PRESENTATION_REPRESENTATION (  '', ( #830 ), #5053 ) ;
#273 = VERTEX_POINT ( 'NONE', #5196 ) ;
#274 = SURFACE_SIDE_STYLE ('',( #3964 ) ) ;
#275 = PLANE ( 'NONE',  #6179 ) ;
#276 = ORIENTED_EDGE ( 'NONE', *, *, #3137, .F. ) ;
#277 = CARTESIAN_POINT ( 'NONE',  ( -1.249999999999999778, -0.7999999999999997113, 4.699999999999997513 ) ) ;
#278 = LINE ( 'NONE', #6241, #4875 ) ;
#279 = ORIENTED_EDGE ( 'NONE', *, *, #2084, .T. ) ;
#280 = MECHANICAL_DESIGN_GEOMETRIC_PRESENTATION_REPRESENTATION (  '', ( #7011 ), #681 ) ;
#281 = CARTESIAN_POINT ( 'NONE',  ( -6.000000000000000000, -0.7999999999999997113, 0.0000000000000000000 ) ) ;
#282 = DIRECTION ( 'NONE',  ( 0.0000000000000000000, 0.0000000000000000000, -1.000000000000000000 ) ) ;
#283 = STYLED_ITEM ( 'NONE', ( #2290 ), #7162 ) ;
#284 = LINE ( 'NONE', #3672, #2330 ) ;
#285 = DIRECTION ( 'NONE',  ( 0.0000000000000000000, -1.000000000000000000, 0.0000000000000000000 ) ) ;
#286 = LINE ( 'NONE', #7148, #6336 ) ;
#287 = B_SPLINE_CURVE_WITH_KNOTS ( 'NONE', 3,
 ( #3033, #2396, #6681, #3008, #3583, #6708, #7330, #3664, #2983, #3636, #600, #3059, #25, #549, #3611, #578, #1202, #4879, #5526 ),
 .UNSPECIFIED., .F., .F.,
 ( 4, 1, 1, 1, 1, 1, 1, 1, 1, 1, 1, 1, 1, 1, 1, 1, 4 ),
 ( 0.0000000000000000000, 0.06807022544602457648, 0.1334304311243612595, 0.1961504414953039732, 0.2571279473187741416, 0.3168673125347745700, 0.3761731906999612463, 0.4359476605849034181, 0.4965239232888284393, 0.5574553990935476877, 0.6176782722867167896, 0.6779364036295143503, 0.7387994153869102965, 0.8009448638132561360, 0.8648116296622976318, 0.9310232311067553335, 1.000000000000000000 ),
 .UNSPECIFIED. ) ;
#288 = VERTEX_POINT ( 'NONE', #7657 ) ;
#289 = PLANE ( 'NONE',  #2128 ) ;
#290 = DIRECTION ( 'NONE',  ( 0.0000000000000000000, -1.000000000000000000, 0.0000000000000000000 ) ) ;
#291 = VECTOR ( 'NONE', #3730, 1000.000000000000000 ) ;
#292 =( GEOMETRIC_REPRESENTATION_CONTEXT ( 3 ) GLOBAL_UNCERTAINTY_ASSIGNED_CONTEXT ( ( #1576 ) ) GLOBAL_UNIT_ASSIGNED_CONTEXT ( ( #768, #1271, #1883 ) ) REPRESENTATION_CONTEXT ( 'NONE', 'WORKASPACE' ) );
#293 = LINE ( 'NONE', #2400, #6526 ) ;
#294 = SURFACE_STYLE_FILL_AREA ( #1636 ) ;
#295 = EDGE_LOOP ( 'NONE', ( #5931, #7615, #7338, #1726 ) ) ;
#296 = ORIENTED_EDGE ( 'NONE', *, *, #5457, .T. ) ;
#297 = EDGE_CURVE ( 'NONE', #6769, #6707, #3854, .T. ) ;
#298 = CARTESIAN_POINT ( 'NONE',  ( 3.250000000000000444, 0.0000000000000000000, 0.0000000000000000000 ) ) ;
#299 = CARTESIAN_POINT ( 'NONE',  ( -0.3784162500952775177, 0.5480280951175795501, 0.0000000000000000000 ) ) ;
#300 = CARTESIAN_POINT ( 'NONE',  ( 0.5535380731584893521, 0.5112165146538617533, 0.01000000000000000021 ) ) ;
#301 = CARTESIAN_POINT ( 'NONE',  ( -2.000000000000000000, -0.6999999999999994005, -3.399999999999999911 ) ) ;
#302 = STYLED_ITEM ( 'NONE', ( #5338 ), #204 ) ;
#303 = CARTESIAN_POINT ( 'NONE',  ( 0.4906728319592074117, 0.3342544341622329940, 0.0000000000000000000 ) ) ;
#304 =( NAMED_UNIT ( * ) PLANE_ANGLE_UNIT ( ) SI_UNIT ( $, .RADIAN. ) );
#305 = FACE_OUTER_BOUND ( 'NONE', #3913, .T. ) ;
#306 = EDGE_CURVE ( 'NONE', #6789, #6796, #2672, .T. ) ;
#307 = VERTEX_POINT ( 'NONE', #5752 ) ;
#308 = LINE ( 'NONE', #4843, #5108 ) ;
#309 = CARTESIAN_POINT ( 'NONE',  ( 3.003586417958283405, -1.749999999999999778, 3.912701290971654089 ) ) ;
#310 = FILL_AREA_STYLE_COLOUR ( '', #4675 ) ;
#311 = PRODUCT_DEFINITION_CONTEXT ( 'detailed design', #7041, 'design' ) ;
#312 = CARTESIAN_POINT ( 'NONE',  ( -0.3289625695878341527, 0.3085947746779639789, 0.0000000000000000000 ) ) ;
#313 = SURFACE_SIDE_STYLE ('',( #3722 ) ) ;
#314 = CARTESIAN_POINT ( 'NONE',  ( -4.950000000000000178, 2.250000000000000000, 0.0000000000000000000 ) ) ;
#315 = ORIENTED_EDGE ( 'NONE', *, *, #2554, .T. ) ;
#316 = PRODUCT_CONTEXT ( 'NONE', #5858, 'mechanical' ) ;
#317 = COLOUR_RGB ( '',1.000000000000000000, 1.000000000000000000, 1.000000000000000000 ) ;
#318 = CARTESIAN_POINT ( 'NONE',  ( 2.000000000000000000, -1.749999999999999778, 2.000000000000000000 ) ) ;
#319 = VECTOR ( 'NONE', #7376, 1000.000000000000000 ) ;
#320 = CARTESIAN_POINT ( 'NONE',  ( 4.699999999999996625, 2.250000000000000000, 0.0000000000000000000 ) ) ;
#321 =( GEOMETRIC_REPRESENTATION_CONTEXT ( 3 ) GLOBAL_UNCERTAINTY_ASSIGNED_CONTEXT ( ( #3837 ) ) GLOBAL_UNIT_ASSIGNED_CONTEXT ( ( #4748, #2912, #3527 ) ) REPRESENTATION_CONTEXT ( 'NONE', 'WORKASPACE' ) );
#322 = CARTESIAN_POINT ( 'NONE',  ( 0.4870641876201700082, 0.3437572555705013522, 0.01000000000000000021 ) ) ;
#323 = CARTESIAN_POINT ( 'NONE',  ( -0.3370410084134722872, 0.5834351084271011123, 0.01000000000000000021 ) ) ;
#324 = VECTOR ( 'NONE', #6288, 1000.000000000000000 ) ;
#325 = UNCERTAINTY_MEASURE_WITH_UNIT (LENGTH_MEASURE( 1.000000000000000082E-05 ), #6823, 'distance_accuracy_value', 'NONE');
#326 = CARTESIAN_POINT ( 'NONE',  ( 0.2945793304225670650, 0.4289191282172827857, 0.009999999999999991535 ) ) ;
#327 = VERTEX_POINT ( 'NONE', #7633 ) ;
#328 = ORIENTED_EDGE ( 'NONE', *, *, #540, .F. ) ;
#329 = SURFACE_STYLE_USAGE ( .BOTH. , #274 ) ;
#330 = DIRECTION ( 'NONE',  ( 0.0000000000000000000, -1.000000000000000000, -0.0000000000000000000 ) ) ;
#331 = FACE_OUTER_BOUND ( 'NONE', #295, .T. ) ;
#332 = AXIS2_PLACEMENT_3D ( 'NONE', #6743, #675, #1255 ) ;
#333 =( LENGTH_UNIT ( ) NAMED_UNIT ( * ) SI_UNIT ( .MILLI., .METRE. ) );
#334 = EDGE_CURVE ( 'NONE', #6776, #869, #4635, .T. ) ;
#335 = PLANE ( 'NONE',  #3261 ) ;
#336 = CARTESIAN_POINT ( 'NONE',  ( 0.2637379732408435262, 0.5309769271943530766, 0.0000000000000000000 ) ) ;
#337 = ORIENTED_EDGE ( 'NONE', *, *, #4716, .F. ) ;
#338 = ADVANCED_FACE ( 'NONE', ( #7425 ), #7557, .F. ) ;
#339 = CARTESIAN_POINT ( 'NONE',  ( 4.700000000000000178, 2.000000000000000000, 6.000000000000000000 ) ) ;
#340 = AXIS2_PLACEMENT_3D ( 'NONE', #4985, #3754, #5660 ) ;
#341 = CARTESIAN_POINT ( 'NONE',  ( -0.2577783250620275246, 0.5660470012701234177, 0.0000000000000000000 ) ) ;
#342 = ORIENTED_EDGE ( 'NONE', *, *, #6573, .F. ) ;
#343 = MECHANICAL_DESIGN_GEOMETRIC_PRESENTATION_REPRESENTATION (  '', ( #7065 ), #4024 ) ;
#344 = DIRECTION ( 'NONE',  ( 0.0000000000000000000, 0.0000000000000000000, -1.000000000000000000 ) ) ;
#345 = DIRECTION ( 'NONE',  ( 0.0000000000000000000, 0.0000000000000000000, -1.000000000000000000 ) ) ;
#346 = EDGE_CURVE ( 'NONE', #4777, #4528, #7889, .T. ) ;
#347 = DIRECTION ( 'NONE',  ( 0.3015113445777592993, -0.3015113445777592993, 0.9045340337332937741 ) ) ;
#348 = VERTEX_POINT ( 'NONE', #6393 ) ;
#349 = ORIENTED_EDGE ( 'NONE', *, *, #7723, .F. ) ;
#350 = EDGE_CURVE ( 'NONE', #3001, #6690, #6083, .T. ) ;
#351 = CARTESIAN_POINT ( 'NONE',  ( 0.2628801661146187296, 0.3567808140862367416, 0.009999999999999991535 ) ) ;
#352 = LINE ( 'NONE', #6352, #1740 ) ;
#353 = CARTESIAN_POINT ( 'NONE',  ( -0.2783362722100509723, 0.3265794651113075320, 0.01000000000000000021 ) ) ;
#354 = VECTOR ( 'NONE', #5622, 1000.000000000000000 ) ;
#355 = CARTESIAN_POINT ( 'NONE',  ( -0.2972179169674832311, 0.5967740462010548974, 0.0000000000000000000 ) ) ;
#356 = CARTESIAN_POINT ( 'NONE',  ( -0.1258636036707787842, 0.2953628561172763622, 0.0000000000000000000 ) ) ;
#357 = ORIENTED_EDGE ( 'NONE', *, *, #2107, .T. ) ;
#358 = PLANE ( 'NONE',  #5051 ) ;
#359 = EDGE_CURVE ( 'NONE', #440, #3421, #6271, .T. ) ;
#360 = ORIENTED_EDGE ( 'NONE', *, *, #7430, .F. ) ;
#361 = CARTESIAN_POINT ( 'NONE',  ( 0.3325758426158494929, 0.4745704202586980558, 0.0000000000000000000 ) ) ;
#362 = ADVANCED_FACE ( 'NONE', ( #5513 ), #3083, .F. ) ;
#363 = CARTESIAN_POINT ( 'NONE',  ( 4.449999999999998401, -0.2599999999999966782, 4.000000000000000000 ) ) ;
#364 = COLOUR_RGB ( '',0.9686274509803921573, 0.8784313725490195957, 0.5999999999999999778 ) ;
#365 = VERTEX_POINT ( 'NONE', #5726 ) ;
#366 = ORIENTED_EDGE ( 'NONE', *, *, #3935, .T. ) ;
#367 = SURFACE_SIDE_STYLE ('',( #1950 ) ) ;
#368 = EDGE_CURVE ( 'NONE', #4129, #5589, #1718, .T. ) ;
#369 = DIRECTION ( 'NONE',  ( -1.000000000000000000, 0.0000000000000000000, 0.0000000000000000000 ) ) ;
#370 = ORIENTED_EDGE ( 'NONE', *, *, #2475, .T. ) ;
#371 = FILL_AREA_STYLE ('',( #2206 ) ) ;
#372 = CARTESIAN_POINT ( 'NONE',  ( -0.1844001890366325780, 0.5798140756294715148, 0.01000000000000000021 ) ) ;
#373 = SURFACE_STYLE_USAGE ( .BOTH. , #2139 ) ;
#374 = ORIENTED_EDGE ( 'NONE', *, *, #4725, .T. ) ;
#375 = ADVANCED_FACE ( 'NONE', ( #2184 ), #387, .T. ) ;
#376 = LINE ( 'NONE', #3809, #6804 ) ;
#377 = EDGE_LOOP ( 'NONE', ( #5621, #3407, #328, #663 ) ) ;
#378 = PRESENTATION_LAYER_ASSIGNMENT (  '', '', ( #2215 ) ) ;
#379 = DIRECTION ( 'NONE',  ( 0.0000000000000000000, 1.000000000000000000, 0.0000000000000000000 ) ) ;
#380 = CARTESIAN_POINT ( 'NONE',  ( -0.2783362722100509723, 0.3265794651113075320, 0.0000000000000000000 ) ) ;
#381 = ORIENTED_EDGE ( 'NONE', *, *, #262, .T. ) ;
#382 = CARTESIAN_POINT ( 'NONE',  ( 0.2945634807338304850, 0.4560289217037672427, 0.0000000000000000000 ) ) ;
#383 = FILL_AREA_STYLE ('',( #7027 ) ) ;
#384 = EDGE_CURVE ( 'NONE', #5208, #5147, #3955, .T. ) ;
#385 = LINE ( 'NONE', #242, #6813 ) ;
#386 =( GEOMETRIC_REPRESENTATION_CONTEXT ( 3 ) GLOBAL_UNCERTAINTY_ASSIGNED_CONTEXT ( ( #2365 ) ) GLOBAL_UNIT_ASSIGNED_CONTEXT ( ( #4930, #3637, #6170 ) ) REPRESENTATION_CONTEXT ( 'NONE', 'WORKASPACE' ) );
#387 = PLANE ( 'NONE',  #5239 ) ;
#388 = FACE_OUTER_BOUND ( 'NONE', #5244, .T. ) ;
#389 = EDGE_LOOP ( 'NONE', ( #7564, #7728, #7498, #1293 ) ) ;
#390 = MECHANICAL_DESIGN_GEOMETRIC_PRESENTATION_REPRESENTATION (  '', ( #3914 ), #3526 ) ;
#391 = DIRECTION ( 'NONE',  ( -1.000000000000000000, -0.0000000000000000000, -0.0000000000000000000 ) ) ;
#392 = MECHANICAL_DESIGN_GEOMETRIC_PRESENTATION_REPRESENTATION (  '', ( #4756 ), #5736 ) ;
#393 = FILL_AREA_STYLE_COLOUR ( '', #5527 ) ;
#394 = CIRCLE ( 'NONE', #2064, 0.3899999999999997358 ) ;
#395 = B_SPLINE_CURVE_WITH_KNOTS ( 'NONE', 3,
 ( #6229, #2485, #5503, #3037, #4907, #1207, #6760, #7371, #2431, #3670, #29, #1831, #4936, #6173, #6791, #3067, #3382, #2737, #3273 ),
 .UNSPECIFIED., .F., .F.,
 ( 4, 1, 1, 1, 1, 1, 1, 1, 1, 1, 1, 1, 1, 1, 1, 1, 4 ),
 ( 0.0000000000000000000, 0.06460651091172707472, 0.1267073966769825255, 0.1867641584560547352, 0.2456160792896877887, 0.3036342601009777709, 0.3614875846788062619, 0.4202270435406773030, 0.4800225128200918401, 0.5406696917432137761, 0.6011857431162470622, 0.6623298436784404997, 0.7250194742551530069, 0.7894594567563151255, 0.8564992169370779784, 0.9263091979800035514, 1.000000000000000000 ),
 .UNSPECIFIED. ) ;
#396 = DIRECTION ( 'NONE',  ( -1.000000000000000000, 0.0000000000000000000, 0.0000000000000000000 ) ) ;
#397 = LINE ( 'NONE', #5951, #1778 ) ;
#398 = CARTESIAN_POINT ( 'NONE',  ( -0.7499999999999997780, 0.0000000000000000000, 1.000000000000000000 ) ) ;
#399 = DIRECTION ( 'NONE',  ( -0.0000000000000000000, 0.0000000000000000000, 1.000000000000000000 ) ) ;
#400 = CARTESIAN_POINT ( 'NONE',  ( -1.249999999999999778, -0.7999999999999997113, 5.000000000000000888 ) ) ;
#401 = MECHANICAL_DESIGN_GEOMETRIC_PRESENTATION_REPRESENTATION (  '', ( #1328 ), #4968 ) ;
#402 = CARTESIAN_POINT ( 'NONE',  ( -0.3694751256508440607, 0.5585706219973090025, 0.01000000000000000021 ) ) ;
#403 = VERTEX_POINT ( 'NONE', #363 ) ;
#404 = EDGE_CURVE ( 'NONE', #7444, #434, #7129, .T. ) ;
#405 = FILL_AREA_STYLE_COLOUR ( '', #6759 ) ;
#406 = CARTESIAN_POINT ( 'NONE',  ( 0.2357500332999890591, 0.3392939505753960194, 0.0000000000000000000 ) ) ;
#407 = DIRECTION ( 'NONE',  ( 0.0000000000000000000, -1.178480622266855175E-16, 1.000000000000000000 ) ) ;
#408 = SURFACE_STYLE_USAGE ( .BOTH. , #2148 ) ;
#409 = DIRECTION ( 'NONE',  ( -0.0000000000000000000, 0.0000000000000000000, 1.000000000000000000 ) ) ;
#410 = FILL_AREA_STYLE ('',( #967 ) ) ;
#411 = EDGE_CURVE ( 'NONE', #5853, #1406, #6952, .T. ) ;
#412 = CARTESIAN_POINT ( 'NONE',  ( 0.02047785974385531865, 0.4270701731904470999, 0.0000000000000000000 ) ) ;
#413 =( NAMED_UNIT ( * ) SI_UNIT ( $, .STERADIAN. ) SOLID_ANGLE_UNIT ( ) );
#414 = ADVANCED_FACE ( 'NONE', ( #6859 ), #4704, .T. ) ;
#415 = LINE ( 'NONE', #3315, #4156 ) ;
#416 = DIRECTION ( 'NONE',  ( 1.000000000000000000, 0.0000000000000000000, -0.0000000000000000000 ) ) ;
#417 = FILL_AREA_STYLE_COLOUR ( '', #851 ) ;
#418 = EDGE_LOOP ( 'NONE', ( #1590, #1884, #3460, #3801 ) ) ;
#419 = DIRECTION ( 'NONE',  ( 1.000000000000000000, 0.0000000000000000000, 0.0000000000000000000 ) ) ;
#420 = AXIS2_PLACEMENT_3D ( 'NONE', #3952, #6419, #2711 ) ;
#421 = DIRECTION ( 'NONE',  ( -1.000000000000000000, 0.0000000000000000000, 0.0000000000000000000 ) ) ;
#422 = VERTEX_POINT ( 'NONE', #4727 ) ;
#423 = LINE ( 'NONE', #3029, #7223 ) ;
#424 = CARTESIAN_POINT ( 'NONE',  ( 4.450000000000001066, -1.749999999999999778, 1.000000000000000000 ) ) ;
#425 = LINE ( 'NONE', #677, #7895 ) ;
#426 = SURFACE_SIDE_STYLE ('',( #6727 ) ) ;
#427 = CARTESIAN_POINT ( 'NONE',  ( -0.3434964087590390847, 0.3667319280159819228, 0.01000000000000000021 ) ) ;
#428 = DIRECTION ( 'NONE',  ( 1.000000000000000000, -0.0000000000000000000, 0.0000000000000000000 ) ) ;
#429 = DIRECTION ( 'NONE',  ( 0.0000000000000000000, -1.000000000000000000, -0.0000000000000000000 ) ) ;
#430 = MECHANICAL_DESIGN_GEOMETRIC_PRESENTATION_REPRESENTATION (  '', ( #3899 ), #3002 ) ;
#431 = CARTESIAN_POINT ( 'NONE',  ( -0.1844001890366325780, 0.5468872463611789136, 0.01000000000000000021 ) ) ;
#432 = ORIENTED_EDGE ( 'NONE', *, *, #5083, .F. ) ;
#433 = PRESENTATION_LAYER_ASSIGNMENT (  '', '', ( #3264 ) ) ;
#434 = VERTEX_POINT ( 'NONE', #488 ) ;
#435 = LINE ( 'NONE', #1209, #7231 ) ;
#436 = CARTESIAN_POINT ( 'NONE',  ( -4.950000000000000178, -0.2599999999999995093, 4.389999999999999680 ) ) ;
#437 = VECTOR ( 'NONE', #1674, 1000.000000000000000 ) ;
#438 = ORIENTED_EDGE ( 'NONE', *, *, #7070, .T. ) ;
#439 = CARTESIAN_POINT ( 'NONE',  ( -4.950000000000000178, -1.849999999999999867, 0.5000000000000000000 ) ) ;
#440 = VERTEX_POINT ( 'NONE', #7704 ) ;
#441 = SURFACE_SIDE_STYLE ('',( #1278 ) ) ;
#442 =( LENGTH_UNIT ( ) NAMED_UNIT ( * ) SI_UNIT ( .MILLI., .METRE. ) );
#443 = B_SPLINE_CURVE_WITH_KNOTS ( 'NONE', 3,
 ( #4947, #4273, #4331, #2382, #1233, #7345, #14, #65, #4919, #1977, #2525, #197, #124, #5024, #5085, #5670, #7531, #724, #3105 ),
 .UNSPECIFIED., .F., .F.,
 ( 4, 1, 1, 1, 1, 1, 1, 1, 1, 1, 1, 1, 1, 1, 1, 1, 4 ),
 ( 0.0000000000000000000, 0.07378258718587329956, 0.1440956521627408116, 0.2113727769445210292, 0.2761085739136402428, 0.3385597713347694437, 0.3996464779878228235, 0.4600223579231183524, 0.5203641801036605896, 0.5799897433270182479, 0.6384216733782915876, 0.6963296981378347406, 0.7539735389223942708, 0.8127841951639489526, 0.8727398202468068522, 0.9351745571517248168, 1.000000000000000000 ),
 .UNSPECIFIED. ) ;
#444 = SURFACE_STYLE_FILL_AREA ( #5635 ) ;
#445 = CARTESIAN_POINT ( 'NONE',  ( -0.2014913689822250553, 0.5553893292097910050, 0.0000000000000000000 ) ) ;
#446 = LINE ( 'NONE', #3336, #6975 ) ;
#447 = COLOUR_RGB ( '',0.9686274509803921573, 0.8784313725490195957, 0.5999999999999999778 ) ;
#448 = ORIENTED_EDGE ( 'NONE', *, *, #897, .T. ) ;
#449 = CARTESIAN_POINT ( 'NONE',  ( -0.4074397223104475607, 0.4451856752492969749, 0.0000000000000000000 ) ) ;
#450 = CARTESIAN_POINT ( 'NONE',  ( -0.1258636036707787842, 0.2953628561172763622, 0.0000000000000000000 ) ) ;
#451 = FILL_AREA_STYLE ('',( #1708 ) ) ;
#452 = VERTEX_POINT ( 'NONE', #2463 ) ;
#453 = EDGE_CURVE ( 'NONE', #869, #6789, #2874, .T. ) ;
#454 = ORIENTED_EDGE ( 'NONE', *, *, #1424, .F. ) ;
#455 = ADVANCED_FACE ( 'NONE', ( #1244 ), #6741, .F. ) ;
#456 = PRESENTATION_STYLE_ASSIGNMENT (( #1660 ) ) ;
#457 = DIRECTION ( 'NONE',  ( -0.0000000000000000000, 0.0000000000000000000, 1.000000000000000000 ) ) ;
#458 = VERTEX_POINT ( 'NONE', #1085 ) ;
#459 = DIRECTION ( 'NONE',  ( 1.000000000000000000, -0.0000000000000000000, -0.0000000000000000000 ) ) ;
#460 = LINE ( 'NONE', #3873, #5169 ) ;
#461 = EDGE_CURVE ( 'NONE', #4294, #1334, #3341, .T. ) ;
#462 = ORIENTED_EDGE ( 'NONE', *, *, #3496, .F. ) ;
#463 = EDGE_LOOP ( 'NONE', ( #4591, #7255, #6027, #4616 ) ) ;
#464 = SURFACE_STYLE_FILL_AREA ( #7509 ) ;
#465 = CARTESIAN_POINT ( 'NONE',  ( 0.2667651180386724774, 0.3174595477115112474, 0.0000000000000000000 ) ) ;
#466 = VERTEX_POINT ( 'NONE', #3073 ) ;
#467 = CIRCLE ( 'NONE', #3451, 0.3899999999999997358 ) ;
#468 = CARTESIAN_POINT ( 'NONE',  ( -0.2105835148775653254, 0.5587415475420023370, 0.0000000000000000000 ) ) ;
#469 = ORIENTED_EDGE ( 'NONE', *, *, #7604, .T. ) ;
#470 = CARTESIAN_POINT ( 'NONE',  ( -0.4071829540533155600, 0.4337631096963394661, 0.01000000000000000021 ) ) ;
#471 = VECTOR ( 'NONE', #2401, 1000.000000000000000 ) ;
#472 =( NAMED_UNIT ( * ) SI_UNIT ( $, .STERADIAN. ) SOLID_ANGLE_UNIT ( ) );
#473 = CARTESIAN_POINT ( 'NONE',  ( -0.3434964087590390847, 0.3667319280159819228, 0.0000000000000000000 ) ) ;
#474 = VECTOR ( 'NONE', #2988, 1000.000000000000000 ) ;
#475 = ORIENTED_EDGE ( 'NONE', *, *, #5301, .F. ) ;
#476 =( GEOMETRIC_REPRESENTATION_CONTEXT ( 3 ) GLOBAL_UNCERTAINTY_ASSIGNED_CONTEXT ( ( #1375 ) ) GLOBAL_UNIT_ASSIGNED_CONTEXT ( ( #1343, #208, #2138 ) ) REPRESENTATION_CONTEXT ( 'NONE', 'WORKASPACE' ) );
#477 = CARTESIAN_POINT ( 'NONE',  ( 0.4889450443906467325, 0.3340866375917590503, 0.0000000000000000000 ) ) ;
#478 = STYLED_ITEM ( 'NONE', ( #622 ), #7047 ) ;
#479 = LINE ( 'NONE', #3194, #7653 ) ;
#480 = DIRECTION ( 'NONE',  ( -1.000000000000000000, 0.0000000000000000000, 0.0000000000000000000 ) ) ;
#481 = CARTESIAN_POINT ( 'NONE',  ( 2.000000000000000000, -2.250000000000000000, 2.000000000000000000 ) ) ;
#482 = CARTESIAN_POINT ( 'NONE',  ( -0.3280126714152256096, 0.3501843477395589765, 0.0000000000000000000 ) ) ;
#483 = DIRECTION ( 'NONE',  ( 0.0000000000000000000, -0.0000000000000000000, -1.000000000000000000 ) ) ;
#484 = EDGE_CURVE ( 'NONE', #888, #2006, #2233, .T. ) ;
#485 = EDGE_LOOP ( 'NONE', ( #2346, #6106, #6635, #7420 ) ) ;
#486 = SURFACE_SIDE_STYLE ('',( #7776 ) ) ;
#487 = FILL_AREA_STYLE_COLOUR ( '', #2426 ) ;
#488 = CARTESIAN_POINT ( 'NONE',  ( -0.5465953109878519678, 0.2953628561172763622, 0.01000000000000000021 ) ) ;
#489 = VECTOR ( 'NONE', #1325, 1000.000000000000000 ) ;
#490 = DIRECTION ( 'NONE',  ( 0.0000000000000000000, -1.000000000000000000, 0.0000000000000000000 ) ) ;
#491 = ADVANCED_FACE ( 'NONE', ( #2267 ), #5588, .T. ) ;
#492 = EDGE_LOOP ( 'NONE', ( #7874, #542, #7248, #4484, #7176, #1351, #3247, #5248 ) ) ;
#493 = DIRECTION ( 'NONE',  ( 0.0000000000000000000, 0.0000000000000000000, -1.000000000000000000 ) ) ;
#494 =( GEOMETRIC_REPRESENTATION_CONTEXT ( 3 ) GLOBAL_UNCERTAINTY_ASSIGNED_CONTEXT ( ( #556 ) ) GLOBAL_UNIT_ASSIGNED_CONTEXT ( ( #7469, #4497, #6973 ) ) REPRESENTATION_CONTEXT ( 'NONE', 'WORKASPACE' ) );
#495 = SURFACE_STYLE_USAGE ( .BOTH. , #5340 ) ;
#496 = LINE ( 'NONE', #2244, #6835 ) ;
#497 = ORIENTED_EDGE ( 'NONE', *, *, #1009, .T. ) ;
#498 = DIRECTION ( 'NONE',  ( -1.000000000000000000, -4.956352788505164254E-16, 0.0000000000000000000 ) ) ;
#499 = PRESENTATION_STYLE_ASSIGNMENT (( #4692 ) ) ;
#500 = CARTESIAN_POINT ( 'NONE',  ( -0.3634177866423368153, 0.4858426002719485881, 0.01000000000000000021 ) ) ;
#501 = SURFACE_STYLE_USAGE ( .BOTH. , #3000 ) ;
#502 = EDGE_CURVE ( 'NONE', #6133, #2073, #4441, .T. ) ;
#503 = EDGE_CURVE ( 'NONE', #3757, #6683, #6661, .T. ) ;
#504 = CARTESIAN_POINT ( 'NONE',  ( -0.3670214721827244619, 0.4349064150560782438, 0.0000000000000000000 ) ) ;
#505 = VECTOR ( 'NONE', #5914, 1000.000000000000000 ) ;
#506 = ORIENTED_EDGE ( 'NONE', *, *, #7080, .F. ) ;
#507 = VECTOR ( 'NONE', #7295, 1000.000000000000000 ) ;
#508 = EDGE_CURVE ( 'NONE', #1002, #1380, #1153, .T. ) ;
#509 = DIRECTION ( 'NONE',  ( 0.0000000000000000000, -0.0000000000000000000, -1.000000000000000000 ) ) ;
#510 = CARTESIAN_POINT ( 'NONE',  ( 0.1783094146219041665, 0.2953628561172763622, 0.0000000000000000000 ) ) ;
#511 = ORIENTED_EDGE ( 'NONE', *, *, #1591, .T. ) ;
#512 = MECHANICAL_DESIGN_GEOMETRIC_PRESENTATION_REPRESENTATION (  '', ( #5866 ), #924 ) ;
#513 = CARTESIAN_POINT ( 'NONE',  ( -0.2943731810943861493, 0.5618422502610651570, 0.01000000000000000021 ) ) ;
#514 =( GEOMETRIC_REPRESENTATION_CONTEXT ( 3 ) GLOBAL_UNCERTAINTY_ASSIGNED_CONTEXT ( ( #6568 ) ) GLOBAL_UNIT_ASSIGNED_CONTEXT ( ( #996, #1503, #4081 ) ) REPRESENTATION_CONTEXT ( 'NONE', 'WORKASPACE' ) );
#515 = VECTOR ( 'NONE', #3204, 1000.000000000000000 ) ;
#516 = LINE ( 'NONE', #5864, #6585 ) ;
#517 = ADVANCED_FACE ( 'NONE', ( #223 ), #2607, .T. ) ;
#518 = VERTEX_POINT ( 'NONE', #751 ) ;
#519 = CARTESIAN_POINT ( 'NONE',  ( 0.3325709778422251683, 0.4100143948593557575, 0.0000000000000000000 ) ) ;
#520 = FILL_AREA_STYLE_COLOUR ( '', #7211 ) ;
#521 = DIRECTION ( 'NONE',  ( 0.0000000000000000000, -1.000000000000000000, -0.0000000000000000000 ) ) ;
#522 = STYLED_ITEM ( 'NONE', ( #571 ), #2447 ) ;
#523 = VERTEX_POINT ( 'NONE', #193 ) ;
#524 = UNCERTAINTY_MEASURE_WITH_UNIT (LENGTH_MEASURE( 1.000000000000000082E-05 ), #7561, 'distance_accuracy_value', 'NONE');
#525 =( GEOMETRIC_REPRESENTATION_CONTEXT ( 3 ) GLOBAL_UNCERTAINTY_ASSIGNED_CONTEXT ( ( #7281 ) ) GLOBAL_UNIT_ASSIGNED_CONTEXT ( ( #5658, #1342, #7488 ) ) REPRESENTATION_CONTEXT ( 'NONE', 'WORKASPACE' ) );
#526 = EDGE_LOOP ( 'NONE', ( #7046, #4505, #4787, #3493 ) ) ;
#527 = PRESENTATION_LAYER_ASSIGNMENT (  '', '', ( #4494 ) ) ;
#528 = ADVANCED_FACE ( 'NONE', ( #5985 ), #2519, .F. ) ;
#529 = CARTESIAN_POINT ( 'NONE',  ( -4.949999999999998401, -2.250000000000000000, 6.000000000000000000 ) ) ;
#530 = VECTOR ( 'NONE', #7577, 1000.000000000000114 ) ;
#531 = ORIENTED_EDGE ( 'NONE', *, *, #2817, .F. ) ;
#532 = CARTESIAN_POINT ( 'NONE',  ( -0.2092135083161893450, 0.3320132114810299684, 0.0000000000000000000 ) ) ;
#533 = VECTOR ( 'NONE', #629, 1000.000000000000000 ) ;
#534 = ORIENTED_EDGE ( 'NONE', *, *, #1060, .F. ) ;
#535 = ADVANCED_FACE ( 'NONE', ( #6371, #6076, #1425, #6182, #4535, #1797, #2360, #3242, #2655, #6361 ), #3151, .F. ) ;
#536 = PRESENTATION_LAYER_ASSIGNMENT (  '', '', ( #7117 ) ) ;
#537 = ORIENTED_EDGE ( 'NONE', *, *, #7477, .T. ) ;
#538 = CARTESIAN_POINT ( 'NONE',  ( -0.3747770803381662574, 0.3465997691790096980, 0.01000000000000000021 ) ) ;
#539 = DIRECTION ( 'NONE',  ( 0.0000000000000000000, -0.0000000000000000000, 1.000000000000000000 ) ) ;
#540 = EDGE_CURVE ( 'NONE', #7053, #434, #7412, .T. ) ;
#541 = PLANE ( 'NONE',  #1376 ) ;
#542 = ORIENTED_EDGE ( 'NONE', *, *, #6432, .F. ) ;
#543 = VERTEX_POINT ( 'NONE', #2489 ) ;
#544 = CARTESIAN_POINT ( 'NONE',  ( 0.2104750186720435179, 0.2975559163947156249, 0.0000000000000000000 ) ) ;
#545 = VECTOR ( 'NONE', #344, 1000.000000000000000 ) ;
#546 =( NAMED_UNIT ( * ) SI_UNIT ( $, .STERADIAN. ) SOLID_ANGLE_UNIT ( ) );
#547 = SURFACE_SIDE_STYLE ('',( #6107 ) ) ;
#548 = ORIENTED_EDGE ( 'NONE', *, *, #201, .F. ) ;
#549 = CARTESIAN_POINT ( 'NONE',  ( 0.2392278701390087303, 0.5851001000733739854, 0.0000000000000000000 ) ) ;
#550 =( NAMED_UNIT ( * ) PLANE_ANGLE_UNIT ( ) SI_UNIT ( $, .RADIAN. ) );
#551 = FILL_AREA_STYLE ('',( #3556 ) ) ;
#552 = EDGE_CURVE ( 'NONE', #273, #567, #1704, .T. ) ;
#553 = VERTEX_POINT ( 'NONE', #4404 ) ;
#554 = VECTOR ( 'NONE', #6223, 1000.000000000000000 ) ;
#555 = CARTESIAN_POINT ( 'NONE',  ( -4.450000000000000178, -0.6499999999999995781, 5.799999999999999822 ) ) ;
#556 = UNCERTAINTY_MEASURE_WITH_UNIT (LENGTH_MEASURE( 1.000000000000000082E-05 ), #7469, 'distance_accuracy_value', 'NONE');
#557 = ORIENTED_EDGE ( 'NONE', *, *, #1146, .T. ) ;
#558 = ORIENTED_EDGE ( 'NONE', *, *, #7464, .T. ) ;
#559 = CARTESIAN_POINT ( 'NONE',  ( -0.1923683058867636242, 0.3392083897610858600, 0.01000000000000000021 ) ) ;
#560 = FILL_AREA_STYLE ('',( #5433 ) ) ;
#561 = LINE ( 'NONE', #4177, #2149 ) ;
#562 = LINE ( 'NONE', #5691, #6917 ) ;
#563 = PRESENTATION_LAYER_ASSIGNMENT (  '', '', ( #2733 ) ) ;
#564 = CARTESIAN_POINT ( 'NONE',  ( 2.813636363636364379, -0.3636363636363640350, -3.290909090909091450 ) ) ;
#565 = LINE ( 'NONE', #1283, #6718 ) ;
#566 = PRESENTATION_STYLE_ASSIGNMENT (( #7504 ) ) ;
#567 = VERTEX_POINT ( 'NONE', #3769 ) ;
#568 = CARTESIAN_POINT ( 'NONE',  ( -0.2614009512317545525, 0.5660945634343496069, 0.0000000000000000000 ) ) ;
#569 = ADVANCED_FACE ( 'NONE', ( #1611 ), #5107, .T. ) ;
#570 = UNCERTAINTY_MEASURE_WITH_UNIT (LENGTH_MEASURE( 1.000000000000000082E-05 ), #7705, 'distance_accuracy_value', 'NONE');
#571 = PRESENTATION_STYLE_ASSIGNMENT (( #6225 ) ) ;
#572 = PRESENTATION_LAYER_ASSIGNMENT (  '', '', ( #2741 ) ) ;
#573 = LINE ( 'NONE', #318, #2066 ) ;
#574 = STYLED_ITEM ( 'NONE', ( #2009 ), #7358 ) ;
#575 = CARTESIAN_POINT ( 'NONE',  ( 0.2667651180386724774, 0.3174595477115112474, 0.0000000000000000000 ) ) ;
#576 =( NAMED_UNIT ( * ) PLANE_ANGLE_UNIT ( ) SI_UNIT ( $, .RADIAN. ) );
#577 = DIRECTION ( 'NONE',  ( 1.000000000000000000, -0.0000000000000000000, -0.0000000000000000000 ) ) ;
#578 = CARTESIAN_POINT ( 'NONE',  ( 0.2086763914935740871, 0.5929618204643394286, 0.0000000000000000000 ) ) ;
#579 = VECTOR ( 'NONE', #2162, 1000.000000000000000 ) ;
#580 = FILL_AREA_STYLE_COLOUR ( '', #6234 ) ;
#581 = CARTESIAN_POINT ( 'NONE',  ( 0.2243697996426999575, 0.5897773272888193752, 0.0000000000000000000 ) ) ;
#582 =( GEOMETRIC_REPRESENTATION_CONTEXT ( 3 ) GLOBAL_UNCERTAINTY_ASSIGNED_CONTEXT ( ( #5774 ) ) GLOBAL_UNIT_ASSIGNED_CONTEXT ( ( #3765, #1309, #6825 ) ) REPRESENTATION_CONTEXT ( 'NONE', 'WORKASPACE' ) );
#583 =( LENGTH_UNIT ( ) NAMED_UNIT ( * ) SI_UNIT ( .MILLI., .METRE. ) );
#584 = ORIENTED_EDGE ( 'NONE', *, *, #3392, .F. ) ;
#585 = MECHANICAL_DESIGN_GEOMETRIC_PRESENTATION_REPRESENTATION (  '', ( #5991 ), #3594 ) ;
#586 = VECTOR ( 'NONE', #407, 1000.000000000000000 ) ;
#587 = DIRECTION ( 'NONE',  ( 0.3015113445777618528, -0.3015113445777618528, -0.9045340337332921088 ) ) ;
#588 = CARTESIAN_POINT ( 'NONE',  ( -0.3450736305101216317, 0.5261347258717431474, 0.01000000000000000021 ) ) ;
#589 = FACE_OUTER_BOUND ( 'NONE', #5954, .T. ) ;
#590 =( GEOMETRIC_REPRESENTATION_CONTEXT ( 3 ) GLOBAL_UNCERTAINTY_ASSIGNED_CONTEXT ( ( #4007 ) ) GLOBAL_UNIT_ASSIGNED_CONTEXT ( ( #7762, #5331, #2198 ) ) REPRESENTATION_CONTEXT ( 'NONE', 'WORKASPACE' ) );
#591 = FACE_OUTER_BOUND ( 'NONE', #5924, .T. ) ;
#592 = VECTOR ( 'NONE', #6878, 1000.000000000000000 ) ;
#593 = ORIENTED_EDGE ( 'NONE', *, *, #2349, .T. ) ;
#594 = ADVANCED_FACE ( 'NONE', ( #3435 ), #275, .F. ) ;
#595 = EDGE_CURVE ( 'NONE', #6586, #849, #6557, .T. ) ;
#596 = FACE_OUTER_BOUND ( 'NONE', #6818, .T. ) ;
#597 = VECTOR ( 'NONE', #3360, 1000.000000000000000 ) ;
#598 = UNCERTAINTY_MEASURE_WITH_UNIT (LENGTH_MEASURE( 1.000000000000000082E-05 ), #6269, 'distance_accuracy_value', 'NONE');
#599 = PLANE ( 'NONE',  #5387 ) ;
#600 = CARTESIAN_POINT ( 'NONE',  ( 0.2789891262356493651, 0.5633206544745645861, 0.0000000000000000000 ) ) ;
#601 = PLANE ( 'NONE',  #4128 ) ;
#602 = EDGE_LOOP ( 'NONE', ( #32, #5642, #182, #7005 ) ) ;
#603 = DIRECTION ( 'NONE',  ( 0.0000000000000000000, 0.9486832980505145452, -0.3162277660168359428 ) ) ;
#604 = PRESENTATION_STYLE_ASSIGNMENT (( #6575 ) ) ;
#605 = ADVANCED_FACE ( 'NONE', ( #5213 ), #3870, .T. ) ;
#606 = CARTESIAN_POINT ( 'NONE',  ( -2.000000000000000000, -1.749999999999999778, 5.799999999999999822 ) ) ;
#607 = DIRECTION ( 'NONE',  ( 0.0000000000000000000, 1.000000000000000000, 0.0000000000000000000 ) ) ;
#608 = CARTESIAN_POINT ( 'NONE',  ( -0.2179367497826653621, 0.3293453112321247378, 0.01000000000000000021 ) ) ;
#609 = EDGE_LOOP ( 'NONE', ( #349, #7124, #5571, #2788 ) ) ;
#610 = VERTEX_POINT ( 'NONE', #1516 ) ;
#611 = CARTESIAN_POINT ( 'NONE',  ( -0.3909817758832905277, 0.3721705948577476164, 0.01000000000000000021 ) ) ;
#612 = ADVANCED_FACE ( 'NONE', ( #591 ), #6445, .F. ) ;
#613 = FILL_AREA_STYLE_COLOUR ( '', #7072 ) ;
#614 = DIRECTION ( 'NONE',  ( -1.000000000000000000, 0.0000000000000000000, 0.0000000000000000000 ) ) ;
#615 = VERTEX_POINT ( 'NONE', #1460 ) ;
#616 =( GEOMETRIC_REPRESENTATION_CONTEXT ( 3 ) GLOBAL_UNCERTAINTY_ASSIGNED_CONTEXT ( ( #7355 ) ) GLOBAL_UNIT_ASSIGNED_CONTEXT ( ( #5625, #7386, #3687 ) ) REPRESENTATION_CONTEXT ( 'NONE', 'WORKASPACE' ) );
#617 = CARTESIAN_POINT ( 'NONE',  ( -0.3014628283565002898, 0.2976056888963213298, 0.0000000000000000000 ) ) ;
#618 = ORIENTED_EDGE ( 'NONE', *, *, #404, .F. ) ;
#619 = PRESENTATION_LAYER_ASSIGNMENT (  '', '', ( #3464 ) ) ;
#620 = DIRECTION ( 'NONE',  ( 1.000000000000000000, 0.0000000000000000000, 0.0000000000000000000 ) ) ;
#621 = LINE ( 'NONE', #2453, #2597 ) ;
#622 = PRESENTATION_STYLE_ASSIGNMENT (( #5243 ) ) ;
#623 = VERTEX_POINT ( 'NONE', #4580 ) ;
#624 = EDGE_CURVE ( 'NONE', #5749, #829, #2569, .T. ) ;
#625 = CARTESIAN_POINT ( 'NONE',  ( 0.2533150134679286181, 0.5792089484904940910, 0.01000000000000000021 ) ) ;
#626 = CARTESIAN_POINT ( 'NONE',  ( 0.2537701977118715924, 0.3106093143829819492, 0.0000000000000000000 ) ) ;
#627 = ORIENTED_EDGE ( 'NONE', *, *, #4369, .F. ) ;
#628 = CARTESIAN_POINT ( 'NONE',  ( -4.052040639368925667, -2.250000000000000000, 2.116552042568997649 ) ) ;
#629 = DIRECTION ( 'NONE',  ( 1.000000000000000000, 0.0000000000000000000, 0.0000000000000000000 ) ) ;
#630 = MECHANICAL_DESIGN_GEOMETRIC_PRESENTATION_REPRESENTATION (  '', ( #2534 ), #2226 ) ;
#631 = FACE_OUTER_BOUND ( 'NONE', #653, .T. ) ;
#632 = VERTEX_POINT ( 'NONE', #1037 ) ;
#633 =( GEOMETRIC_REPRESENTATION_CONTEXT ( 3 ) GLOBAL_UNCERTAINTY_ASSIGNED_CONTEXT ( ( #1743 ) ) GLOBAL_UNIT_ASSIGNED_CONTEXT ( ( #1612, #5420, #1644 ) ) REPRESENTATION_CONTEXT ( 'NONE', 'WORKASPACE' ) );
#634 = STYLED_ITEM ( 'NONE', ( #4474 ), #4292 ) ;
#635 = SURFACE_SIDE_STYLE ('',( #6623 ) ) ;
#636 = DIRECTION ( 'NONE',  ( 0.0000000000000000000, 1.000000000000000000, 1.178480622266855422E-16 ) ) ;
#637 = EDGE_LOOP ( 'NONE', ( #3992, #140, #6411, #1965, #7140 ) ) ;
#638 = CARTESIAN_POINT ( 'NONE',  ( -0.7499999999999997780, -0.7999999999999997113, 4.699999999999997513 ) ) ;
#639 =( NAMED_UNIT ( * ) SI_UNIT ( $, .STERADIAN. ) SOLID_ANGLE_UNIT ( ) );
#640 = CARTESIAN_POINT ( 'NONE',  ( -0.2972179169674832311, 0.5967740462010548974, 0.01000000000000000021 ) ) ;
#641 = ORIENTED_EDGE ( 'NONE', *, *, #1166, .F. ) ;
#642 = CIRCLE ( 'NONE', #332, 0.2499999999999997780 ) ;
#643 = ORIENTED_EDGE ( 'NONE', *, *, #4338, .F. ) ;
#644 = CARTESIAN_POINT ( 'NONE',  ( -0.3416902011415487439, 0.3160629484380141907, 0.01000000000000000021 ) ) ;
#645 = EDGE_CURVE ( 'NONE', #4100, #7467, #6165, .T. ) ;
#646 = CARTESIAN_POINT ( 'NONE',  ( 0.4948871585243430071, 0.3529848073367885530, 0.01000000000000000021 ) ) ;
#648 = ORIENTED_EDGE ( 'NONE', *, *, #904, .F. ) ;
#647 = UNCERTAINTY_MEASURE_WITH_UNIT (LENGTH_MEASURE( 1.000000000000000082E-05 ), #3337, 'distance_accuracy_value', 'NONE');
#649 = CARTESIAN_POINT ( 'NONE',  ( 0.2945793304225670650, 0.4289191282172827857, 0.01000000000000000021 ) ) ;
#650 = LINE ( 'NONE', #6842, #6323 ) ;
#651 = DIRECTION ( 'NONE',  ( 0.3015113445777592993, 0.3015113445777592993, -0.9045340337332937741 ) ) ;
#652 = EDGE_CURVE ( 'NONE', #6616, #7243, #5278, .T. ) ;
#653 = EDGE_LOOP ( 'NONE', ( #4988, #7164, #3062, #3463 ) ) ;
#654 = ADVANCED_FACE ( 'NONE', ( #4622 ), #5381, .T. ) ;
#655 = COLOUR_RGB ( '',1.000000000000000000, 1.000000000000000000, 1.000000000000000000 ) ;
#656 = DIRECTION ( 'NONE',  ( 0.0000000000000000000, -1.000000000000000000, 0.0000000000000000000 ) ) ;
#657 = EDGE_LOOP ( 'NONE', ( #3269, #4762, #2479, #5264, #4880, #7901, #6622, #6367 ) ) ;
#658 = FACE_OUTER_BOUND ( 'NONE', #6737, .T. ) ;
#659 = CARTESIAN_POINT ( 'NONE',  ( -0.2019549676862398835, 0.5883601625426860826, 0.0000000000000000000 ) ) ;
#660 = FACE_OUTER_BOUND ( 'NONE', #5416, .T. ) ;
#661 = CARTESIAN_POINT ( 'NONE',  ( -2.795454545454544082, -0.3454545454545439043, 4.836363636363632423 ) ) ;
#662 = SURFACE_SIDE_STYLE ('',( #5829 ) ) ;
#663 = ORIENTED_EDGE ( 'NONE', *, *, #2565, .F. ) ;
#664 = EDGE_CURVE ( 'NONE', #458, #4665, #2352, .T. ) ;
#665 = ADVANCED_FACE ( 'NONE', ( #2964 ), #4099, .T. ) ;
#666 = FILL_AREA_STYLE ('',( #580 ) ) ;
#667 = CARTESIAN_POINT ( 'NONE',  ( 0.2533150134679286181, 0.5792089484904940910, 0.0000000000000000000 ) ) ;
#668 = CARTESIAN_POINT ( 'NONE',  ( -0.1844001890366325780, 0.5468872463611789136, 0.01000000000000000021 ) ) ;
#669 = CARTESIAN_POINT ( 'NONE',  ( -6.000000000000000000, -0.2999999999999997669, 1.000000000000000000 ) ) ;
#670 = DIRECTION ( 'NONE',  ( -0.0000000000000000000, 0.0000000000000000000, 1.000000000000000000 ) ) ;
#671 = FACE_BOUND ( 'NONE', #5646, .T. ) ;
#672 = VERTEX_POINT ( 'NONE', #1489 ) ;
#673 = AXIS2_PLACEMENT_3D ( 'NONE', #7428, #164, #3823 ) ;
#674 = STYLED_ITEM ( 'NONE', ( #2425 ), #5872 ) ;
#675 = DIRECTION ( 'NONE',  ( -0.0000000000000000000, 5.421010862427526114E-16, -1.000000000000000000 ) ) ;
#676 = DIRECTION ( 'NONE',  ( 1.000000000000000000, 0.0000000000000000000, -0.0000000000000000000 ) ) ;
#677 = CARTESIAN_POINT ( 'NONE',  ( 0.03511200608531873241, 0.5953628561172763511, 0.0000000000000000000 ) ) ;
#678 = PLANE ( 'NONE',  #3851 ) ;
#679 = CARTESIAN_POINT ( 'NONE',  ( 4.450000000000001954, -0.2399999999999994083, 4.389999999999999680 ) ) ;
#680 = SURFACE_SIDE_STYLE ('',( #4509 ) ) ;
#681 =( GEOMETRIC_REPRESENTATION_CONTEXT ( 3 ) GLOBAL_UNCERTAINTY_ASSIGNED_CONTEXT ( ( #3841 ) ) GLOBAL_UNIT_ASSIGNED_CONTEXT ( ( #5158, #7006, #2710 ) ) REPRESENTATION_CONTEXT ( 'NONE', 'WORKASPACE' ) );
#682 = ADVANCED_FACE ( 'NONE', ( #4443 ), #358, .T. ) ;
#683 = VECTOR ( 'NONE', #2797, 1000.000000000000000 ) ;
#684 = VERTEX_POINT ( 'NONE', #2388 ) ;
#685 = AXIS2_PLACEMENT_3D ( 'NONE', #1061, #2261, #6545 ) ;
#686 = FILL_AREA_STYLE ('',( #6166 ) ) ;
#687 = CARTESIAN_POINT ( 'NONE',  ( -2.000000000000000000, -1.749999999999999778, 2.000000000000000000 ) ) ;
#688 = CARTESIAN_POINT ( 'NONE',  ( 3.250000000000000444, -0.2999999999999997669, 0.0000000000000000000 ) ) ;
#689 = CARTESIAN_POINT ( 'NONE',  ( 0.03511200608531873241, 0.0000000000000000000, 0.01000000000000000021 ) ) ;
#690 = CARTESIAN_POINT ( 'NONE',  ( -2.750000000000000000, -0.7999999999999997113, 4.699999999999997513 ) ) ;
#691 =( LENGTH_UNIT ( ) NAMED_UNIT ( * ) SI_UNIT ( .MILLI., .METRE. ) );
#692 = ADVANCED_FACE ( 'NONE', ( #5883 ), #6885, .T. ) ;
#693 = VECTOR ( 'NONE', #3338, 1000.000000000000114 ) ;
#694 = DIRECTION ( 'NONE',  ( 0.0000000000000000000, -1.000000000000000000, 0.0000000000000000000 ) ) ;
#695 = LINE ( 'NONE', #7716, #127 ) ;
#696 = SURFACE_SIDE_STYLE ('',( #1711 ) ) ;
#697 = EDGE_CURVE ( 'NONE', #6286, #1267, #4348, .T. ) ;
#698 = ORIENTED_EDGE ( 'NONE', *, *, #3726, .T. ) ;
#699 = DIRECTION ( 'NONE',  ( 1.000000000000000000, 0.0000000000000000000, -0.0000000000000000000 ) ) ;
#700 = CARTESIAN_POINT ( 'NONE',  ( 0.2825408130982729471, 0.3823827789989096559, 0.01000000000000000021 ) ) ;
#701 = DIRECTION ( 'NONE',  ( 0.0000000000000000000, 1.000000000000000000, 0.0000000000000000000 ) ) ;
#702 = PLANE ( 'NONE',  #1259 ) ;
#703 = STYLED_ITEM ( 'NONE', ( #4832 ), #338 ) ;
#704 = PRESENTATION_STYLE_ASSIGNMENT (( #1722 ) ) ;
#705 = VECTOR ( 'NONE', #4073, 1000.000000000000000 ) ;
#706 = CARTESIAN_POINT ( 'NONE',  ( 3.250000000000000444, -0.7999999999999997113, 5.000000000000000888 ) ) ;
#707 = ORIENTED_EDGE ( 'NONE', *, *, #2387, .T. ) ;
#708 = EDGE_CURVE ( 'NONE', #1285, #3778, #5596, .T. ) ;
#709 = CARTESIAN_POINT ( 'NONE',  ( 0.02047785974385531865, 0.4599970024587397566, 0.01000000000000000021 ) ) ;
#710 = DIRECTION ( 'NONE',  ( 1.000000000000000000, 0.0000000000000000000, 0.0000000000000000000 ) ) ;
#711 =( LENGTH_UNIT ( ) NAMED_UNIT ( * ) SI_UNIT ( .MILLI., .METRE. ) );
#712 = SURFACE_STYLE_FILL_AREA ( #1834 ) ;
#713 = CARTESIAN_POINT ( 'NONE',  ( -3.003586417958281629, -2.250000000000000000, 3.912701290971654089 ) ) ;
#714 = CARTESIAN_POINT ( 'NONE',  ( 0.4859337530741737465, 0.3486706711500602851, 0.0000000000000000000 ) ) ;
#715 = ORIENTED_EDGE ( 'NONE', *, *, #2706, .T. ) ;
#716 =( GEOMETRIC_REPRESENTATION_CONTEXT ( 3 ) GLOBAL_UNCERTAINTY_ASSIGNED_CONTEXT ( ( #7576 ) ) GLOBAL_UNIT_ASSIGNED_CONTEXT ( ( #7218, #6047, #7238 ) ) REPRESENTATION_CONTEXT ( 'NONE', 'WORKASPACE' ) );
#717 = COLOUR_RGB ( '',1.000000000000000000, 1.000000000000000000, 1.000000000000000000 ) ;
#718 = LINE ( 'NONE', #5434, #4654 ) ;
#719 = EDGE_LOOP ( 'NONE', ( #4106, #7048, #4354, #749 ) ) ;
#720 =( NAMED_UNIT ( * ) SI_UNIT ( $, .STERADIAN. ) SOLID_ANGLE_UNIT ( ) );
#721 = DIRECTION ( 'NONE',  ( 0.0000000000000000000, 0.0000000000000000000, -1.000000000000000000 ) ) ;
#722 = ORIENTED_EDGE ( 'NONE', *, *, #3918, .F. ) ;
#723 = SURFACE_STYLE_USAGE ( .BOTH. , #3154 ) ;
#724 = CARTESIAN_POINT ( 'NONE',  ( -0.2652549711508307428, 0.5659952618503106825, 0.0000000000000000000 ) ) ;
#725 = LINE ( 'NONE', #4764, #1835 ) ;
#726 = MECHANICAL_DESIGN_GEOMETRIC_PRESENTATION_REPRESENTATION (  '', ( #5720 ), #7094 ) ;
#727 = ORIENTED_EDGE ( 'NONE', *, *, #4089, .F. ) ;
#728 = CARTESIAN_POINT ( 'NONE',  ( 0.2906118898394136618, 0.4038941988270666195, 0.01000000000000000021 ) ) ;
#729 =( NAMED_UNIT ( * ) SI_UNIT ( $, .STERADIAN. ) SOLID_ANGLE_UNIT ( ) );
#730 = EDGE_LOOP ( 'NONE', ( #3806, #6338, #643, #3570 ) ) ;
#731 = CARTESIAN_POINT ( 'NONE',  ( 0.4844831951097088862, 0.3529848073367885530, 0.01000000000000000021 ) ) ;
#732 = EDGE_CURVE ( 'NONE', #1676, #7302, #5119, .T. ) ;
#733 = ORIENTED_EDGE ( 'NONE', *, *, #6172, .F. ) ;
#734 = FACE_OUTER_BOUND ( 'NONE', #492, .T. ) ;
#735 = VERTEX_POINT ( 'NONE', #2054 ) ;
#736 = CARTESIAN_POINT ( 'NONE',  ( 2.750000000000000444, -0.7999999999999997113, 5.000000000000000888 ) ) ;
#737 = PRESENTATION_STYLE_ASSIGNMENT (( #5607 ) ) ;
#738 = PLANE ( 'NONE',  #4333 ) ;
#739 = PLANE ( 'NONE',  #82 ) ;
#740 = ORIENTED_EDGE ( 'NONE', *, *, #5897, .T. ) ;
#741 = AXIS2_PLACEMENT_3D ( 'NONE', #212, #1484, #4693 ) ;
#742 = VECTOR ( 'NONE', #6485, 1000.000000000000000 ) ;
#743 = EDGE_LOOP ( 'NONE', ( #7236, #5511, #2060, #454, #1122, #506 ) ) ;
#744 = CARTESIAN_POINT ( 'NONE',  ( -0.2514898854896595037, 0.3246790109791049539, 0.0000000000000000000 ) ) ;
#745 = UNCERTAINTY_MEASURE_WITH_UNIT (LENGTH_MEASURE( 1.000000000000000082E-05 ), #6958, 'distance_accuracy_value', 'NONE');
#746 = VECTOR ( 'NONE', #762, 1000.000000000000000 ) ;
#747 = EDGE_CURVE ( 'NONE', #2217, #4168, #7779, .T. ) ;
#748 = SURFACE_STYLE_USAGE ( .BOTH. , #5664 ) ;
#749 = ORIENTED_EDGE ( 'NONE', *, *, #645, .T. ) ;
#750 = SURFACE_STYLE_USAGE ( .BOTH. , #5050 ) ;
#751 = CARTESIAN_POINT ( 'NONE',  ( 0.4397232865731235396, 0.4782896853855690411, 0.01000000000000000021 ) ) ;
#752 = EDGE_CURVE ( 'NONE', #5079, #5268, #5695, .T. ) ;
#753 = ORIENTED_EDGE ( 'NONE', *, *, #7570, .F. ) ;
#754 = COLOUR_RGB ( '',1.000000000000000000, 1.000000000000000000, 1.000000000000000000 ) ;
#755 = VERTEX_POINT ( 'NONE', #1437 ) ;
#756 =( NAMED_UNIT ( * ) PLANE_ANGLE_UNIT ( ) SI_UNIT ( $, .RADIAN. ) );
#757 = CARTESIAN_POINT ( 'NONE',  ( -0.2669459207439496828, 0.5990213927026423191, 0.0000000000000000000 ) ) ;
#758 = DIRECTION ( 'NONE',  ( -0.0000000000000000000, -1.178480622266855422E-16, 1.000000000000000000 ) ) ;
#759 = EDGE_CURVE ( 'NONE', #5721, #5733, #5981, .T. ) ;
#760 = FILL_AREA_STYLE ('',( #2560 ) ) ;
#761 = VECTOR ( 'NONE', #1353, 1000.000000000000000 ) ;
#762 = DIRECTION ( 'NONE',  ( 0.0000000000000000000, 0.0000000000000000000, -1.000000000000000000 ) ) ;
#763 = CARTESIAN_POINT ( 'NONE',  ( -0.3450736305101216317, 0.5261347258717431474, 0.01000000000000000021 ) ) ;
#764 = VECTOR ( 'NONE', #2517, 1000.000000000000000 ) ;
#765 = VECTOR ( 'NONE', #7605, 1000.000000000000000 ) ;
#766 = PLANE ( 'NONE',  #3960 ) ;
#767 = SURFACE_SIDE_STYLE ('',( #1303 ) ) ;
#768 =( LENGTH_UNIT ( ) NAMED_UNIT ( * ) SI_UNIT ( .MILLI., .METRE. ) );
#769 = EDGE_CURVE ( 'NONE', #1532, #2622, #2458, .T. ) ;
#770 = LINE ( 'NONE', #3399, #1135 ) ;
#771 = CARTESIAN_POINT ( 'NONE',  ( -0.2972179169674832311, 0.5967740462010548974, 0.0000000000000000000 ) ) ;
#772 = CARTESIAN_POINT ( 'NONE',  ( 0.3241532922191202593, 0.3815483397660174858, 0.01000000000000000021 ) ) ;
#773 = FACE_OUTER_BOUND ( 'NONE', #1004, .T. ) ;
#774 = CARTESIAN_POINT ( 'NONE',  ( -0.5465953109878519678, 0.2953628561172763622, 0.0000000000000000000 ) ) ;
#775 = ORIENTED_EDGE ( 'NONE', *, *, #4974, .F. ) ;
#776 = LINE ( 'NONE', #2342, #7022 ) ;
#777 = ORIENTED_EDGE ( 'NONE', *, *, #2337, .F. ) ;
#778 = AXIS2_PLACEMENT_3D ( 'NONE', #7062, #1602, #4049 ) ;
#779 = CARTESIAN_POINT ( 'NONE',  ( 0.7500000000000002220, -0.2999999999999997669, 4.699999999999997513 ) ) ;
#780 = EDGE_CURVE ( 'NONE', #2172, #610, #3437, .T. ) ;
#781 = DIRECTION ( 'NONE',  ( 0.0000000000000000000, 1.000000000000000000, 0.0000000000000000000 ) ) ;
#782 = PRESENTATION_STYLE_ASSIGNMENT (( #7890 ) ) ;
#783 = FILL_AREA_STYLE ('',( #3721 ) ) ;
#784 = DIRECTION ( 'NONE',  ( -0.0000000000000000000, 0.0000000000000000000, 1.000000000000000000 ) ) ;
#785 = CARTESIAN_POINT ( 'NONE',  ( -4.950000000000000178, 2.250000000000000000, 6.000000000000000000 ) ) ;
#786 = COLOUR_RGB ( '',0.9686274509803921573, 0.8784313725490195957, 0.5999999999999999778 ) ;
#787 = SURFACE_STYLE_USAGE ( .BOTH. , #3832 ) ;
#788 = AXIS2_PLACEMENT_3D ( 'NONE', #7685, #2081, #1022 ) ;
#789 = CARTESIAN_POINT ( 'NONE',  ( -4.450000000000001066, 1.749999999999999778, 5.799999999999999822 ) ) ;
#790 =( GEOMETRIC_REPRESENTATION_CONTEXT ( 3 ) GLOBAL_UNCERTAINTY_ASSIGNED_CONTEXT ( ( #6217 ) ) GLOBAL_UNIT_ASSIGNED_CONTEXT ( ( #442, #1048, #1523 ) ) REPRESENTATION_CONTEXT ( 'NONE', 'WORKASPACE' ) );
#791 = FACE_OUTER_BOUND ( 'NONE', #2295, .T. ) ;
#792 = SURFACE_STYLE_FILL_AREA ( #6232 ) ;
#793 =( NAMED_UNIT ( * ) SI_UNIT ( $, .STERADIAN. ) SOLID_ANGLE_UNIT ( ) );
#794 = DIRECTION ( 'NONE',  ( 0.0000000000000000000, 0.0000000000000000000, -1.000000000000000000 ) ) ;
#795 = CARTESIAN_POINT ( 'NONE',  ( -4.000000000000000000, -0.7000000000000002887, 5.000000000000000888 ) ) ;
#796 = ORIENTED_EDGE ( 'NONE', *, *, #1675, .T. ) ;
#797 = DIRECTION ( 'NONE',  ( -0.0000000000000000000, 0.0000000000000000000, 1.000000000000000000 ) ) ;
#798 = CARTESIAN_POINT ( 'NONE',  ( -0.2268253582809206248, 0.3271909613057513710, 0.0000000000000000000 ) ) ;
#799 = STYLED_ITEM ( 'NONE', ( #6222 ), #3561 ) ;
#800 = SURFACE_STYLE_FILL_AREA ( #410 ) ;
#801 = CARTESIAN_POINT ( 'NONE',  ( 3.150000000000000799, -0.7000000000000002887, 5.000000000000000888 ) ) ;
#802 = CARTESIAN_POINT ( 'NONE',  ( 0.2710904097872501306, 0.5226598911155048155, 0.01000000000000000021 ) ) ;
#803 = ADVANCED_FACE ( 'NONE', ( #5409 ), #3418, .F. ) ;
#804 = ORIENTED_EDGE ( 'NONE', *, *, #6414, .F. ) ;
#805 = CARTESIAN_POINT ( 'NONE',  ( -0.08561970123175441372, 0.4599970024587397566, 0.0000000000000000000 ) ) ;
#806 = FACE_OUTER_BOUND ( 'NONE', #3127, .T. ) ;
#807 = DIRECTION ( 'NONE',  ( 0.0000000000000000000, -0.0000000000000000000, -1.000000000000000000 ) ) ;
#808 = DIRECTION ( 'NONE',  ( 0.0000000000000000000, 1.000000000000000000, -1.301042606982605321E-15 ) ) ;
#809 = EDGE_CURVE ( 'NONE', #7222, #7453, #2083, .T. ) ;
#810 = VECTOR ( 'NONE', #7867, 1000.000000000000000 ) ;
#811 = VECTOR ( 'NONE', #6940, 1000.000000000000114 ) ;
#812 = CARTESIAN_POINT ( 'NONE',  ( -4.052040639368925667, -1.749999999999999778, 2.116552042568997649 ) ) ;
#813 = ORIENTED_EDGE ( 'NONE', *, *, #4411, .F. ) ;
#814 = ORIENTED_EDGE ( 'NONE', *, *, #7729, .F. ) ;
#815 = CARTESIAN_POINT ( 'NONE',  ( -0.2549627806507650529, 0.5988808506383650476, 0.0000000000000000000 ) ) ;
#816 = LINE ( 'NONE', #1137, #7806 ) ;
#817 = ORIENTED_EDGE ( 'NONE', *, *, #5590, .F. ) ;
#818 = CARTESIAN_POINT ( 'NONE',  ( -0.1916567793017142363, 0.3006489534587448165, 0.0000000000000000000 ) ) ;
#819 = EDGE_CURVE ( 'NONE', #3863, #2381, #2866, .T. ) ;
#820 = ORIENTED_EDGE ( 'NONE', *, *, #552, .F. ) ;
#821 = CARTESIAN_POINT ( 'NONE',  ( 2.795454545454544526, -0.3454545454545439043, 4.836363636363632423 ) ) ;
#822 = DIRECTION ( 'NONE',  ( 1.000000000000000000, 0.0000000000000000000, -0.0000000000000000000 ) ) ;
#823 = CARTESIAN_POINT ( 'NONE',  ( -0.9136363636363630247, -0.6363636363636365756, -3.590909090909089940 ) ) ;
#824 = SURFACE_SIDE_STYLE ('',( #4332 ) ) ;
#825 = VECTOR ( 'NONE', #1962, 1000.000000000000000 ) ;
#826 = UNCERTAINTY_MEASURE_WITH_UNIT (LENGTH_MEASURE( 1.000000000000000082E-05 ), #3308, 'distance_accuracy_value', 'NONE');
#827 = ORIENTED_EDGE ( 'NONE', *, *, #3190, .F. ) ;
#828 = MECHANICAL_DESIGN_GEOMETRIC_PRESENTATION_REPRESENTATION (  '', ( #2113 ), #6599 ) ;
#829 = VERTEX_POINT ( 'NONE', #2154 ) ;
#830 = STYLED_ITEM ( 'NONE', ( #3401 ), #5878 ) ;
#831 = CARTESIAN_POINT ( 'NONE',  ( 0.3349928391359379143, 0.4361516822849306751, 0.01000000000000000021 ) ) ;
#832 = ORIENTED_EDGE ( 'NONE', *, *, #6677, .T. ) ;
#833 = FILL_AREA_STYLE ('',( #7007 ) ) ;
#834 = VERTEX_POINT ( 'NONE', #2836 ) ;
#835 = CARTESIAN_POINT ( 'NONE',  ( 1.250000000000000222, -0.2999999999999997669, 4.699999999999997513 ) ) ;
#836 = AXIS2_PLACEMENT_3D ( 'NONE', #3347, #5284, #3970 ) ;
#837 = ADVANCED_FACE ( 'NONE', ( #7030 ), #4642, .T. ) ;
#838 = CARTESIAN_POINT ( 'NONE',  ( -0.7499999999999997780, -0.2999999999999997669, -3.099999999999996980 ) ) ;
#839 = FACE_OUTER_BOUND ( 'NONE', #4006, .T. ) ;
#840 = VERTEX_POINT ( 'NONE', #4827 ) ;
#841 = STYLED_ITEM ( 'NONE', ( #2017 ), #7270 ) ;
#842 = SURFACE_STYLE_USAGE ( .BOTH. , #6857 ) ;
#843 = DIRECTION ( 'NONE',  ( 1.000000000000000000, -0.0000000000000000000, -0.0000000000000000000 ) ) ;
#844 = ORIENTED_EDGE ( 'NONE', *, *, #6701, .T. ) ;
#845 =( NAMED_UNIT ( * ) SI_UNIT ( $, .STERADIAN. ) SOLID_ANGLE_UNIT ( ) );
#846 = ORIENTED_EDGE ( 'NONE', *, *, #897, .F. ) ;
#847 = DIRECTION ( 'NONE',  ( 0.0000000000000000000, -1.000000000000000000, -0.0000000000000000000 ) ) ;
#848 = CARTESIAN_POINT ( 'NONE',  ( -0.3673270183049252569, 0.4485640756294715925, 0.0000000000000000000 ) ) ;
#849 = VERTEX_POINT ( 'NONE', #5567 ) ;
#850 = CARTESIAN_POINT ( 'NONE',  ( -0.5868392134268763938, 0.5953628561172763511, 0.0000000000000000000 ) ) ;
#851 = COLOUR_RGB ( '',1.000000000000000000, 1.000000000000000000, 1.000000000000000000 ) ;
#852 = EDGE_CURVE ( 'NONE', #1859, #4835, #6653, .T. ) ;
#853 = CARTESIAN_POINT ( 'NONE',  ( 0.2254486417830609823, 0.3352441983450311080, 0.009999999999999991535 ) ) ;
#854 = FILL_AREA_STYLE_COLOUR ( '', #5093 ) ;
#855 = ORIENTED_EDGE ( 'NONE', *, *, #7570, .T. ) ;
#856 = DIRECTION ( 'NONE',  ( -1.000000000000000000, 0.0000000000000000000, 0.0000000000000000000 ) ) ;
#857 = CARTESIAN_POINT ( 'NONE',  ( -0.2347110816752177032, 0.2923902556617348769, 0.0000000000000000000 ) ) ;
#858 = VECTOR ( 'NONE', #396, 1000.000000000000000 ) ;
#859 = DIRECTION ( 'NONE',  ( 0.0000000000000000000, 1.346834996876405774E-16, -1.000000000000000000 ) ) ;
#860 = DIRECTION ( 'NONE',  ( -1.000000000000000000, 0.0000000000000000000, -0.0000000000000000000 ) ) ;
#861 = EDGE_CURVE ( 'NONE', #1624, #5361, #5784, .T. ) ;
#862 = DIRECTION ( 'NONE',  ( 1.000000000000000000, -0.0000000000000000000, -0.0000000000000000000 ) ) ;
#863 = CARTESIAN_POINT ( 'NONE',  ( -0.1993588882020307373, 0.2983034561731440215, 0.01000000000000000021 ) ) ;
#864 = CARTESIAN_POINT ( 'NONE',  ( 3.250000000000000444, -0.4000000000000000222, -3.399999999999999911 ) ) ;
#865 = ORIENTED_EDGE ( 'NONE', *, *, #5202, .F. ) ;
#866 = DIRECTION ( 'NONE',  ( -0.0000000000000000000, -1.000000000000000000, -0.0000000000000000000 ) ) ;
#867 = PRESENTATION_LAYER_ASSIGNMENT (  '', '', ( #3148 ) ) ;
#868 = PLANE ( 'NONE',  #2460 ) ;
#869 = VERTEX_POINT ( 'NONE', #5537 ) ;
#870 = CARTESIAN_POINT ( 'NONE',  ( 0.4849424674073919417, 0.3516188755453432124, 0.01000000000000000021 ) ) ;
#871 = PRESENTATION_STYLE_ASSIGNMENT (( #3940 ) ) ;
#872 = DIRECTION ( 'NONE',  ( -1.000000000000000000, 0.0000000000000000000, 0.0000000000000000000 ) ) ;
#873 = CARTESIAN_POINT ( 'NONE',  ( 0.4948871585243430071, 0.3529848073367886085, 0.01000000000000000021 ) ) ;
#874 = FILL_AREA_STYLE_COLOUR ( '', #3258 ) ;
#875 = PRESENTATION_LAYER_ASSIGNMENT (  '', '', ( #3307 ) ) ;
#876 = LINE ( 'NONE', #6738, #7500 ) ;
#877 = PRESENTATION_LAYER_ASSIGNMENT (  '', '', ( #478 ) ) ;
#878 = LINE ( 'NONE', #211, #592 ) ;
#879 = CARTESIAN_POINT ( 'NONE',  ( 0.4936582169164962508, 0.3490556035247848188, 0.0000000000000000000 ) ) ;
#880 = EDGE_CURVE ( 'NONE', #5052, #452, #5214, .T. ) ;
#881 = CARTESIAN_POINT ( 'NONE',  ( 0.2948681036462944549, 0.4424474597758129568, 0.0000000000000000000 ) ) ;
#882 = DIRECTION ( 'NONE',  ( -1.000000000000000000, -0.0000000000000000000, -0.0000000000000000000 ) ) ;
#883 = CARTESIAN_POINT ( 'NONE',  ( -4.449999999999999289, -1.749999999999999778, 5.799999999999999822 ) ) ;
#884 = VECTOR ( 'NONE', #3364, 1000.000000000000000 ) ;
#885 = PRESENTATION_STYLE_ASSIGNMENT (( #5568 ) ) ;
#886 = STYLED_ITEM ( 'NONE', ( #4784 ), #3216 ) ;
#887 = PLANE ( 'NONE',  #4483 ) ;
#888 = VERTEX_POINT ( 'NONE', #3736 ) ;
#889 = LINE ( 'NONE', #7327, #1715 ) ;
#890 = PRESENTATION_LAYER_ASSIGNMENT (  '', '', ( #1779 ) ) ;
#891 =( LENGTH_UNIT ( ) NAMED_UNIT ( * ) SI_UNIT ( .MILLI., .METRE. ) );
#892 = CIRCLE ( 'NONE', #685, 0.2500000000000002220 ) ;
#893 = CARTESIAN_POINT ( 'NONE',  ( 0.5107217621828796794, 0.2953628561172763622, 0.0000000000000000000 ) ) ;
#894 = VECTOR ( 'NONE', #4152, 1000.000000000000000 ) ;
#895 = ORIENTED_EDGE ( 'NONE', *, *, #3879, .T. ) ;
#896 = CARTESIAN_POINT ( 'NONE',  ( 0.4849424674073919417, 0.3516188755453432124, 0.0000000000000000000 ) ) ;
#897 = EDGE_CURVE ( 'NONE', #6228, #5281, #6948, .T. ) ;
#898 = UNCERTAINTY_MEASURE_WITH_UNIT (LENGTH_MEASURE( 1.000000000000000082E-05 ), #3553, 'distance_accuracy_value', 'NONE');
#899 = CARTESIAN_POINT ( 'NONE',  ( 0.2544846658788196270, 0.3500848141600366170, 0.009999999999999991535 ) ) ;
#900 = PRESENTATION_STYLE_ASSIGNMENT (( #7757 ) ) ;
#901 = ORIENTED_EDGE ( 'NONE', *, *, #502, .F. ) ;
#902 = SURFACE_STYLE_USAGE ( .BOTH. , #3950 ) ;
#903 = ORIENTED_EDGE ( 'NONE', *, *, #1690, .T. ) ;
#904 = EDGE_CURVE ( 'NONE', #7825, #6796, #878, .T. ) ;
#905 = SURFACE_SIDE_STYLE ('',( #3747 ) ) ;
#906 = CARTESIAN_POINT ( 'NONE',  ( 0.3351120060853188254, 0.4415899902636178376, 0.0000000000000000000 ) ) ;
#907 = VERTEX_POINT ( 'NONE', #3820 ) ;
#908 = CARTESIAN_POINT ( 'NONE',  ( 0.2906825226051935607, 0.4813764501275853425, 0.009999999999999995004 ) ) ;
#909 = CARTESIAN_POINT ( 'NONE',  ( 4.450000000000001066, 1.749999999999999778, 5.799999999999999822 ) ) ;
#910 = ORIENTED_EDGE ( 'NONE', *, *, #3558, .F. ) ;
#911 = CARTESIAN_POINT ( 'NONE',  ( 4.052040639368927444, -1.749999999999999778, 2.116552042568997649 ) ) ;
#912 = CARTESIAN_POINT ( 'NONE',  ( -4.950000000000000178, -0.2599999999999966782, 4.000000000000000000 ) ) ;
#913 = CARTESIAN_POINT ( 'NONE',  ( -0.3156076185099179754, 0.3023502238923864716, 0.0000000000000000000 ) ) ;
#914 = CARTESIAN_POINT ( 'NONE',  ( -0.2577783250620275246, 0.5660470012701234177, 0.01000000000000000021 ) ) ;
#915 = ADVANCED_FACE ( 'NONE', ( #1613 ), #5767, .T. ) ;
#916 = COLOUR_RGB ( '',0.9686274509803921573, 0.8784313725490195957, 0.5999999999999999778 ) ;
#917 = VECTOR ( 'NONE', #3971, 1000.000000000000000 ) ;
#918 = EDGE_CURVE ( 'NONE', #7533, #7883, #3369, .T. ) ;
#919 = ORIENTED_EDGE ( 'NONE', *, *, #4450, .F. ) ;
#920 = CARTESIAN_POINT ( 'NONE',  ( -0.7499999999999997780, -0.7999999999999997113, 1.000000000000000000 ) ) ;
#921 = ORIENTED_EDGE ( 'NONE', *, *, #2928, .T. ) ;
#922 = CARTESIAN_POINT ( 'NONE',  ( 0.4296051463292210881, 0.5112165146538617533, 0.01000000000000000021 ) ) ;
#923 = CARTESIAN_POINT ( 'NONE',  ( 1.149999999999999911, -0.7999999999999997113, -3.399999999999999911 ) ) ;
#924 =( GEOMETRIC_REPRESENTATION_CONTEXT ( 3 ) GLOBAL_UNCERTAINTY_ASSIGNED_CONTEXT ( ( #826 ) ) GLOBAL_UNIT_ASSIGNED_CONTEXT ( ( #3308, #2631, #4524 ) ) REPRESENTATION_CONTEXT ( 'NONE', 'WORKASPACE' ) );
#925 = ORIENTED_EDGE ( 'NONE', *, *, #1157, .F. ) ;
#926 = ADVANCED_FACE ( 'NONE', ( #7116 ), #6074, .F. ) ;
#927 = PRESENTATION_LAYER_ASSIGNMENT (  '', '', ( #830 ) ) ;
#928 = CARTESIAN_POINT ( 'NONE',  ( 0.2870354054381020759, 0.3927159638495213434, 0.009999999999999991535 ) ) ;
#929 = ORIENTED_EDGE ( 'NONE', *, *, #3137, .T. ) ;
#930 =( NAMED_UNIT ( * ) PLANE_ANGLE_UNIT ( ) SI_UNIT ( $, .RADIAN. ) );
#931 = FILL_AREA_STYLE ('',( #874 ) ) ;
#932 = DIRECTION ( 'NONE',  ( 0.0000000000000000000, 1.000000000000000000, 0.0000000000000000000 ) ) ;
#933 = VECTOR ( 'NONE', #5462, 1000.000000000000000 ) ;
#934 = ORIENTED_EDGE ( 'NONE', *, *, #4601, .F. ) ;
#935 = VECTOR ( 'NONE', #399, 1000.000000000000000 ) ;
#936 = CARTESIAN_POINT ( 'NONE',  ( 0.3325758426158494929, 0.4745704202586980558, 0.01000000000000000194 ) ) ;
#937 = ORIENTED_EDGE ( 'NONE', *, *, #1056, .F. ) ;
#938 = STYLED_ITEM ( 'NONE', ( #7854 ), #2687 ) ;
#939 = FILL_AREA_STYLE_COLOUR ( '', #7474 ) ;
#940 = LINE ( 'NONE', #7585, #1205 ) ;
#941 = MECHANICAL_DESIGN_GEOMETRIC_PRESENTATION_REPRESENTATION (  '', ( #4494 ), #5480 ) ;
#942 = EDGE_LOOP ( 'NONE', ( #4963, #6325, #158, #1633 ) ) ;
#943 = SURFACE_SIDE_STYLE ('',( #7829 ) ) ;
#944 = CARTESIAN_POINT ( 'NONE',  ( -0.2401018869614961748, 0.5649908286080940201, 0.01000000000000000021 ) ) ;
#945 = ORIENTED_EDGE ( 'NONE', *, *, #1144, .T. ) ;
#946 =( NAMED_UNIT ( * ) SI_UNIT ( $, .STERADIAN. ) SOLID_ANGLE_UNIT ( ) );
#947 = CARTESIAN_POINT ( 'NONE',  ( -2.750000000000000000, -0.2999999999999997669, -3.099999999999996980 ) ) ;
#948 = DIRECTION ( 'NONE',  ( 1.000000000000000000, 0.0000000000000000000, 0.0000000000000000000 ) ) ;
#949 = LINE ( 'NONE', #7419, #291 ) ;
#950 = SURFACE_STYLE_USAGE ( .BOTH. , #5316 ) ;
#951 = CARTESIAN_POINT ( 'NONE',  ( -0.2546555244024862330, 0.3246311488002033285, 0.0000000000000000000 ) ) ;
#952 = PRESENTATION_LAYER_ASSIGNMENT (  '', '', ( #2432 ) ) ;
#953 = VECTOR ( 'NONE', #3039, 1000.000000000000000 ) ;
#954 = CARTESIAN_POINT ( 'NONE',  ( 0.2906825226051935607, 0.4813764501275853425, 0.0000000000000000000 ) ) ;
#955 = ADVANCED_FACE ( 'NONE', ( #2451 ), #102, .T. ) ;
#956 = ORIENTED_EDGE ( 'NONE', *, *, #6066, .F. ) ;
#957 = CARTESIAN_POINT ( 'NONE',  ( -0.3595158799750623468, 0.5680805099544355974, 0.01000000000000000021 ) ) ;
#958 = EDGE_CURVE ( 'NONE', #907, #2688, #209, .T. ) ;
#959 = CARTESIAN_POINT ( 'NONE',  ( 0.2947699911576864285, 0.4378511254661794361, 0.0000000000000000000 ) ) ;
#960 = CARTESIAN_POINT ( 'NONE',  ( -0.3486985542262592275, 0.5763988482645292510, 0.0000000000000000000 ) ) ;
#961 =( LENGTH_UNIT ( ) NAMED_UNIT ( * ) SI_UNIT ( .MILLI., .METRE. ) );
#962 = CARTESIAN_POINT ( 'NONE',  ( -0.1258636036707787842, 0.2953628561172763622, 0.0000000000000000000 ) ) ;
#963 = ORIENTED_EDGE ( 'NONE', *, *, #2771, .F. ) ;
#964 = PLANE ( 'NONE',  #4833 ) ;
#965 = CARTESIAN_POINT ( 'NONE',  ( 0.3349914559108732037, 0.4472564879010526573, 0.0000000000000000000 ) ) ;
#966 = DIRECTION ( 'NONE',  ( 0.0000000000000000000, -1.000000000000000000, 0.0000000000000000000 ) ) ;
#967 = FILL_AREA_STYLE_COLOUR ( '', #7227 ) ;
#968 = CIRCLE ( 'NONE', #4492, 0.3899999999999997358 ) ;
#969 = EDGE_CURVE ( 'NONE', #4939, #5147, #1326, .T. ) ;
#970 = ADVANCED_FACE ( 'NONE', ( #3046 ), #702, .F. ) ;
#971 = VECTOR ( 'NONE', #6494, 1000.000000000000000 ) ;
#972 = CARTESIAN_POINT ( 'NONE',  ( -0.5868392134268763938, 0.5953628561172763511, 0.0000000000000000000 ) ) ;
#973 = DIRECTION ( 'NONE',  ( -1.000000000000000000, 0.0000000000000000000, 0.0000000000000000000 ) ) ;
#974 = CARTESIAN_POINT ( 'NONE',  ( 1.250000000000000222, -0.7999999999999997113, 4.699999999999997513 ) ) ;
#975 = DIRECTION ( 'NONE',  ( 1.000000000000000000, 0.0000000000000000000, 0.0000000000000000000 ) ) ;
#976 = COLOUR_RGB ( '',0.9686274509803921573, 0.8784313725490195957, 0.5999999999999999778 ) ;
#977 = AXIS2_PLACEMENT_3D ( 'NONE', #3249, #5073, #1346 ) ;
#978 = SHAPE_DEFINITION_REPRESENTATION ( #5707, #4112 ) ;
#979 = CARTESIAN_POINT ( 'NONE',  ( 0.2930894328771783131, 0.4159657668004689279, 0.009999999999999991535 ) ) ;
#980 = VECTOR ( 'NONE', #5903, 1000.000000000000000 ) ;
#981 = CARTESIAN_POINT ( 'NONE',  ( -0.2999442839804061789, 0.3328631228833017763, 0.0000000000000000000 ) ) ;
#982 = ORIENTED_EDGE ( 'NONE', *, *, #6994, .F. ) ;
#983 = CARTESIAN_POINT ( 'NONE',  ( -3.283333333333326554, -0.5833333333333268200, 4.633333333333336412 ) ) ;
#984 =( NAMED_UNIT ( * ) PLANE_ANGLE_UNIT ( ) SI_UNIT ( $, .RADIAN. ) );
#985 = LINE ( 'NONE', #4516, #4735 ) ;
#986 = AXIS2_PLACEMENT_3D ( 'NONE', #5492, #4920, #1219 ) ;
#987 = PRESENTATION_LAYER_ASSIGNMENT (  '', '', ( #7558 ) ) ;
#988 = VECTOR ( 'NONE', #4519, 1000.000000000000000 ) ;
#989 = CARTESIAN_POINT ( 'NONE',  ( 0.1810004547018969345, 0.5623383968338322436, 0.009999999999999995004 ) ) ;
#990 = ORIENTED_EDGE ( 'NONE', *, *, #6002, .T. ) ;
#991 = CARTESIAN_POINT ( 'NONE',  ( 0.3101489330411272838, 0.3564026935348292846, 0.01000000000000000021 ) ) ;
#992 = SURFACE_SIDE_STYLE ('',( #7629 ) ) ;
#993 = AXIS2_PLACEMENT_3D ( 'NONE', #58, #4350, #6202 ) ;
#994 = VECTOR ( 'NONE', #701, 1000.000000000000000 ) ;
#995 = CARTESIAN_POINT ( 'NONE',  ( 3.250000000000000444, -0.7999999999999997113, 4.699999999999997513 ) ) ;
#996 =( LENGTH_UNIT ( ) NAMED_UNIT ( * ) SI_UNIT ( .MILLI., .METRE. ) );
#997 = DIRECTION ( 'NONE',  ( 3.854941057726238097E-16, -1.000000000000000000, 0.0000000000000000000 ) ) ;
#998 = SURFACE_STYLE_USAGE ( .BOTH. , #7639 ) ;
#999 = ORIENTED_EDGE ( 'NONE', *, *, #4772, .T. ) ;
#1000 = CARTESIAN_POINT ( 'NONE',  ( 3.204545454545455918, -0.3454545454545439043, 4.836363636363632423 ) ) ;
#1001 =( LENGTH_UNIT ( ) NAMED_UNIT ( * ) SI_UNIT ( .MILLI., .METRE. ) );
#1002 = VERTEX_POINT ( 'NONE', #3779 ) ;
#1003 = VECTOR ( 'NONE', #4605, 1000.000000000000000 ) ;
#1004 = EDGE_LOOP ( 'NONE', ( #7292, #2034, #5468, #1911 ) ) ;
#1005 = ORIENTED_EDGE ( 'NONE', *, *, #4819, .T. ) ;
#1006 = STYLED_ITEM ( 'NONE', ( #5237 ), #8 ) ;
#1007 = ORIENTED_EDGE ( 'NONE', *, *, #6214, .T. ) ;
#1008 = VECTOR ( 'NONE', #6112, 1000.000000000000000 ) ;
#1009 = EDGE_CURVE ( 'NONE', #422, #7810, #7676, .T. ) ;
#1010 = CARTESIAN_POINT ( 'NONE',  ( 2.750000000000000444, -0.2999999999999997669, 5.000000000000000888 ) ) ;
#1011 = ORIENTED_EDGE ( 'NONE', *, *, #1849, .T. ) ;
#1012 =( NAMED_UNIT ( * ) SI_UNIT ( $, .STERADIAN. ) SOLID_ANGLE_UNIT ( ) );
#1013 = SURFACE_STYLE_USAGE ( .BOTH. , #3443 ) ;
#1014 = VECTOR ( 'NONE', #4221, 1000.000000000000000 ) ;
#1015 = ORIENTED_EDGE ( 'NONE', *, *, #1819, .F. ) ;
#1016 = CARTESIAN_POINT ( 'NONE',  ( 0.1946275452200013634, 0.2957266645462814925, 0.01000000000000000021 ) ) ;
#1017 = FACE_OUTER_BOUND ( 'NONE', #4959, .T. ) ;
#1018 = FILL_AREA_STYLE ('',( #393 ) ) ;
#1019 = ORIENTED_EDGE ( 'NONE', *, *, #2801, .F. ) ;
#1020 = CARTESIAN_POINT ( 'NONE',  ( -0.2298988183269511376, 0.5635423628135854957, 0.0000000000000000000 ) ) ;
#1021 = LINE ( 'NONE', #314, #6227 ) ;
#1022 = DIRECTION ( 'NONE',  ( 1.000000000000000000, 0.0000000000000000000, 0.0000000000000000000 ) ) ;
#1023 = ORIENTED_EDGE ( 'NONE', *, *, #6573, .T. ) ;
#1024 = DIRECTION ( 'NONE',  ( 0.0000000000000000000, 1.000000000000000000, -0.0000000000000000000 ) ) ;
#1025 = CARTESIAN_POINT ( 'NONE',  ( 0.0000000000000000000, 0.0000000000000000000, 0.0000000000000000000 ) ) ;
#1026 =( NAMED_UNIT ( * ) PLANE_ANGLE_UNIT ( ) SI_UNIT ( $, .RADIAN. ) );
#1027 = UNCERTAINTY_MEASURE_WITH_UNIT (LENGTH_MEASURE( 1.000000000000000082E-05 ), #7003, 'distance_accuracy_value', 'NONE');
#1028 = ORIENTED_EDGE ( 'NONE', *, *, #4260, .F. ) ;
#1029 = PRESENTATION_LAYER_ASSIGNMENT (  '', '', ( #214 ) ) ;
#1030 = ORIENTED_EDGE ( 'NONE', *, *, #7070, .F. ) ;
#1031 = AXIS2_PLACEMENT_3D ( 'NONE', #4887, #6093, #1872 ) ;
#1032 = CARTESIAN_POINT ( 'NONE',  ( -3.250000000000000000, -0.7999999999999997113, 5.000000000000000888 ) ) ;
#1033 = COLOUR_RGB ( '',0.9686274509803921573, 0.8784313725490195957, 0.5999999999999999778 ) ;
#1034 = PLANE ( 'NONE',  #7751 ) ;
#1035 = CARTESIAN_POINT ( 'NONE',  ( -0.3553438192569737253, 0.3865307560194733427, 0.0000000000000000000 ) ) ;
#1036 = VERTEX_POINT ( 'NONE', #5548 ) ;
#1037 = CARTESIAN_POINT ( 'NONE',  ( 0.09364859145117249151, 0.2953628561172763622, 0.0000000000000000000 ) ) ;
#1038 = EDGE_CURVE ( 'NONE', #1654, #4553, #2559, .T. ) ;
#1039 = COLOUR_RGB ( '',1.000000000000000000, 1.000000000000000000, 1.000000000000000000 ) ;
#1040 = DIRECTION ( 'NONE',  ( 1.000000000000000000, -0.0000000000000000000, -0.0000000000000000000 ) ) ;
#1041 = DIRECTION ( 'NONE',  ( 0.0000000000000000000, -0.0000000000000000000, 1.000000000000000000 ) ) ;
#1042 = ORIENTED_EDGE ( 'NONE', *, *, #4155, .T. ) ;
#1043 = PLANE ( 'NONE',  #5064 ) ;
#1044 = ADVANCED_FACE ( 'NONE', ( #5113 ), #4816, .F. ) ;
#1045 = CARTESIAN_POINT ( 'NONE',  ( 0.2255929374510954877, 0.3007325925764307017, 0.0000000000000000000 ) ) ;
#1046 = AXIS2_PLACEMENT_3D ( 'NONE', #3455, #4225, #2926 ) ;
#1047 = CARTESIAN_POINT ( 'NONE',  ( -2.000000000000000000, -0.3999999999999991340, 5.000000000000000888 ) ) ;
#1048 =( NAMED_UNIT ( * ) PLANE_ANGLE_UNIT ( ) SI_UNIT ( $, .RADIAN. ) );
#1049 = VECTOR ( 'NONE', #409, 1000.000000000000000 ) ;
#1050 = UNCERTAINTY_MEASURE_WITH_UNIT (LENGTH_MEASURE( 1.000000000000000082E-05 ), #2991, 'distance_accuracy_value', 'NONE');
#1051 = PRESENTATION_STYLE_ASSIGNMENT (( #3803 ) ) ;
#1052 = CARTESIAN_POINT ( 'NONE',  ( 0.4889450443906467325, 0.3340866375917590503, 0.01000000000000000021 ) ) ;
#1053 = DIRECTION ( 'NONE',  ( 1.000000000000000000, 0.0000000000000000000, 0.0000000000000000000 ) ) ;
#1054 = CARTESIAN_POINT ( 'NONE',  ( -3.149999999999999467, 0.0000000000000000000, -3.399999999999999911 ) ) ;
#1055 = DIRECTION ( 'NONE',  ( 0.0000000000000000000, 1.000000000000000000, -0.0000000000000000000 ) ) ;
#1056 = EDGE_CURVE ( 'NONE', #4407, #1285, #1064, .T. ) ;
#1057 = LINE ( 'NONE', #5838, #4614 ) ;
#1058 = FACE_OUTER_BOUND ( 'NONE', #4869, .T. ) ;
#1059 = ORIENTED_EDGE ( 'NONE', *, *, #819, .T. ) ;
#1060 = EDGE_CURVE ( 'NONE', #6685, #4415, #7766, .T. ) ;
#1061 = CARTESIAN_POINT ( 'NONE',  ( -4.700000000000000178, 2.000000000000000000, 6.000000000000000000 ) ) ;
#1062 =( LENGTH_UNIT ( ) NAMED_UNIT ( * ) SI_UNIT ( .MILLI., .METRE. ) );
#1063 = FILL_AREA_STYLE_COLOUR ( '', #3045 ) ;
#1064 = LINE ( 'NONE', #2529, #4143 ) ;
#1065 = EDGE_CURVE ( 'NONE', #6871, #6286, #7407, .T. ) ;
#1066 = CARTESIAN_POINT ( 'NONE',  ( -2.750000000000000000, -0.4000000000000000222, -3.399999999999999911 ) ) ;
#1067 =( NAMED_UNIT ( * ) PLANE_ANGLE_UNIT ( ) SI_UNIT ( $, .RADIAN. ) );
#1068 = VECTOR ( 'NONE', #206, 1000.000000000000000 ) ;
#1069 = AXIS2_PLACEMENT_3D ( 'NONE', #1995, #1943, #7527 ) ;
#1070 = CARTESIAN_POINT ( 'NONE',  ( -0.4051580114327344995, 0.4170575865815700500, 0.01000000000000000021 ) ) ;
#1071 = CARTESIAN_POINT ( 'NONE',  ( -0.08561970123175441372, 0.0000000000000000000, 0.01000000000000000021 ) ) ;
#1072 = VECTOR ( 'NONE', #7394, 1000.000000000000000 ) ;
#1073 = VECTOR ( 'NONE', #1806, 1000.000000000000000 ) ;
#1074 = AXIS2_PLACEMENT_3D ( 'NONE', #3540, #1140, #4246 ) ;
#1075 = ORIENTED_EDGE ( 'NONE', *, *, #3905, .T. ) ;
#1076 = EDGE_LOOP ( 'NONE', ( #5536, #511, #1841, #934 ) ) ;
#1077 = CIRCLE ( 'NONE', #1174, 0.2500000000000002220 ) ;
#1078 = DIRECTION ( 'NONE',  ( 0.0000000000000000000, 1.000000000000000000, 0.0000000000000000000 ) ) ;
#1079 = SURFACE_STYLE_FILL_AREA ( #5359 ) ;
#1080 = DIRECTION ( 'NONE',  ( 0.0000000000000000000, -1.000000000000000000, 0.0000000000000000000 ) ) ;
#1081 = CARTESIAN_POINT ( 'NONE',  ( 2.000000000000000000, -1.749999999999999778, 5.800000000000001599 ) ) ;
#1082 = VERTEX_POINT ( 'NONE', #3465 ) ;
#1083 = UNCERTAINTY_MEASURE_WITH_UNIT (LENGTH_MEASURE( 1.000000000000000082E-05 ), #7546, 'distance_accuracy_value', 'NONE');
#1084 = EDGE_LOOP ( 'NONE', ( #999, #2900, #1811, #1363 ) ) ;
#1085 = CARTESIAN_POINT ( 'NONE',  ( -4.450000000000001066, 1.749999999999999778, 1.000000000000000000 ) ) ;
#1086 = DIRECTION ( 'NONE',  ( 0.3015113445777592993, -0.3015113445777592993, 0.9045340337332937741 ) ) ;
#1087 = ORIENTED_EDGE ( 'NONE', *, *, #73, .F. ) ;
#1088 = AXIS2_PLACEMENT_3D ( 'NONE', #3170, #80, #7491 ) ;
#1089 = DIRECTION ( 'NONE',  ( 0.0000000000000000000, 0.0000000000000000000, 1.000000000000000000 ) ) ;
#1090 = CARTESIAN_POINT ( 'NONE',  ( 0.1781379207194651870, 0.3282896853855690744, 0.0000000000000000000 ) ) ;
#1091 = COLOUR_RGB ( '',1.000000000000000000, 1.000000000000000000, 1.000000000000000000 ) ;
#1092 = ORIENTED_EDGE ( 'NONE', *, *, #5083, .T. ) ;
#1093 = DIRECTION ( 'NONE',  ( 0.0000000000000000000, 1.000000000000000000, 0.0000000000000000000 ) ) ;
#1094 = ORIENTED_EDGE ( 'NONE', *, *, #6018, .T. ) ;
#1095 = DIRECTION ( 'NONE',  ( -1.000000000000000000, 0.0000000000000000000, 0.0000000000000000000 ) ) ;
#1096 = EDGE_CURVE ( 'NONE', #7703, #6391, #15, .T. ) ;
#1097 = ORIENTED_EDGE ( 'NONE', *, *, #1751, .F. ) ;
#1098 = LINE ( 'NONE', #7866, #7446 ) ;
#1099 = MECHANICAL_DESIGN_GEOMETRIC_PRESENTATION_REPRESENTATION (  '', ( #5650 ), #590 ) ;
#1100 = ORIENTED_EDGE ( 'NONE', *, *, #5041, .F. ) ;
#1101 = VERTEX_POINT ( 'NONE', #4097 ) ;
#1102 = CARTESIAN_POINT ( 'NONE',  ( -0.3631481427501517256, 0.4092912953401452447, 0.0000000000000000000 ) ) ;
#1103 = CARTESIAN_POINT ( 'NONE',  ( -0.4072932845747735953, 0.4670969751092826083, 0.01000000000000000021 ) ) ;
#1104 = CARTESIAN_POINT ( 'NONE',  ( -0.3673270183049252569, 0.4485640756294715925, 0.01000000000000000021 ) ) ;
#1105 = DIRECTION ( 'NONE',  ( 0.0000000000000000000, -0.9486832980505155444, -0.3162277660168330562 ) ) ;
#1106 = FACE_OUTER_BOUND ( 'NONE', #3595, .T. ) ;
#1107 = EDGE_CURVE ( 'NONE', #6492, #6793, #2551, .T. ) ;
#1108 = VERTEX_POINT ( 'NONE', #6527 ) ;
#1109 = LINE ( 'NONE', #3289, #7636 ) ;
#1110 = VERTEX_POINT ( 'NONE', #3410 ) ;
#1111 = CARTESIAN_POINT ( 'NONE',  ( -0.1844001890366325780, 0.3438384658733740773, 0.01000000000000000021 ) ) ;
#1112 = ADVANCED_FACE ( 'NONE', ( #7873 ), #1034, .T. ) ;
#1113 = ORIENTED_EDGE ( 'NONE', *, *, #3620, .F. ) ;
#1114 = CARTESIAN_POINT ( 'NONE',  ( 4.950000000000000178, -2.000000000000000444, 6.000000000000000000 ) ) ;
#1115 = SURFACE_STYLE_FILL_AREA ( #7421 ) ;
#1116 = CARTESIAN_POINT ( 'NONE',  ( 0.1338924938901968897, 0.0000000000000000000, 0.01000000000000000021 ) ) ;
#1117 = CARTESIAN_POINT ( 'NONE',  ( 2.750000000000000444, -0.7999999999999997113, 5.000000000000000888 ) ) ;
#1118 = ORIENTED_EDGE ( 'NONE', *, *, #5725, .F. ) ;
#1119 = CARTESIAN_POINT ( 'NONE',  ( 2.750000000000000444, -0.7999999999999997113, 4.699999999999997513 ) ) ;
#1120 = SURFACE_STYLE_USAGE ( .BOTH. , #6000 ) ;
#1121 = DIRECTION ( 'NONE',  ( 0.0000000000000000000, -3.614007241618349264E-16, 1.000000000000000000 ) ) ;
#1122 = ORIENTED_EDGE ( 'NONE', *, *, #7938, .F. ) ;
#1123 = COLOUR_RGB ( '',0.9686274509803921573, 0.8784313725490195957, 0.5999999999999999778 ) ;
#1124 = ORIENTED_EDGE ( 'NONE', *, *, #3130, .F. ) ;
#1125 = MECHANICAL_DESIGN_GEOMETRIC_PRESENTATION_REPRESENTATION (  '', ( #2024 ), #1515 ) ;
#1126 = PRESENTATION_STYLE_ASSIGNMENT (( #4733 ) ) ;
#1127 = DIRECTION ( 'NONE',  ( 0.0000000000000000000, 0.0000000000000000000, -1.000000000000000000 ) ) ;
#1128 = SURFACE_STYLE_USAGE ( .BOTH. , #3552 ) ;
#1129 = CARTESIAN_POINT ( 'NONE',  ( -0.3361128859800862623, 0.3580438335455305987, 0.01000000000000000021 ) ) ;
#1130 = FILL_AREA_STYLE_COLOUR ( '', #2473 ) ;
#1131 = FACE_OUTER_BOUND ( 'NONE', #5144, .T. ) ;
#1132 = CARTESIAN_POINT ( 'NONE',  ( -4.052040639368925667, -1.749999999999999778, 3.912701290971654089 ) ) ;
#1133 = MECHANICAL_DESIGN_GEOMETRIC_PRESENTATION_REPRESENTATION (  '', ( #30 ), #181 ) ;
#1134 = COLOUR_RGB ( '',0.9686274509803921573, 0.8784313725490195957, 0.5999999999999999778 ) ;
#1135 = VECTOR ( 'NONE', #7719, 1000.000000000000000 ) ;
#1136 = PRESENTATION_LAYER_ASSIGNMENT (  '', '', ( #4597 ) ) ;
#1137 = CARTESIAN_POINT ( 'NONE',  ( 2.750000000000000444, -0.7999999999999997113, 4.699999999999997513 ) ) ;
#1138 = EDGE_CURVE ( 'NONE', #7435, #273, #5682, .T. ) ;
#1139 = CARTESIAN_POINT ( 'NONE',  ( -4.699999999999998401, -2.000000000000000000, 6.000000000000000000 ) ) ;
#1140 = DIRECTION ( 'NONE',  ( -1.000000000000000000, 0.0000000000000000000, 0.0000000000000000000 ) ) ;
#1141 = CARTESIAN_POINT ( 'NONE',  ( -0.3646718179068173527, 0.3352758183967293748, 0.0000000000000000000 ) ) ;
#1142 = PLANE ( 'NONE',  #4239 ) ;
#1143 = CARTESIAN_POINT ( 'NONE',  ( -0.3510498080236360563, 0.5171076180070738326, 0.01000000000000000021 ) ) ;
#1144 = EDGE_CURVE ( 'NONE', #2570, #2050, #776, .T. ) ;
#1145 = PRESENTATION_STYLE_ASSIGNMENT (( #7940 ) ) ;
#1146 = EDGE_CURVE ( 'NONE', #5733, #7820, #2953, .T. ) ;
#1147 = CARTESIAN_POINT ( 'NONE',  ( -1.249999999999999778, -0.2999999999999997669, 5.000000000000000888 ) ) ;
#1148 = PRESENTATION_STYLE_ASSIGNMENT (( #1951 ) ) ;
#1149 = SURFACE_STYLE_USAGE ( .BOTH. , #5556 ) ;
#1150 = CARTESIAN_POINT ( 'NONE',  ( -0.2347110816752177032, 0.2923902556617348769, 0.0000000000000000000 ) ) ;
#1151 =( NAMED_UNIT ( * ) SI_UNIT ( $, .STERADIAN. ) SOLID_ANGLE_UNIT ( ) );
#1152 = CARTESIAN_POINT ( 'NONE',  ( 4.700000000000000178, -2.250000000000000000, 6.000000000000000000 ) ) ;
#1153 = LINE ( 'NONE', #1213, #7595 ) ;
#1154 = ADVANCED_FACE ( 'NONE', ( #3328 ), #7918, .T. ) ;
#1155 = DIRECTION ( 'NONE',  ( 0.0000000000000000000, 1.000000000000000000, -0.0000000000000000000 ) ) ;
#1156 = ORIENTED_EDGE ( 'NONE', *, *, #2974, .F. ) ;
#1157 = EDGE_CURVE ( 'NONE', #1784, #7862, #7489, .T. ) ;
#1158 = CARTESIAN_POINT ( 'NONE',  ( -4.000000000000000000, -0.3999999999999991340, 5.000000000000000888 ) ) ;
#1159 = COLOUR_RGB ( '',0.9686274509803921573, 0.8784313725490195957, 0.5999999999999999778 ) ;
#1160 = CARTESIAN_POINT ( 'NONE',  ( 0.4296051463292210881, 0.5112165146538617533, 0.01000000000000000021 ) ) ;
#1161 = ORIENTED_EDGE ( 'NONE', *, *, #2294, .T. ) ;
#1162 = DIRECTION ( 'NONE',  ( 1.000000000000000000, -0.0000000000000000000, -0.0000000000000000000 ) ) ;
#1163 = CARTESIAN_POINT ( 'NONE',  ( -0.3306305075098958102, 0.5418333713789006412, 0.0000000000000000000 ) ) ;
#1164 = CARTESIAN_POINT ( 'NONE',  ( -0.3382255690317737540, 0.5344068729637714288, 0.01000000000000000021 ) ) ;
#1165 = VECTOR ( 'NONE', #872, 1000.000000000000000 ) ;
#1166 = EDGE_CURVE ( 'NONE', #3121, #2027, #308, .T. ) ;
#1167 = ORIENTED_EDGE ( 'NONE', *, *, #6808, .F. ) ;
#1168 = ORIENTED_EDGE ( 'NONE', *, *, #7313, .T. ) ;
#1169 = CARTESIAN_POINT ( 'NONE',  ( 2.913636363636363580, -0.6363636363636365756, -3.590909090909089940 ) ) ;
#1170 = CARTESIAN_POINT ( 'NONE',  ( 4.950000000000000178, 2.000000000000000000, 0.0000000000000000000 ) ) ;
#1171 = FACE_OUTER_BOUND ( 'NONE', #7651, .T. ) ;
#1172 = STYLED_ITEM ( 'NONE', ( #2634 ), #2819 ) ;
#1173 = EDGE_LOOP ( 'NONE', ( #279, #5154, #2704, #6384 ) ) ;
#1174 = AXIS2_PLACEMENT_3D ( 'NONE', #6221, #7440, #76 ) ;
#1175 = DIRECTION ( 'NONE',  ( -1.000000000000000000, 0.0000000000000000000, 0.0000000000000000000 ) ) ;
#1176 = ORIENTED_EDGE ( 'NONE', *, *, #6530, .F. ) ;
#1177 =( GEOMETRIC_REPRESENTATION_CONTEXT ( 3 ) GLOBAL_UNCERTAINTY_ASSIGNED_CONTEXT ( ( #3858 ) ) GLOBAL_UNIT_ASSIGNED_CONTEXT ( ( #2182, #1026, #3997 ) ) REPRESENTATION_CONTEXT ( 'NONE', 'WORKASPACE' ) );
#1178 = CARTESIAN_POINT ( 'NONE',  ( 0.2086763914935740871, 0.5929618204643394286, 0.01000000000000000194 ) ) ;
#1179 = SURFACE_STYLE_FILL_AREA ( #7067 ) ;
#1180 = FACE_OUTER_BOUND ( 'NONE', #5896, .T. ) ;
#1181 = ORIENTED_EDGE ( 'NONE', *, *, #5446, .F. ) ;
#1182 = ADVANCED_FACE ( 'NONE', ( #1891 ), #4363, .T. ) ;
#1183 = PRESENTATION_STYLE_ASSIGNMENT (( #5873 ) ) ;
#1184 = ORIENTED_EDGE ( 'NONE', *, *, #1690, .F. ) ;
#1185 = PRESENTATION_LAYER_ASSIGNMENT (  '', '', ( #799 ) ) ;
#1186 = CARTESIAN_POINT ( 'NONE',  ( 0.4925383745257224666, 0.3443398856526283525, 0.01000000000000000021 ) ) ;
#1187 = CARTESIAN_POINT ( 'NONE',  ( -0.2546555244024862330, 0.3246311488002033285, 0.01000000000000000021 ) ) ;
#1188 = DIRECTION ( 'NONE',  ( 1.000000000000000000, -0.0000000000000000000, 0.0000000000000000000 ) ) ;
#1189 = ORIENTED_EDGE ( 'NONE', *, *, #7090, .T. ) ;
#1190 = CARTESIAN_POINT ( 'NONE',  ( -0.3909817758832905277, 0.3721705948577476164, 0.01000000000000000021 ) ) ;
#1191 = FILL_AREA_STYLE_COLOUR ( '', #2882 ) ;
#1192 = CARTESIAN_POINT ( 'NONE',  ( -0.2652549711508307428, 0.5659952618503106825, 0.01000000000000000021 ) ) ;
#1193 = EDGE_CURVE ( 'NONE', #2907, #2422, #6057, .T. ) ;
#1194 = EDGE_LOOP ( 'NONE', ( #6277, #3581, #4178, #7210, #5796 ) ) ;
#1195 = CARTESIAN_POINT ( 'NONE',  ( 0.3101415639634205190, 0.5307699082232277821, 0.01000000000000000021 ) ) ;
#1196 = LINE ( 'NONE', #2725, #2813 ) ;
#1197 = ORIENTED_EDGE ( 'NONE', *, *, #1107, .T. ) ;
#1198 = COLOUR_RGB ( '',0.9686274509803921573, 0.8784313725490195957, 0.5999999999999999778 ) ;
#1199 = CARTESIAN_POINT ( 'NONE',  ( 0.1338924938901968897, 0.3282896853855690189, 0.01000000000000000021 ) ) ;
#1200 = CARTESIAN_POINT ( 'NONE',  ( -0.2251868985368068732, 0.2932553682771826264, 0.0000000000000000000 ) ) ;
#1201 = VERTEX_POINT ( 'NONE', #687 ) ;
#1202 = CARTESIAN_POINT ( 'NONE',  ( 0.1922189735629191432, 0.5950553461470423633, 0.0000000000000000000 ) ) ;
#1203 = DIRECTION ( 'NONE',  ( 1.000000000000000000, 0.0000000000000000000, 0.0000000000000000000 ) ) ;
#1204 = EDGE_CURVE ( 'NONE', #7643, #288, #7284, .T. ) ;
#1205 = VECTOR ( 'NONE', #3215, 1000.000000000000000 ) ;
#1206 = ORIENTED_EDGE ( 'NONE', *, *, #1938, .F. ) ;
#1207 = CARTESIAN_POINT ( 'NONE',  ( -0.2999442839804061789, 0.3328631228833017763, 0.01000000000000000021 ) ) ;
#1208 = DIRECTION ( 'NONE',  ( 1.000000000000000000, 0.0000000000000000000, 0.0000000000000000000 ) ) ;
#1209 = CARTESIAN_POINT ( 'NONE',  ( 2.750000000000000444, 0.0000000000000000000, 0.0000000000000000000 ) ) ;
#1210 = ORIENTED_EDGE ( 'NONE', *, *, #3, .T. ) ;
#1211 = CARTESIAN_POINT ( 'NONE',  ( -0.1870643047249602731, 0.3422904139759304076, 0.01000000000000000021 ) ) ;
#1212 = PRESENTATION_LAYER_ASSIGNMENT (  '', '', ( #7240 ) ) ;
#1213 = CARTESIAN_POINT ( 'NONE',  ( -4.000000000000000000, -0.7999999999999997113, 1.000000000000000000 ) ) ;
#1214 = PRESENTATION_LAYER_ASSIGNMENT (  '', '', ( #2115 ) ) ;
#1215 = DIRECTION ( 'NONE',  ( 0.0000000000000000000, 1.000000000000000000, 0.0000000000000000000 ) ) ;
#1216 = UNCERTAINTY_MEASURE_WITH_UNIT (LENGTH_MEASURE( 1.000000000000000082E-05 ), #1667, 'distance_accuracy_value', 'NONE');
#1217 = LINE ( 'NONE', #2804, #2535 ) ;
#1218 = ORIENTED_EDGE ( 'NONE', *, *, #453, .T. ) ;
#1219 = DIRECTION ( 'NONE',  ( -1.000000000000000000, 0.0000000000000000000, 0.0000000000000000000 ) ) ;
#1220 = DIRECTION ( 'NONE',  ( -0.3390537954853693470, -0.9407669869669988971, 0.0000000000000000000 ) ) ;
#1221 = STYLED_ITEM ( 'NONE', ( #1399 ), #1485 ) ;
#1222 = PRESENTATION_LAYER_ASSIGNMENT (  '', '', ( #5676 ) ) ;
#1223 = CARTESIAN_POINT ( 'NONE',  ( -4.699999999999998401, -2.250000000000000000, 6.000000000000000000 ) ) ;
#1224 = FILL_AREA_STYLE_COLOUR ( '', #5004 ) ;
#1225 = CARTESIAN_POINT ( 'NONE',  ( -4.699999999999998401, -2.000000000000000000, 6.000000000000000000 ) ) ;
#1226 = VERTEX_POINT ( 'NONE', #1245 ) ;
#1227 =( LENGTH_UNIT ( ) NAMED_UNIT ( * ) SI_UNIT ( .MILLI., .METRE. ) );
#1228 = CARTESIAN_POINT ( 'NONE',  ( 0.2533150134679286181, 0.5792089484904940910, 0.01000000000000000194 ) ) ;
#1229 = STYLED_ITEM ( 'NONE', ( #5372 ), #3591 ) ;
#1230 = COLOUR_RGB ( '',1.000000000000000000, 1.000000000000000000, 1.000000000000000000 ) ;
#1231 =( NAMED_UNIT ( * ) SI_UNIT ( $, .STERADIAN. ) SOLID_ANGLE_UNIT ( ) );
#1232 = EDGE_CURVE ( 'NONE', #7230, #6616, #5859, .T. ) ;
#1233 = CARTESIAN_POINT ( 'NONE',  ( -0.3634177866423368153, 0.4858426002719485881, 0.0000000000000000000 ) ) ;
#1234 = CARTESIAN_POINT ( 'NONE',  ( 0.2770321707299180369, 0.3729135077215696148, 0.01000000000000000021 ) ) ;
#1235 = DIRECTION ( 'NONE',  ( 0.0000000000000000000, -1.000000000000000000, 0.0000000000000000000 ) ) ;
#1236 = FACE_OUTER_BOUND ( 'NONE', #178, .T. ) ;
#1237 = PRESENTATION_LAYER_ASSIGNMENT (  '', '', ( #6360 ) ) ;
#1238 = COLOUR_RGB ( '',0.9686274509803921573, 0.8784313725490195957, 0.5999999999999999778 ) ;
#1239 = CARTESIAN_POINT ( 'NONE',  ( -0.1844001890366325780, 0.5798140756294715148, 0.0000000000000000000 ) ) ;
#1240 = DIRECTION ( 'NONE',  ( 0.0000000000000000000, 0.0000000000000000000, 1.000000000000000000 ) ) ;
#1241 = ORIENTED_EDGE ( 'NONE', *, *, #7234, .T. ) ;
#1242 = EDGE_CURVE ( 'NONE', #5853, #3086, #4420, .T. ) ;
#1243 = CARTESIAN_POINT ( 'NONE',  ( -0.2114976475631152875, 0.5916915151257737815, 0.0000000000000000000 ) ) ;
#1244 = FACE_OUTER_BOUND ( 'NONE', #7699, .T. ) ;
#1245 = CARTESIAN_POINT ( 'NONE',  ( 2.750000000000000444, -0.2999999999999997669, 0.0000000000000000000 ) ) ;
#1246 = ORIENTED_EDGE ( 'NONE', *, *, #6008, .F. ) ;
#1247 = SURFACE_STYLE_USAGE ( .BOTH. , #635 ) ;
#1248 = VECTOR ( 'NONE', #2218, 1000.000000000000000 ) ;
#1249 = VECTOR ( 'NONE', #1318, 1000.000000000000000 ) ;
#1250 = PRESENTATION_LAYER_ASSIGNMENT (  '', '', ( #7287 ) ) ;
#1251 = CARTESIAN_POINT ( 'NONE',  ( -2.750000000000000000, -0.7999999999999997113, 5.000000000000000888 ) ) ;
#1252 = VERTEX_POINT ( 'NONE', #45 ) ;
#1253 = CARTESIAN_POINT ( 'NONE',  ( 0.3241654024538777046, 0.5044043704267723305, 0.0000000000000000000 ) ) ;
#1254 = CARTESIAN_POINT ( 'NONE',  ( -0.2604168425964847877, 0.2918304227961285302, 0.01000000000000000021 ) ) ;
#1255 = DIRECTION ( 'NONE',  ( 4.163336342344340813E-14, -1.000000000000000000, -8.673617379884043361E-16 ) ) ;
#1256 = LINE ( 'NONE', #4775, #437 ) ;
#1257 = UNCERTAINTY_MEASURE_WITH_UNIT (LENGTH_MEASURE( 1.000000000000000082E-05 ), #4191, 'distance_accuracy_value', 'NONE');
#1258 =( NAMED_UNIT ( * ) PLANE_ANGLE_UNIT ( ) SI_UNIT ( $, .RADIAN. ) );
#1259 = AXIS2_PLACEMENT_3D ( 'NONE', #1875, #6748, #6212 ) ;
#1260 =( LENGTH_UNIT ( ) NAMED_UNIT ( * ) SI_UNIT ( .MILLI., .METRE. ) );
#1261 = DIRECTION ( 'NONE',  ( -0.0000000000000000000, -1.000000000000000000, -0.0000000000000000000 ) ) ;
#1262 = B_SPLINE_SURFACE_WITH_KNOTS ( 'NONE', 3, 1, ( 
 ( #157, #4447 ),
 ( #5044, #1936 ),
 ( #1327, #2545 ),
 ( #771, #1348 ),
 ( #1969, #5715 ),
 ( #7001, #5786 ),
 ( #5813, #323 ),
 ( #5842, #7074 ),
 ( #4001, #957 ),
 ( #1534, #402 ),
 ( #6732, #4844 ),
 ( #4823, #2165 ),
 ( #6061, #4032 ),
 ( #1747, #5292 ),
 ( #6522, #2936 ),
 ( #2790, #5473 ),
 ( #4688, #1103 ),
 ( #7393, #5557 ),
 ( #1794, #3088 ) ),
 .UNSPECIFIED., .F., .F., .F.,
 ( 4, 1, 1, 1, 1, 1, 1, 1, 1, 1, 1, 1, 1, 1, 1, 1, 4 ),
 ( 2, 2 ),
 ( 0.0000000000000000000, 0.06783841660733061496, 0.1326656434087701009, 0.1950657447946822776, 0.2555234309514929358, 0.3148483309060614577, 0.3734407740129910835, 0.4325871886461008509, 0.4922968904792611733, 0.5525421068354927634, 0.6123884543503393951, 0.6724902392689832142, 0.7338180907090232630, 0.7965787412736502482, 0.8614392432807721489, 0.9291935480847504092, 1.000000000000000000 ),
 ( 0.0000000000000000000, 1.000000000000000000 ),
 .UNSPECIFIED. ) ;
#1263 = ORIENTED_EDGE ( 'NONE', *, *, #6841, .F. ) ;
#1264 = ADVANCED_FACE ( 'NONE', ( #2544 ), #6193, .T. ) ;
#1265 = FACE_OUTER_BOUND ( 'NONE', #6138, .T. ) ;
#1266 = PRESENTATION_STYLE_ASSIGNMENT (( #6558 ) ) ;
#1267 = VERTEX_POINT ( 'NONE', #2452 ) ;
#1268 = EDGE_CURVE ( 'NONE', #6031, #5374, #3731, .T. ) ;
#1269 = DIRECTION ( 'NONE',  ( -1.000000000000000000, -0.0000000000000000000, -0.0000000000000000000 ) ) ;
#1270 = VERTEX_POINT ( 'NONE', #4469 ) ;
#1271 =( NAMED_UNIT ( * ) PLANE_ANGLE_UNIT ( ) SI_UNIT ( $, .RADIAN. ) );
#1272 = FILL_AREA_STYLE_COLOUR ( '', #2345 ) ;
#1273 =( LENGTH_UNIT ( ) NAMED_UNIT ( * ) SI_UNIT ( .MILLI., .METRE. ) );
#1274 = CARTESIAN_POINT ( 'NONE',  ( 0.5838924938901967066, 0.5953628561172763511, 0.0000000000000000000 ) ) ;
#1275 = ORIENTED_EDGE ( 'NONE', *, *, #2220, .F. ) ;
#1276 = CARTESIAN_POINT ( 'NONE',  ( 4.450000000000001066, -1.749999999999999778, 1.000000000000000000 ) ) ;
#1277 =( GEOMETRIC_REPRESENTATION_CONTEXT ( 3 ) GLOBAL_UNCERTAINTY_ASSIGNED_CONTEXT ( ( #7724 ) ) GLOBAL_UNIT_ASSIGNED_CONTEXT ( ( #1062, #4098, #6632 ) ) REPRESENTATION_CONTEXT ( 'NONE', 'WORKASPACE' ) );
#1278 = SURFACE_STYLE_FILL_AREA ( #7190 ) ;
#1279 = CARTESIAN_POINT ( 'NONE',  ( -1.249999999999999778, -0.6999999999999994005, -3.399999999999999911 ) ) ;
#1280 = CARTESIAN_POINT ( 'NONE',  ( -4.650000000000002132, 0.1500000000000002720, 6.000000000000000000 ) ) ;
#1281 = ORIENTED_EDGE ( 'NONE', *, *, #4406, .F. ) ;
#1282 = CARTESIAN_POINT ( 'NONE',  ( 4.052040639368927444, -1.749999999999999778, 3.912701290971654089 ) ) ;
#1283 = CARTESIAN_POINT ( 'NONE',  ( -3.250000000000000000, -0.2999999999999997669, -3.099999999999996980 ) ) ;
#1284 = VECTOR ( 'NONE', #6429, 1000.000000000000000 ) ;
#1285 = VERTEX_POINT ( 'NONE', #3917 ) ;
#1286 =( NAMED_UNIT ( * ) PLANE_ANGLE_UNIT ( ) SI_UNIT ( $, .RADIAN. ) );
#1287 = EDGE_CURVE ( 'NONE', #1532, #3121, #2947, .T. ) ;
#1288 = DIRECTION ( 'NONE',  ( -0.0000000000000000000, 0.0000000000000000000, 1.000000000000000000 ) ) ;
#1289 = ORIENTED_EDGE ( 'NONE', *, *, #7886, .T. ) ;
#1290 = DIRECTION ( 'NONE',  ( 0.0000000000000000000, 0.0000000000000000000, -1.000000000000000000 ) ) ;
#1291 = CARTESIAN_POINT ( 'NONE',  ( 0.2029436194907465740, 0.3298854478428483450, 0.01000000000000000021 ) ) ;
#1292 = EDGE_CURVE ( 'NONE', #7810, #1773, #4718, .T. ) ;
#1293 = ORIENTED_EDGE ( 'NONE', *, *, #6736, .F. ) ;
#1294 = SURFACE_SIDE_STYLE ('',( #6549 ) ) ;
#1295 =( NAMED_UNIT ( * ) SI_UNIT ( $, .STERADIAN. ) SOLID_ANGLE_UNIT ( ) );
#1296 = ORIENTED_EDGE ( 'NONE', *, *, #2821, .F. ) ;
#1297 = ADVANCED_FACE ( 'NONE', ( #7573 ), #738, .T. ) ;
#1298 = PRESENTATION_STYLE_ASSIGNMENT (( #1247 ) ) ;
#1299 = DIRECTION ( 'NONE',  ( -1.000000000000000000, 0.0000000000000000000, 0.0000000000000000000 ) ) ;
#1300 = ORIENTED_EDGE ( 'NONE', *, *, #3226, .T. ) ;
#1301 = CARTESIAN_POINT ( 'NONE',  ( 4.450000000000001066, -0.6499999999999998002, 5.800000000000001599 ) ) ;
#1302 = CARTESIAN_POINT ( 'NONE',  ( 3.250000000000000444, -0.7999999999999997113, 4.699999999999997513 ) ) ;
#1303 = SURFACE_STYLE_FILL_AREA ( #153 ) ;
#1304 = ORIENTED_EDGE ( 'NONE', *, *, #2329, .F. ) ;
#1305 = EDGE_CURVE ( 'NONE', #2715, #1334, #770, .T. ) ;
#1306 = ORIENTED_EDGE ( 'NONE', *, *, #5167, .T. ) ;
#1307 = FACE_OUTER_BOUND ( 'NONE', #3327, .T. ) ;
#1308 = CARTESIAN_POINT ( 'NONE',  ( 0.2400277902988694201, 0.3050584488755445078, 0.01000000000000000021 ) ) ;
#1309 =( NAMED_UNIT ( * ) PLANE_ANGLE_UNIT ( ) SI_UNIT ( $, .RADIAN. ) );
#1310 = VERTEX_POINT ( 'NONE', #1508 ) ;
#1311 = FILL_AREA_STYLE_COLOUR ( '', #4046 ) ;
#1312 = AXIS2_PLACEMENT_3D ( 'NONE', #5008, #3661, #72 ) ;
#1313 = DIRECTION ( 'NONE',  ( 0.0000000000000000000, 1.000000000000000000, 0.0000000000000000000 ) ) ;
#1314 = DIRECTION ( 'NONE',  ( -1.000000000000000000, 0.0000000000000000000, 0.0000000000000000000 ) ) ;
#1315 = VECTOR ( 'NONE', #1680, 1000.000000000000000 ) ;
#1316 = VERTEX_POINT ( 'NONE', #3995 ) ;
#1317 = CARTESIAN_POINT ( 'NONE',  ( 0.2704507066759312961, 0.3643733834722849840, 0.01000000000000000021 ) ) ;
#1318 = DIRECTION ( 'NONE',  ( 1.000000000000000000, 0.0000000000000000000, -0.0000000000000000000 ) ) ;
#1319 =( LENGTH_UNIT ( ) NAMED_UNIT ( * ) SI_UNIT ( .MILLI., .METRE. ) );
#1320 =( NAMED_UNIT ( * ) SI_UNIT ( $, .STERADIAN. ) SOLID_ANGLE_UNIT ( ) );
#1321 = CARTESIAN_POINT ( 'NONE',  ( 0.6277949329145868784, 0.5953628561172763511, 0.0000000000000000000 ) ) ;
#1322 = DIRECTION ( 'NONE',  ( -0.0000000000000000000, 0.0000000000000000000, 1.000000000000000000 ) ) ;
#1323 =( NAMED_UNIT ( * ) PLANE_ANGLE_UNIT ( ) SI_UNIT ( $, .RADIAN. ) );
#1324 = PLANE ( 'NONE',  #7018 ) ;
#1325 = DIRECTION ( 'NONE',  ( -1.000000000000000000, 0.0000000000000000000, 0.0000000000000000000 ) ) ;
#1326 = LINE ( 'NONE', #2497, #6461 ) ;
#1327 = CARTESIAN_POINT ( 'NONE',  ( -0.2823373122808700564, 0.5986763651025663879, 0.0000000000000000000 ) ) ;
#1328 = STYLED_ITEM ( 'NONE', ( #2498 ), #3767 ) ;
#1329 = CARTESIAN_POINT ( 'NONE',  ( -0.5868392134268763938, 0.5953628561172763511, 0.01000000000000000021 ) ) ;
#1330 = ADVANCED_FACE ( 'NONE', ( #1058 ), #2758, .F. ) ;
#1331 = DIRECTION ( 'NONE',  ( -0.3390537954853693470, -0.9407669869669988971, 0.0000000000000000000 ) ) ;
#1332 = VECTOR ( 'NONE', #7743, 1000.000000000000000 ) ;
#1333 = EDGE_CURVE ( 'NONE', #6882, #4976, #6832, .T. ) ;
#1334 = VERTEX_POINT ( 'NONE', #7617 ) ;
#1335 = DIRECTION ( 'NONE',  ( 0.0000000000000000000, -1.000000000000000000, 0.0000000000000000000 ) ) ;
#1336 = SURFACE_SIDE_STYLE ('',( #1413 ) ) ;
#1337 = SURFACE_SIDE_STYLE ('',( #1908 ) ) ;
#1338 = SURFACE_STYLE_USAGE ( .BOTH. , #3193 ) ;
#1339 = CARTESIAN_POINT ( 'NONE',  ( -0.08561970123175441372, 0.4599970024587397566, 0.0000000000000000000 ) ) ;
#1340 = ORIENTED_EDGE ( 'NONE', *, *, #4353, .T. ) ;
#1341 = EDGE_CURVE ( 'NONE', #6351, #348, #5768, .T. ) ;
#1342 =( NAMED_UNIT ( * ) PLANE_ANGLE_UNIT ( ) SI_UNIT ( $, .RADIAN. ) );
#1343 =( LENGTH_UNIT ( ) NAMED_UNIT ( * ) SI_UNIT ( .MILLI., .METRE. ) );
#1344 = CARTESIAN_POINT ( 'NONE',  ( -1.249999999999999778, -0.2999999999999997669, 5.000000000000000888 ) ) ;
#1345 = VECTOR ( 'NONE', #5564, 1000.000000000000000 ) ;
#1346 = DIRECTION ( 'NONE',  ( 1.000000000000000000, 0.0000000000000000000, 0.0000000000000000000 ) ) ;
#1347 = EDGE_LOOP ( 'NONE', ( #2802, #2766, #2032, #5170 ) ) ;
#1348 = CARTESIAN_POINT ( 'NONE',  ( -0.2972179169674832311, 0.5967740462010548974, 0.01000000000000000021 ) ) ;
#1349 = MECHANICAL_DESIGN_GEOMETRIC_PRESENTATION_REPRESENTATION (  '', ( #5151 ), #5970 ) ;
#1350 = LINE ( 'NONE', #1152, #6679 ) ;
#1351 = ORIENTED_EDGE ( 'NONE', *, *, #6139, .F. ) ;
#1352 = CARTESIAN_POINT ( 'NONE',  ( 0.1898187077310512227, 0.5621479394344983671, 0.01000000000000000021 ) ) ;
#1353 = DIRECTION ( 'NONE',  ( 0.0000000000000000000, -1.000000000000000000, 0.0000000000000000000 ) ) ;
#1354 = EDGE_LOOP ( 'NONE', ( #5967, #6421, #2694, #4459 ) ) ;
#1355 = LINE ( 'NONE', #2620, #3466 ) ;
#1356 = COLOUR_RGB ( '',0.9686274509803921573, 0.8784313725490195957, 0.5999999999999999778 ) ;
#1357 = SURFACE_STYLE_USAGE ( .BOTH. , #3131 ) ;
#1358 = AXIS2_PLACEMENT_3D ( 'NONE', #3189, #3106, #676 ) ;
#1359 = ORIENTED_EDGE ( 'NONE', *, *, #5748, .T. ) ;
#1360 = CARTESIAN_POINT ( 'NONE',  ( 4.700000000000000178, 2.000000000000000000, 6.000000000000000000 ) ) ;
#1361 = CYLINDRICAL_SURFACE ( 'NONE', #1732, 0.2500000000000002220 ) ;
#1362 = PRESENTATION_LAYER_ASSIGNMENT (  '', '', ( #574 ) ) ;
#1363 = ORIENTED_EDGE ( 'NONE', *, *, #2720, .T. ) ;
#1364 =( NAMED_UNIT ( * ) SI_UNIT ( $, .STERADIAN. ) SOLID_ANGLE_UNIT ( ) );
#1365 = ADVANCED_FACE ( 'NONE', ( #7399 ), #7641, .T. ) ;
#1366 = LINE ( 'NONE', #6762, #4479 ) ;
#1367 = VERTEX_POINT ( 'NONE', #947 ) ;
#1368 = SURFACE_STYLE_USAGE ( .BOTH. , #5781 ) ;
#1369 =( NAMED_UNIT ( * ) PLANE_ANGLE_UNIT ( ) SI_UNIT ( $, .RADIAN. ) );
#1370 = CARTESIAN_POINT ( 'NONE',  ( -1.249999999999999778, 0.0000000000000000000, 1.000000000000000000 ) ) ;
#1371 = CARTESIAN_POINT ( 'NONE',  ( 0.7500000000000002220, -0.7999999999999997113, 0.0000000000000000000 ) ) ;
#1372 = ORIENTED_EDGE ( 'NONE', *, *, #2720, .F. ) ;
#1373 = CARTESIAN_POINT ( 'NONE',  ( -0.5868392134268763938, 0.5953628561172763511, 0.0000000000000000000 ) ) ;
#1374 = AXIS2_PLACEMENT_3D ( 'NONE', #5578, #1746, #6084 ) ;
#1375 = UNCERTAINTY_MEASURE_WITH_UNIT (LENGTH_MEASURE( 1.000000000000000082E-05 ), #1343, 'distance_accuracy_value', 'NONE');
#1376 = AXIS2_PLACEMENT_3D ( 'NONE', #70, #5266, #4552 ) ;
#1377 = ORIENTED_EDGE ( 'NONE', *, *, #5009, .F. ) ;
#1378 = CIRCLE ( 'NONE', #7060, 0.3899999999999997358 ) ;
#1379 = CARTESIAN_POINT ( 'NONE',  ( 0.3010079103533195855, 0.3451281757144222806, 0.01000000000000000021 ) ) ;
#1380 = VERTEX_POINT ( 'NONE', #920 ) ;
#1381 = DIRECTION ( 'NONE',  ( 1.000000000000000000, 0.0000000000000000000, 0.0000000000000000000 ) ) ;
#1382 = SURFACE_STYLE_USAGE ( .BOTH. , #119 ) ;
#1383 = COLOUR_RGB ( '',1.000000000000000000, 1.000000000000000000, 1.000000000000000000 ) ;
#1384 = EDGE_CURVE ( 'NONE', #7467, #1310, #5961, .T. ) ;
#1385 = ORIENTED_EDGE ( 'NONE', *, *, #5233, .T. ) ;
#1386 = CARTESIAN_POINT ( 'NONE',  ( 0.4914404393415053307, 0.3385097900588647790, 0.0000000000000000000 ) ) ;
#1387 = EDGE_LOOP ( 'NONE', ( #5826, #6125, #4600, #1206 ) ) ;
#1388 = CARTESIAN_POINT ( 'NONE',  ( 1.150000000000000799, -0.7000000000000002887, 5.000000000000000888 ) ) ;
#1389 = EDGE_CURVE ( 'NONE', #1474, #2622, #6634, .T. ) ;
#1390 = PLANE ( 'NONE',  #2202 ) ;
#1391 = CARTESIAN_POINT ( 'NONE',  ( -0.2669459207439496828, 0.5990213927026423191, 0.0000000000000000000 ) ) ;
#1392 = VECTOR ( 'NONE', #7274, 1000.000000000000000 ) ;
#1393 = DIRECTION ( 'NONE',  ( 0.9417224702971437322, 0.3363908276654483109, 0.0000000000000000000 ) ) ;
#1394 = VECTOR ( 'NONE', #6365, 1000.000000000000000 ) ;
#1395 = ORIENTED_EDGE ( 'NONE', *, *, #3834, .T. ) ;
#1396 = CARTESIAN_POINT ( 'NONE',  ( -4.450000000000000178, -0.6499999999999991340, 0.9999999999999997780 ) ) ;
#1397 = AXIS2_PLACEMENT_3D ( 'NONE', #7767, #7192, #3485 ) ;
#1398 = LINE ( 'NONE', #1158, #4325 ) ;
#1399 = PRESENTATION_STYLE_ASSIGNMENT (( #1665 ) ) ;
#1400 = CARTESIAN_POINT ( 'NONE',  ( -0.2452212642033367307, 0.3247737880151896905, 0.0000000000000000000 ) ) ;
#1401 = UNCERTAINTY_MEASURE_WITH_UNIT (LENGTH_MEASURE( 1.000000000000000082E-05 ), #6164, 'distance_accuracy_value', 'NONE');
#1402 = DIRECTION ( 'NONE',  ( 1.000000000000000000, 0.0000000000000000000, 0.0000000000000000000 ) ) ;
#1403 = AXIS2_PLACEMENT_3D ( 'NONE', #7308, #5458, #4217 ) ;
#1404 = SURFACE_STYLE_USAGE ( .BOTH. , #215 ) ;
#1405 = VECTOR ( 'NONE', #1322, 1000.000000000000000 ) ;
#1406 = VERTEX_POINT ( 'NONE', #5998 ) ;
#1407 = MECHANICAL_DESIGN_GEOMETRIC_PRESENTATION_REPRESENTATION (  '', ( #6134 ), #5722 ) ;
#1408 = PLANE ( 'NONE',  #4992 ) ;
#1409 = SURFACE_SIDE_STYLE ('',( #3187 ) ) ;
#1410 = EDGE_CURVE ( 'NONE', #3034, #3757, #573, .T. ) ;
#1411 = CARTESIAN_POINT ( 'NONE',  ( 0.4902568231584893965, 0.3319482219709348758, 0.0000000000000000000 ) ) ;
#1412 = SURFACE_STYLE_FILL_AREA ( #4038 ) ;
#1413 = SURFACE_STYLE_FILL_AREA ( #5059 ) ;
#1414 = DIRECTION ( 'NONE',  ( 1.000000000000000000, 0.0000000000000000000, 0.0000000000000000000 ) ) ;
#1415 = CARTESIAN_POINT ( 'NONE',  ( 0.2637379732408435262, 0.5309769271943530766, 0.0000000000000000000 ) ) ;
#1416 = AXIS2_PLACEMENT_3D ( 'NONE', #2237, #2283, #7244 ) ;
#1417 = SURFACE_STYLE_USAGE ( .BOTH. , #5145 ) ;
#1418 = STYLED_ITEM ( 'NONE', ( #2870 ), #7752 ) ;
#1419 = SURFACE_SIDE_STYLE ('',( #2768 ) ) ;
#1420 = AXIS2_PLACEMENT_3D ( 'NONE', #1736, #539, #5439 ) ;
#1421 = PRESENTATION_STYLE_ASSIGNMENT (( #5271 ) ) ;
#1422 = CARTESIAN_POINT ( 'NONE',  ( -4.950000000000000178, -0.2599999999999966782, 4.000000000000000000 ) ) ;
#1423 = ORIENTED_EDGE ( 'NONE', *, *, #2341, .T. ) ;
#1424 = EDGE_CURVE ( 'NONE', #2109, #5628, #4019, .T. ) ;
#1425 = FACE_BOUND ( 'NONE', #2333, .T. ) ;
#1426 = CARTESIAN_POINT ( 'NONE',  ( 0.2357500332999890591, 0.3392939505753960194, 0.0000000000000000000 ) ) ;
#1427 = CARTESIAN_POINT ( 'NONE',  ( 0.2828645061514497017, 0.5036114564615890021, 0.01000000000000000021 ) ) ;
#1428 = FILL_AREA_STYLE ('',( #854 ) ) ;
#1429 = VERTEX_POINT ( 'NONE', #2205 ) ;
#1430 = FACE_OUTER_BOUND ( 'NONE', #2536, .T. ) ;
#1431 = EDGE_CURVE ( 'NONE', #1924, #7243, #4712, .T. ) ;
#1432 = FACE_OUTER_BOUND ( 'NONE', #6988, .T. ) ;
#1433 = CYLINDRICAL_SURFACE ( 'NONE', #5132, 0.2500000000000002220 ) ;
#1434 =( LENGTH_UNIT ( ) NAMED_UNIT ( * ) SI_UNIT ( .MILLI., .METRE. ) );
#1435 = CARTESIAN_POINT ( 'NONE',  ( -4.950000000000000178, -0.2599999999999966782, 4.000000000000000000 ) ) ;
#1436 = ORIENTED_EDGE ( 'NONE', *, *, #2928, .F. ) ;
#1437 = CARTESIAN_POINT ( 'NONE',  ( -4.450000000000000178, -0.6499999999999993561, 4.390000000000003233 ) ) ;
#1438 = DIRECTION ( 'NONE',  ( 1.000000000000000000, 0.0000000000000000000, 0.0000000000000000000 ) ) ;
#1439 = ORIENTED_EDGE ( 'NONE', *, *, #5127, .T. ) ;
#1440 = FILL_AREA_STYLE_COLOUR ( '', #447 ) ;
#1441 = FACE_OUTER_BOUND ( 'NONE', #7068, .T. ) ;
#1442 = LINE ( 'NONE', #1511, #1914 ) ;
#1443 = FACE_OUTER_BOUND ( 'NONE', #4276, .T. ) ;
#1444 = CARTESIAN_POINT ( 'NONE',  ( -0.3747770803381662574, 0.3465997691790096980, 0.0000000000000000000 ) ) ;
#1445 = EDGE_CURVE ( 'NONE', #1380, #623, #4327, .T. ) ;
#1446 = FILL_AREA_STYLE_COLOUR ( '', #7219 ) ;
#1447 = ORIENTED_EDGE ( 'NONE', *, *, #3202, .F. ) ;
#1448 = UNCERTAINTY_MEASURE_WITH_UNIT (LENGTH_MEASURE( 1.000000000000000082E-05 ), #4812, 'distance_accuracy_value', 'NONE');
#1449 = CARTESIAN_POINT ( 'NONE',  ( -0.1258636036707787842, 0.5953628561172763511, 0.0000000000000000000 ) ) ;
#1450 = VECTOR ( 'NONE', #1290, 1000.000000000000000 ) ;
#1451 = PRESENTATION_STYLE_ASSIGNMENT (( #4859 ) ) ;
#1452 = EDGE_LOOP ( 'NONE', ( #6665, #2132, #1695, #3134 ) ) ;
#1453 = DIRECTION ( 'NONE',  ( 0.0000000000000000000, -1.000000000000000000, 0.0000000000000000000 ) ) ;
#1454 = AXIS2_PLACEMENT_3D ( 'NONE', #5727, #5007, #4434 ) ;
#1455 = ORIENTED_EDGE ( 'NONE', *, *, #3329, .T. ) ;
#1456 = CARTESIAN_POINT ( 'NONE',  ( 0.2544846658788196270, 0.3500848141600366170, 0.0000000000000000000 ) ) ;
#1457 = PRESENTATION_STYLE_ASSIGNMENT (( #1357 ) ) ;
#1458 =( LENGTH_UNIT ( ) NAMED_UNIT ( * ) SI_UNIT ( .MILLI., .METRE. ) );
#1459 = VERTEX_POINT ( 'NONE', #7796 ) ;
#1460 = CARTESIAN_POINT ( 'NONE',  ( 1.150000000000000799, -0.3999999999999991340, 5.000000000000000888 ) ) ;
#1461 = LINE ( 'NONE', #3961, #7542 ) ;
#1462 = VERTEX_POINT ( 'NONE', #5342 ) ;
#1463 = SURFACE_SIDE_STYLE ('',( #1647 ) ) ;
#1464 = PRESENTATION_LAYER_ASSIGNMENT (  '', '', ( #5935 ) ) ;
#1465 = CARTESIAN_POINT ( 'NONE',  ( 0.2945634807338304850, 0.4560289217037672427, 0.0000000000000000000 ) ) ;
#1466 = VERTEX_POINT ( 'NONE', #4683 ) ;
#1467 = DIRECTION ( 'NONE',  ( 1.000000000000000000, 0.0000000000000000000, -0.0000000000000000000 ) ) ;
#1468 = DIRECTION ( 'NONE',  ( -0.0000000000000000000, 0.0000000000000000000, 1.000000000000000000 ) ) ;
#1469 = DIRECTION ( 'NONE',  ( 1.000000000000000000, 0.0000000000000000000, -0.0000000000000000000 ) ) ;
#1470 = ORIENTED_EDGE ( 'NONE', *, *, #7723, .T. ) ;
#1471 = B_SPLINE_CURVE_WITH_KNOTS ( 'NONE', 3,
 ( #6238, #5673, #649, #4379, #728, #4430, #700, #1234, #1317, #1846, #3076, #2495, #5648, #6187, #5002, #1291, #5623, #1894, #1917 ),
 .UNSPECIFIED., .F., .F.,
 ( 4, 1, 1, 1, 1, 1, 1, 1, 1, 1, 1, 1, 1, 1, 1, 1, 4 ),
 ( 0.0000000000000000000, 0.07429704972734811619, 0.1443804995591675966, 0.2104803829452133734, 0.2732242492296222958, 0.3337828847332377502, 0.3923262486478577560, 0.4498788046459598067, 0.5076067194853163267, 0.5652457866575469891, 0.6231829400784167916, 0.6813261307088079866, 0.7409370229694866028, 0.8018737435088935106, 0.8652534736909668345, 0.9309479274799237203, 1.000000000000000000 ),
 .UNSPECIFIED. ) ;
#1472 = CARTESIAN_POINT ( 'NONE',  ( -0.2014913689822250553, 0.5553893292097910050, 0.0000000000000000000 ) ) ;
#1473 = CARTESIAN_POINT ( 'NONE',  ( -0.7499999999999997780, -0.2999999999999997669, 4.699999999999997513 ) ) ;
#1474 = VERTEX_POINT ( 'NONE', #7826 ) ;
#1475 = DIRECTION ( 'NONE',  ( 0.9486832980505145452, 0.0000000000000000000, -0.3162277660168359428 ) ) ;
#1476 = LINE ( 'NONE', #4624, #3110 ) ;
#1477 = AXIS2_PLACEMENT_3D ( 'NONE', #1302, #1858, #5601 ) ;
#1478 = ORIENTED_EDGE ( 'NONE', *, *, #1535, .F. ) ;
#1479 = CARTESIAN_POINT ( 'NONE',  ( 0.4859337530741737465, 0.3486706711500602851, 0.0000000000000000000 ) ) ;
#1480 = EDGE_CURVE ( 'NONE', #1201, #7847, #397, .T. ) ;
#1481 = ORIENTED_EDGE ( 'NONE', *, *, #1204, .F. ) ;
#1482 = DIRECTION ( 'NONE',  ( 0.0000000000000000000, 1.000000000000000000, 0.0000000000000000000 ) ) ;
#1483 = SURFACE_STYLE_FILL_AREA ( #1857 ) ;
#1484 = DIRECTION ( 'NONE',  ( 0.0000000000000000000, 1.000000000000000000, 0.0000000000000000000 ) ) ;
#1485 = ADVANCED_FACE ( 'NONE', ( #3027 ), #5369, .F. ) ;
#1486 = CARTESIAN_POINT ( 'NONE',  ( -3.086363636363636864, -0.6363636363636365756, -3.590909090909089940 ) ) ;
#1487 = ORIENTED_EDGE ( 'NONE', *, *, #3510, .T. ) ;
#1488 = FILL_AREA_STYLE_COLOUR ( '', #1816 ) ;
#1489 = CARTESIAN_POINT ( 'NONE',  ( -4.450000000000000178, 0.1500000000000002442, 5.799999999999999822 ) ) ;
#1490 = PRESENTATION_LAYER_ASSIGNMENT (  '', '', ( #302 ) ) ;
#1491 = DIRECTION ( 'NONE',  ( 1.000000000000000000, 0.0000000000000000000, 0.0000000000000000000 ) ) ;
#1492 = DIRECTION ( 'NONE',  ( 0.0000000000000000000, 0.0000000000000000000, -1.000000000000000000 ) ) ;
#1493 = VECTOR ( 'NONE', #90, 1000.000000000000000 ) ;
#1494 = CARTESIAN_POINT ( 'NONE',  ( -0.7499999999999997780, -0.7999999999999997113, 4.699999999999997513 ) ) ;
#1495 = CARTESIAN_POINT ( 'NONE',  ( 0.2872831423759922842, 0.4928961995788250783, 0.0000000000000000000 ) ) ;
#1496 = FACE_OUTER_BOUND ( 'NONE', #6007, .T. ) ;
#1497 = ORIENTED_EDGE ( 'NONE', *, *, #7503, .T. ) ;
#1498 = EDGE_CURVE ( 'NONE', #7663, #2018, #7193, .T. ) ;
#1499 = ADVANCED_FACE ( 'NONE', ( #7390 ), #6252, .F. ) ;
#1500 = CARTESIAN_POINT ( 'NONE',  ( -2.750000000000000000, -0.7999999999999997113, -3.099999999999996980 ) ) ;
#1501 = CARTESIAN_POINT ( 'NONE',  ( -2.750000000000000000, -0.2999999999999997669, 5.000000000000000888 ) ) ;
#1502 = CARTESIAN_POINT ( 'NONE',  ( -2.750000000000000000, -0.2999999999999997669, 0.0000000000000000000 ) ) ;
#1503 =( NAMED_UNIT ( * ) PLANE_ANGLE_UNIT ( ) SI_UNIT ( $, .RADIAN. ) );
#1504 =( NAMED_UNIT ( * ) SI_UNIT ( $, .STERADIAN. ) SOLID_ANGLE_UNIT ( ) );
#1505 = VECTOR ( 'NONE', #1121, 1000.000000000000000 ) ;
#1506 = CARTESIAN_POINT ( 'NONE',  ( -2.750000000000000000, -0.7999999999999997113, 0.0000000000000000000 ) ) ;
#1507 = ORIENTED_EDGE ( 'NONE', *, *, #4303, .T. ) ;
#1508 = CARTESIAN_POINT ( 'NONE',  ( 4.052040639368928332, -2.250000000000000000, 3.912701290971654089 ) ) ;
#1509 = CARTESIAN_POINT ( 'NONE',  ( -4.700000000000000178, 2.250000000000000000, 0.0000000000000000000 ) ) ;
#1510 = MECHANICAL_DESIGN_GEOMETRIC_PRESENTATION_REPRESENTATION (  '', ( #6643 ), #7592 ) ;
#1511 = CARTESIAN_POINT ( 'NONE',  ( -3.204545454545455474, -0.3454545454545439043, 4.836363636363632423 ) ) ;
#1512 = CARTESIAN_POINT ( 'NONE',  ( 0.2825408130982729471, 0.3823827789989096559, 0.009999999999999991535 ) ) ;
#1513 = CARTESIAN_POINT ( 'NONE',  ( -0.4024605062861698612, 0.4973369030566412996, 0.0000000000000000000 ) ) ;
#1514 = SURFACE_SIDE_STYLE ('',( #1629 ) ) ;
#1515 =( GEOMETRIC_REPRESENTATION_CONTEXT ( 3 ) GLOBAL_UNCERTAINTY_ASSIGNED_CONTEXT ( ( #4437 ) ) GLOBAL_UNIT_ASSIGNED_CONTEXT ( ( #5773, #220, #253 ) ) REPRESENTATION_CONTEXT ( 'NONE', 'WORKASPACE' ) );
#1516 = CARTESIAN_POINT ( 'NONE',  ( 0.4704778597438551979, 0.2953628561172763622, 0.01000000000000000021 ) ) ;
#1517 = COLOUR_RGB ( '',0.9686274509803921573, 0.8784313725490195957, 0.5999999999999999778 ) ;
#1518 =( GEOMETRIC_REPRESENTATION_CONTEXT ( 3 ) GLOBAL_UNCERTAINTY_ASSIGNED_CONTEXT ( ( #4101 ) ) GLOBAL_UNIT_ASSIGNED_CONTEXT ( ( #7686, #3916, #3241 ) ) REPRESENTATION_CONTEXT ( 'NONE', 'WORKASPACE' ) );
#1519 = SURFACE_SIDE_STYLE ('',( #189 ) ) ;
#1520 = SURFACE_STYLE_USAGE ( .BOTH. , #2174 ) ;
#1521 = COLOUR_RGB ( '',1.000000000000000000, 1.000000000000000000, 1.000000000000000000 ) ;
#1522 = CARTESIAN_POINT ( 'NONE',  ( -4.949999999999998401, -2.250000000000000000, 0.0000000000000000000 ) ) ;
#1523 =( NAMED_UNIT ( * ) SI_UNIT ( $, .STERADIAN. ) SOLID_ANGLE_UNIT ( ) );
#1524 = STYLED_ITEM ( 'NONE', ( #6428 ), #3030 ) ;
#1525 = ORIENTED_EDGE ( 'NONE', *, *, #4186, .F. ) ;
#1526 = LINE ( 'NONE', #6324, #1068 ) ;
#1527 =( LENGTH_UNIT ( ) NAMED_UNIT ( * ) SI_UNIT ( .MILLI., .METRE. ) );
#1528 = STYLED_ITEM ( 'NONE', ( #1808 ), #4965 ) ;
#1529 = SURFACE_SIDE_STYLE ('',( #4769 ) ) ;
#1530 = PRESENTATION_STYLE_ASSIGNMENT (( #842 ) ) ;
#1531 = SURFACE_STYLE_USAGE ( .BOTH. , #2036 ) ;
#1532 = VERTEX_POINT ( 'NONE', #5464 ) ;
#1533 = ADVANCED_FACE ( 'NONE', ( #3313 ), #5438, .F. ) ;
#1534 = CARTESIAN_POINT ( 'NONE',  ( -0.3694751256508440607, 0.5585706219973090025, 0.0000000000000000000 ) ) ;
#1535 = EDGE_CURVE ( 'NONE', #1267, #6793, #6154, .T. ) ;
#1536 =( NAMED_UNIT ( * ) PLANE_ANGLE_UNIT ( ) SI_UNIT ( $, .RADIAN. ) );
#1537 = CARTESIAN_POINT ( 'NONE',  ( -4.950000000000000178, 0.1500000000000002720, 6.000000000000000000 ) ) ;
#1538 = DIRECTION ( 'NONE',  ( 0.0000000000000000000, -0.0000000000000000000, 1.000000000000000000 ) ) ;
#1539 = ORIENTED_EDGE ( 'NONE', *, *, #6206, .T. ) ;
#1540 = EDGE_CURVE ( 'NONE', #3965, #241, #1595, .T. ) ;
#1541 = ORIENTED_EDGE ( 'NONE', *, *, #6984, .F. ) ;
#1542 = ORIENTED_EDGE ( 'NONE', *, *, #246, .T. ) ;
#1543 =( NAMED_UNIT ( * ) SI_UNIT ( $, .STERADIAN. ) SOLID_ANGLE_UNIT ( ) );
#1544 = CARTESIAN_POINT ( 'NONE',  ( 0.2026691511538326329, 0.5606330523045366387, 0.0000000000000000000 ) ) ;
#1545 = VERTEX_POINT ( 'NONE', #1119 ) ;
#1546 = DIRECTION ( 'NONE',  ( 0.0000000000000000000, -1.000000000000000000, 0.0000000000000000000 ) ) ;
#1547 =( NAMED_UNIT ( * ) PLANE_ANGLE_UNIT ( ) SI_UNIT ( $, .RADIAN. ) );
#1548 = LINE ( 'NONE', #5148, #6300 ) ;
#1549 = DIRECTION ( 'NONE',  ( 0.0000000000000000000, 0.0000000000000000000, -1.000000000000000000 ) ) ;
#1550 = LINE ( 'NONE', #5723, #7910 ) ;
#1551 = EDGE_CURVE ( 'NONE', #6676, #136, #7569, .T. ) ;
#1552 = VERTEX_POINT ( 'NONE', #3598 ) ;
#1553 = CARTESIAN_POINT ( 'NONE',  ( -0.08561970123175441372, 0.4270701731904470999, 0.0000000000000000000 ) ) ;
#1554 = VECTOR ( 'NONE', #6298, 1000.000000000000000 ) ;
#1555 = FILL_AREA_STYLE ('',( #4025 ) ) ;
#1556 = CARTESIAN_POINT ( 'NONE',  ( -0.1844001890366325780, 0.5798140756294715148, 0.0000000000000000000 ) ) ;
#1557 =( NAMED_UNIT ( * ) PLANE_ANGLE_UNIT ( ) SI_UNIT ( $, .RADIAN. ) );
#1558 = ORIENTED_EDGE ( 'NONE', *, *, #6673, .T. ) ;
#1559 = SURFACE_SIDE_STYLE ('',( #5295 ) ) ;
#1560 = PRESENTATION_STYLE_ASSIGNMENT (( #6519 ) ) ;
#1561 = PRESENTATION_LAYER_ASSIGNMENT (  '', '', ( #6438 ) ) ;
#1562 = ORIENTED_EDGE ( 'NONE', *, *, #1498, .F. ) ;
#1563 = COLOUR_RGB ( '',1.000000000000000000, 1.000000000000000000, 1.000000000000000000 ) ;
#1564 = STYLED_ITEM ( 'NONE', ( #1457 ), #6934 ) ;
#1565 = ORIENTED_EDGE ( 'NONE', *, *, #1551, .F. ) ;
#1566 = CARTESIAN_POINT ( 'NONE',  ( 0.2544846658788196270, 0.3500848141600366170, 0.0000000000000000000 ) ) ;
#1567 = CARTESIAN_POINT ( 'NONE',  ( -0.2669459207439496828, 0.5990213927026423191, 0.0000000000000000000 ) ) ;
#1568 = DIRECTION ( 'NONE',  ( 0.0000000000000000000, 0.0000000000000000000, -1.000000000000000000 ) ) ;
#1569 = CARTESIAN_POINT ( 'NONE',  ( -0.2577783250620275246, 0.5660470012701234177, 0.01000000000000000021 ) ) ;
#1570 = EDGE_CURVE ( 'NONE', #4562, #7475, #5300, .T. ) ;
#1571 = LINE ( 'NONE', #2133, #742 ) ;
#1572 = ORIENTED_EDGE ( 'NONE', *, *, #151, .T. ) ;
#1573 = FILL_AREA_STYLE ('',( #7701 ) ) ;
#1574 = VERTEX_POINT ( 'NONE', #100 ) ;
#1575 = CARTESIAN_POINT ( 'NONE',  ( 0.2366774743390124003, 0.5503159000959710889, 0.009999999999999995004 ) ) ;
#1576 = UNCERTAINTY_MEASURE_WITH_UNIT (LENGTH_MEASURE( 1.000000000000000082E-05 ), #768, 'distance_accuracy_value', 'NONE');
#1577 = PRESENTATION_LAYER_ASSIGNMENT (  '', '', ( #1418 ) ) ;
#1578 = ADVANCED_FACE ( 'NONE', ( #6826, #4803, #9, #671, #2160 ), #5026, .T. ) ;
#1579 =( GEOMETRIC_REPRESENTATION_CONTEXT ( 3 ) GLOBAL_UNCERTAINTY_ASSIGNED_CONTEXT ( ( #3068 ) ) GLOBAL_UNIT_ASSIGNED_CONTEXT ( ( #4144, #1638, #472 ) ) REPRESENTATION_CONTEXT ( 'NONE', 'WORKASPACE' ) );
#1580 = ORIENTED_EDGE ( 'NONE', *, *, #4202, .T. ) ;
#1581 = SURFACE_STYLE_USAGE ( .BOTH. , #992 ) ;
#1582 = B_SPLINE_CURVE_WITH_KNOTS ( 'NONE', 3,
 ( #3775, #6390, #879, #2681, #1386, #303, #5166 ),
 .UNSPECIFIED., .F., .F.,
 ( 4, 1, 1, 1, 4 ),
 ( 0.0000000000000000000, 0.1744817153170496182, 0.3982857591281114273, 0.6738978473986654283, 1.000000000000000000 ),
 .UNSPECIFIED. ) ;
#1583 = CARTESIAN_POINT ( 'NONE',  ( -0.2105835148775653254, 0.5587415475420023370, 0.01000000000000000021 ) ) ;
#1584 = VERTEX_POINT ( 'NONE', #6696 ) ;
#1585 = FILL_AREA_STYLE_COLOUR ( '', #1706 ) ;
#1586 = CARTESIAN_POINT ( 'NONE',  ( -0.2549627806507650529, 0.5988808506383650476, 0.01000000000000000021 ) ) ;
#1587 =( NAMED_UNIT ( * ) SI_UNIT ( $, .STERADIAN. ) SOLID_ANGLE_UNIT ( ) );
#1588 =( GEOMETRIC_REPRESENTATION_CONTEXT ( 3 ) GLOBAL_UNCERTAINTY_ASSIGNED_CONTEXT ( ( #5656 ) ) GLOBAL_UNIT_ASSIGNED_CONTEXT ( ( #7037, #3316, #3991 ) ) REPRESENTATION_CONTEXT ( 'NONE', 'WORKASPACE' ) );
#1589 = DIRECTION ( 'NONE',  ( 0.0000000000000000000, 0.0000000000000000000, -1.000000000000000000 ) ) ;
#1590 = ORIENTED_EDGE ( 'NONE', *, *, #3093, .F. ) ;
#1591 = EDGE_CURVE ( 'NONE', #1892, #6609, #1981, .T. ) ;
#1592 = CARTESIAN_POINT ( 'NONE',  ( -0.7499999999999997780, -0.2999999999999997669, 5.000000000000000888 ) ) ;
#1593 = SURFACE_STYLE_FILL_AREA ( #7283 ) ;
#1594 = CARTESIAN_POINT ( 'NONE',  ( -0.1926970014457596303, 0.5515604026938166760, 0.01000000000000000021 ) ) ;
#1595 = LINE ( 'NONE', #1735, #4511 ) ;
#1596 = SURFACE_STYLE_USAGE ( .BOTH. , #1409 ) ;
#1597 = EDGE_CURVE ( 'NONE', #7883, #3140, #1471, .T. ) ;
#1598 = LINE ( 'NONE', #2677, #4063 ) ;
#1599 = CARTESIAN_POINT ( 'NONE',  ( 0.2400277902988694201, 0.3050584488755445078, 0.0000000000000000000 ) ) ;
#1600 =( LENGTH_UNIT ( ) NAMED_UNIT ( * ) SI_UNIT ( .MILLI., .METRE. ) );
#1601 = SURFACE_SIDE_STYLE ('',( #2292 ) ) ;
#1602 = DIRECTION ( 'NONE',  ( 0.0000000000000000000, 1.000000000000000000, 0.0000000000000000000 ) ) ;
#1603 = DIRECTION ( 'NONE',  ( 1.000000000000000000, -0.0000000000000000000, -0.0000000000000000000 ) ) ;
#1604 = SURFACE_SIDE_STYLE ('',( #3907 ) ) ;
#1605 = AXIS2_PLACEMENT_3D ( 'NONE', #2653, #5792, #2678 ) ;
#1606 = CARTESIAN_POINT ( 'NONE',  ( -0.5465953109878519678, 0.5624360268489836390, 0.0000000000000000000 ) ) ;
#1607 = CARTESIAN_POINT ( 'NONE',  ( 0.2555195296654684256, 0.5384101197923285564, 0.0000000000000000000 ) ) ;
#1608 = DIRECTION ( 'NONE',  ( 1.000000000000000000, 0.0000000000000000000, 0.0000000000000000000 ) ) ;
#1609 = ADVANCED_FACE ( 'NONE', ( #1496 ), #3717, .T. ) ;
#1610 = CIRCLE ( 'NONE', #4165, 0.2500000000000002220 ) ;
#1611 = FACE_OUTER_BOUND ( 'NONE', #4640, .T. ) ;
#1612 =( LENGTH_UNIT ( ) NAMED_UNIT ( * ) SI_UNIT ( .MILLI., .METRE. ) );
#1613 = FACE_OUTER_BOUND ( 'NONE', #6403, .T. ) ;
#1614 = CARTESIAN_POINT ( 'NONE',  ( 0.1824097071338485476, 0.3283775780992860827, 0.0000000000000000000 ) ) ;
#1615 = CARTESIAN_POINT ( 'NONE',  ( 2.000000000000000000, -1.749999999999999778, 2.000000000000000000 ) ) ;
#1616 = ORIENTED_EDGE ( 'NONE', *, *, #2565, .T. ) ;
#1617 = UNCERTAINTY_MEASURE_WITH_UNIT (LENGTH_MEASURE( 1.000000000000000082E-05 ), #6747, 'distance_accuracy_value', 'NONE');
#1618 = CARTESIAN_POINT ( 'NONE',  ( 0.0000000000000000000, 0.0000000000000000000, 5.000000000000000888 ) ) ;
#1619 = DIRECTION ( 'NONE',  ( -0.0000000000000000000, -1.000000000000000000, 0.0000000000000000000 ) ) ;
#1620 = PRESENTATION_LAYER_ASSIGNMENT (  '', '', ( #5938 ) ) ;
#1621 = CARTESIAN_POINT ( 'NONE',  ( -0.1844001890366325780, 0.3438384658733740773, 0.01000000000000000021 ) ) ;
#1622 = PLANE ( 'NONE',  #4281 ) ;
#1623 = DIRECTION ( 'NONE',  ( 1.000000000000000000, 0.0000000000000000000, -0.0000000000000000000 ) ) ;
#1624 = VERTEX_POINT ( 'NONE', #2555 ) ;
#1625 = VECTOR ( 'NONE', #6730, 1000.000000000000000 ) ;
#1626 = CARTESIAN_POINT ( 'NONE',  ( -1.149999999999999467, -0.4000000000000000222, -3.399999999999999911 ) ) ;
#1627 = CARTESIAN_POINT ( 'NONE',  ( -3.250000000000000000, 0.0000000000000000000, 0.0000000000000000000 ) ) ;
#1628 = DIRECTION ( 'NONE',  ( 0.0000000000000000000, 0.9486832980505155444, -0.3162277660168330562 ) ) ;
#1629 = SURFACE_STYLE_FILL_AREA ( #6444 ) ;
#1630 = MECHANICAL_DESIGN_GEOMETRIC_PRESENTATION_REPRESENTATION (  '', ( #6305 ), #3707 ) ;
#1631 =( NAMED_UNIT ( * ) SI_UNIT ( $, .STERADIAN. ) SOLID_ANGLE_UNIT ( ) );
#1632 =( LENGTH_UNIT ( ) NAMED_UNIT ( * ) SI_UNIT ( .MILLI., .METRE. ) );
#1633 = ORIENTED_EDGE ( 'NONE', *, *, #969, .F. ) ;
#1634 = EDGE_LOOP ( 'NONE', ( #7470, #7174, #2293, #7622 ) ) ;
#1635 = CARTESIAN_POINT ( 'NONE',  ( -2.750000000000000000, -0.7999999999999997113, 4.699999999999997513 ) ) ;
#1636 = FILL_AREA_STYLE ('',( #6600 ) ) ;
#1637 = DIRECTION ( 'NONE',  ( -0.0000000000000000000, -0.0000000000000000000, 1.000000000000000000 ) ) ;
#1638 =( NAMED_UNIT ( * ) PLANE_ANGLE_UNIT ( ) SI_UNIT ( $, .RADIAN. ) );
#1639 = EDGE_CURVE ( 'NONE', #2073, #6690, #5852, .T. ) ;
#1640 = LINE ( 'NONE', #6, #5038 ) ;
#1641 = ORIENTED_EDGE ( 'NONE', *, *, #5748, .F. ) ;
#1642 = ORIENTED_EDGE ( 'NONE', *, *, #4460, .T. ) ;
#1643 =( GEOMETRIC_REPRESENTATION_CONTEXT ( 3 ) GLOBAL_UNCERTAINTY_ASSIGNED_CONTEXT ( ( #99 ) ) GLOBAL_UNIT_ASSIGNED_CONTEXT ( ( #4043, #4613, #7185 ) ) REPRESENTATION_CONTEXT ( 'NONE', 'WORKASPACE' ) );
#1644 =( NAMED_UNIT ( * ) SI_UNIT ( $, .STERADIAN. ) SOLID_ANGLE_UNIT ( ) );
#1645 = UNCERTAINTY_MEASURE_WITH_UNIT (LENGTH_MEASURE( 1.000000000000000082E-05 ), #3628, 'distance_accuracy_value', 'NONE');
#1646 = CARTESIAN_POINT ( 'NONE',  ( -0.3670214721827244619, 0.4349064150560782438, 0.01000000000000000021 ) ) ;
#1647 = SURFACE_STYLE_FILL_AREA ( #5194 ) ;
#1648 = CARTESIAN_POINT ( 'NONE',  ( 0.1338924938901968897, 0.5624360268489836390, 0.01000000000000000021 ) ) ;
#1649 = DIRECTION ( 'NONE',  ( 0.3635424856527064708, 0.9315776194850602376, 0.0000000000000000000 ) ) ;
#1650 = VERTEX_POINT ( 'NONE', #1388 ) ;
#1651 =( NAMED_UNIT ( * ) PLANE_ANGLE_UNIT ( ) SI_UNIT ( $, .RADIAN. ) );
#1652 = EDGE_CURVE ( 'NONE', #6996, #4022, #3615, .T. ) ;
#1653 = ORIENTED_EDGE ( 'NONE', *, *, #7897, .F. ) ;
#1654 = VERTEX_POINT ( 'NONE', #7578 ) ;
#1655 = FILL_AREA_STYLE_COLOUR ( '', #1238 ) ;
#1656 = PLANE ( 'NONE',  #2803 ) ;
#1657 = ADVANCED_FACE ( 'NONE', ( #6050 ), #2582, .F. ) ;
#1658 = CARTESIAN_POINT ( 'NONE',  ( 0.2667651180386724774, 0.3174595477115112474, 0.01000000000000000021 ) ) ;
#1659 = PRESENTATION_STYLE_ASSIGNMENT (( #1581 ) ) ;
#1660 = SURFACE_STYLE_USAGE ( .BOTH. , #7788 ) ;
#1661 = ORIENTED_EDGE ( 'NONE', *, *, #7023, .F. ) ;
#1662 = CARTESIAN_POINT ( 'NONE',  ( -4.949999999999998401, -2.000000000000000444, 6.000000000000000000 ) ) ;
#1663 = PRESENTATION_STYLE_ASSIGNMENT (( #723 ) ) ;
#1664 = ORIENTED_EDGE ( 'NONE', *, *, #1292, .T. ) ;
#1665 = SURFACE_STYLE_USAGE ( .BOTH. , #5973 ) ;
#1666 =( NAMED_UNIT ( * ) SI_UNIT ( $, .STERADIAN. ) SOLID_ANGLE_UNIT ( ) );
#1667 =( LENGTH_UNIT ( ) NAMED_UNIT ( * ) SI_UNIT ( .MILLI., .METRE. ) );
#1668 = ORIENTED_EDGE ( 'NONE', *, *, #3346, .F. ) ;
#1669 = MECHANICAL_DESIGN_GEOMETRIC_PRESENTATION_REPRESENTATION (  '', ( #3207 ), #1813 ) ;
#1670 = LINE ( 'NONE', #995, #7547 ) ;
#1671 = ORIENTED_EDGE ( 'NONE', *, *, #7221, .F. ) ;
#1672 = DIRECTION ( 'NONE',  ( 0.0000000000000000000, 0.0000000000000000000, -1.000000000000000000 ) ) ;
#1673 = COLOUR_RGB ( '',0.9686274509803921573, 0.8784313725490195957, 0.5999999999999999778 ) ;
#1674 = DIRECTION ( 'NONE',  ( 0.0000000000000000000, -1.000000000000000000, 0.0000000000000000000 ) ) ;
#1675 = EDGE_CURVE ( 'NONE', #5079, #4087, #4319, .T. ) ;
#1676 = VERTEX_POINT ( 'NONE', #199 ) ;
#1677 = LINE ( 'NONE', #1887, #764 ) ;
#1678 = DIRECTION ( 'NONE',  ( -1.000000000000000000, 0.0000000000000000000, 0.0000000000000000000 ) ) ;
#1679 = EDGE_LOOP ( 'NONE', ( #1263, #67, #2876, #5802 ) ) ;
#1680 = DIRECTION ( 'NONE',  ( -0.0000000000000000000, 0.0000000000000000000, 1.000000000000000000 ) ) ;
#1681 = CARTESIAN_POINT ( 'NONE',  ( 0.7500000000000002220, -0.7999999999999997113, 1.000000000000000000 ) ) ;
#1682 = MECHANICAL_DESIGN_GEOMETRIC_PRESENTATION_REPRESENTATION (  '', ( #6405 ), #5950 ) ;
#1683 = EDGE_CURVE ( 'NONE', #5628, #518, #6719, .T. ) ;
#1684 = CARTESIAN_POINT ( 'NONE',  ( -4.699999999999998401, -2.250000000000000000, 1.099999999999999645 ) ) ;
#1685 = FILL_AREA_STYLE ('',( #6560 ) ) ;
#1686 = LINE ( 'NONE', #5641, #1493 ) ;
#1687 = ORIENTED_EDGE ( 'NONE', *, *, #7830, .F. ) ;
#1688 =( NAMED_UNIT ( * ) SI_UNIT ( $, .STERADIAN. ) SOLID_ANGLE_UNIT ( ) );
#1689 = CARTESIAN_POINT ( 'NONE',  ( -0.3656822144301463129, 0.4740200930647939792, 0.0000000000000000000 ) ) ;
#1690 = EDGE_CURVE ( 'NONE', #4375, #1367, #2628, .T. ) ;
#1691 = FACE_OUTER_BOUND ( 'NONE', #5129, .T. ) ;
#1692 = DIRECTION ( 'NONE',  ( 0.0000000000000000000, 0.0000000000000000000, -1.000000000000000000 ) ) ;
#1693 = ADVANCED_FACE ( 'NONE', ( #1772 ), #7556, .F. ) ;
#1694 = PRESENTATION_STYLE_ASSIGNMENT (( #2784 ) ) ;
#1695 = ORIENTED_EDGE ( 'NONE', *, *, #1431, .F. ) ;
#1696 = EDGE_CURVE ( 'NONE', #2500, #3205, #5477, .T. ) ;
#1697 = PLANE ( 'NONE',  #6355 ) ;
#1698 = LINE ( 'NONE', #1904, #5964 ) ;
#1699 = ORIENTED_EDGE ( 'NONE', *, *, #2075, .T. ) ;
#1700 = SURFACE_STYLE_USAGE ( .BOTH. , #2861 ) ;
#1701 = EDGE_CURVE ( 'NONE', #7892, #7926, #7092, .T. ) ;
#1702 = CARTESIAN_POINT ( 'NONE',  ( -0.1844001890366325780, 0.5798140756294715148, 0.0000000000000000000 ) ) ;
#1703 =( NAMED_UNIT ( * ) PLANE_ANGLE_UNIT ( ) SI_UNIT ( $, .RADIAN. ) );
#1704 = CIRCLE ( 'NONE', #3944, 0.2500000000000000000 ) ;
#1705 = FILL_AREA_STYLE ('',( #1733 ) ) ;
#1706 = COLOUR_RGB ( '',1.000000000000000000, 1.000000000000000000, 1.000000000000000000 ) ;
#1707 = CARTESIAN_POINT ( 'NONE',  ( -0.3416902011415487439, 0.3160629484380141907, 0.01000000000000000021 ) ) ;
#1708 = FILL_AREA_STYLE_COLOUR ( '', #2605 ) ;
#1709 = CARTESIAN_POINT ( 'NONE',  ( -4.052040639368925667, -2.250000000000000000, 3.912701290971654089 ) ) ;
#1710 = VECTOR ( 'NONE', #1546, 1000.000000000000000 ) ;
#1711 = SURFACE_STYLE_FILL_AREA ( #5082 ) ;
#1712 = MECHANICAL_DESIGN_GEOMETRIC_PRESENTATION_REPRESENTATION (  '', ( #6183 ), #4376 ) ;
#1713 = ORIENTED_EDGE ( 'NONE', *, *, #6139, .T. ) ;
#1714 = UNCERTAINTY_MEASURE_WITH_UNIT (LENGTH_MEASURE( 1.000000000000000082E-05 ), #3923, 'distance_accuracy_value', 'NONE');
#1715 = VECTOR ( 'NONE', #3607, 1000.000000000000000 ) ;
#1716 = CARTESIAN_POINT ( 'NONE',  ( 0.3351120060853188254, 0.4415899902636178376, 0.0000000000000000000 ) ) ;
#1717 = VECTOR ( 'NONE', #3881, 1000.000000000000000 ) ;
#1718 = LINE ( 'NONE', #2746, #5794 ) ;
#1719 = FILL_AREA_STYLE_COLOUR ( '', #5402 ) ;
#1720 = CARTESIAN_POINT ( 'NONE',  ( -0.3673270183049252569, 0.4485640756294715925, 0.0000000000000000000 ) ) ;
#1721 = CARTESIAN_POINT ( 'NONE',  ( 4.450000000000001066, 1.749999999999999778, 5.799999999999999822 ) ) ;
#1722 = SURFACE_STYLE_USAGE ( .BOTH. , #5452 ) ;
#1723 = CARTESIAN_POINT ( 'NONE',  ( -0.7499999999999997780, -0.2999999999999997669, 5.000000000000000888 ) ) ;
#1724 = PRESENTATION_LAYER_ASSIGNMENT (  '', '', ( #938 ) ) ;
#1725 = CARTESIAN_POINT ( 'NONE',  ( -3.003586417958281629, -2.250000000000000000, 3.912701290971654089 ) ) ;
#1726 = ORIENTED_EDGE ( 'NONE', *, *, #7217, .F. ) ;
#1727 = AXIS2_PLACEMENT_3D ( 'NONE', #7015, #2591, #6969 ) ;
#1728 = FACE_OUTER_BOUND ( 'NONE', #4878, .T. ) ;
#1729 = CARTESIAN_POINT ( 'NONE',  ( -0.2823373122808700564, 0.5986763651025663879, 0.01000000000000000021 ) ) ;
#1730 = EDGE_LOOP ( 'NONE', ( #7187, #1642, #832, #6774 ) ) ;
#1731 = CARTESIAN_POINT ( 'NONE',  ( 4.450000000000001066, -1.749999999999999778, 1.000000000000000000 ) ) ;
#1732 = AXIS2_PLACEMENT_3D ( 'NONE', #60, #3996, #4951 ) ;
#1733 = FILL_AREA_STYLE_COLOUR ( '', #5835 ) ;
#1734 = ORIENTED_EDGE ( 'NONE', *, *, #1060, .T. ) ;
#1735 = CARTESIAN_POINT ( 'NONE',  ( -2.000000000000000000, -0.7999999999999997113, 0.0000000000000000000 ) ) ;
#1736 = CARTESIAN_POINT ( 'NONE',  ( 0.0000000000000000000, 0.0000000000000000000, -3.399999999999999911 ) ) ;
#1737 = ORIENTED_EDGE ( 'NONE', *, *, #1570, .T. ) ;
#1738 = CARTESIAN_POINT ( 'NONE',  ( -0.2614009512317545525, 0.5660945634343496069, 0.01000000000000000021 ) ) ;
#1739 = EDGE_CURVE ( 'NONE', #5281, #1865, #1217, .T. ) ;
#1740 = VECTOR ( 'NONE', #794, 1000.000000000000000 ) ;
#1741 = ORIENTED_EDGE ( 'NONE', *, *, #2294, .F. ) ;
#1742 = CARTESIAN_POINT ( 'NONE',  ( 0.3325758426158494929, 0.4745704202586980558, 0.01000000000000000021 ) ) ;
#1743 = UNCERTAINTY_MEASURE_WITH_UNIT (LENGTH_MEASURE( 1.000000000000000082E-05 ), #1612, 'distance_accuracy_value', 'NONE');
#1744 = ORIENTED_EDGE ( 'NONE', *, *, #4198, .T. ) ;
#1745 = CARTESIAN_POINT ( 'NONE',  ( 3.250000000000000444, 0.0000000000000000000, 1.000000000000000000 ) ) ;
#1746 = DIRECTION ( 'NONE',  ( -0.0000000000000000000, 0.0000000000000000000, 1.000000000000000000 ) ) ;
#1747 = CARTESIAN_POINT ( 'NONE',  ( -0.3982969347728302911, 0.5112545729210909995, 0.0000000000000000000 ) ) ;
#1748 = CARTESIAN_POINT ( 'NONE',  ( -0.1844001890366325780, 0.3035945634343496513, 0.0000000000000000000 ) ) ;
#1749 =( LENGTH_UNIT ( ) NAMED_UNIT ( * ) SI_UNIT ( .MILLI., .METRE. ) );
#1750 = FACE_OUTER_BOUND ( 'NONE', #6446, .T. ) ;
#1751 = EDGE_CURVE ( 'NONE', #5628, #5721, #5094, .T. ) ;
#1752 = EDGE_LOOP ( 'NONE', ( #6512, #3880, #6015, #6951 ) ) ;
#1753 = ORIENTED_EDGE ( 'NONE', *, *, #1540, .T. ) ;
#1754 = CARTESIAN_POINT ( 'NONE',  ( 4.950000000000000178, -2.250000000000000000, 1.099999999999999645 ) ) ;
#1755 = CARTESIAN_POINT ( 'NONE',  ( -0.1870643047249602731, 0.3422904139759304076, 0.0000000000000000000 ) ) ;
#1756 = SURFACE_STYLE_FILL_AREA ( #4020 ) ;
#1757 = ORIENTED_EDGE ( 'NONE', *, *, #4780, .T. ) ;
#1758 = DIRECTION ( 'NONE',  ( 0.0000000000000000000, 0.0000000000000000000, -1.000000000000000000 ) ) ;
#1759 = SURFACE_STYLE_FILL_AREA ( #4979 ) ;
#1760 = CARTESIAN_POINT ( 'NONE',  ( 0.4945127869873255921, 0.3517878570008554084, 0.0000000000000000000 ) ) ;
#1761 = CARTESIAN_POINT ( 'NONE',  ( -0.1258636036707787842, 0.5953628561172763511, 0.01000000000000000021 ) ) ;
#1762 = ORIENTED_EDGE ( 'NONE', *, *, #4611, .F. ) ;
#1763 = DIRECTION ( 'NONE',  ( 0.0000000000000000000, 1.000000000000000000, 0.0000000000000000000 ) ) ;
#1764 = FACE_OUTER_BOUND ( 'NONE', #4946, .T. ) ;
#1765 = EDGE_LOOP ( 'NONE', ( #2494, #4311, #3363, #2996, #2449 ) ) ;
#1766 = PRESENTATION_STYLE_ASSIGNMENT (( #3610 ) ) ;
#1767 = ORIENTED_EDGE ( 'NONE', *, *, #1157, .T. ) ;
#1768 =( GEOMETRIC_REPRESENTATION_CONTEXT ( 3 ) GLOBAL_UNCERTAINTY_ASSIGNED_CONTEXT ( ( #3458 ) ) GLOBAL_UNIT_ASSIGNED_CONTEXT ( ( #1260, #756, #7481 ) ) REPRESENTATION_CONTEXT ( 'NONE', 'WORKASPACE' ) );
#1769 = ADVANCED_FACE ( 'NONE', ( #388 ), #335, .T. ) ;
#1770 = MECHANICAL_DESIGN_GEOMETRIC_PRESENTATION_REPRESENTATION (  '', ( #574 ), #5521 ) ;
#1771 = DIRECTION ( 'NONE',  ( 1.000000000000000000, 0.0000000000000000000, 0.0000000000000000000 ) ) ;
#1772 = FACE_OUTER_BOUND ( 'NONE', #4677, .T. ) ;
#1773 = VERTEX_POINT ( 'NONE', #1494 ) ;
#1774 = FACE_OUTER_BOUND ( 'NONE', #6521, .T. ) ;
#1775 = DIRECTION ( 'NONE',  ( 1.000000000000000000, 0.0000000000000000000, 0.0000000000000000000 ) ) ;
#1776 = PRESENTATION_STYLE_ASSIGNMENT (( #4788 ) ) ;
#1777 = CARTESIAN_POINT ( 'NONE',  ( -0.2268253582809206248, 0.3271909613057513710, 0.0000000000000000000 ) ) ;
#1778 = VECTOR ( 'NONE', #6563, 1000.000000000000000 ) ;
#1779 = STYLED_ITEM ( 'NONE', ( #900 ), #4627 ) ;
#1780 = ADVANCED_FACE ( 'NONE', ( #660 ), #1622, .F. ) ;
#1781 = DIRECTION ( 'NONE',  ( 0.0000000000000000000, 1.000000000000000000, 0.0000000000000000000 ) ) ;
#1782 = CARTESIAN_POINT ( 'NONE',  ( 0.6277949329145868784, 0.5953628561172763511, 0.0000000000000000000 ) ) ;
#1783 = COLOUR_RGB ( '',0.9686274509803921573, 0.8784313725490195957, 0.5999999999999999778 ) ;
#1784 = VERTEX_POINT ( 'NONE', #4158 ) ;
#1785 = CARTESIAN_POINT ( 'NONE',  ( -0.2866283624289827636, 0.2941916782744092296, 0.01000000000000000021 ) ) ;
#1786 = CARTESIAN_POINT ( 'NONE',  ( -0.2669459207439496828, 0.5990213927026423191, 0.0000000000000000000 ) ) ;
#1787 = CARTESIAN_POINT ( 'NONE',  ( -0.3136431080172246144, 0.5538532142281646919, 0.01000000000000000021 ) ) ;
#1788 = ORIENTED_EDGE ( 'NONE', *, *, #3544, .F. ) ;
#1789 = SURFACE_SIDE_STYLE ('',( #1994 ) ) ;
#1790 = EDGE_CURVE ( 'NONE', #6275, #7847, #5569, .T. ) ;
#1791 = PLANE ( 'NONE',  #3861 ) ;
#1792 = UNCERTAINTY_MEASURE_WITH_UNIT (LENGTH_MEASURE( 1.000000000000000082E-05 ), #23, 'distance_accuracy_value', 'NONE');
#1793 = EDGE_CURVE ( 'NONE', #1252, #3559, #4984, .T. ) ;
#1794 = CARTESIAN_POINT ( 'NONE',  ( -0.4075709207439496273, 0.4510221548977642603, 0.0000000000000000000 ) ) ;
#1795 =( NAMED_UNIT ( * ) PLANE_ANGLE_UNIT ( ) SI_UNIT ( $, .RADIAN. ) );
#1796 = CARTESIAN_POINT ( 'NONE',  ( 0.0000000000000000000, 0.4782896853855690411, 0.01000000000000000021 ) ) ;
#1797 = FACE_BOUND ( 'NONE', #2490, .T. ) ;
#1798 = CARTESIAN_POINT ( 'NONE',  ( -0.5868392134268763938, 0.2953628561172763622, 0.0000000000000000000 ) ) ;
#1799 = VECTOR ( 'NONE', #4910, 1000.000000000000000 ) ;
#1800 = CARTESIAN_POINT ( 'NONE',  ( 0.2392278701390087303, 0.5851001000733739854, 0.0000000000000000000 ) ) ;
#1801 =( GEOMETRIC_REPRESENTATION_CONTEXT ( 3 ) GLOBAL_UNCERTAINTY_ASSIGNED_CONTEXT ( ( #1083 ) ) GLOBAL_UNIT_ASSIGNED_CONTEXT ( ( #7546, #5741, #6249 ) ) REPRESENTATION_CONTEXT ( 'NONE', 'WORKASPACE' ) );
#1802 = ORIENTED_EDGE ( 'NONE', *, *, #2763, .F. ) ;
#1803 = CARTESIAN_POINT ( 'NONE',  ( -4.000000000000000000, 0.0000000000000000000, -3.399999999999999911 ) ) ;
#1804 = ORIENTED_EDGE ( 'NONE', *, *, #3667, .F. ) ;
#1805 = CARTESIAN_POINT ( 'NONE',  ( -0.3112765893882712409, 0.5935560238945400968, 0.01000000000000000021 ) ) ;
#1806 = DIRECTION ( 'NONE',  ( 1.000000000000000000, 0.0000000000000000000, 0.0000000000000000000 ) ) ;
#1807 = EDGE_LOOP ( 'NONE', ( #6185, #1757, #5769, #7100 ) ) ;
#1808 = PRESENTATION_STYLE_ASSIGNMENT (( #6916 ) ) ;
#1809 = DIRECTION ( 'NONE',  ( 0.0000000000000000000, 0.0000000000000000000, 1.000000000000000000 ) ) ;
#1810 = SURFACE_SIDE_STYLE ('',( #6810 ) ) ;
#1811 = ORIENTED_EDGE ( 'NONE', *, *, #6548, .T. ) ;
#1812 = VECTOR ( 'NONE', #5522, 1000.000000000000000 ) ;
#1813 =( GEOMETRIC_REPRESENTATION_CONTEXT ( 3 ) GLOBAL_UNCERTAINTY_ASSIGNED_CONTEXT ( ( #4265 ) ) GLOBAL_UNIT_ASSIGNED_CONTEXT ( ( #6273, #5747, #2548 ) ) REPRESENTATION_CONTEXT ( 'NONE', 'WORKASPACE' ) );
#1814 = FILL_AREA_STYLE_COLOUR ( '', #6070 ) ;
#1815 = COLOUR_RGB ( '',1.000000000000000000, 1.000000000000000000, 1.000000000000000000 ) ;
#1816 = COLOUR_RGB ( '',0.9686274509803921573, 0.8784313725490195957, 0.5999999999999999778 ) ;
#1817 = VECTOR ( 'NONE', #1261, 1000.000000000000000 ) ;
#1818 = CARTESIAN_POINT ( 'NONE',  ( -4.052040639368925667, -1.749999999999999778, 3.912701290971654089 ) ) ;
#1819 = EDGE_CURVE ( 'NONE', #5589, #3863, #2531, .T. ) ;
#1820 = ORIENTED_EDGE ( 'NONE', *, *, #4216, .T. ) ;
#1821 = CARTESIAN_POINT ( 'NONE',  ( 0.3241532922191202593, 0.3815483397660174858, 0.0000000000000000000 ) ) ;
#1822 = CARTESIAN_POINT ( 'NONE',  ( 0.02047785974385531865, 0.4270701731904470999, 0.0000000000000000000 ) ) ;
#1823 = VERTEX_POINT ( 'NONE', #2433 ) ;
#1824 = SURFACE_STYLE_USAGE ( .BOTH. , #2427 ) ;
#1825 = SURFACE_STYLE_FILL_AREA ( #5902 ) ;
#1826 = PRESENTATION_LAYER_ASSIGNMENT (  '', '', ( #7254 ) ) ;
#1827 = ORIENTED_EDGE ( 'NONE', *, *, #7624, .F. ) ;
#1828 = PRESENTATION_LAYER_ASSIGNMENT (  '', '', ( #3914 ) ) ;
#1829 = ORIENTED_EDGE ( 'NONE', *, *, #5423, .F. ) ;
#1830 = STYLED_ITEM ( 'NONE', ( #5928 ), #4240 ) ;
#1831 = CARTESIAN_POINT ( 'NONE',  ( -0.3498306130947761439, 0.3763110765024019755, 0.01000000000000000021 ) ) ;
#1832 = DIRECTION ( 'NONE',  ( 1.000000000000000000, -0.0000000000000000000, -0.0000000000000000000 ) ) ;
#1833 = LINE ( 'NONE', #823, #3186 ) ;
#1834 = FILL_AREA_STYLE ('',( #3735 ) ) ;
#1835 = VECTOR ( 'NONE', #6565, 1000.000000000000000 ) ;
#1836 = ORIENTED_EDGE ( 'NONE', *, *, #1144, .F. ) ;
#1837 = CARTESIAN_POINT ( 'NONE',  ( 1.250000000000000222, -0.7999999999999997113, -3.099999999999996980 ) ) ;
#1838 = DIRECTION ( 'NONE',  ( 1.000000000000000000, 0.0000000000000000000, 0.0000000000000000000 ) ) ;
#1839 = ORIENTED_EDGE ( 'NONE', *, *, #7080, .T. ) ;
#1840 = EDGE_CURVE ( 'NONE', #5403, #3205, #6141, .T. ) ;
#1841 = ORIENTED_EDGE ( 'NONE', *, *, #6961, .F. ) ;
#1842 = CARTESIAN_POINT ( 'NONE',  ( 0.4906728319592074117, 0.3342544341622329940, 0.0000000000000000000 ) ) ;
#1843 = CARTESIAN_POINT ( 'NONE',  ( 4.950000000000000178, 2.000000000000000000, 6.000000000000000000 ) ) ;
#1844 = FACE_OUTER_BOUND ( 'NONE', #4765, .T. ) ;
#1845 = ORIENTED_EDGE ( 'NONE', *, *, #7439, .T. ) ;
#1846 = CARTESIAN_POINT ( 'NONE',  ( 0.2628801661146187296, 0.3567808140862367416, 0.01000000000000000021 ) ) ;
#1847 = FILL_AREA_STYLE_COLOUR ( '', #3666 ) ;
#1848 = CARTESIAN_POINT ( 'NONE',  ( -4.950000000000000178, -0.2399999999999994083, 4.389999999999999680 ) ) ;
#1849 = EDGE_CURVE ( 'NONE', #4454, #5268, #7273, .T. ) ;
#1850 = FILL_AREA_STYLE_COLOUR ( '', #4366 ) ;
#1851 = ORIENTED_EDGE ( 'NONE', *, *, #7759, .F. ) ;
#1852 = DIRECTION ( 'NONE',  ( 0.0000000000000000000, 0.0000000000000000000, -1.000000000000000000 ) ) ;
#1853 = LINE ( 'NONE', #4917, #6218 ) ;
#1854 = EDGE_LOOP ( 'NONE', ( #5814, #75, #4695, #432 ) ) ;
#1855 = CARTESIAN_POINT ( 'NONE',  ( -0.2629043226538720912, 0.5989739915595246877, 0.0000000000000000000 ) ) ;
#1856 = LINE ( 'NONE', #912, #7739 ) ;
#1857 = FILL_AREA_STYLE ('',( #7297 ) ) ;
#1858 = DIRECTION ( 'NONE',  ( -0.9486832980505155444, -0.0000000000000000000, -0.3162277660168330562 ) ) ;
#1859 = VERTEX_POINT ( 'NONE', #7846 ) ;
#1860 = EDGE_CURVE ( 'NONE', #553, #1110, #3713, .T. ) ;
#1861 = ORIENTED_EDGE ( 'NONE', *, *, #624, .F. ) ;
#1862 = DIRECTION ( 'NONE',  ( 0.0000000000000000000, -0.0000000000000000000, -1.000000000000000000 ) ) ;
#1863 = VECTOR ( 'NONE', #1053, 1000.000000000000000 ) ;
#1864 =( LENGTH_UNIT ( ) NAMED_UNIT ( * ) SI_UNIT ( .MILLI., .METRE. ) );
#1865 = VERTEX_POINT ( 'NONE', #3642 ) ;
#1866 = MANIFOLD_SOLID_BREP ( 'µ¹½Ç3', #7856 ) ;
#1867 =( LENGTH_UNIT ( ) NAMED_UNIT ( * ) SI_UNIT ( .MILLI., .METRE. ) );
#1868 = MECHANICAL_DESIGN_GEOMETRIC_PRESENTATION_REPRESENTATION (  '', ( #5616 ), #7000 ) ;
#1869 = CARTESIAN_POINT ( 'NONE',  ( -0.3535472791448638352, 0.3250989947391757506, 0.01000000000000000021 ) ) ;
#1870 = FACE_OUTER_BOUND ( 'NONE', #1679, .T. ) ;
#1871 = PRESENTATION_LAYER_ASSIGNMENT (  '', '', ( #5868 ) ) ;
#1872 = DIRECTION ( 'NONE',  ( 1.000000000000000000, 0.0000000000000000000, 0.0000000000000000000 ) ) ;
#1873 = DIRECTION ( 'NONE',  ( -0.7071067811865505703, 8.333116395018321951E-17, -0.7071067811865444641 ) ) ;
#1874 = ORIENTED_EDGE ( 'NONE', *, *, #4601, .T. ) ;
#1875 = CARTESIAN_POINT ( 'NONE',  ( 0.03511200608531873241, 0.5624360268489836390, 0.0000000000000000000 ) ) ;
#1876 = VECTOR ( 'NONE', #6815, 1000.000000000000000 ) ;
#1877 = VECTOR ( 'NONE', #1086, 1000.000000000000114 ) ;
#1878 = AXIS2_PLACEMENT_3D ( 'NONE', #6086, #483, #7208 ) ;
#1879 = VERTEX_POINT ( 'NONE', #5532 ) ;
#1880 = MECHANICAL_DESIGN_GEOMETRIC_PRESENTATION_REPRESENTATION (  '', ( #5676 ), #6080 ) ;
#1881 = CARTESIAN_POINT ( 'NONE',  ( -0.2549627806507650529, 0.5988808506383650476, 0.0000000000000000000 ) ) ;
#1882 = CARTESIAN_POINT ( 'NONE',  ( 0.5838924938901967066, 0.5953628561172763511, 0.0000000000000000000 ) ) ;
#1883 =( NAMED_UNIT ( * ) SI_UNIT ( $, .STERADIAN. ) SOLID_ANGLE_UNIT ( ) );
#1884 = ORIENTED_EDGE ( 'NONE', *, *, #7938, .T. ) ;
#1885 = PRESENTATION_LAYER_ASSIGNMENT (  '', '', ( #3537 ) ) ;
#1886 = SURFACE_STYLE_USAGE ( .BOTH. , #4969 ) ;
#1887 = CARTESIAN_POINT ( 'NONE',  ( -4.700000000000000178, 2.250000000000000000, 6.000000000000000000 ) ) ;
#1888 = SURFACE_STYLE_FILL_AREA ( #6682 ) ;
#1889 = DIRECTION ( 'NONE',  ( 0.0000000000000000000, 1.000000000000000000, 0.0000000000000000000 ) ) ;
#1890 = ORIENTED_EDGE ( 'NONE', *, *, #3184, .F. ) ;
#1891 = FACE_OUTER_BOUND ( 'NONE', #942, .T. ) ;
#1892 = VERTEX_POINT ( 'NONE', #2577 ) ;
#1893 = EDGE_CURVE ( 'NONE', #1334, #4939, #4500, .T. ) ;
#1894 = CARTESIAN_POINT ( 'NONE',  ( 0.1824097071338485476, 0.3283775780992860827, 0.01000000000000000021 ) ) ;
#1895 = VECTOR ( 'NONE', #7852, 1000.000000000000000 ) ;
#1896 = EDGE_CURVE ( 'NONE', #3203, #3986, #6626, .T. ) ;
#1897 = VECTOR ( 'NONE', #6552, 1000.000000000000000 ) ;
#1898 = DIRECTION ( 'NONE',  ( 0.0000000000000000000, 1.000000000000000000, 0.0000000000000000000 ) ) ;
#1899 = ORIENTED_EDGE ( 'NONE', *, *, #708, .F. ) ;
#1900 = EDGE_CURVE ( 'NONE', #5181, #4022, #284, .T. ) ;
#1901 = DIRECTION ( 'NONE',  ( 0.0000000000000000000, 1.000000000000000000, 0.0000000000000000000 ) ) ;
#1902 = CARTESIAN_POINT ( 'NONE',  ( -0.2074944222903829516, 0.2962101826155247863, 0.01000000000000000021 ) ) ;
#1903 = SURFACE_SIDE_STYLE ('',( #444 ) ) ;
#1904 = CARTESIAN_POINT ( 'NONE',  ( -0.1844001890366325780, 0.5468872463611789136, 0.0000000000000000000 ) ) ;
#1905 = ORIENTED_EDGE ( 'NONE', *, *, #1900, .F. ) ;
#1906 = FACE_OUTER_BOUND ( 'NONE', #6889, .T. ) ;
#1907 = PLANE ( 'NONE',  #3051 ) ;
#1908 = SURFACE_STYLE_FILL_AREA ( #760 ) ;
#1909 = PRESENTATION_LAYER_ASSIGNMENT (  '', '', ( #7450 ) ) ;
#1910 = CARTESIAN_POINT ( 'NONE',  ( 0.2667651180386724774, 0.3174595477115112474, 0.01000000000000000021 ) ) ;
#1911 = ORIENTED_EDGE ( 'NONE', *, *, #3130, .T. ) ;
#1912 = SURFACE_SIDE_STYLE ('',( #792 ) ) ;
#1913 = ORIENTED_EDGE ( 'NONE', *, *, #1945, .F. ) ;
#1914 = VECTOR ( 'NONE', #347, 1000.000000000000114 ) ;
#1915 = VECTOR ( 'NONE', #5649, 1000.000000000000000 ) ;
#1916 = PRESENTATION_LAYER_ASSIGNMENT (  '', '', ( #2024 ) ) ;
#1917 = CARTESIAN_POINT ( 'NONE',  ( 0.1781379207194651870, 0.3282896853855690744, 0.01000000000000000021 ) ) ;
#1918 = EDGE_LOOP ( 'NONE', ( #5874, #3344, #2643, #5830 ) ) ;
#1919 = DIRECTION ( 'NONE',  ( 0.0000000000000000000, 0.0000000000000000000, -1.000000000000000000 ) ) ;
#1920 = MECHANICAL_DESIGN_GEOMETRIC_PRESENTATION_REPRESENTATION (  '', ( #283 ), #6914 ) ;
#1921 = DIRECTION ( 'NONE',  ( -1.000000000000000000, 0.0000000000000000000, -0.0000000000000000000 ) ) ;
#1922 = CARTESIAN_POINT ( 'NONE',  ( -0.3136431080172246144, 0.5538532142281646919, 0.0000000000000000000 ) ) ;
#1923 = COLOUR_RGB ( '',0.9686274509803921573, 0.8784313725490195957, 0.5999999999999999778 ) ;
#1924 = VERTEX_POINT ( 'NONE', #7927 ) ;
#1925 = ORIENTED_EDGE ( 'NONE', *, *, #7397, .F. ) ;
#1926 = DIRECTION ( 'NONE',  ( -0.9406672605435405510, 0.3393303772748776925, 0.0000000000000000000 ) ) ;
#1927 = SURFACE_STYLE_USAGE ( .BOTH. , #662 ) ;
#1928 =( LENGTH_UNIT ( ) NAMED_UNIT ( * ) SI_UNIT ( .MILLI., .METRE. ) );
#1929 = CARTESIAN_POINT ( 'NONE',  ( 0.4849424674073919417, 0.3516188755453432124, 0.0000000000000000000 ) ) ;
#1930 = VECTOR ( 'NONE', #5013, 1000.000000000000000 ) ;
#1931 = VECTOR ( 'NONE', #4790, 1000.000000000000000 ) ;
#1932 = ORIENTED_EDGE ( 'NONE', *, *, #3325, .T. ) ;
#1933 = DIRECTION ( 'NONE',  ( 0.0000000000000000000, 1.346834996876405774E-16, -1.000000000000000000 ) ) ;
#1934 = MECHANICAL_DESIGN_GEOMETRIC_PRESENTATION_REPRESENTATION (  '', ( #1779 ), #1277 ) ;
#1935 = LINE ( 'NONE', #7920, #5060 ) ;
#1936 = CARTESIAN_POINT ( 'NONE',  ( -0.2721534344030960839, 0.5989046562830749876, 0.01000000000000000021 ) ) ;
#1937 = VERTEX_POINT ( 'NONE', #5505 ) ;
#1938 = EDGE_CURVE ( 'NONE', #632, #4870, #4118, .T. ) ;
#1939 = CARTESIAN_POINT ( 'NONE',  ( 0.2905403466497580300, 0.3348241174246534002, 0.01000000000000000021 ) ) ;
#1940 = CARTESIAN_POINT ( 'NONE',  ( -0.2549985122073643029, 0.2917043195319106164, 0.0000000000000000000 ) ) ;
#1941 = VECTOR ( 'NONE', #7562, 1000.000000000000000 ) ;
#1942 = ORIENTED_EDGE ( 'NONE', *, *, #2817, .T. ) ;
#1943 = DIRECTION ( 'NONE',  ( -0.0000000000000000000, 0.0000000000000000000, 1.000000000000000000 ) ) ;
#1944 = FILL_AREA_STYLE_COLOUR ( '', #7915 ) ;
#1945 = EDGE_CURVE ( 'NONE', #1773, #1459, #5288, .T. ) ;
#1946 = DIRECTION ( 'NONE',  ( 0.0000000000000000000, 0.7071067811865444641, 0.7071067811865505703 ) ) ;
#1947 = ORIENTED_EDGE ( 'NONE', *, *, #4104, .T. ) ;
#1948 = DIRECTION ( 'NONE',  ( 0.0000000000000000000, 0.7071067811865444641, 0.7071067811865505703 ) ) ;
#1949 = DIRECTION ( 'NONE',  ( 0.0000000000000000000, -1.000000000000000000, 0.0000000000000000000 ) ) ;
#1950 = SURFACE_STYLE_FILL_AREA ( #4595 ) ;
#1951 = SURFACE_STYLE_USAGE ( .BOTH. , #1336 ) ;
#1952 = EDGE_CURVE ( 'NONE', #266, #88, #4701, .T. ) ;
#1953 = ORIENTED_EDGE ( 'NONE', *, *, #5757, .T. ) ;
#1954 = PLANE ( 'NONE',  #2327 ) ;
#1955 = LINE ( 'NONE', #7720, #545 ) ;
#1956 =( NAMED_UNIT ( * ) PLANE_ANGLE_UNIT ( ) SI_UNIT ( $, .RADIAN. ) );
#1957 = CARTESIAN_POINT ( 'NONE',  ( -0.3560974243474088197, 0.5073898897163993116, 0.01000000000000000021 ) ) ;
#1958 = ORIENTED_EDGE ( 'NONE', *, *, #4767, .F. ) ;
#1959 = LINE ( 'NONE', #1279, #6908 ) ;
#1960 = DIRECTION ( 'NONE',  ( -1.000000000000000000, 0.0000000000000000000, 0.0000000000000000000 ) ) ;
#1961 = EDGE_LOOP ( 'NONE', ( #263, #548, #2385, #1851 ) ) ;
#1962 = DIRECTION ( 'NONE',  ( 0.0000000000000000000, 0.0000000000000000000, -1.000000000000000000 ) ) ;
#1963 = PLANE ( 'NONE',  #2755 ) ;
#1964 = DIRECTION ( 'NONE',  ( -0.0000000000000000000, 0.0000000000000000000, 1.000000000000000000 ) ) ;
#1965 = ORIENTED_EDGE ( 'NONE', *, *, #4620, .T. ) ;
#1966 = UNCERTAINTY_MEASURE_WITH_UNIT (LENGTH_MEASURE( 1.000000000000000082E-05 ), #5029, 'distance_accuracy_value', 'NONE');
#1967 = EDGE_CURVE ( 'NONE', #3421, #4933, #876, .T. ) ;
#1968 = LINE ( 'NONE', #2590, #858 ) ;
#1969 = CARTESIAN_POINT ( 'NONE',  ( -0.3112765893882712409, 0.5935560238945400968, 0.0000000000000000000 ) ) ;
#1970 = CARTESIAN_POINT ( 'NONE',  ( 0.3347598229505520662, 0.4255177457217264592, 0.01000000000000000021 ) ) ;
#1971 = VECTOR ( 'NONE', #3150, 1000.000000000000000 ) ;
#1972 = DIRECTION ( 'NONE',  ( 0.0000000000000000000, 0.9486832980505145452, -0.3162277660168359428 ) ) ;
#1973 = ORIENTED_EDGE ( 'NONE', *, *, #1268, .F. ) ;
#1974 = DIRECTION ( 'NONE',  ( -0.0000000000000000000, -0.0000000000000000000, 1.000000000000000000 ) ) ;
#1975 = MECHANICAL_DESIGN_GEOMETRIC_PRESENTATION_REPRESENTATION (  '', ( #3307 ), #616 ) ;
#1976 = MECHANICAL_DESIGN_GEOMETRIC_PRESENTATION_REPRESENTATION (  '', ( #3464 ), #4336 ) ;
#1977 = CARTESIAN_POINT ( 'NONE',  ( -0.3382255690317737540, 0.5344068729637714288, 0.0000000000000000000 ) ) ;
#1978 = EDGE_CURVE ( 'NONE', #2217, #4835, #207, .T. ) ;
#1979 = DIRECTION ( 'NONE',  ( 0.3015113445777592993, 0.3015113445777592993, 0.9045340337332937741 ) ) ;
#1980 = SURFACE_STYLE_USAGE ( .BOTH. , #6831 ) ;
#1981 = LINE ( 'NONE', #4409, #6337 ) ;
#1982 = SURFACE_STYLE_USAGE ( .BOTH. , #1294 ) ;
#1983 =( NAMED_UNIT ( * ) SI_UNIT ( $, .STERADIAN. ) SOLID_ANGLE_UNIT ( ) );
#1984 = CARTESIAN_POINT ( 'NONE',  ( -0.2629043226538720912, 0.5989739915595246877, 0.0000000000000000000 ) ) ;
#1985 = CARTESIAN_POINT ( 'NONE',  ( -0.2943731810943861493, 0.5618422502610651570, 0.0000000000000000000 ) ) ;
#1986 = MECHANICAL_DESIGN_GEOMETRIC_PRESENTATION_REPRESENTATION (  '', ( #938 ), #4637 ) ;
#1987 = PRESENTATION_LAYER_ASSIGNMENT (  '', '', ( #231 ) ) ;
#1988 = CARTESIAN_POINT ( 'NONE',  ( -0.08561970123175441372, 0.5624360268489836390, 0.01000000000000000021 ) ) ;
#1989 = VECTOR ( 'NONE', #2289, 1000.000000000000000 ) ;
#1990 = ORIENTED_EDGE ( 'NONE', *, *, #4746, .F. ) ;
#1991 = CARTESIAN_POINT ( 'NONE',  ( -0.1993588882020307373, 0.2983034561731440215, 0.01000000000000000021 ) ) ;
#1992 = CARTESIAN_POINT ( 'NONE',  ( 0.2872831423759922842, 0.4928961995788250783, 0.0000000000000000000 ) ) ;
#1993 = PLANE ( 'NONE',  #977 ) ;
#1994 = SURFACE_STYLE_FILL_AREA ( #7865 ) ;
#1995 = CARTESIAN_POINT ( 'NONE',  ( 0.0000000000000000000, 0.0000000000000000000, 0.0000000000000000000 ) ) ;
#1996 = LINE ( 'NONE', #5777, #3945 ) ;
#1997 = EDGE_CURVE ( 'NONE', #4100, #834, #562, .T. ) ;
#1998 =( NAMED_UNIT ( * ) PLANE_ANGLE_UNIT ( ) SI_UNIT ( $, .RADIAN. ) );
#1999 = DIRECTION ( 'NONE',  ( 0.0000000000000000000, -0.0000000000000000000, -1.000000000000000000 ) ) ;
#2000 = ORIENTED_EDGE ( 'NONE', *, *, #3442, .T. ) ;
#2001 = DIRECTION ( 'NONE',  ( 0.0000000000000000000, -1.000000000000000000, -1.346834996876405774E-16 ) ) ;
#2002 = CARTESIAN_POINT ( 'NONE',  ( -0.7499999999999997780, -0.2999999999999997669, 4.699999999999997513 ) ) ;
#2003 = DIRECTION ( 'NONE',  ( -0.0000000000000000000, 0.0000000000000000000, 1.000000000000000000 ) ) ;
#2004 = DIRECTION ( 'NONE',  ( 0.0000000000000000000, 1.000000000000000000, 0.0000000000000000000 ) ) ;
#2005 = ADVANCED_FACE ( 'NONE', ( #3230 ), #7402, .F. ) ;
#2006 = VERTEX_POINT ( 'NONE', #6418 ) ;
#2007 = EDGE_CURVE ( 'NONE', #2688, #7825, #1598, .T. ) ;
#2008 = DIRECTION ( 'NONE',  ( 0.0000000000000000000, 0.0000000000000000000, -1.000000000000000000 ) ) ;
#2009 = PRESENTATION_STYLE_ASSIGNMENT (( #7097 ) ) ;
#2010 = CARTESIAN_POINT ( 'NONE',  ( 3.250000000000000444, -0.7999999999999997113, 4.699999999999997513 ) ) ;
#2011 = CARTESIAN_POINT ( 'NONE',  ( 4.450000000000001066, -0.6499999999999995781, 4.390000000000004121 ) ) ;
#2012 = CARTESIAN_POINT ( 'NONE',  ( -1.249999999999999778, -0.2999999999999997669, -3.099999999999996980 ) ) ;
#2013 = FACE_OUTER_BOUND ( 'NONE', #2692, .T. ) ;
#2014 = DIRECTION ( 'NONE',  ( 0.0000000000000000000, -1.000000000000000000, -1.346834996876405774E-16 ) ) ;
#2015 = ORIENTED_EDGE ( 'NONE', *, *, #3879, .F. ) ;
#2016 = STYLED_ITEM ( 'NONE', ( #5313 ), #665 ) ;
#2017 = PRESENTATION_STYLE_ASSIGNMENT (( #748 ) ) ;
#2018 = VERTEX_POINT ( 'NONE', #300 ) ;
#2019 = CARTESIAN_POINT ( 'NONE',  ( 0.1810004547018969345, 0.5623383968338322436, 0.01000000000000000021 ) ) ;
#2020 = FILL_AREA_STYLE ('',( #6471 ) ) ;
#2021 = VERTEX_POINT ( 'NONE', #5816 ) ;
#2022 = CYLINDRICAL_SURFACE ( 'NONE', #2686, 0.3899999999999997358 ) ;
#2023 = CARTESIAN_POINT ( 'NONE',  ( 0.4296051463292210881, 0.5112165146538617533, 0.0000000000000000000 ) ) ;
#2024 = STYLED_ITEM ( 'NONE', ( #566 ), #1657 ) ;
#2025 = ORIENTED_EDGE ( 'NONE', *, *, #4198, .F. ) ;
#2026 = DIRECTION ( 'NONE',  ( 0.0000000000000000000, 1.000000000000000000, -0.0000000000000000000 ) ) ;
#2027 = VERTEX_POINT ( 'NONE', #4937 ) ;
#2028 = DIRECTION ( 'NONE',  ( 1.000000000000000000, 0.0000000000000000000, 0.0000000000000000000 ) ) ;
#2029 = CARTESIAN_POINT ( 'NONE',  ( -2.000000000000000000, -1.749999999999999778, 2.000000000000000000 ) ) ;
#2030 = CARTESIAN_POINT ( 'NONE',  ( -0.1993588882020307373, 0.2983034561731440215, 0.0000000000000000000 ) ) ;
#2031 = CARTESIAN_POINT ( 'NONE',  ( 0.1809647394880342097, 0.5952589645115443640, 0.01000000000000000021 ) ) ;
#2032 = ORIENTED_EDGE ( 'NONE', *, *, #219, .F. ) ;
#2033 = DIRECTION ( 'NONE',  ( 0.0000000000000000000, -1.000000000000000000, 0.0000000000000000000 ) ) ;
#2034 = ORIENTED_EDGE ( 'NONE', *, *, #7830, .T. ) ;
#2035 = PRESENTATION_LAYER_ASSIGNMENT (  '', '', ( #6619 ) ) ;
#2036 = SURFACE_SIDE_STYLE ('',( #6440 ) ) ;
#2037 = ORIENTED_EDGE ( 'NONE', *, *, #2238, .T. ) ;
#2038 = EDGE_CURVE ( 'NONE', #466, #7609, #5587, .T. ) ;
#2039 = ORIENTED_EDGE ( 'NONE', *, *, #1138, .F. ) ;
#2040 = SURFACE_SIDE_STYLE ('',( #2429 ) ) ;
#2041 = ADVANCED_FACE ( 'NONE', ( #305 ), #5206, .F. ) ;
#2042 = PLANE ( 'NONE',  #2302 ) ;
#2043 = CARTESIAN_POINT ( 'NONE',  ( 4.700000000000000178, 2.000000000000000000, 0.0000000000000000000 ) ) ;
#2044 =( NAMED_UNIT ( * ) PLANE_ANGLE_UNIT ( ) SI_UNIT ( $, .RADIAN. ) );
#2045 = FACE_OUTER_BOUND ( 'NONE', #6382, .T. ) ;
#2046 = PRESENTATION_LAYER_ASSIGNMENT (  '', '', ( #5549 ) ) ;
#2047 = ORIENTED_EDGE ( 'NONE', *, *, #3918, .T. ) ;
#2048 =( NAMED_UNIT ( * ) PLANE_ANGLE_UNIT ( ) SI_UNIT ( $, .RADIAN. ) );
#2049 = CIRCLE ( 'NONE', #3422, 0.2500000000000000000 ) ;
#2050 = VERTEX_POINT ( 'NONE', #4607 ) ;
#2051 = CARTESIAN_POINT ( 'NONE',  ( 0.4844831951097088862, 0.3529848073367885530, 0.01000000000000000021 ) ) ;
#2052 = CARTESIAN_POINT ( 'NONE',  ( -0.1844001890366325780, 0.0000000000000000000, 0.01000000000000000021 ) ) ;
#2053 = EDGE_CURVE ( 'NONE', #403, #6492, #2649, .T. ) ;
#2054 = CARTESIAN_POINT ( 'NONE',  ( 0.8500000000000005329, -0.6999999999999994005, -3.399999999999999911 ) ) ;
#2055 = LINE ( 'NONE', #1798, #471 ) ;
#2056 = VECTOR ( 'NONE', #6310, 1000.000000000000000 ) ;
#2057 = DIRECTION ( 'NONE',  ( 0.0000000000000000000, 1.000000000000000000, 0.0000000000000000000 ) ) ;
#2058 = PRESENTATION_STYLE_ASSIGNMENT (( #6385 ) ) ;
#2059 = CARTESIAN_POINT ( 'NONE',  ( -0.3835471781133089619, 0.3589430818198857120, 0.0000000000000000000 ) ) ;
#2060 = ORIENTED_EDGE ( 'NONE', *, *, #1683, .F. ) ;
#2061 =( NAMED_UNIT ( * ) PLANE_ANGLE_UNIT ( ) SI_UNIT ( $, .RADIAN. ) );
#2062 = DIRECTION ( 'NONE',  ( 0.3015113445777618528, -0.3015113445777618528, 0.9045340337332921088 ) ) ;
#2063 = CARTESIAN_POINT ( 'NONE',  ( -0.08561970123175441372, 0.5624360268489836390, 0.0000000000000000000 ) ) ;
#2064 = AXIS2_PLACEMENT_3D ( 'NONE', #6726, #4175, #1692 ) ;
#2065 = CARTESIAN_POINT ( 'NONE',  ( 0.7500000000000002220, -0.2999999999999997669, 5.000000000000000888 ) ) ;
#2066 = VECTOR ( 'NONE', #5860, 1000.000000000000000 ) ;
#2067 = UNCERTAINTY_MEASURE_WITH_UNIT (LENGTH_MEASURE( 1.000000000000000082E-05 ), #1867, 'distance_accuracy_value', 'NONE');
#2068 = SURFACE_SIDE_STYLE ('',( #2779 ) ) ;
#2069 =( NAMED_UNIT ( * ) SI_UNIT ( $, .STERADIAN. ) SOLID_ANGLE_UNIT ( ) );
#2070 = PLANE ( 'NONE',  #3760 ) ;
#2071 = LINE ( 'NONE', #690, #6928 ) ;
#2072 = AXIS2_PLACEMENT_3D ( 'NONE', #5689, #1972, #6307 ) ;
#2073 = VERTEX_POINT ( 'NONE', #4633 ) ;
#2074 = STYLED_ITEM ( 'NONE', ( #4761 ), #7004 ) ;
#2075 = EDGE_CURVE ( 'NONE', #5542, #1624, #3044, .T. ) ;
#2076 = CARTESIAN_POINT ( 'NONE',  ( 0.2931418193936758398, 0.4690971224411309981, 0.009999999999999995004 ) ) ;
#2077 = PRESENTATION_STYLE_ASSIGNMENT (( #1128 ) ) ;
#2078 = DIRECTION ( 'NONE',  ( 0.0000000000000000000, 0.0000000000000000000, -1.000000000000000000 ) ) ;
#2079 = FILL_AREA_STYLE_COLOUR ( '', #2224 ) ;
#2080 = CARTESIAN_POINT ( 'NONE',  ( -0.3535472791448638352, 0.3250989947391757506, 0.0000000000000000000 ) ) ;
#2081 = DIRECTION ( 'NONE',  ( 0.0000000000000000000, 0.0000000000000000000, 1.000000000000000000 ) ) ;
#2082 = PRESENTATION_LAYER_ASSIGNMENT (  '', '', ( #7616 ) ) ;
#2083 = LINE ( 'NONE', #3362, #1897 ) ;
#2084 = EDGE_CURVE ( 'NONE', #2092, #17, #2558, .T. ) ;
#2085 = PLANE ( 'NONE',  #2573 ) ;
#2086 = CARTESIAN_POINT ( 'NONE',  ( 0.4870641876201700082, 0.3437572555705013522, 0.0000000000000000000 ) ) ;
#2087 = LINE ( 'NONE', #2585, #324 ) ;
#2088 = EDGE_CURVE ( 'NONE', #7721, #7750, #7580, .T. ) ;
#2089 = SURFACE_STYLE_FILL_AREA ( #4914 ) ;
#2090 = CARTESIAN_POINT ( 'NONE',  ( 0.2357500332999890591, 0.3392939505753960194, 0.009999999999999991535 ) ) ;
#2091 = CARTESIAN_POINT ( 'NONE',  ( -0.2546555244024862330, 0.3246311488002033285, 0.0000000000000000000 ) ) ;
#2092 = VERTEX_POINT ( 'NONE', #962 ) ;
#2093 =( LENGTH_UNIT ( ) NAMED_UNIT ( * ) SI_UNIT ( .MILLI., .METRE. ) );
#2094 = CARTESIAN_POINT ( 'NONE',  ( 0.2931418193936758398, 0.4690971224411309981, 0.0000000000000000000 ) ) ;
#2095 = VECTOR ( 'NONE', #4061, 1000.000000000000000 ) ;
#2096 = DIRECTION ( 'NONE',  ( -0.0000000000000000000, 0.0000000000000000000, 1.000000000000000000 ) ) ;
#2097 = CARTESIAN_POINT ( 'NONE',  ( 0.1781379207194651593, 0.3282896853855690189, 0.0000000000000000000 ) ) ;
#2098 = EDGE_CURVE ( 'NONE', #7222, #3351, #3234, .T. ) ;
#2099 = FACE_OUTER_BOUND ( 'NONE', #719, .T. ) ;
#2100 = CARTESIAN_POINT ( 'NONE',  ( 0.4844831951097088862, 0.3529848073367885530, 0.0000000000000000000 ) ) ;
#2101 = CARTESIAN_POINT ( 'NONE',  ( 0.2828645061514497017, 0.5036114564615890021, 0.0000000000000000000 ) ) ;
#2102 = EDGE_LOOP ( 'NONE', ( #1306, #6879, #4185, #5258 ) ) ;
#2103 = ORIENTED_EDGE ( 'NONE', *, *, #6409, .F. ) ;
#2104 = PLANE ( 'NONE',  #6874 ) ;
#2105 = LINE ( 'NONE', #6932, #3457 ) ;
#2106 = CARTESIAN_POINT ( 'NONE',  ( -4.699999999999998401, -2.250000000000000000, 0.0000000000000000000 ) ) ;
#2107 = EDGE_CURVE ( 'NONE', #7132, #6882, #7406, .T. ) ;
#2108 =( NAMED_UNIT ( * ) PLANE_ANGLE_UNIT ( ) SI_UNIT ( $, .RADIAN. ) );
#2109 = VERTEX_POINT ( 'NONE', #6012 ) ;
#2110 = COLOUR_RGB ( '',0.9686274509803921573, 0.8784313725490195957, 0.5999999999999999778 ) ;
#2111 = VERTEX_POINT ( 'NONE', #7734 ) ;
#2112 = FILL_AREA_STYLE_COLOUR ( '', #3825 ) ;
#2113 = STYLED_ITEM ( 'NONE', ( #2456 ), #612 ) ;
#2114 = ORIENTED_EDGE ( 'NONE', *, *, #2398, .F. ) ;
#2115 = STYLED_ITEM ( 'NONE', ( #3812 ), #6006 ) ;
#2116 = CARTESIAN_POINT ( 'NONE',  ( 0.2704507066759312961, 0.3643733834722849840, 0.0000000000000000000 ) ) ;
#2117 = VECTOR ( 'NONE', #5771, 1000.000000000000114 ) ;
#2118 = LINE ( 'NONE', #7797, #5153 ) ;
#2119 = EDGE_LOOP ( 'NONE', ( #3381, #4210, #6168, #2818 ) ) ;
#2120 = ORIENTED_EDGE ( 'NONE', *, *, #7464, .F. ) ;
#2121 = UNCERTAINTY_MEASURE_WITH_UNIT (LENGTH_MEASURE( 1.000000000000000082E-05 ), #6642, 'distance_accuracy_value', 'NONE');
#2122 = CARTESIAN_POINT ( 'NONE',  ( 0.3291400619987174259, 0.4899467256115611624, 0.0000000000000000000 ) ) ;
#2123 = CARTESIAN_POINT ( 'NONE',  ( -0.5465953109878519678, 0.2953628561172763622, 0.0000000000000000000 ) ) ;
#2124 = UNCERTAINTY_MEASURE_WITH_UNIT (LENGTH_MEASURE( 1.000000000000000082E-05 ), #2670, 'distance_accuracy_value', 'NONE');
#2125 = CARTESIAN_POINT ( 'NONE',  ( 0.2710904097872501306, 0.5226598911155048155, 0.0000000000000000000 ) ) ;
#2126 = VECTOR ( 'NONE', #5544, 1000.000000000000000 ) ;
#2127 = VERTEX_POINT ( 'NONE', #6499 ) ;
#2128 = AXIS2_PLACEMENT_3D ( 'NONE', #7614, #7586, #7565 ) ;
#2129 = ADVANCED_FACE ( 'NONE', ( #2858 ), #4154, .T. ) ;
#2130 = MECHANICAL_DESIGN_GEOMETRIC_PRESENTATION_REPRESENTATION (  '', ( #3220 ), #2808 ) ;
#2131 = PLANE ( 'NONE',  #3066 ) ;
#2132 = ORIENTED_EDGE ( 'NONE', *, *, #652, .T. ) ;
#2133 = CARTESIAN_POINT ( 'NONE',  ( 0.09364859145117249151, 0.0000000000000000000, 0.01000000000000000021 ) ) ;
#2134 = FILL_AREA_STYLE_COLOUR ( '', #6629 ) ;
#2135 = FACE_OUTER_BOUND ( 'NONE', #4971, .T. ) ;
#2136 = ORIENTED_EDGE ( 'NONE', *, *, #3176, .F. ) ;
#2137 = FILL_AREA_STYLE ('',( #5255 ) ) ;
#2138 =( NAMED_UNIT ( * ) SI_UNIT ( $, .STERADIAN. ) SOLID_ANGLE_UNIT ( ) );
#2139 = SURFACE_SIDE_STYLE ('',( #4031 ) ) ;
#2140 = LINE ( 'NONE', #7772, #5076 ) ;
#2141 = UNCERTAINTY_MEASURE_WITH_UNIT (LENGTH_MEASURE( 1.000000000000000082E-05 ), #3947, 'distance_accuracy_value', 'NONE');
#2142 = EDGE_LOOP ( 'NONE', ( #4795, #7438, #7316, #7262 ) ) ;
#2143 = EDGE_CURVE ( 'NONE', #7883, #6685, #7020, .T. ) ;
#2144 = ORIENTED_EDGE ( 'NONE', *, *, #4508, .F. ) ;
#2145 = FILL_AREA_STYLE_COLOUR ( '', #7515 ) ;
#2146 = CARTESIAN_POINT ( 'NONE',  ( -0.3982969347728302911, 0.5112545729210909995, 0.0000000000000000000 ) ) ;
#2147 = CARTESIAN_POINT ( 'NONE',  ( -0.4331806768415105147, 0.5624360268489836390, 0.0000000000000000000 ) ) ;
#2148 = SURFACE_SIDE_STYLE ('',( #3146 ) ) ;
#2149 = VECTOR ( 'NONE', #3292, 1000.000000000000000 ) ;
#2150 =( LENGTH_UNIT ( ) NAMED_UNIT ( * ) SI_UNIT ( .MILLI., .METRE. ) );
#2151 = CARTESIAN_POINT ( 'NONE',  ( 0.2464694102880405080, 0.5448476272650361052, 0.0000000000000000000 ) ) ;
#2152 = ORIENTED_EDGE ( 'NONE', *, *, #3790, .F. ) ;
#2153 = EDGE_CURVE ( 'NONE', #3732, #7073, #496, .T. ) ;
#2154 = CARTESIAN_POINT ( 'NONE',  ( 3.250000000000000444, -0.7999999999999997113, 0.0000000000000000000 ) ) ;
#2155 = CARTESIAN_POINT ( 'NONE',  ( 0.5535380731584893521, 0.5112165146538617533, 0.0000000000000000000 ) ) ;
#2156 = DIRECTION ( 'NONE',  ( 0.0000000000000000000, 0.0000000000000000000, -1.000000000000000000 ) ) ;
#2157 = CARTESIAN_POINT ( 'NONE',  ( -0.2298988183269511376, 0.5635423628135854957, 0.01000000000000000021 ) ) ;
#2158 = ADVANCED_FACE ( 'NONE', ( #3427 ), #3612, .T. ) ;
#2159 = LINE ( 'NONE', #4931, #7859 ) ;
#2160 = FACE_OUTER_BOUND ( 'NONE', #2979, .T. ) ;
#2161 = DIRECTION ( 'NONE',  ( 4.956352788505164254E-16, -1.000000000000000000, 0.0000000000000000000 ) ) ;
#2162 = DIRECTION ( 'NONE',  ( 1.000000000000000000, 0.0000000000000000000, -0.0000000000000000000 ) ) ;
#2163 = AXIS2_PLACEMENT_3D ( 'NONE', #5099, #2572, #234 ) ;
#2164 = ADVANCED_FACE ( 'NONE', ( #7770 ), #7763, .T. ) ;
#2165 = CARTESIAN_POINT ( 'NONE',  ( -0.3862403492984643472, 0.5365941101836531058, 0.01000000000000000021 ) ) ;
#2166 = ORIENTED_EDGE ( 'NONE', *, *, #540, .T. ) ;
#2167 = CARTESIAN_POINT ( 'NONE',  ( 0.2947699911576864285, 0.4378511254661794361, 0.009999999999999991535 ) ) ;
#2168 =( NAMED_UNIT ( * ) SI_UNIT ( $, .STERADIAN. ) SOLID_ANGLE_UNIT ( ) );
#2169 =( NAMED_UNIT ( * ) PLANE_ANGLE_UNIT ( ) SI_UNIT ( $, .RADIAN. ) );
#2170 = AXIS2_PLACEMENT_3D ( 'NONE', #2601, #2547, #5765 ) ;
#2171 = VECTOR ( 'NONE', #4309, 1000.000000000000000 ) ;
#2172 = VERTEX_POINT ( 'NONE', #4394 ) ;
#2173 = SURFACE_STYLE_FILL_AREA ( #5253 ) ;
#2174 = SURFACE_SIDE_STYLE ('',( #1079 ) ) ;
#2175 = LINE ( 'NONE', #1090, #5321 ) ;
#2176 = STYLED_ITEM ( 'NONE', ( #7845 ), #3057 ) ;
#2177 = ORIENTED_EDGE ( 'NONE', *, *, #5857, .F. ) ;
#2178 = VECTOR ( 'NONE', #1960, 1000.000000000000000 ) ;
#2179 = AXIS2_PLACEMENT_3D ( 'NONE', #7206, #428, #4722 ) ;
#2180 = CARTESIAN_POINT ( 'NONE',  ( 0.4883021870966009481, 0.3381300993562126322, 0.01000000000000000021 ) ) ;
#2181 =( LENGTH_UNIT ( ) NAMED_UNIT ( * ) SI_UNIT ( .MILLI., .METRE. ) );
#2182 =( LENGTH_UNIT ( ) NAMED_UNIT ( * ) SI_UNIT ( .MILLI., .METRE. ) );
#2183 = CARTESIAN_POINT ( 'NONE',  ( 0.0000000000000000000, 0.0000000000000000000, 0.01000000000000000021 ) ) ;
#2184 = FACE_OUTER_BOUND ( 'NONE', #2306, .T. ) ;
#2185 = ORIENTED_EDGE ( 'NONE', *, *, #595, .F. ) ;
#2186 = MECHANICAL_DESIGN_GEOMETRIC_PRESENTATION_REPRESENTATION (  '', ( #302 ), #5955 ) ;
#2187 = COLOUR_RGB ( '',0.9686274509803921573, 0.8784313725490195957, 0.5999999999999999778 ) ;
#2188 =( NAMED_UNIT ( * ) SI_UNIT ( $, .STERADIAN. ) SOLID_ANGLE_UNIT ( ) );
#2189 = CARTESIAN_POINT ( 'NONE',  ( 4.950000000000000178, -0.6499999999999995781, 4.390000000000003233 ) ) ;
#2190 = CARTESIAN_POINT ( 'NONE',  ( 0.2947645973002682163, 0.4470622390335093344, 0.01000000000000000021 ) ) ;
#2191 = CARTESIAN_POINT ( 'NONE',  ( -0.7499999999999997780, -0.7999999999999997113, 5.000000000000000888 ) ) ;
#2192 = DIRECTION ( 'NONE',  ( -0.0000000000000000000, 0.0000000000000000000, 1.000000000000000000 ) ) ;
#2193 = EDGE_LOOP ( 'NONE', ( #135, #4111, #3766, #2286, #4967 ) ) ;
#2194 = EDGE_CURVE ( 'NONE', #1924, #2727, #1698, .T. ) ;
#2195 = LINE ( 'NONE', #5613, #5045 ) ;
#2196 = VECTOR ( 'NONE', #7871, 1000.000000000000114 ) ;
#2197 = ORIENTED_EDGE ( 'NONE', *, *, #2509, .T. ) ;
#2198 =( NAMED_UNIT ( * ) SI_UNIT ( $, .STERADIAN. ) SOLID_ANGLE_UNIT ( ) );
#2199 = SURFACE_STYLE_USAGE ( .BOTH. , #7180 ) ;
#2200 = ADVANCED_FACE ( 'NONE', ( #6935 ), #3891, .F. ) ;
#2201 = ORIENTED_EDGE ( 'NONE', *, *, #5857, .T. ) ;
#2202 = AXIS2_PLACEMENT_3D ( 'NONE', #5062, #784, #4513 ) ;
#2203 =( NAMED_UNIT ( * ) PLANE_ANGLE_UNIT ( ) SI_UNIT ( $, .RADIAN. ) );
#2204 = ORIENTED_EDGE ( 'NONE', *, *, #3596, .T. ) ;
#2205 = CARTESIAN_POINT ( 'NONE',  ( -1.249999999999999778, -0.2999999999999997669, 0.0000000000000000000 ) ) ;
#2206 = FILL_AREA_STYLE_COLOUR ( '', #655 ) ;
#2207 = CARTESIAN_POINT ( 'NONE',  ( -0.1258636036707787842, 0.5953628561172763511, 0.0000000000000000000 ) ) ;
#2208 = EDGE_LOOP ( 'NONE', ( #2280, #6524, #7279, #7555 ) ) ;
#2209 = CARTESIAN_POINT ( 'NONE',  ( -0.2999442839804061789, 0.3328631228833017763, 0.0000000000000000000 ) ) ;
#2210 = SURFACE_STYLE_USAGE ( .BOTH. , #1559 ) ;
#2211 = COLOUR_RGB ( '',1.000000000000000000, 1.000000000000000000, 1.000000000000000000 ) ;
#2212 =( GEOMETRIC_REPRESENTATION_CONTEXT ( 3 ) GLOBAL_UNCERTAINTY_ASSIGNED_CONTEXT ( ( #5948 ) ) GLOBAL_UNIT_ASSIGNED_CONTEXT ( ( #1319, #5675, #3805 ) ) REPRESENTATION_CONTEXT ( 'NONE', 'WORKASPACE' ) );
#2213 = ORIENTED_EDGE ( 'NONE', *, *, #1193, .F. ) ;
#2214 = UNCERTAINTY_MEASURE_WITH_UNIT (LENGTH_MEASURE( 1.000000000000000082E-05 ), #5731, 'distance_accuracy_value', 'NONE');
#2215 = STYLED_ITEM ( 'NONE', ( #3476 ), #6778 ) ;
#2216 = CARTESIAN_POINT ( 'NONE',  ( 3.003586417958283405, -1.749999999999999778, 3.912701290971654089 ) ) ;
#2217 = VERTEX_POINT ( 'NONE', #320 ) ;
#2218 = DIRECTION ( 'NONE',  ( -0.0000000000000000000, 0.0000000000000000000, 1.000000000000000000 ) ) ;
#2219 = CARTESIAN_POINT ( 'NONE',  ( -4.450000000000001066, 1.749999999999999778, 1.000000000000000000 ) ) ;
#2220 = EDGE_CURVE ( 'NONE', #6481, #1574, #6158, .T. ) ;
#2221 = VECTOR ( 'NONE', #3651, 1000.000000000000000 ) ;
#2222 = ORIENTED_EDGE ( 'NONE', *, *, #6472, .F. ) ;
#2223 = DIRECTION ( 'NONE',  ( 0.0000000000000000000, -0.0000000000000000000, 1.000000000000000000 ) ) ;
#2224 = COLOUR_RGB ( '',0.9686274509803921573, 0.8784313725490195957, 0.5999999999999999778 ) ;
#2225 = VERTEX_POINT ( 'NONE', #848 ) ;
#2226 =( GEOMETRIC_REPRESENTATION_CONTEXT ( 3 ) GLOBAL_UNCERTAINTY_ASSIGNED_CONTEXT ( ( #1216 ) ) GLOBAL_UNIT_ASSIGNED_CONTEXT ( ( #1667, #7937, #6001 ) ) REPRESENTATION_CONTEXT ( 'NONE', 'WORKASPACE' ) );
#2227 = CARTESIAN_POINT ( 'NONE',  ( 0.2555195296654684256, 0.5384101197923285564, 0.0000000000000000000 ) ) ;
#2228 = CARTESIAN_POINT ( 'NONE',  ( 1.204545454545455918, -0.3454545454545439043, 4.836363636363632423 ) ) ;
#2229 = CARTESIAN_POINT ( 'NONE',  ( 0.2104750186720435179, 0.2975559163947156249, 0.01000000000000000021 ) ) ;
#2230 = STYLED_ITEM ( 'NONE', ( #6976 ), #4267 ) ;
#2231 = ORIENTED_EDGE ( 'NONE', *, *, #219, .T. ) ;
#2232 = CARTESIAN_POINT ( 'NONE',  ( 0.5535380731584893521, 0.5112165146538617533, 0.0000000000000000000 ) ) ;
#2233 = B_SPLINE_CURVE_WITH_KNOTS ( 'NONE', 3,
 ( #6204, #6155, #2246, #6799, #2410, #4130, #611, #4972, #3015, #7213, #1869, #644, #4329, #4941, #3647, #3508, #11, #1254, #3739 ),
 .UNSPECIFIED., .F., .F.,
 ( 4, 1, 1, 1, 1, 1, 1, 1, 1, 1, 1, 1, 1, 1, 1, 1, 4 ),
 ( 0.0000000000000000000, 0.07063773301117863557, 0.1382450011702477943, 0.2033468934001622930, 0.2662317646429687712, 0.3281106245739837113, 0.3887373469517427793, 0.4496058064250174624, 0.5110380842449879779, 0.5720950616662168198, 0.6318835811693597204, 0.6911433818761028025, 0.7503811812088846400, 0.8100489962335836180, 0.8713733501460633191, 0.9344326971469832932, 1.000000000000000000 ),
 .UNSPECIFIED. ) ;
#2234 = VERTEX_POINT ( 'NONE', #3223 ) ;
#2235 = CARTESIAN_POINT ( 'NONE',  ( 0.4892850243780015873, 0.3319482219709348758, 0.01000000000000000021 ) ) ;
#2236 = DIRECTION ( 'NONE',  ( 0.0000000000000000000, -1.000000000000000000, 0.0000000000000000000 ) ) ;
#2237 = CARTESIAN_POINT ( 'NONE',  ( 0.4397232865731235396, 0.4782896853855690411, 0.0000000000000000000 ) ) ;
#2238 = EDGE_CURVE ( 'NONE', #115, #6391, #1057, .T. ) ;
#2239 =( NAMED_UNIT ( * ) SI_UNIT ( $, .STERADIAN. ) SOLID_ANGLE_UNIT ( ) );
#2240 = VERTEX_POINT ( 'NONE', #922 ) ;
#2241 = ADVANCED_FACE ( 'NONE', ( #2641 ), #5229, .F. ) ;
#2242 = EDGE_CURVE ( 'NONE', #4361, #2225, #3911, .T. ) ;
#2243 = CARTESIAN_POINT ( 'NONE',  ( 4.052040639368927444, -2.250000000000000000, 2.116552042568997649 ) ) ;
#2244 = CARTESIAN_POINT ( 'NONE',  ( -3.186363636363635621, -0.3636363636363640350, -3.290909090909091450 ) ) ;
#2245 = VECTOR ( 'NONE', #2971, 1000.000000000000000 ) ;
#2246 = CARTESIAN_POINT ( 'NONE',  ( -0.4071829540533155600, 0.4337631096963394661, 0.01000000000000000021 ) ) ;
#2247 = VECTOR ( 'NONE', #1964, 1000.000000000000000 ) ;
#2248 = EDGE_CURVE ( 'NONE', #6796, #7268, #4514, .T. ) ;
#2249 = CARTESIAN_POINT ( 'NONE',  ( 0.4704778597438551979, 0.2953628561172763622, 0.0000000000000000000 ) ) ;
#2250 = EDGE_LOOP ( 'NONE', ( #2948, #3453, #5043, #4905 ) ) ;
#2251 = CARTESIAN_POINT ( 'NONE',  ( 0.1946275452200013634, 0.2957266645462814925, 0.0000000000000000000 ) ) ;
#2252 = DIRECTION ( 'NONE',  ( -1.000000000000000000, 0.0000000000000000000, 0.0000000000000000000 ) ) ;
#2253 = CARTESIAN_POINT ( 'NONE',  ( 0.1781379207194651870, 0.3282896853855690744, 0.0000000000000000000 ) ) ;
#2254 =( NAMED_UNIT ( * ) PLANE_ANGLE_UNIT ( ) SI_UNIT ( $, .RADIAN. ) );
#2255 = VECTOR ( 'NONE', #4744, 1000.000000000000000 ) ;
#2256 = PRESENTATION_LAYER_ASSIGNMENT (  '', '', ( #3676 ) ) ;
#2257 = CARTESIAN_POINT ( 'NONE',  ( 0.4870641876201700082, 0.3437572555705013522, 0.01000000000000000021 ) ) ;
#2258 = DIRECTION ( 'NONE',  ( 0.0000000000000000000, 1.000000000000000000, -1.301042606982605321E-15 ) ) ;
#2259 = ORIENTED_EDGE ( 'NONE', *, *, #4039, .F. ) ;
#2260 = MECHANICAL_DESIGN_GEOMETRIC_PRESENTATION_REPRESENTATION (  '', ( #7799 ), #6851 ) ;
#2261 = DIRECTION ( 'NONE',  ( -0.0000000000000000000, 0.0000000000000000000, 1.000000000000000000 ) ) ;
#2262 = FILL_AREA_STYLE ('',( #5957 ) ) ;
#2263 = FACE_OUTER_BOUND ( 'NONE', #5161, .T. ) ;
#2264 = STYLED_ITEM ( 'NONE', ( #782 ), #2129 ) ;
#2265 = MECHANICAL_DESIGN_GEOMETRIC_PRESENTATION_REPRESENTATION (  '', ( #3696 ), #1518 ) ;
#2266 = LINE ( 'NONE', #309, #505 ) ;
#2267 = FACE_OUTER_BOUND ( 'NONE', #1634, .T. ) ;
#2268 = DIRECTION ( 'NONE',  ( 0.0000000000000000000, 1.000000000000000000, -0.0000000000000000000 ) ) ;
#2269 = ORIENTED_EDGE ( 'NONE', *, *, #1193, .T. ) ;
#2270 = LINE ( 'NONE', #1592, #1812 ) ;
#2271 = CARTESIAN_POINT ( 'NONE',  ( -1.204545454545455474, -0.3454545454545439043, 4.836363636363632423 ) ) ;
#2272 = ADVANCED_FACE ( 'NONE', ( #773 ), #7044, .T. ) ;
#2273 = CARTESIAN_POINT ( 'NONE',  ( 0.3349928391359379143, 0.4361516822849306751, 0.0000000000000000000 ) ) ;
#2274 = FILL_AREA_STYLE_COLOUR ( '', #6876 ) ;
#2275 = VECTOR ( 'NONE', #4234, 999.9999999999998863 ) ;
#2276 = MECHANICAL_DESIGN_GEOMETRIC_PRESENTATION_REPRESENTATION (  '', ( #3537 ), #232 ) ;
#2277 = SURFACE_STYLE_FILL_AREA ( #6424 ) ;
#2278 = SURFACE_STYLE_USAGE ( .BOTH. , #6594 ) ;
#2279 =( NAMED_UNIT ( * ) SI_UNIT ( $, .STERADIAN. ) SOLID_ANGLE_UNIT ( ) );
#2280 = ORIENTED_EDGE ( 'NONE', *, *, #114, .T. ) ;
#2281 = DIRECTION ( 'NONE',  ( -0.0000000000000000000, 0.0000000000000000000, 1.000000000000000000 ) ) ;
#2282 = CARTESIAN_POINT ( 'NONE',  ( -0.3634177866423368153, 0.4858426002719485881, 0.0000000000000000000 ) ) ;
#2283 = DIRECTION ( 'NONE',  ( 0.0000000000000000000, -1.000000000000000000, 0.0000000000000000000 ) ) ;
#2284 = EDGE_CURVE ( 'NONE', #4860, #6451, #6450, .T. ) ;
#2285 = SURFACE_STYLE_FILL_AREA ( #6803 ) ;
#2286 = ORIENTED_EDGE ( 'NONE', *, *, #1597, .F. ) ;
#2287 = AXIS2_PLACEMENT_3D ( 'NONE', #6211, #6316, #1335 ) ;
#2288 = CARTESIAN_POINT ( 'NONE',  ( -0.1844001890366325780, 0.3035945634343496513, 0.0000000000000000000 ) ) ;
#2289 = DIRECTION ( 'NONE',  ( 1.000000000000000000, -0.0000000000000000000, -0.0000000000000000000 ) ) ;
#2290 = PRESENTATION_STYLE_ASSIGNMENT (( #2199 ) ) ;
#2291 = PLANE ( 'NONE',  #2179 ) ;
#2292 = SURFACE_STYLE_FILL_AREA ( #1018 ) ;
#2293 = ORIENTED_EDGE ( 'NONE', *, *, #7529, .T. ) ;
#2294 = EDGE_CURVE ( 'NONE', #672, #6676, #6735, .T. ) ;
#2295 = EDGE_LOOP ( 'NONE', ( #2700, #2723, #3989, #6886 ) ) ;
#2296 = VECTOR ( 'NONE', #2646, 1000.000000000000000 ) ;
#2297 = VECTOR ( 'NONE', #5647, 1000.000000000000000 ) ;
#2298 = ORIENTED_EDGE ( 'NONE', *, *, #4155, .F. ) ;
#2299 = CARTESIAN_POINT ( 'NONE',  ( -4.000000000000000000, -0.7999999999999997113, 0.0000000000000000000 ) ) ;
#2300 = CARTESIAN_POINT ( 'NONE',  ( 0.3179498358955349935, 0.3685061639349014873, 0.0000000000000000000 ) ) ;
#2301 = EDGE_LOOP ( 'NONE', ( #3168, #3662, #727, #4817 ) ) ;
#2302 = AXIS2_PLACEMENT_3D ( 'NONE', #805, #6339, #2604 ) ;
#2303 = CARTESIAN_POINT ( 'NONE',  ( -4.450000000000000178, -0.2399999999999994083, 4.389999999999999680 ) ) ;
#2304 = DIRECTION ( 'NONE',  ( 1.000000000000000000, 0.0000000000000000000, 0.0000000000000000000 ) ) ;
#2305 = LINE ( 'NONE', #3103, #6412 ) ;
#2306 = EDGE_LOOP ( 'NONE', ( #7793, #1664, #1005, #4092 ) ) ;
#2307 = PLANE ( 'NONE',  #3528 ) ;
#2308 = CARTESIAN_POINT ( 'NONE',  ( -4.950000000000000178, -0.2599999999999995093, 4.389999999999999680 ) ) ;
#2309 = VECTOR ( 'NONE', #1414, 1000.000000000000000 ) ;
#2310 = ORIENTED_EDGE ( 'NONE', *, *, #7326, .T. ) ;
#2311 = STYLED_ITEM ( 'NONE', ( #4888 ), #1769 ) ;
#2312 = ADVANCED_FACE ( 'NONE', ( #7669 ), #4766, .F. ) ;
#2313 = LINE ( 'NONE', #5279, #6702 ) ;
#2314 = EDGE_LOOP ( 'NONE', ( #1439, #4385, #7731, #4556 ) ) ;
#2315 = AXIS2_PLACEMENT_3D ( 'NONE', #5566, #3069, #3708 ) ;
#2316 = VECTOR ( 'NONE', #2474, 1000.000000000000000 ) ;
#2317 = UNCERTAINTY_MEASURE_WITH_UNIT (LENGTH_MEASURE( 1.000000000000000082E-05 ), #2093, 'distance_accuracy_value', 'NONE');
#2318 =( LENGTH_UNIT ( ) NAMED_UNIT ( * ) SI_UNIT ( .MILLI., .METRE. ) );
#2319 = ORIENTED_EDGE ( 'NONE', *, *, #4549, .T. ) ;
#2320 = SURFACE_STYLE_USAGE ( .BOTH. , #7870 ) ;
#2321 = FACE_OUTER_BOUND ( 'NONE', #2430, .T. ) ;
#2322 = VERTEX_POINT ( 'NONE', #3431 ) ;
#2323 = SURFACE_STYLE_FILL_AREA ( #7543 ) ;
#2324 =( GEOMETRIC_REPRESENTATION_CONTEXT ( 3 ) GLOBAL_UNCERTAINTY_ASSIGNED_CONTEXT ( ( #7466 ) ) GLOBAL_UNIT_ASSIGNED_CONTEXT ( ( #7919, #576, #4876 ) ) REPRESENTATION_CONTEXT ( 'NONE', 'WORKASPACE' ) );
#2325 = ORIENTED_EDGE ( 'NONE', *, *, #1107, .F. ) ;
#2326 = CARTESIAN_POINT ( 'NONE',  ( -0.3982969347728302911, 0.5112545729210909995, 0.01000000000000000021 ) ) ;
#2327 = AXIS2_PLACEMENT_3D ( 'NONE', #6346, #3163, #4435 ) ;
#2328 = FACE_OUTER_BOUND ( 'NONE', #1730, .T. ) ;
#2329 = EDGE_CURVE ( 'NONE', #2322, #2422, #6349, .T. ) ;
#2330 = VECTOR ( 'NONE', #1155, 1000.000000000000000 ) ;
#2331 =( NAMED_UNIT ( * ) SI_UNIT ( $, .STERADIAN. ) SOLID_ANGLE_UNIT ( ) );
#2332 = PRESENTATION_STYLE_ASSIGNMENT (( #3821 ) ) ;
#2333 = EDGE_LOOP ( 'NONE', ( #4393, #558, #5742, #4926, #6040, #3695, #4498, #1340, #1737, #6201, #5637, #5494 ) ) ;
#2334 = CARTESIAN_POINT ( 'NONE',  ( -4.650000000000003020, 1.749999999999999778, 6.000000000000000000 ) ) ;
#2335 = CARTESIAN_POINT ( 'NONE',  ( -4.950000000000000178, 2.000000000000000000, 0.0000000000000000000 ) ) ;
#2336 = CARTESIAN_POINT ( 'NONE',  ( -0.3672436914298968236, 0.4529504472396573278, 0.01000000000000000021 ) ) ;
#2337 = EDGE_CURVE ( 'NONE', #7750, #7803, #3326, .T. ) ;
#2338 = ORIENTED_EDGE ( 'NONE', *, *, #1410, .T. ) ;
#2339 = CARTESIAN_POINT ( 'NONE',  ( 0.3291400619987174259, 0.4899467256115611624, 0.01000000000000000021 ) ) ;
#2340 = COLOUR_RGB ( '',0.9686274509803921573, 0.8784313725490195957, 0.5999999999999999778 ) ;
#2341 = EDGE_CURVE ( 'NONE', #553, #632, #5106, .T. ) ;
#2342 = CARTESIAN_POINT ( 'NONE',  ( 0.8636363636363667551, -0.6863636363636329563, -4.259090909090905264 ) ) ;
#2343 = CARTESIAN_POINT ( 'NONE',  ( -0.1993588882020307373, 0.2983034561731440215, 0.0000000000000000000 ) ) ;
#2344 = FILL_AREA_STYLE ('',( #1130 ) ) ;
#2345 = COLOUR_RGB ( '',1.000000000000000000, 1.000000000000000000, 1.000000000000000000 ) ;
#2346 = ORIENTED_EDGE ( 'NONE', *, *, #5360, .F. ) ;
#2347 = CARTESIAN_POINT ( 'NONE',  ( 0.4902568231584893965, 0.3319482219709348758, 0.01000000000000000021 ) ) ;
#2348 =( NAMED_UNIT ( * ) PLANE_ANGLE_UNIT ( ) SI_UNIT ( $, .RADIAN. ) );
#2349 = EDGE_CURVE ( 'NONE', #365, #4777, #968, .T. ) ;
#2350 = SURFACE_SIDE_STYLE ('',( #1593 ) ) ;
#2351 = ADVANCED_FACE ( 'NONE', ( #3624 ), #5976, .F. ) ;
#2352 = LINE ( 'NONE', #2219, #7771 ) ;
#2353 =( NAMED_UNIT ( * ) PLANE_ANGLE_UNIT ( ) SI_UNIT ( $, .RADIAN. ) );
#2354 = B_SPLINE_SURFACE_WITH_KNOTS ( 'NONE', 3, 1, ( 
 ( #1239, #5392 ),
 ( #3111, #2389 ),
 ( #7324, #4898 ),
 ( #3025, #7353 ),
 ( #5033, #3213 ),
 ( #5115, #5091 ),
 ( #6918, #5703 ),
 ( #6943, #147 ),
 ( #815, #4413 ),
 ( #1984, #6320 ),
 ( #1391, #5653 ) ),
 .UNSPECIFIED., .F., .F., .F.,
 ( 4, 1, 1, 1, 1, 1, 1, 1, 4 ),
 ( 2, 2 ),
 ( 0.0000000000000000000, 0.1124483899088013078, 0.2265276752126779980, 0.3444019493260279674, 0.4658649724874588949, 0.5916594493521167841, 0.7221684870248877841, 0.8586063875549270197, 1.000000000000000000 ),
 ( 0.0000000000000000000, 1.000000000000000000 ),
 .UNSPECIFIED. ) ;
#2355 = MECHANICAL_DESIGN_GEOMETRIC_PRESENTATION_REPRESENTATION (  '', ( #5001 ), #5418 ) ;
#2356 = DIRECTION ( 'NONE',  ( 1.000000000000000000, 0.0000000000000000000, 0.0000000000000000000 ) ) ;
#2357 = UNCERTAINTY_MEASURE_WITH_UNIT (LENGTH_MEASURE( 1.000000000000000082E-05 ), #6295, 'distance_accuracy_value', 'NONE');
#2358 = FILL_AREA_STYLE_COLOUR ( '', #1783 ) ;
#2359 = PRESENTATION_STYLE_ASSIGNMENT (( #3646 ) ) ;
#2360 = FACE_BOUND ( 'NONE', #81, .T. ) ;
#2361 = ORIENTED_EDGE ( 'NONE', *, *, #4981, .F. ) ;
#2362 = UNCERTAINTY_MEASURE_WITH_UNIT (LENGTH_MEASURE( 1.000000000000000082E-05 ), #2895, 'distance_accuracy_value', 'NONE');
#2363 = LINE ( 'NONE', #130, #2966 ) ;
#2364 = EDGE_CURVE ( 'NONE', #4656, #6616, #5175, .T. ) ;
#2365 = UNCERTAINTY_MEASURE_WITH_UNIT (LENGTH_MEASURE( 1.000000000000000082E-05 ), #4930, 'distance_accuracy_value', 'NONE');
#2366 = CARTESIAN_POINT ( 'NONE',  ( 4.700000000000000178, 2.250000000000000000, 6.000000000000000000 ) ) ;
#2367 = AXIS2_PLACEMENT_3D ( 'NONE', #6463, #2732, #7069 ) ;
#2368 = ORIENTED_EDGE ( 'NONE', *, *, #4303, .F. ) ;
#2369 = ADVANCED_FACE ( 'NONE', ( #5304 ), #4171, .F. ) ;
#2370 = MECHANICAL_DESIGN_GEOMETRIC_PRESENTATION_REPRESENTATION (  '', ( #634 ), #6971 ) ;
#2371 = SURFACE_STYLE_FILL_AREA ( #3303 ) ;
#2372 = CARTESIAN_POINT ( 'NONE',  ( 0.2948681036462944549, 0.4424474597758129568, 0.0000000000000000000 ) ) ;
#2373 = LINE ( 'NONE', #6366, #6764 ) ;
#2374 = CARTESIAN_POINT ( 'NONE',  ( -0.2359259438829877931, 0.3257459780919068071, 0.01000000000000000021 ) ) ;
#2375 = ORIENTED_EDGE ( 'NONE', *, *, #6588, .T. ) ;
#2376 = CARTESIAN_POINT ( 'NONE',  ( 0.3241654024538777046, 0.5044043704267723305, 0.01000000000000000194 ) ) ;
#2377 = SURFACE_SIDE_STYLE ('',( #2089 ) ) ;
#2378 = DIRECTION ( 'NONE',  ( 0.0000000000000000000, -1.178480622266855422E-16, 1.000000000000000000 ) ) ;
#2379 = AXIS2_PLACEMENT_3D ( 'NONE', #6989, #285, #1438 ) ;
#2380 = SURFACE_STYLE_FILL_AREA ( #4886 ) ;
#2381 = VERTEX_POINT ( 'NONE', #1709 ) ;
#2382 = CARTESIAN_POINT ( 'NONE',  ( -0.3656822144301463129, 0.4740200930647939792, 0.0000000000000000000 ) ) ;
#2383 = UNCERTAINTY_MEASURE_WITH_UNIT (LENGTH_MEASURE( 1.000000000000000082E-05 ), #1001, 'distance_accuracy_value', 'NONE');
#2384 = CARTESIAN_POINT ( 'NONE',  ( -0.3416902011415487439, 0.3160629484380141907, 0.0000000000000000000 ) ) ;
#2385 = ORIENTED_EDGE ( 'NONE', *, *, #7028, .F. ) ;
#2386 = DIRECTION ( 'NONE',  ( 4.956352788505164254E-16, -1.000000000000000000, 0.0000000000000000000 ) ) ;
#2387 = EDGE_CURVE ( 'NONE', #5696, #3287, #2747, .T. ) ;
#2388 = CARTESIAN_POINT ( 'NONE',  ( -3.250000000000000000, -0.7999999999999997113, -3.099999999999996980 ) ) ;
#2389 = CARTESIAN_POINT ( 'NONE',  ( -0.1872152062691293251, 0.5813678505304393784, 0.01000000000000000021 ) ) ;
#2390 = EDGE_LOOP ( 'NONE', ( #3104, #1713, #7325, #5306 ) ) ;
#2391 = ADVANCED_FACE ( 'NONE', ( #2848 ), #4226, .T. ) ;
#2392 = ORIENTED_EDGE ( 'NONE', *, *, #1840, .T. ) ;
#2393 = PLANE ( 'NONE',  #7611 ) ;
#2394 = CARTESIAN_POINT ( 'NONE',  ( -1.249999999999999778, -0.7999999999999997113, 4.699999999999997513 ) ) ;
#2395 = FILL_AREA_STYLE_COLOUR ( '', #6021 ) ;
#2396 = CARTESIAN_POINT ( 'NONE',  ( 0.3349914559108732037, 0.4472564879010526573, 0.0000000000000000000 ) ) ;
#2397 = DIRECTION ( 'NONE',  ( 0.0000000000000000000, 0.0000000000000000000, 1.000000000000000000 ) ) ;
#2398 = EDGE_CURVE ( 'NONE', #3986, #5403, #3519, .T. ) ;
#2399 = ORIENTED_EDGE ( 'NONE', *, *, #2932, .T. ) ;
#2400 = CARTESIAN_POINT ( 'NONE',  ( 4.052040639368927444, -2.250000000000000000, 3.912701290971654089 ) ) ;
#2401 = DIRECTION ( 'NONE',  ( -0.0000000000000000000, 0.0000000000000000000, 1.000000000000000000 ) ) ;
#2402 = ADVANCED_FACE ( 'NONE', ( #5000 ), #7319, .T. ) ;
#2403 = CARTESIAN_POINT ( 'NONE',  ( 0.1922189735629191432, 0.5950553461470423633, 0.01000000000000000194 ) ) ;
#2404 = ORIENTED_EDGE ( 'NONE', *, *, #5301, .T. ) ;
#2405 = DIRECTION ( 'NONE',  ( 0.0000000000000000000, -0.0000000000000000000, 1.000000000000000000 ) ) ;
#2406 = CARTESIAN_POINT ( 'NONE',  ( -0.3486985542262592275, 0.5763988482645292510, 0.01000000000000000021 ) ) ;
#2407 = FACE_OUTER_BOUND ( 'NONE', #3174, .T. ) ;
#2408 =( GEOMETRIC_REPRESENTATION_CONTEXT ( 3 ) GLOBAL_UNCERTAINTY_ASSIGNED_CONTEXT ( ( #6881 ) ) GLOBAL_UNIT_ASSIGNED_CONTEXT ( ( #3441, #1651, #4699 ) ) REPRESENTATION_CONTEXT ( 'NONE', 'WORKASPACE' ) );
#2409 = ORIENTED_EDGE ( 'NONE', *, *, #6467, .F. ) ;
#2410 = CARTESIAN_POINT ( 'NONE',  ( -0.4017968910333116206, 0.4012337777023536334, 0.01000000000000000021 ) ) ;
#2411 = VECTOR ( 'NONE', #6427, 1000.000000000000000 ) ;
#2412 = CARTESIAN_POINT ( 'NONE',  ( 0.4914404393415053307, 0.3385097900588647790, 0.01000000000000000021 ) ) ;
#2413 = ORIENTED_EDGE ( 'NONE', *, *, #1056, .T. ) ;
#2414 = CARTESIAN_POINT ( 'NONE',  ( -0.7499999999999997780, -0.2999999999999997669, -3.099999999999996980 ) ) ;
#2415 = CARTESIAN_POINT ( 'NONE',  ( 0.2789891262356493651, 0.5633206544745645861, 0.01000000000000000194 ) ) ;
#2416 = CARTESIAN_POINT ( 'NONE',  ( 4.450000000000001066, -1.749999999999999778, 5.799999999999999822 ) ) ;
#2417 = ORIENTED_EDGE ( 'NONE', *, *, #7034, .T. ) ;
#2418 = CARTESIAN_POINT ( 'NONE',  ( -0.08561970123175441372, 0.5624360268489836390, 0.0000000000000000000 ) ) ;
#2419 =( LENGTH_UNIT ( ) NAMED_UNIT ( * ) SI_UNIT ( .MILLI., .METRE. ) );
#2420 = PRESENTATION_STYLE_ASSIGNMENT (( #5070 ) ) ;
#2421 =( LENGTH_UNIT ( ) NAMED_UNIT ( * ) SI_UNIT ( .MILLI., .METRE. ) );
#2422 = VERTEX_POINT ( 'NONE', #7891 ) ;
#2423 = AXIS2_PLACEMENT_3D ( 'NONE', #4532, #2001, #859 ) ;
#2424 = AXIS2_PLACEMENT_3D ( 'NONE', #5869, #1482, #4603 ) ;
#2425 = PRESENTATION_STYLE_ASSIGNMENT (( #495 ) ) ;
#2426 = COLOUR_RGB ( '',1.000000000000000000, 1.000000000000000000, 1.000000000000000000 ) ;
#2427 = SURFACE_SIDE_STYLE ('',( #2603 ) ) ;
#2428 = CARTESIAN_POINT ( 'NONE',  ( -0.2447008551658191033, 0.2917781358819973025, 0.0000000000000000000 ) ) ;
#2429 = SURFACE_STYLE_FILL_AREA ( #1428 ) ;
#2430 = EDGE_LOOP ( 'NONE', ( #4734, #2222, #777, #7154, #171, #7549, #5724, #5225, #6700, #3894, #7831, #6437 ) ) ;
#2431 = CARTESIAN_POINT ( 'NONE',  ( -0.3280126714152256096, 0.3501843477395589765, 0.01000000000000000021 ) ) ;
#2432 = STYLED_ITEM ( 'NONE', ( #1183 ), #3689 ) ;
#2433 = CARTESIAN_POINT ( 'NONE',  ( 4.700000000000000178, -2.250000000000000000, 6.000000000000000000 ) ) ;
#2434 = CARTESIAN_POINT ( 'NONE',  ( -2.750000000000000000, -0.7999999999999997113, 4.699999999999997513 ) ) ;
#2435 = FACE_OUTER_BOUND ( 'NONE', #4596, .T. ) ;
#2436 = SURFACE_SIDE_STYLE ('',( #5474 ) ) ;
#2437 = CARTESIAN_POINT ( 'NONE',  ( 0.3179736270435553624, 0.5180784173692071226, 0.01000000000000000194 ) ) ;
#2438 = SURFACE_STYLE_USAGE ( .BOTH. , #2377 ) ;
#2439 = VERTEX_POINT ( 'NONE', #27 ) ;
#2440 = EDGE_CURVE ( 'NONE', #6996, #7535, #2159, .T. ) ;
#2441 = DIRECTION ( 'NONE',  ( 0.9466707760722533616, 0.3222024856061133091, 0.0000000000000000000 ) ) ;
#2442 = DIRECTION ( 'NONE',  ( 0.0000000000000000000, -1.000000000000000000, 0.0000000000000000000 ) ) ;
#2443 = CARTESIAN_POINT ( 'NONE',  ( -0.08561970123175441372, 0.4599970024587397566, 0.0000000000000000000 ) ) ;
#2444 = VECTOR ( 'NONE', #6866, 1000.000000000000000 ) ;
#2445 = EDGE_LOOP ( 'NONE', ( #7064, #1094, #919, #2676 ) ) ;
#2446 = CARTESIAN_POINT ( 'NONE',  ( 0.5400472194999528242, 0.4782896853855690411, 0.01000000000000000021 ) ) ;
#2447 = ADVANCED_FACE ( 'NONE', ( #7197 ), #4344, .F. ) ;
#2448 = EDGE_CURVE ( 'NONE', #4495, #7222, #2071, .T. ) ;
#2449 = ORIENTED_EDGE ( 'NONE', *, *, #5843, .F. ) ;
#2450 = CARTESIAN_POINT ( 'NONE',  ( -0.2669459207439496828, 0.5990213927026423191, 0.0000000000000000000 ) ) ;
#2451 = FACE_OUTER_BOUND ( 'NONE', #5463, .T. ) ;
#2452 = CARTESIAN_POINT ( 'NONE',  ( 4.950000000000000178, -0.2599999999999966782, 4.000000000000000000 ) ) ;
#2453 = CARTESIAN_POINT ( 'NONE',  ( 2.750000000000000444, -0.7999999999999997113, 4.699999999999997513 ) ) ;
#2454 = FILL_AREA_STYLE ('',( #6787 ) ) ;
#2455 = CARTESIAN_POINT ( 'NONE',  ( 0.4397232865731235396, 0.4782896853855690411, 0.0000000000000000000 ) ) ;
#2456 = PRESENTATION_STYLE_ASSIGNMENT (( #1404 ) ) ;
#2457 = FILL_AREA_STYLE_COLOUR ( '', #3393 ) ;
#2458 = LINE ( 'NONE', #5171, #4048 ) ;
#2459 = CARTESIAN_POINT ( 'NONE',  ( 0.2086763914935740871, 0.5929618204643394286, 0.0000000000000000000 ) ) ;
#2460 = AXIS2_PLACEMENT_3D ( 'NONE', #4030, #5895, #1589 ) ;
#2461 = FILL_AREA_STYLE_COLOUR ( '', #1923 ) ;
#2462 = FACE_OUTER_BOUND ( 'NONE', #7375, .T. ) ;
#2463 = CARTESIAN_POINT ( 'NONE',  ( -0.4331806768415105147, 0.5624360268489836390, 0.01000000000000000021 ) ) ;
#2464 = VECTOR ( 'NONE', #6395, 1000.000000000000000 ) ;
#2465 = CARTESIAN_POINT ( 'NONE',  ( 0.4296051463292210881, 0.5112165146538617533, 0.0000000000000000000 ) ) ;
#2466 = EDGE_LOOP ( 'NONE', ( #7939, #4726, #1953, #3793 ) ) ;
#2467 =( LENGTH_UNIT ( ) NAMED_UNIT ( * ) SI_UNIT ( .MILLI., .METRE. ) );
#2468 = VECTOR ( 'NONE', #7272, 1000.000000000000000 ) ;
#2469 = MECHANICAL_DESIGN_GEOMETRIC_PRESENTATION_REPRESENTATION (  '', ( #6387 ), #476 ) ;
#2470 =( NAMED_UNIT ( * ) SI_UNIT ( $, .STERADIAN. ) SOLID_ANGLE_UNIT ( ) );
#2471 = PRESENTATION_LAYER_ASSIGNMENT (  '', '', ( #2074 ) ) ;
#2472 = FACE_BOUND ( 'NONE', #5023, .T. ) ;
#2473 = COLOUR_RGB ( '',1.000000000000000000, 1.000000000000000000, 1.000000000000000000 ) ;
#2474 = DIRECTION ( 'NONE',  ( -0.0000000000000000000, 0.0000000000000000000, 1.000000000000000000 ) ) ;
#2475 = EDGE_CURVE ( 'NONE', #88, #5721, #6399, .T. ) ;
#2476 = ORIENTED_EDGE ( 'NONE', *, *, #3824, .T. ) ;
#2477 = PLANE ( 'NONE',  #4641 ) ;
#2478 = FILL_AREA_STYLE_COLOUR ( '', #6646 ) ;
#2479 = ORIENTED_EDGE ( 'NONE', *, *, #3650, .T. ) ;
#2480 =( NAMED_UNIT ( * ) PLANE_ANGLE_UNIT ( ) SI_UNIT ( $, .RADIAN. ) );
#2481 = MECHANICAL_DESIGN_GEOMETRIC_PRESENTATION_REPRESENTATION (  '', ( #1172 ), #582 ) ;
#2482 = EDGE_LOOP ( 'NONE', ( #6067, #3398, #2103, #5290 ) ) ;
#2483 = DIRECTION ( 'NONE',  ( -0.0000000000000000000, 0.0000000000000000000, 1.000000000000000000 ) ) ;
#2484 = ORIENTED_EDGE ( 'NONE', *, *, #1751, .T. ) ;
#2485 = CARTESIAN_POINT ( 'NONE',  ( -0.2587205549229237289, 0.3247179621092122770, 0.01000000000000000021 ) ) ;
#2486 = CARTESIAN_POINT ( 'NONE',  ( 0.1838209575254421413, 0.2954857345164334514, 0.01000000000000000021 ) ) ;
#2487 = ORIENTED_EDGE ( 'NONE', *, *, #2668, .F. ) ;
#2488 = CARTESIAN_POINT ( 'NONE',  ( -2.750000000000000000, 0.0000000000000000000, 0.0000000000000000000 ) ) ;
#2489 = CARTESIAN_POINT ( 'NONE',  ( -0.5465953109878519678, 0.5624360268489836390, 0.0000000000000000000 ) ) ;
#2490 = EDGE_LOOP ( 'NONE', ( #3871, #4719, #2399, #5908 ) ) ;
#2491 = EDGE_CURVE ( 'NONE', #3094, #2911, #4229, .T. ) ;
#2492 = VECTOR ( 'NONE', #4966, 1000.000000000000000 ) ;
#2493 = CARTESIAN_POINT ( 'NONE',  ( -4.950000000000000178, -2.250000000000000000, 1.099999999999999645 ) ) ;
#2494 = ORIENTED_EDGE ( 'NONE', *, *, #6724, .F. ) ;
#2495 = CARTESIAN_POINT ( 'NONE',  ( 0.2454431694271002051, 0.3442464878169683717, 0.01000000000000000021 ) ) ;
#2496 = CARTESIAN_POINT ( 'NONE',  ( 4.650000000000001243, -1.950000000000000400, 6.000000000000000000 ) ) ;
#2497 = CARTESIAN_POINT ( 'NONE',  ( -4.449999999999999289, -1.749999999999999778, 5.799999999999999822 ) ) ;
#2498 = PRESENTATION_STYLE_ASSIGNMENT (( #4929 ) ) ;
#2499 = EDGE_CURVE ( 'NONE', #4014, #1545, #5581, .T. ) ;
#2500 = VERTEX_POINT ( 'NONE', #5684 ) ;
#2501 = CARTESIAN_POINT ( 'NONE',  ( -2.000000000000000000, -2.250000000000000000, 2.000000000000000000 ) ) ;
#2502 = LINE ( 'NONE', #3047, #3285 ) ;
#2503 = ORIENTED_EDGE ( 'NONE', *, *, #3232, .F. ) ;
#2504 = CARTESIAN_POINT ( 'NONE',  ( -0.1916567793017142363, 0.3006489534587448165, 0.01000000000000000021 ) ) ;
#2505 = ORIENTED_EDGE ( 'NONE', *, *, #7759, .T. ) ;
#2506 = SURFACE_SIDE_STYLE ('',( #6270 ) ) ;
#2507 = CARTESIAN_POINT ( 'NONE',  ( 0.4889450443906467325, 0.3340866375917590503, 0.0000000000000000000 ) ) ;
#2508 = CARTESIAN_POINT ( 'NONE',  ( -0.7499999999999997780, -0.2999999999999997669, 4.699999999999997513 ) ) ;
#2509 = EDGE_CURVE ( 'NONE', #6853, #2381, #113, .T. ) ;
#2510 = CARTESIAN_POINT ( 'NONE',  ( -4.950000000000000178, -0.6499999999999995781, 4.390000000000003233 ) ) ;
#2511 = PRESENTATION_STYLE_ASSIGNMENT (( #6620 ) ) ;
#2512 = EDGE_LOOP ( 'NONE', ( #4570, #910, #2319, #5444 ) ) ;
#2513 = LINE ( 'NONE', #706, #746 ) ;
#2514 = SURFACE_STYLE_USAGE ( .BOTH. , #31 ) ;
#2515 = VERTEX_POINT ( 'NONE', #4471 ) ;
#2516 = CARTESIAN_POINT ( 'NONE',  ( 0.2872831423759922842, 0.4928961995788250783, 0.01000000000000000021 ) ) ;
#2517 = DIRECTION ( 'NONE',  ( -0.0000000000000000000, -0.0000000000000000000, 1.000000000000000000 ) ) ;
#2518 = PRESENTATION_LAYER_ASSIGNMENT (  '', '', ( #5207 ) ) ;
#2519 = PLANE ( 'NONE',  #6847 ) ;
#2520 = EDGE_LOOP ( 'NONE', ( #1829, #2929, #4687, #5801 ) ) ;
#2521 = STYLED_ITEM ( 'NONE', ( #6712 ), #6099 ) ;
#2522 = DIRECTION ( 'NONE',  ( -1.000000000000000000, 0.0000000000000000000, 0.0000000000000000000 ) ) ;
#2523 = CARTESIAN_POINT ( 'NONE',  ( -4.949999999999998401, -2.000000000000000444, 6.000000000000000000 ) ) ;
#2524 = LINE ( 'NONE', #110, #554 ) ;
#2525 = CARTESIAN_POINT ( 'NONE',  ( -0.3306305075098958102, 0.5418333713789006412, 0.0000000000000000000 ) ) ;
#2526 = VERTEX_POINT ( 'NONE', #3839 ) ;
#2527 = CARTESIAN_POINT ( 'NONE',  ( -0.1844001890366325780, 0.3438384658733740773, 0.0000000000000000000 ) ) ;
#2528 =( NAMED_UNIT ( * ) PLANE_ANGLE_UNIT ( ) SI_UNIT ( $, .RADIAN. ) );
#2529 = CARTESIAN_POINT ( 'NONE',  ( 4.450000000000001066, 0.1500000000000008271, 1.000000000000000222 ) ) ;
#2530 = VECTOR ( 'NONE', #4849, 1000.000000000000000 ) ;
#2531 = LINE ( 'NONE', #3618, #3908 ) ;
#2532 = FILL_AREA_STYLE_COLOUR ( '', #4664 ) ;
#2533 = FACE_OUTER_BOUND ( 'NONE', #389, .T. ) ;
#2534 = STYLED_ITEM ( 'NONE', ( #4425 ), #2391 ) ;
#2535 = VECTOR ( 'NONE', #2745, 1000.000000000000000 ) ;
#2536 = EDGE_LOOP ( 'NONE', ( #2608, #4068, #4033, #6362 ) ) ;
#2537 = SURFACE_SIDE_STYLE ('',( #5507 ) ) ;
#2538 = MECHANICAL_DESIGN_GEOMETRIC_PRESENTATION_REPRESENTATION (  '', ( #5337 ), #5880 ) ;
#2539 = PLANE ( 'NONE',  #5986 ) ;
#2540 = PRESENTATION_STYLE_ASSIGNMENT (( #3225 ) ) ;
#2541 = LINE ( 'NONE', #2596, #2247 ) ;
#2542 = ORIENTED_EDGE ( 'NONE', *, *, #969, .T. ) ;
#2543 =( NAMED_UNIT ( * ) PLANE_ANGLE_UNIT ( ) SI_UNIT ( $, .RADIAN. ) );
#2544 = FACE_OUTER_BOUND ( 'NONE', #6501, .T. ) ;
#2545 = CARTESIAN_POINT ( 'NONE',  ( -0.2823373122808700564, 0.5986763651025663879, 0.01000000000000000021 ) ) ;
#2546 = MECHANICAL_DESIGN_GEOMETRIC_PRESENTATION_REPRESENTATION (  '', ( #6354 ), #3270 ) ;
#2547 = DIRECTION ( 'NONE',  ( 0.0000000000000000000, 0.9486832980505155444, -0.3162277660168330562 ) ) ;
#2548 =( NAMED_UNIT ( * ) SI_UNIT ( $, .STERADIAN. ) SOLID_ANGLE_UNIT ( ) );
#2549 = VECTOR ( 'NONE', #5371, 1000.000000000000000 ) ;
#2550 = DIRECTION ( 'NONE',  ( -0.0000000000000000000, 0.0000000000000000000, 1.000000000000000000 ) ) ;
#2551 = LINE ( 'NONE', #7732, #2748 ) ;
#2552 = VERTEX_POINT ( 'NONE', #6330 ) ;
#2553 = UNCERTAINTY_MEASURE_WITH_UNIT (LENGTH_MEASURE( 1.000000000000000082E-05 ), #2421, 'distance_accuracy_value', 'NONE');
#2554 = EDGE_CURVE ( 'NONE', #4706, #348, #2541, .T. ) ;
#2555 = CARTESIAN_POINT ( 'NONE',  ( 4.950000000000000178, 0.1500000000000002720, 6.000000000000000000 ) ) ;
#2556 = SURFACE_STYLE_USAGE ( .BOTH. , #7458 ) ;
#2557 = CARTESIAN_POINT ( 'NONE',  ( 0.2947699911576864285, 0.4378511254661794361, 0.0000000000000000000 ) ) ;
#2558 = LINE ( 'NONE', #356, #3738 ) ;
#2559 = LINE ( 'NONE', #2446, #5315 ) ;
#2560 = FILL_AREA_STYLE_COLOUR ( '', #3251 ) ;
#2561 =( NAMED_UNIT ( * ) SI_UNIT ( $, .STERADIAN. ) SOLID_ANGLE_UNIT ( ) );
#2562 = CARTESIAN_POINT ( 'NONE',  ( -0.3042828852253639527, 0.5583496845817160770, 0.01000000000000000021 ) ) ;
#2563 = DIRECTION ( 'NONE',  ( 0.0000000000000000000, -5.421010862427526114E-16, 1.000000000000000000 ) ) ;
#2564 = ADVANCED_FACE ( 'NONE', ( #198 ), #7517, .F. ) ;
#2565 = EDGE_CURVE ( 'NONE', #3501, #7053, #6830, .T. ) ;
#2566 = CARTESIAN_POINT ( 'NONE',  ( -0.8500000000000000888, -0.4000000000000000222, -3.399999999999999911 ) ) ;
#2567 = SURFACE_STYLE_FILL_AREA ( #560 ) ;
#2568 = DIRECTION ( 'NONE',  ( -0.3393303772748776370, -0.9406672605435404400, 0.0000000000000000000 ) ) ;
#2569 = LINE ( 'NONE', #3332, #4913 ) ;
#2570 = VERTEX_POINT ( 'NONE', #3419 ) ;
#2571 = PRESENTATION_STYLE_ASSIGNMENT (( #1368 ) ) ;
#2572 = DIRECTION ( 'NONE',  ( 0.0000000000000000000, 0.0000000000000000000, -1.000000000000000000 ) ) ;
#2573 = AXIS2_PLACEMENT_3D ( 'NONE', #850, #2702, #1453 ) ;
#2574 = DIRECTION ( 'NONE',  ( 1.000000000000000000, -0.0000000000000000000, 0.0000000000000000000 ) ) ;
#2575 = CARTESIAN_POINT ( 'NONE',  ( 0.1764801463292212658, 0.5624360268489836390, 0.01000000000000000021 ) ) ;
#2576 = EDGE_LOOP ( 'NONE', ( #6394, #865, #1525, #4382 ) ) ;
#2577 = CARTESIAN_POINT ( 'NONE',  ( 0.7500000000000002220, -0.2999999999999997669, -3.099999999999996980 ) ) ;
#2578 = DIRECTION ( 'NONE',  ( 0.0000000000000000000, 1.084202172485504828E-15, 1.000000000000000000 ) ) ;
#2579 = SURFACE_SIDE_STYLE ('',( #7249 ) ) ;
#2580 = VECTOR ( 'NONE', #3133, 1000.000000000000000 ) ;
#2581 = AXIS2_PLACEMENT_3D ( 'NONE', #4578, #243, #6546 ) ;
#2582 = PLANE ( 'NONE',  #2423 ) ;
#2583 = ORIENTED_EDGE ( 'NONE', *, *, #2053, .F. ) ;
#2584 = AXIS2_PLACEMENT_3D ( 'NONE', #4478, #6335, #1402 ) ;
#2585 = CARTESIAN_POINT ( 'NONE',  ( -0.4331806768415105147, 0.0000000000000000000, 0.01000000000000000021 ) ) ;
#2586 = VERTEX_POINT ( 'NONE', #6299 ) ;
#2587 = SURFACE_STYLE_FILL_AREA ( #4124 ) ;
#2588 = LINE ( 'NONE', #7216, #5907 ) ;
#2589 = ORIENTED_EDGE ( 'NONE', *, *, #384, .F. ) ;
#2590 = CARTESIAN_POINT ( 'NONE',  ( 2.750000000000000444, -0.2999999999999997669, -3.099999999999996980 ) ) ;
#2591 = DIRECTION ( 'NONE',  ( 1.000000000000000000, -0.0000000000000000000, 0.0000000000000000000 ) ) ;
#2592 = ORIENTED_EDGE ( 'NONE', *, *, #5457, .F. ) ;
#2593 = DIRECTION ( 'NONE',  ( 1.000000000000000000, 0.0000000000000000000, 0.0000000000000000000 ) ) ;
#2594 = DIRECTION ( 'NONE',  ( -0.0000000000000000000, 0.0000000000000000000, 1.000000000000000000 ) ) ;
#2595 =( GEOMETRIC_REPRESENTATION_CONTEXT ( 3 ) GLOBAL_UNCERTAINTY_ASSIGNED_CONTEXT ( ( #2553 ) ) GLOBAL_UNIT_ASSIGNED_CONTEXT ( ( #2421, #5518, #1666 ) ) REPRESENTATION_CONTEXT ( 'NONE', 'WORKASPACE' ) );
#2596 = CARTESIAN_POINT ( 'NONE',  ( 0.6277949329145868784, 0.5953628561172763511, 0.0000000000000000000 ) ) ;
#2597 = VECTOR ( 'NONE', #7516, 1000.000000000000000 ) ;
#2598 = ORIENTED_EDGE ( 'NONE', *, *, #7057, .F. ) ;
#2599 = LINE ( 'NONE', #4877, #1008 ) ;
#2600 = ORIENTED_EDGE ( 'NONE', *, *, #1952, .T. ) ;
#2601 = CARTESIAN_POINT ( 'NONE',  ( 3.250000000000000444, -0.7999999999999997113, 4.699999999999997513 ) ) ;
#2602 = PLANE ( 'NONE',  #3172 ) ;
#2603 = SURFACE_STYLE_FILL_AREA ( #7363 ) ;
#2604 = DIRECTION ( 'NONE',  ( 0.0000000000000000000, 1.000000000000000000, 0.0000000000000000000 ) ) ;
#2605 = COLOUR_RGB ( '',0.9686274509803921573, 0.8784313725490195957, 0.5999999999999999778 ) ;
#2606 = ORIENTED_EDGE ( 'NONE', *, *, #3726, .F. ) ;
#2607 = PLANE ( 'NONE',  #118 ) ;
#2608 = ORIENTED_EDGE ( 'NONE', *, *, #6567, .T. ) ;
#2609 = DIRECTION ( 'NONE',  ( 0.0000000000000000000, 1.000000000000000000, -0.0000000000000000000 ) ) ;
#2610 = EDGE_CURVE ( 'NONE', #4870, #7802, #5201, .T. ) ;
#2611 = ORIENTED_EDGE ( 'NONE', *, *, #4314, .F. ) ;
#2612 = FILL_AREA_STYLE_COLOUR ( '', #5230 ) ;
#2613 = FACE_OUTER_BOUND ( 'NONE', #7354, .T. ) ;
#2614 = ORIENTED_EDGE ( 'NONE', *, *, #809, .F. ) ;
#2615 = CARTESIAN_POINT ( 'NONE',  ( -0.3909817758832905277, 0.3721705948577476164, 0.0000000000000000000 ) ) ;
#2616 = FACE_OUTER_BOUND ( 'NONE', #1452, .T. ) ;
#2617 = SURFACE_STYLE_USAGE ( .BOTH. , #1419 ) ;
#2618 = EDGE_LOOP ( 'NONE', ( #3274, #3604, #4207, #145 ) ) ;
#2619 =( NAMED_UNIT ( * ) SI_UNIT ( $, .STERADIAN. ) SOLID_ANGLE_UNIT ( ) );
#2620 = CARTESIAN_POINT ( 'NONE',  ( 1.250000000000000222, 0.0000000000000000000, 0.0000000000000000000 ) ) ;
#2621 = MECHANICAL_DESIGN_GEOMETRIC_PRESENTATION_REPRESENTATION (  '', ( #5260 ), #4323 ) ;
#2622 = VERTEX_POINT ( 'NONE', #4728 ) ;
#2623 =( NAMED_UNIT ( * ) SI_UNIT ( $, .STERADIAN. ) SOLID_ANGLE_UNIT ( ) );
#2624 = UNCERTAINTY_MEASURE_WITH_UNIT (LENGTH_MEASURE( 1.000000000000000082E-05 ), #7282, 'distance_accuracy_value', 'NONE');
#2625 = LINE ( 'NONE', #4330, #3301 ) ;
#2626 = VECTOR ( 'NONE', #7811, 1000.000000000000000 ) ;
#2627 = SURFACE_STYLE_FILL_AREA ( #4005 ) ;
#2628 = LINE ( 'NONE', #2660, #765 ) ;
#2629 = ORIENTED_EDGE ( 'NONE', *, *, #3558, .T. ) ;
#2630 =( GEOMETRIC_REPRESENTATION_CONTEXT ( 3 ) GLOBAL_UNCERTAINTY_ASSIGNED_CONTEXT ( ( #7276 ) ) GLOBAL_UNIT_ASSIGNED_CONTEXT ( ( #7588, #1369, #2619 ) ) REPRESENTATION_CONTEXT ( 'NONE', 'WORKASPACE' ) );
#2631 =( NAMED_UNIT ( * ) PLANE_ANGLE_UNIT ( ) SI_UNIT ( $, .RADIAN. ) );
#2632 = CARTESIAN_POINT ( 'NONE',  ( -0.2161145231346344453, 0.2946043547979605992, 0.01000000000000000021 ) ) ;
#2633 = CARTESIAN_POINT ( 'NONE',  ( -4.700000000000000178, 2.000000000000000000, 0.0000000000000000000 ) ) ;
#2634 = PRESENTATION_STYLE_ASSIGNMENT (( #750 ) ) ;
#2635 = EDGE_CURVE ( 'NONE', #1574, #4950, #3827, .T. ) ;
#2636 = COLOUR_RGB ( '',1.000000000000000000, 1.000000000000000000, 1.000000000000000000 ) ;
#2637 = PLANE ( 'NONE',  #4388 ) ;
#2638 = AXIS2_PLACEMENT_3D ( 'NONE', #2901, #1095, #2955 ) ;
#2639 = DIRECTION ( 'NONE',  ( -0.3363908276654483109, 0.9417224702971437322, 0.0000000000000000000 ) ) ;
#2640 = CARTESIAN_POINT ( 'NONE',  ( 0.0000000000000000000, 0.0000000000000000000, 0.01000000000000000021 ) ) ;
#2641 = FACE_OUTER_BOUND ( 'NONE', #5075, .T. ) ;
#2642 = AXIS2_PLACEMENT_3D ( 'NONE', #736, #1299, #5598 ) ;
#2643 = ORIENTED_EDGE ( 'NONE', *, *, #411, .F. ) ;
#2644 = PRESENTATION_LAYER_ASSIGNMENT (  '', '', ( #5068 ) ) ;
#2645 = CARTESIAN_POINT ( 'NONE',  ( -0.1872152062691293251, 0.5813678505304393784, 0.01000000000000000021 ) ) ;
#2646 = DIRECTION ( 'NONE',  ( 0.0000000000000000000, -1.000000000000000000, 0.0000000000000000000 ) ) ;
#2647 = CARTESIAN_POINT ( 'NONE',  ( -2.750000000000000000, -0.2999999999999997669, 5.000000000000000888 ) ) ;
#2648 =( NAMED_UNIT ( * ) PLANE_ANGLE_UNIT ( ) SI_UNIT ( $, .RADIAN. ) );
#2649 = LINE ( 'NONE', #4663, #4140 ) ;
#2650 = LINE ( 'NONE', #7494, #7323 ) ;
#2651 = EDGE_CURVE ( 'NONE', #1865, #7453, #5098, .T. ) ;
#2652 = PLANE ( 'NONE',  #4074 ) ;
#2653 = CARTESIAN_POINT ( 'NONE',  ( -4.052040639368925667, -1.749999999999999778, 3.912701290971654089 ) ) ;
#2654 = PRESENTATION_STYLE_ASSIGNMENT (( #7301 ) ) ;
#2655 = FACE_BOUND ( 'NONE', #4809, .T. ) ;
#2656 = EDGE_CURVE ( 'NONE', #3203, #1316, #5671, .T. ) ;
#2657 = CARTESIAN_POINT ( 'NONE',  ( -0.2347110816752177032, 0.2923902556617348769, 0.01000000000000000021 ) ) ;
#2658 = VECTOR ( 'NONE', #3288, 1000.000000000000000 ) ;
#2659 = CARTESIAN_POINT ( 'NONE',  ( -2.750000000000000000, -0.2999999999999997669, -3.099999999999996980 ) ) ;
#2660 = CARTESIAN_POINT ( 'NONE',  ( -3.136363636363633134, -0.6863636363636329563, -4.259090909090905264 ) ) ;
#2661 = VERTEX_POINT ( 'NONE', #4161 ) ;
#2662 = DIRECTION ( 'NONE',  ( 1.000000000000000000, 0.0000000000000000000, 0.0000000000000000000 ) ) ;
#2663 = CIRCLE ( 'NONE', #55, 0.3899999999999997358 ) ;
#2664 =( NAMED_UNIT ( * ) PLANE_ANGLE_UNIT ( ) SI_UNIT ( $, .RADIAN. ) );
#2665 = CARTESIAN_POINT ( 'NONE',  ( -0.1844001890366325780, 0.3035945634343496513, 0.0000000000000000000 ) ) ;
#2666 = SURFACE_SIDE_STYLE ('',( #4122 ) ) ;
#2667 = ORIENTED_EDGE ( 'NONE', *, *, #4094, .F. ) ;
#2668 = EDGE_CURVE ( 'NONE', #2439, #6541, #7278, .T. ) ;
#2669 = PLANE ( 'NONE',  #1727 ) ;
#2670 =( LENGTH_UNIT ( ) NAMED_UNIT ( * ) SI_UNIT ( .MILLI., .METRE. ) );
#2671 = FACE_OUTER_BOUND ( 'NONE', #3097, .T. ) ;
#2672 = LINE ( 'NONE', #838, #5702 ) ;
#2673 = ORIENTED_EDGE ( 'NONE', *, *, #2835, .T. ) ;
#2674 = PRESENTATION_LAYER_ASSIGNMENT (  '', '', ( #2521 ) ) ;
#2675 = CARTESIAN_POINT ( 'NONE',  ( 0.2628801661146187296, 0.3567808140862367416, 0.0000000000000000000 ) ) ;
#2676 = ORIENTED_EDGE ( 'NONE', *, *, #2242, .F. ) ;
#2677 = CARTESIAN_POINT ( 'NONE',  ( -0.7499999999999997780, -0.4000000000000000222, -3.399999999999999911 ) ) ;
#2678 = DIRECTION ( 'NONE',  ( 1.000000000000000000, 0.0000000000000000000, -0.0000000000000000000 ) ) ;
#2679 = ORIENTED_EDGE ( 'NONE', *, *, #2706, .F. ) ;
#2680 = FACE_OUTER_BOUND ( 'NONE', #3473, .T. ) ;
#2681 = CARTESIAN_POINT ( 'NONE',  ( 0.4925383745257224666, 0.3443398856526283525, 0.0000000000000000000 ) ) ;
#2682 = PRESENTATION_LAYER_ASSIGNMENT (  '', '', ( #2264 ) ) ;
#2683 = VERTEX_POINT ( 'NONE', #2917 ) ;
#2684 = DIRECTION ( 'NONE',  ( 0.0000000000000000000, 0.0000000000000000000, -1.000000000000000000 ) ) ;
#2685 = CARTESIAN_POINT ( 'NONE',  ( 0.2947645973002682163, 0.4470622390335093344, 0.0000000000000000000 ) ) ;
#2686 = AXIS2_PLACEMENT_3D ( 'NONE', #436, #1040, #7740 ) ;
#2687 = ADVANCED_FACE ( 'NONE', ( #2841 ), #1043, .F. ) ;
#2688 = VERTEX_POINT ( 'NONE', #1626 ) ;
#2689 = SURFACE_STYLE_USAGE ( .BOTH. , #943 ) ;
#2690 = B_SPLINE_CURVE_WITH_KNOTS ( 'NONE', 3,
 ( #5995, #7745, #5411, #2812, #1020, #4110, #468, #445, #2896, #6024, #5971 ),
 .UNSPECIFIED., .F., .F.,
 ( 4, 1, 1, 1, 1, 1, 1, 1, 4 ),
 ( 0.0000000000000000000, 0.1352946047634290549, 0.2667656579247484894, 0.3948160188358722511, 0.5200516544342458358, 0.6421757029708220488, 0.7626518205584231769, 0.8818340043805015238, 1.000000000000000000 ),
 .UNSPECIFIED. ) ;
#2691 = CARTESIAN_POINT ( 'NONE',  ( -0.1871578880752834961, 0.5484405126145901477, 0.0000000000000000000 ) ) ;
#2692 = EDGE_LOOP ( 'NONE', ( #2231, #5586, #3643, #3785 ) ) ;
#2693 = LINE ( 'NONE', #7448, #2492 ) ;
#2694 = ORIENTED_EDGE ( 'NONE', *, *, #4899, .F. ) ;
#2695 = EDGE_LOOP ( 'NONE', ( #3975, #1905, #5121, #4873 ) ) ;
#2696 = CARTESIAN_POINT ( 'NONE',  ( 0.0000000000000000000, 0.3319482219709348758, 0.01000000000000000021 ) ) ;
#2697 = FACE_OUTER_BOUND ( 'NONE', #463, .T. ) ;
#2698 =( NAMED_UNIT ( * ) SI_UNIT ( $, .STERADIAN. ) SOLID_ANGLE_UNIT ( ) );
#2699 = FILL_AREA_STYLE_COLOUR ( '', #4659 ) ;
#2700 = ORIENTED_EDGE ( 'NONE', *, *, #4935, .F. ) ;
#2701 = AXIS2_PLACEMENT_3D ( 'NONE', #7215, #4885, #2378 ) ;
#2702 = DIRECTION ( 'NONE',  ( -1.000000000000000000, 0.0000000000000000000, 0.0000000000000000000 ) ) ;
#2703 = LINE ( 'NONE', #13, #7166 ) ;
#2704 = ORIENTED_EDGE ( 'NONE', *, *, #7234, .F. ) ;
#2705 = LINE ( 'NONE', #2029, #2411 ) ;
#2706 = EDGE_CURVE ( 'NONE', #615, #6996, #6341, .T. ) ;
#2707 = CARTESIAN_POINT ( 'NONE',  ( 0.2948681036462944549, 0.4424474597758129568, 0.0000000000000000000 ) ) ;
#2708 = ORIENTED_EDGE ( 'NONE', *, *, #2194, .T. ) ;
#2709 = CARTESIAN_POINT ( 'NONE',  ( -0.3694751256508440607, 0.5585706219973090025, 0.0000000000000000000 ) ) ;
#2710 =( NAMED_UNIT ( * ) SI_UNIT ( $, .STERADIAN. ) SOLID_ANGLE_UNIT ( ) );
#2711 = DIRECTION ( 'NONE',  ( 1.000000000000000000, -0.0000000000000000000, 0.0000000000000000000 ) ) ;
#2712 = CARTESIAN_POINT ( 'NONE',  ( 0.7954545454545445260, -0.3454545454545439043, 4.836363636363632423 ) ) ;
#2713 = VECTOR ( 'NONE', #3538, 1000.000000000000000 ) ;
#2714 = MECHANICAL_DESIGN_GEOMETRIC_PRESENTATION_REPRESENTATION (  '', ( #703 ), #5293 ) ;
#2715 = VERTEX_POINT ( 'NONE', #5385 ) ;
#2716 = CARTESIAN_POINT ( 'NONE',  ( 0.3351120060853188254, 0.4415899902636178376, 0.01000000000000000194 ) ) ;
#2717 = ORIENTED_EDGE ( 'NONE', *, *, #5137, .T. ) ;
#2718 = SURFACE_STYLE_USAGE ( .BOTH. , #1519 ) ;
#2719 = CARTESIAN_POINT ( 'NONE',  ( 0.2774536763591002320, 0.5135174019255029920, 0.0000000000000000000 ) ) ;
#2720 = EDGE_CURVE ( 'NONE', #7073, #4375, #7568, .T. ) ;
#2721 = LINE ( 'NONE', #5435, #4115 ) ;
#2722 = CARTESIAN_POINT ( 'NONE',  ( 1.250000000000000222, -0.7999999999999997113, 1.000000000000000000 ) ) ;
#2723 = ORIENTED_EDGE ( 'NONE', *, *, #5400, .F. ) ;
#2724 = CARTESIAN_POINT ( 'NONE',  ( 0.3570632255975138003, 0.5953628561172763511, 0.0000000000000000000 ) ) ;
#2725 = CARTESIAN_POINT ( 'NONE',  ( -2.000000000000000000, -1.749999999999999778, 6.000000000000000000 ) ) ;
#2726 = CARTESIAN_POINT ( 'NONE',  ( -0.2506354515137997896, 0.5659532210927517015, 0.01000000000000000021 ) ) ;
#2727 = VERTEX_POINT ( 'NONE', #1702 ) ;
#2728 =( NAMED_UNIT ( * ) PLANE_ANGLE_UNIT ( ) SI_UNIT ( $, .RADIAN. ) );
#2729 = DIRECTION ( 'NONE',  ( 0.3635424856527064708, 0.9315776194850602376, 0.0000000000000000000 ) ) ;
#2730 = COLOUR_RGB ( '',0.9686274509803921573, 0.8784313725490195957, 0.5999999999999999778 ) ;
#2731 = DIRECTION ( 'NONE',  ( -1.000000000000000000, 0.0000000000000000000, 0.0000000000000000000 ) ) ;
#2732 = DIRECTION ( 'NONE',  ( 1.000000000000000000, -0.0000000000000000000, 0.0000000000000000000 ) ) ;
#2733 = STYLED_ITEM ( 'NONE', ( #2540 ), #5496 ) ;
#2734 = LINE ( 'NONE', #6691, #5665 ) ;
#2735 = PRESENTATION_STYLE_ASSIGNMENT (( #6912 ) ) ;
#2736 = VERTEX_POINT ( 'NONE', #7876 ) ;
#2737 = CARTESIAN_POINT ( 'NONE',  ( -0.3672233497452502271, 0.4439301762038284638, 0.01000000000000000021 ) ) ;
#2738 = LINE ( 'NONE', #7246, #7479 ) ;
#2739 = SURFACE_SIDE_STYLE ('',( #6194 ) ) ;
#2740 = CARTESIAN_POINT ( 'NONE',  ( -0.4074770262310938862, 0.4564585410051049119, 0.0000000000000000000 ) ) ;
#2741 = STYLED_ITEM ( 'NONE', ( #1051 ), #1578 ) ;
#2742 =( NAMED_UNIT ( * ) PLANE_ANGLE_UNIT ( ) SI_UNIT ( $, .RADIAN. ) );
#2743 = PRESENTATION_STYLE_ASSIGNMENT (( #6896 ) ) ;
#2744 = AXIS2_PLACEMENT_3D ( 'NONE', #5687, #6306, #5745 ) ;
#2745 = DIRECTION ( 'NONE',  ( 0.0000000000000000000, -1.000000000000000000, 0.0000000000000000000 ) ) ;
#2746 = CARTESIAN_POINT ( 'NONE',  ( -3.003586417958281629, -1.749999999999999778, 3.912701290971654089 ) ) ;
#2747 = LINE ( 'NONE', #7293, #7290 ) ;
#2748 = VECTOR ( 'NONE', #459, 1000.000000000000000 ) ;
#2749 = CARTESIAN_POINT ( 'NONE',  ( 0.7500000000000002220, -0.7999999999999997113, 4.699999999999997513 ) ) ;
#2750 = DIRECTION ( 'NONE',  ( 1.000000000000000000, 0.0000000000000000000, 0.0000000000000000000 ) ) ;
#2751 = AXIS2_PLACEMENT_3D ( 'NONE', #161, #670, #4453 ) ;
#2752 = CARTESIAN_POINT ( 'NONE',  ( -3.250000000000000000, -0.7999999999999997113, 4.699999999999997513 ) ) ;
#2753 = PLANE ( 'NONE',  #5469 ) ;
#2754 = CARTESIAN_POINT ( 'NONE',  ( -0.2200705930708662383, 0.5614103483970013242, 0.0000000000000000000 ) ) ;
#2755 = AXIS2_PLACEMENT_3D ( 'NONE', #1422, #3245, #6378 ) ;
#2756 = PRESENTATION_STYLE_ASSIGNMENT (( #7652 ) ) ;
#2757 = COLOUR_RGB ( '',0.9686274509803921573, 0.8784313725490195957, 0.5999999999999999778 ) ;
#2758 = PLANE ( 'NONE',  #5160 ) ;
#2759 = CARTESIAN_POINT ( 'NONE',  ( -0.5465953109878519678, 0.5624360268489836390, 0.0000000000000000000 ) ) ;
#2760 = VECTOR ( 'NONE', #651, 1000.000000000000114 ) ;
#2761 = FILL_AREA_STYLE_COLOUR ( '', #4561 ) ;
#2762 = ADVANCED_FACE ( 'NONE', ( #2435 ), #1656, .T. ) ;
#2763 = EDGE_CURVE ( 'NONE', #4976, #3203, #7655, .T. ) ;
#2764 =( LENGTH_UNIT ( ) NAMED_UNIT ( * ) SI_UNIT ( .MILLI., .METRE. ) );
#2765 = CARTESIAN_POINT ( 'NONE',  ( 0.2454431694271002051, 0.3442464878169683717, 0.0000000000000000000 ) ) ;
#2766 = ORIENTED_EDGE ( 'NONE', *, *, #6432, .T. ) ;
#2767 = FILL_AREA_STYLE ('',( #1850 ) ) ;
#2768 = SURFACE_STYLE_FILL_AREA ( #5203 ) ;
#2769 = DIRECTION ( 'NONE',  ( -1.000000000000000000, 0.0000000000000000000, 0.0000000000000000000 ) ) ;
#2770 = CARTESIAN_POINT ( 'NONE',  ( 4.052040639368927444, -1.749999999999999778, 2.116552042568997649 ) ) ;
#2771 = EDGE_CURVE ( 'NONE', #422, #6541, #1398, .T. ) ;
#2772 = DIRECTION ( 'NONE',  ( 0.0000000000000000000, -0.0000000000000000000, -1.000000000000000000 ) ) ;
#2773 = CARTESIAN_POINT ( 'NONE',  ( 0.1810004547018969345, 0.5623383968338322436, 0.0000000000000000000 ) ) ;
#2774 = ORIENTED_EDGE ( 'NONE', *, *, #3620, .T. ) ;
#2775 = FILL_AREA_STYLE ('',( #1655 ) ) ;
#2776 = ADVANCED_FACE ( 'NONE', ( #2533 ), #6136, .F. ) ;
#2777 = CARTESIAN_POINT ( 'NONE',  ( 0.2790505807813844497, 0.3255654276565430605, 0.01000000000000000021 ) ) ;
#2778 =( NAMED_UNIT ( * ) SI_UNIT ( $, .STERADIAN. ) SOLID_ANGLE_UNIT ( ) );
#2779 = SURFACE_STYLE_FILL_AREA ( #4035 ) ;
#2780 = VECTOR ( 'NONE', #3502, 1000.000000000000000 ) ;
#2781 = CARTESIAN_POINT ( 'NONE',  ( 3.003586417958283405, -1.749999999999999778, 3.912701290971654089 ) ) ;
#2782 = EDGE_CURVE ( 'NONE', #6776, #1466, #6049, .T. ) ;
#2783 = EDGE_LOOP ( 'NONE', ( #6873, #929, #5273, #5155 ) ) ;
#2784 = SURFACE_STYLE_USAGE ( .BOTH. , #4565 ) ;
#2785 = DIRECTION ( 'NONE',  ( 1.000000000000000000, 0.0000000000000000000, 0.0000000000000000000 ) ) ;
#2786 = SURFACE_STYLE_USAGE ( .BOTH. , #1529 ) ;
#2787 = CARTESIAN_POINT ( 'NONE',  ( -2.750000000000000000, -0.2999999999999997669, 4.699999999999997513 ) ) ;
#2788 = ORIENTED_EDGE ( 'NONE', *, *, #114, .F. ) ;
#2789 = AXIS2_PLACEMENT_3D ( 'NONE', #2416, #7411, #39 ) ;
#2790 = CARTESIAN_POINT ( 'NONE',  ( -0.4053933620001731741, 0.4826183667282198941, 0.0000000000000000000 ) ) ;
#2791 = ORIENTED_EDGE ( 'NONE', *, *, #4475, .F. ) ;
#2792 =( GEOMETRIC_REPRESENTATION_CONTEXT ( 3 ) GLOBAL_UNCERTAINTY_ASSIGNED_CONTEXT ( ( #6960 ) ) GLOBAL_UNIT_ASSIGNED_CONTEXT ( ( #2467, #1258, #3156 ) ) REPRESENTATION_CONTEXT ( 'NONE', 'WORKASPACE' ) );
#2793 = DIRECTION ( 'NONE',  ( -0.0000000000000000000, 0.0000000000000000000, 1.000000000000000000 ) ) ;
#2794 = LINE ( 'NONE', #6363, #530 ) ;
#2795 = CARTESIAN_POINT ( 'NONE',  ( -3.250000000000000000, -0.2999999999999997669, 5.000000000000000888 ) ) ;
#2796 = UNCERTAINTY_MEASURE_WITH_UNIT (LENGTH_MEASURE( 1.000000000000000082E-05 ), #5355, 'distance_accuracy_value', 'NONE');
#2797 = DIRECTION ( 'NONE',  ( -1.000000000000000000, -0.0000000000000000000, -0.0000000000000000000 ) ) ;
#2798 = FACE_OUTER_BOUND ( 'NONE', #5624, .T. ) ;
#2799 = ORIENTED_EDGE ( 'NONE', *, *, #4416, .F. ) ;
#2800 = SURFACE_STYLE_USAGE ( .BOTH. , #4666 ) ;
#2801 = EDGE_CURVE ( 'NONE', #256, #888, #2868, .T. ) ;
#2802 = ORIENTED_EDGE ( 'NONE', *, *, #780, .T. ) ;
#2803 = AXIS2_PLACEMENT_3D ( 'NONE', #4297, #3621, #7377 ) ;
#2804 = CARTESIAN_POINT ( 'NONE',  ( -3.250000000000000000, 0.0000000000000000000, 1.000000000000000000 ) ) ;
#2805 = DIRECTION ( 'NONE',  ( 1.000000000000000000, -0.0000000000000000000, 0.0000000000000000000 ) ) ;
#2806 = FACE_OUTER_BOUND ( 'NONE', #2208, .T. ) ;
#2807 = ORIENTED_EDGE ( 'NONE', *, *, #6636, .T. ) ;
#2808 =( GEOMETRIC_REPRESENTATION_CONTEXT ( 3 ) GLOBAL_UNCERTAINTY_ASSIGNED_CONTEXT ( ( #2383 ) ) GLOBAL_UNIT_ASSIGNED_CONTEXT ( ( #1001, #5890, #1587 ) ) REPRESENTATION_CONTEXT ( 'NONE', 'WORKASPACE' ) );
#2809 = SURFACE_STYLE_FILL_AREA ( #4107 ) ;
#2810 = PLANE ( 'NONE',  #2701 ) ;
#2811 = ORIENTED_EDGE ( 'NONE', *, *, #1701, .F. ) ;
#2812 = CARTESIAN_POINT ( 'NONE',  ( -0.2401018869614961748, 0.5649908286080940201, 0.0000000000000000000 ) ) ;
#2813 = VECTOR ( 'NONE', #3343, 1000.000000000000000 ) ;
#2814 = FILL_AREA_STYLE ('',( #1585 ) ) ;
#2815 = EDGE_LOOP ( 'NONE', ( #1845, #6312, #2679, #6431 ) ) ;
#2816 = PRESENTATION_STYLE_ASSIGNMENT (( #1338 ) ) ;
#2817 = EDGE_CURVE ( 'NONE', #2027, #7307, #2734, .T. ) ;
#2818 = ORIENTED_EDGE ( 'NONE', *, *, #6268, .F. ) ;
#2819 = ADVANCED_FACE ( 'NONE', ( #1131 ), #3098, .T. ) ;
#2820 = VECTOR ( 'NONE', #5562, 1000.000000000000000 ) ;
#2821 = EDGE_CURVE ( 'NONE', #7637, #4567, #1686, .T. ) ;
#2822 = ORIENTED_EDGE ( 'NONE', *, *, #4611, .T. ) ;
#2823 = CARTESIAN_POINT ( 'NONE',  ( -0.2546555244024862330, 0.3246311488002033285, 0.0000000000000000000 ) ) ;
#2824 = CARTESIAN_POINT ( 'NONE',  ( -0.2546555244024862330, 0.3246311488002033285, 0.01000000000000000021 ) ) ;
#2825 = ORIENTED_EDGE ( 'NONE', *, *, #1333, .F. ) ;
#2826 = CARTESIAN_POINT ( 'NONE',  ( -2.750000000000000000, -0.7999999999999997113, 4.699999999999997513 ) ) ;
#2827 = CARTESIAN_POINT ( 'NONE',  ( -0.2105835148775653254, 0.5587415475420023370, 0.01000000000000000021 ) ) ;
#2828 = CARTESIAN_POINT ( 'NONE',  ( 0.2774536763591002320, 0.5135174019255029920, 0.0000000000000000000 ) ) ;
#2829 = UNCERTAINTY_MEASURE_WITH_UNIT (LENGTH_MEASURE( 1.000000000000000082E-05 ), #3406, 'distance_accuracy_value', 'NONE');
#2830 =( LENGTH_UNIT ( ) NAMED_UNIT ( * ) SI_UNIT ( .MILLI., .METRE. ) );
#2831 = FACE_OUTER_BOUND ( 'NONE', #4050, .T. ) ;
#2832 = CARTESIAN_POINT ( 'NONE',  ( 0.2261171330251723621, 0.5547818667535291404, 0.009999999999999995004 ) ) ;
#2833 = VECTOR ( 'NONE', #2772, 1000.000000000000000 ) ;
#2834 = ORIENTED_EDGE ( 'NONE', *, *, #1896, .F. ) ;
#2835 = EDGE_CURVE ( 'NONE', #43, #115, #3304, .T. ) ;
#2836 = CARTESIAN_POINT ( 'NONE',  ( 4.052040639368927444, -1.749999999999999778, 3.912701290971654089 ) ) ;
#2837 = CARTESIAN_POINT ( 'NONE',  ( 0.0000000000000000000, 0.2953628561172763622, 0.01000000000000000021 ) ) ;
#2838 =( NAMED_UNIT ( * ) PLANE_ANGLE_UNIT ( ) SI_UNIT ( $, .RADIAN. ) );
#2839 = PRESENTATION_STYLE_ASSIGNMENT (( #106 ) ) ;
#2840 = DIRECTION ( 'NONE',  ( 0.0000000000000000000, -1.000000000000000000, 0.0000000000000000000 ) ) ;
#2841 = FACE_OUTER_BOUND ( 'NONE', #7628, .T. ) ;
#2842 = SURFACE_STYLE_FILL_AREA ( #3686 ) ;
#2843 = AXIS2_PLACEMENT_3D ( 'NONE', #2191, #6580, #5327 ) ;
#2844 = CARTESIAN_POINT ( 'NONE',  ( -0.4017968910333116206, 0.4012337777023536334, 0.01000000000000000021 ) ) ;
#2845 = CARTESIAN_POINT ( 'NONE',  ( -0.3672436914298968236, 0.4529504472396573278, 0.0000000000000000000 ) ) ;
#2846 = MECHANICAL_DESIGN_GEOMETRIC_PRESENTATION_REPRESENTATION (  '', ( #674 ), #5764 ) ;
#2847 = ORIENTED_EDGE ( 'NONE', *, *, #5962, .F. ) ;
#2848 = FACE_OUTER_BOUND ( 'NONE', #5582, .T. ) ;
#2849 = CARTESIAN_POINT ( 'NONE',  ( 0.4883021870966009481, 0.3381300993562126322, 0.01000000000000000021 ) ) ;
#2850 = PRESENTATION_STYLE_ASSIGNMENT (( #6518 ) ) ;
#2851 = ORIENTED_EDGE ( 'NONE', *, *, #6628, .T. ) ;
#2852 = CARTESIAN_POINT ( 'NONE',  ( -4.699999999999998401, -2.250000000000000000, 0.5000000000000004441 ) ) ;
#2853 = CARTESIAN_POINT ( 'NONE',  ( 0.2628801661146187296, 0.3567808140862367416, 0.0000000000000000000 ) ) ;
#2854 =( NAMED_UNIT ( * ) SI_UNIT ( $, .STERADIAN. ) SOLID_ANGLE_UNIT ( ) );
#2855 =( NAMED_UNIT ( * ) SI_UNIT ( $, .STERADIAN. ) SOLID_ANGLE_UNIT ( ) );
#2856 = AXIS2_PLACEMENT_3D ( 'NONE', #3928, #6343, #6962 ) ;
#2857 = CARTESIAN_POINT ( 'NONE',  ( -0.1871578880752834961, 0.5484405126145901477, 0.01000000000000000021 ) ) ;
#2858 = FACE_OUTER_BOUND ( 'NONE', #5919, .T. ) ;
#2859 = AXIS2_PLACEMENT_3D ( 'NONE', #7692, #379, #4658 ) ;
#2860 = CARTESIAN_POINT ( 'NONE',  ( -0.2268253582809206248, 0.3271909613057513710, 0.01000000000000000021 ) ) ;
#2861 = SURFACE_SIDE_STYLE ('',( #3608 ) ) ;
#2862 = CARTESIAN_POINT ( 'NONE',  ( 0.2774536763591002320, 0.5135174019255029920, 0.009999999999999995004 ) ) ;
#2863 = VECTOR ( 'NONE', #7882, 1000.000000000000000 ) ;
#2864 = SURFACE_STYLE_USAGE ( .BOTH. , #441 ) ;
#2865 = CARTESIAN_POINT ( 'NONE',  ( 4.449999999999998401, 0.1500000000000004663, 4.390000000000003233 ) ) ;
#2866 = LINE ( 'NONE', #4075, #5504 ) ;
#2867 = MECHANICAL_DESIGN_GEOMETRIC_PRESENTATION_REPRESENTATION (  '', ( #799 ), #4244 ) ;
#2868 = B_SPLINE_CURVE_WITH_KNOTS ( 'NONE', 3,
 ( #7898, #6044, #1729, #640, #1805, #2967, #6153, #2406, #2945, #4242, #5484, #3042, #6068, #2326, #4856, #6795, #117, #5614, #4938 ),
 .UNSPECIFIED., .F., .F.,
 ( 4, 1, 1, 1, 1, 1, 1, 1, 1, 1, 1, 1, 1, 1, 1, 1, 4 ),
 ( 0.0000000000000000000, 0.06783841660733061496, 0.1326656434087701009, 0.1950657447946822776, 0.2555234309514929358, 0.3148483309060614577, 0.3734407740129910835, 0.4325871886461008509, 0.4922968904792611733, 0.5525421068354927634, 0.6123884543503393951, 0.6724902392689832142, 0.7338180907090232630, 0.7965787412736502482, 0.8614392432807721489, 0.9291935480847504092, 1.000000000000000000 ),
 .UNSPECIFIED. ) ;
#2869 = ORIENTED_EDGE ( 'NONE', *, *, #652, .F. ) ;
#2870 = PRESENTATION_STYLE_ASSIGNMENT (( #7465 ) ) ;
#2871 =( LENGTH_UNIT ( ) NAMED_UNIT ( * ) SI_UNIT ( .MILLI., .METRE. ) );
#2872 = CARTESIAN_POINT ( 'NONE',  ( -4.650000000000001243, -1.950000000000002176, 6.000000000000000000 ) ) ;
#2873 = VECTOR ( 'NONE', #4289, 1000.000000000000000 ) ;
#2874 = LINE ( 'NONE', #2890, #1073 ) ;
#2875 = EDGE_CURVE ( 'NONE', #1367, #3732, #565, .T. ) ;
#2876 = ORIENTED_EDGE ( 'NONE', *, *, #7884, .F. ) ;
#2877 = LINE ( 'NONE', #1147, #6570 ) ;
#2878 = PRESENTATION_LAYER_ASSIGNMENT (  '', '', ( #5650 ) ) ;
#2879 = LINE ( 'NONE', #2823, #6761 ) ;
#2880 = ADVANCED_FACE ( 'NONE', ( #5953 ), #3118, .F. ) ;
#2881 = LINE ( 'NONE', #2938, #810 ) ;
#2882 = COLOUR_RGB ( '',1.000000000000000000, 1.000000000000000000, 1.000000000000000000 ) ;
#2883 = CARTESIAN_POINT ( 'NONE',  ( -0.3192278285452049835, 0.3433832727924456263, 0.01000000000000000021 ) ) ;
#2884 = DIRECTION ( 'NONE',  ( 0.0000000000000000000, 0.9486832980505145452, -0.3162277660168359428 ) ) ;
#2885 = VERTEX_POINT ( 'NONE', #6178 ) ;
#2886 = EDGE_CURVE ( 'NONE', #7926, #7432, #5754, .T. ) ;
#2887 = VECTOR ( 'NONE', #4574, 1000.000000000000000 ) ;
#2888 = LINE ( 'NONE', #1486, #5428 ) ;
#2889 = ORIENTED_EDGE ( 'NONE', *, *, #4066, .F. ) ;
#2890 = CARTESIAN_POINT ( 'NONE',  ( -0.7499999999999997780, -0.7999999999999997113, -3.099999999999996980 ) ) ;
#2891 = SURFACE_SIDE_STYLE ('',( #7758 ) ) ;
#2892 = ORIENTED_EDGE ( 'NONE', *, *, #3232, .T. ) ;
#2893 = CARTESIAN_POINT ( 'NONE',  ( 0.2104750186720435179, 0.2975559163947156249, 0.0000000000000000000 ) ) ;
#2894 = DIRECTION ( 'NONE',  ( 0.0000000000000000000, -0.0000000000000000000, -1.000000000000000000 ) ) ;
#2895 =( LENGTH_UNIT ( ) NAMED_UNIT ( * ) SI_UNIT ( .MILLI., .METRE. ) );
#2896 = CARTESIAN_POINT ( 'NONE',  ( -0.1926970014457596303, 0.5515604026938166760, 0.0000000000000000000 ) ) ;
#2897 = VECTOR ( 'NONE', #2894, 1000.000000000000000 ) ;
#2898 = ORIENTED_EDGE ( 'NONE', *, *, #384, .T. ) ;
#2899 = CARTESIAN_POINT ( 'NONE',  ( -0.3670809560087376355, 0.4615169275150856620, 0.0000000000000000000 ) ) ;
#2900 = ORIENTED_EDGE ( 'NONE', *, *, #5797, .T. ) ;
#2901 = CARTESIAN_POINT ( 'NONE',  ( -1.249999999999999778, -0.7999999999999997113, 5.000000000000000888 ) ) ;
#2902 = LINE ( 'NONE', #1782, #4091 ) ;
#2903 = VECTOR ( 'NONE', #7668, 1000.000000000000000 ) ;
#2904 = PRESENTATION_LAYER_ASSIGNMENT (  '', '', ( #3207 ) ) ;
#2905 = ORIENTED_EDGE ( 'NONE', *, *, #4508, .T. ) ;
#2906 = MECHANICAL_DESIGN_GEOMETRIC_PRESENTATION_REPRESENTATION (  '', ( #2074 ), #3210 ) ;
#2907 = VERTEX_POINT ( 'NONE', #4403 ) ;
#2908 =( NAMED_UNIT ( * ) PLANE_ANGLE_UNIT ( ) SI_UNIT ( $, .RADIAN. ) );
#2909 = EDGE_CURVE ( 'NONE', #1406, #5356, #5289, .T. ) ;
#2910 = FACE_OUTER_BOUND ( 'NONE', #4581, .T. ) ;
#2911 = VERTEX_POINT ( 'NONE', #3794 ) ;
#2912 =( NAMED_UNIT ( * ) PLANE_ANGLE_UNIT ( ) SI_UNIT ( $, .RADIAN. ) );
#2913 = VECTOR ( 'NONE', #2750, 1000.000000000000000 ) ;
#2914 = CARTESIAN_POINT ( 'NONE',  ( 0.4945127869873255921, 0.3517878570008554084, 0.01000000000000000021 ) ) ;
#2915 = EDGE_LOOP ( 'NONE', ( #1210, #2673, #2037, #4847, #1300, #7181, #7441 ) ) ;
#2916 = PRESENTATION_LAYER_ASSIGNMENT (  '', '', ( #6513 ) ) ;
#2917 = CARTESIAN_POINT ( 'NONE',  ( 2.750000000000000444, -0.7999999999999997113, 1.000000000000000000 ) ) ;
#2918 = LINE ( 'NONE', #7713, #7929 ) ;
#2919 = AXIS2_PLACEMENT_3D ( 'NONE', #3770, #120, #721 ) ;
#2920 = VERTEX_POINT ( 'NONE', #1837 ) ;
#2921 = EDGE_CURVE ( 'NONE', #4168, #2661, #1677, .T. ) ;
#2922 = SURFACE_STYLE_USAGE ( .BOTH. , #5994 ) ;
#2923 = PLANE ( 'NONE',  #1074 ) ;
#2924 = ORIENTED_EDGE ( 'NONE', *, *, #3385, .F. ) ;
#2925 = CARTESIAN_POINT ( 'NONE',  ( 0.4849424674073919417, 0.3516188755453432124, 0.01000000000000000021 ) ) ;
#2926 = DIRECTION ( 'NONE',  ( 0.0000000000000000000, 0.0000000000000000000, 1.000000000000000000 ) ) ;
#2927 = CARTESIAN_POINT ( 'NONE',  ( -0.4331806768415105147, 0.5953628561172763511, 0.0000000000000000000 ) ) ;
#2928 = EDGE_CURVE ( 'NONE', #4835, #5361, #385, .T. ) ;
#2929 = ORIENTED_EDGE ( 'NONE', *, *, #769, .T. ) ;
#2930 = EDGE_LOOP ( 'NONE', ( #6100, #963, #497, #3188 ) ) ;
#2931 = CARTESIAN_POINT ( 'NONE',  ( 0.2392278701390087303, 0.5851001000733739854, 0.01000000000000000021 ) ) ;
#2932 = EDGE_CURVE ( 'NONE', #7926, #6586, #5189, .T. ) ;
#2933 = CARTESIAN_POINT ( 'NONE',  ( 0.3010079103533195855, 0.3451281757144222806, 0.0000000000000000000 ) ) ;
#2934 = DIRECTION ( 'NONE',  ( 0.0000000000000000000, 0.0000000000000000000, 1.000000000000000000 ) ) ;
#2935 = CARTESIAN_POINT ( 'NONE',  ( -0.3672233497452502271, 0.4439301762038284638, 0.01000000000000000021 ) ) ;
#2936 = CARTESIAN_POINT ( 'NONE',  ( -0.4024605062861698612, 0.4973369030566412996, 0.01000000000000000021 ) ) ;
#2937 = CARTESIAN_POINT ( 'NONE',  ( 0.2366774743390124003, 0.5503159000959710889, 0.0000000000000000000 ) ) ;
#2938 = CARTESIAN_POINT ( 'NONE',  ( 0.5400472194999528242, 0.4782896853855690411, 0.0000000000000000000 ) ) ;
#2939 = VECTOR ( 'NONE', #1979, 1000.000000000000114 ) ;
#2940 = ORIENTED_EDGE ( 'NONE', *, *, #6056, .F. ) ;
#2941 = VECTOR ( 'NONE', #7019, 1000.000000000000000 ) ;
#2942 = DIRECTION ( 'NONE',  ( 0.0000000000000000000, -1.178480622266855422E-16, 1.000000000000000000 ) ) ;
#2943 = EDGE_CURVE ( 'NONE', #7593, #2006, #7002, .T. ) ;
#2944 = ORIENTED_EDGE ( 'NONE', *, *, #6822, .T. ) ;
#2945 = CARTESIAN_POINT ( 'NONE',  ( -0.3595158799750623468, 0.5680805099544355974, 0.01000000000000000021 ) ) ;
#2946 = ADVANCED_FACE ( 'NONE', ( #187 ), #2602, .F. ) ;
#2947 = LINE ( 'NONE', #821, #4023 ) ;
#2948 = ORIENTED_EDGE ( 'NONE', *, *, #2943, .T. ) ;
#2949 = CARTESIAN_POINT ( 'NONE',  ( 0.3351120060853188254, 0.4415899902636178376, 0.0000000000000000000 ) ) ;
#2950 = FILL_AREA_STYLE ('',( #5945 ) ) ;
#2951 = MECHANICAL_DESIGN_GEOMETRIC_PRESENTATION_REPRESENTATION (  '', ( #5367 ), #4521 ) ;
#2952 = CARTESIAN_POINT ( 'NONE',  ( -0.3535472791448638352, 0.3250989947391757506, 0.01000000000000000021 ) ) ;
#2953 = LINE ( 'NONE', #6111, #4904 ) ;
#2954 =( NAMED_UNIT ( * ) SI_UNIT ( $, .STERADIAN. ) SOLID_ANGLE_UNIT ( ) );
#2955 = DIRECTION ( 'NONE',  ( 0.0000000000000000000, 0.0000000000000000000, 1.000000000000000000 ) ) ;
#2956 = AXIS2_PLACEMENT_3D ( 'NONE', #6293, #2563, #4465 ) ;
#2957 = CARTESIAN_POINT ( 'NONE',  ( 0.3179736270435553624, 0.5180784173692071226, 0.01000000000000000021 ) ) ;
#2958 = LINE ( 'NONE', #277, #4921 ) ;
#2959 = ORIENTED_EDGE ( 'NONE', *, *, #7379, .T. ) ;
#2960 = PRESENTATION_LAYER_ASSIGNMENT (  '', '', ( #5174 ) ) ;
#2961 = DIRECTION ( 'NONE',  ( 0.0000000000000000000, -0.0000000000000000000, -1.000000000000000000 ) ) ;
#2962 = PRODUCT_RELATED_PRODUCT_CATEGORY ( 'part', '', ( #7061 ) ) ;
#2963 = VECTOR ( 'NONE', #1468, 1000.000000000000000 ) ;
#2964 = FACE_OUTER_BOUND ( 'NONE', #526, .T. ) ;
#2965 = EDGE_LOOP ( 'NONE', ( #2015, #5478, #2822, #3690 ) ) ;
#2966 = VECTOR ( 'NONE', #6811, 1000.000000000000000 ) ;
#2967 = CARTESIAN_POINT ( 'NONE',  ( -0.3245825436581721291, 0.5891804209091522360, 0.01000000000000000021 ) ) ;
#2968 = CARTESIAN_POINT ( 'NONE',  ( 0.3179498358955349935, 0.3685061639349014873, 0.01000000000000000021 ) ) ;
#2969 = AXIS2_PLACEMENT_3D ( 'NONE', #5828, #4618, #6480 ) ;
#2970 = ORIENTED_EDGE ( 'NONE', *, *, #6689, .T. ) ;
#2971 = DIRECTION ( 'NONE',  ( 0.0000000000000000000, 1.000000000000000000, 0.0000000000000000000 ) ) ;
#2972 = CARTESIAN_POINT ( 'NONE',  ( -0.3510498080236360563, 0.5171076180070738326, 0.01000000000000000021 ) ) ;
#2973 = CARTESIAN_POINT ( 'NONE',  ( -0.3224153060279746352, 0.5483368076113085410, 0.01000000000000000021 ) ) ;
#2974 = EDGE_CURVE ( 'NONE', #7634, #2920, #4794, .T. ) ;
#2975 = VECTOR ( 'NONE', #7551, 1000.000000000000000 ) ;
#2976 = FACE_OUTER_BOUND ( 'NONE', #730, .T. ) ;
#2977 = VECTOR ( 'NONE', #781, 1000.000000000000000 ) ;
#2978 = ADVANCED_FACE ( 'NONE', ( #2831 ), #3868, .T. ) ;
#2979 = EDGE_LOOP ( 'NONE', ( #5425, #381, #7612, #6092 ) ) ;
#2980 = DIRECTION ( 'NONE',  ( 0.0000000000000000000, -0.9486832980505145452, -0.3162277660168359428 ) ) ;
#2981 =( LENGTH_UNIT ( ) NAMED_UNIT ( * ) SI_UNIT ( .MILLI., .METRE. ) );
#2982 = FACE_OUTER_BOUND ( 'NONE', #53, .T. ) ;
#2983 = CARTESIAN_POINT ( 'NONE',  ( 0.3010409982478519653, 0.5426611766515839763, 0.0000000000000000000 ) ) ;
#2984 = ORIENTED_EDGE ( 'NONE', *, *, #2835, .F. ) ;
#2985 = EDGE_CURVE ( 'NONE', #3559, #3287, #286, .T. ) ;
#2986 = ORIENTED_EDGE ( 'NONE', *, *, #1480, .T. ) ;
#2987 = FILL_AREA_STYLE_COLOUR ( '', #1356 ) ;
#2988 = DIRECTION ( 'NONE',  ( -0.0000000000000000000, 0.0000000000000000000, 1.000000000000000000 ) ) ;
#2989 = ORIENTED_EDGE ( 'NONE', *, *, #2509, .F. ) ;
#2990 =( NAMED_UNIT ( * ) PLANE_ANGLE_UNIT ( ) SI_UNIT ( $, .RADIAN. ) );
#2991 =( LENGTH_UNIT ( ) NAMED_UNIT ( * ) SI_UNIT ( .MILLI., .METRE. ) );
#2992 = CARTESIAN_POINT ( 'NONE',  ( 0.2710904097872501306, 0.5226598911155048155, 0.0000000000000000000 ) ) ;
#2993 = ORIENTED_EDGE ( 'NONE', *, *, #4620, .F. ) ;
#2994 = PRESENTATION_LAYER_ASSIGNMENT (  '', '', ( #3734 ) ) ;
#2995 = UNCERTAINTY_MEASURE_WITH_UNIT (LENGTH_MEASURE( 1.000000000000000082E-05 ), #2318, 'distance_accuracy_value', 'NONE');
#2996 = ORIENTED_EDGE ( 'NONE', *, *, #1065, .T. ) ;
#2997 = DIRECTION ( 'NONE',  ( -4.956352788505164254E-16, 1.000000000000000000, 0.0000000000000000000 ) ) ;
#2998 = CARTESIAN_POINT ( 'NONE',  ( 1.149999999999999911, 0.0000000000000000000, -3.399999999999999911 ) ) ;
#2999 = CARTESIAN_POINT ( 'NONE',  ( -0.3382255690317737540, 0.5344068729637714288, 0.0000000000000000000 ) ) ;
#3000 = SURFACE_SIDE_STYLE ('',( #205 ) ) ;
#3001 = VERTEX_POINT ( 'NONE', #6954 ) ;
#3002 =( GEOMETRIC_REPRESENTATION_CONTEXT ( 3 ) GLOBAL_UNCERTAINTY_ASSIGNED_CONTEXT ( ( #7523 ) ) GLOBAL_UNIT_ASSIGNED_CONTEXT ( ( #891, #3323, #2698 ) ) REPRESENTATION_CONTEXT ( 'NONE', 'WORKASPACE' ) );
#3003 = ORIENTED_EDGE ( 'NONE', *, *, #5441, .T. ) ;
#3004 = MECHANICAL_DESIGN_GEOMETRIC_PRESENTATION_REPRESENTATION (  '', ( #841 ), #6345 ) ;
#3005 = CARTESIAN_POINT ( 'NONE',  ( 0.1764801463292212658, 0.5624360268489836390, 0.01000000000000000021 ) ) ;
#3006 = VECTOR ( 'NONE', #4026, 1000.000000000000000 ) ;
#3007 = ORIENTED_EDGE ( 'NONE', *, *, #5400, .T. ) ;
#3008 = CARTESIAN_POINT ( 'NONE',  ( 0.3325758426158494929, 0.4745704202586980558, 0.0000000000000000000 ) ) ;
#3009 = FILL_AREA_STYLE ('',( #1272 ) ) ;
#3010 = ORIENTED_EDGE ( 'NONE', *, *, #2771, .T. ) ;
#3011 =( NAMED_UNIT ( * ) PLANE_ANGLE_UNIT ( ) SI_UNIT ( $, .RADIAN. ) );
#3012 = ORIENTED_EDGE ( 'NONE', *, *, #6156, .F. ) ;
#3013 = ORIENTED_EDGE ( 'NONE', *, *, #7671, .T. ) ;
#3014 = ADVANCED_FACE ( 'NONE', ( #4318 ), #5016, .F. ) ;
#3015 = CARTESIAN_POINT ( 'NONE',  ( -0.3747770803381662574, 0.3465997691790096980, 0.01000000000000000021 ) ) ;
#3016 = DIRECTION ( 'NONE',  ( 1.000000000000000000, 0.0000000000000000000, 0.0000000000000000000 ) ) ;
#3017 = FILL_AREA_STYLE_COLOUR ( '', #1039 ) ;
#3018 = FACE_OUTER_BOUND ( 'NONE', #6088, .T. ) ;
#3019 = CARTESIAN_POINT ( 'NONE',  ( 4.450000000000001066, -0.6499999999999998002, 5.800000000000001599 ) ) ;
#3020 = ORIENTED_EDGE ( 'NONE', *, *, #2242, .T. ) ;
#3021 = CARTESIAN_POINT ( 'NONE',  ( 0.3010409982478519653, 0.5426611766515839763, 0.01000000000000000194 ) ) ;
#3022 = CARTESIAN_POINT ( 'NONE',  ( -0.3535472791448638352, 0.3250989947391757506, 0.0000000000000000000 ) ) ;
#3023 = CARTESIAN_POINT ( 'NONE',  ( -0.2728208780868150440, 0.5658003208382740290, 0.01000000000000000021 ) ) ;
#3024 = SURFACE_STYLE_USAGE ( .BOTH. , #1789 ) ;
#3025 = CARTESIAN_POINT ( 'NONE',  ( -0.2019549676862398835, 0.5883601625426860826, 0.0000000000000000000 ) ) ;
#3026 = CARTESIAN_POINT ( 'NONE',  ( 0.2666065269358916523, 0.5719986334910671655, 0.01000000000000000021 ) ) ;
#3027 = FACE_OUTER_BOUND ( 'NONE', #4320, .T. ) ;
#3028 = EDGE_CURVE ( 'NONE', #2552, #5374, #3506, .T. ) ;
#3029 = CARTESIAN_POINT ( 'NONE',  ( -4.950000000000000178, 0.1500000000000004663, 4.390000000000003233 ) ) ;
#3030 = ADVANCED_FACE ( 'NONE', ( #3018 ), #47, .T. ) ;
#3031 =( NAMED_UNIT ( * ) SI_UNIT ( $, .STERADIAN. ) SOLID_ANGLE_UNIT ( ) );
#3032 = CARTESIAN_POINT ( 'NONE',  ( -0.2161145231346344453, 0.2946043547979605992, 0.0000000000000000000 ) ) ;
#3033 = CARTESIAN_POINT ( 'NONE',  ( 0.3351120060853188254, 0.4415899902636178376, 0.0000000000000000000 ) ) ;
#3034 = VERTEX_POINT ( 'NONE', #1615 ) ;
#3035 = FILL_AREA_STYLE_COLOUR ( '', #2730 ) ;
#3036 = ADVANCED_FACE ( 'NONE', ( #4214 ), #2393, .F. ) ;
#3037 = CARTESIAN_POINT ( 'NONE',  ( -0.2783362722100509723, 0.3265794651113075320, 0.01000000000000000021 ) ) ;
#3038 = CARTESIAN_POINT ( 'NONE',  ( -0.1844001890366325780, 0.3438384658733740773, 0.0000000000000000000 ) ) ;
#3039 = DIRECTION ( 'NONE',  ( -0.0000000000000000000, -1.000000000000000000, -5.421010862427526114E-16 ) ) ;
#3040 = PRESENTATION_LAYER_ASSIGNMENT (  '', '', ( #3999 ) ) ;
#3041 = DIRECTION ( 'NONE',  ( -0.0000000000000000000, -1.000000000000000000, 0.0000000000000000000 ) ) ;
#3042 = CARTESIAN_POINT ( 'NONE',  ( -0.3862403492984643472, 0.5365941101836531058, 0.01000000000000000021 ) ) ;
#3043 = ORIENTED_EDGE ( 'NONE', *, *, #4587, .T. ) ;
#3044 = LINE ( 'NONE', #7674, #586 ) ;
#3045 = COLOUR_RGB ( '',0.9686274509803921573, 0.8784313725490195957, 0.5999999999999999778 ) ;
#3046 = FACE_OUTER_BOUND ( 'NONE', #5840, .T. ) ;
#3047 = CARTESIAN_POINT ( 'NONE',  ( 0.03511200608531873241, 0.5624360268489836390, 0.0000000000000000000 ) ) ;
#3048 = SURFACE_STYLE_USAGE ( .BOTH. , #1810 ) ;
#3049 = LINE ( 'NONE', #3219, #6845 ) ;
#3050 =( GEOMETRIC_REPRESENTATION_CONTEXT ( 3 ) GLOBAL_UNCERTAINTY_ASSIGNED_CONTEXT ( ( #2124 ) ) GLOBAL_UNIT_ASSIGNED_CONTEXT ( ( #2670, #6407, #7666 ) ) REPRESENTATION_CONTEXT ( 'NONE', 'WORKASPACE' ) );
#3051 = AXIS2_PLACEMENT_3D ( 'NONE', #2394, #5949, #7194 ) ;
#3052 = VECTOR ( 'NONE', #4131, 1000.000000000000000 ) ;
#3053 = CARTESIAN_POINT ( 'NONE',  ( -3.250000000000000000, -0.7999999999999997113, 4.699999999999997513 ) ) ;
#3054 = VERTEX_POINT ( 'NONE', #1199 ) ;
#3055 = EDGE_CURVE ( 'NONE', #2006, #3001, #6459, .T. ) ;
#3056 = CARTESIAN_POINT ( 'NONE',  ( 0.2243697996426999575, 0.5897773272888193752, 0.01000000000000000021 ) ) ;
#3057 = ADVANCED_FACE ( 'NONE', ( #6135 ), #6867, .F. ) ;
#3058 = DIRECTION ( 'NONE',  ( -1.000000000000000000, 0.0000000000000000000, 0.0000000000000000000 ) ) ;
#3059 = CARTESIAN_POINT ( 'NONE',  ( 0.2666065269358916523, 0.5719986334910671655, 0.0000000000000000000 ) ) ;
#3060 = PRESENTATION_LAYER_ASSIGNMENT (  '', '', ( #2534 ) ) ;
#3061 = DIRECTION ( 'NONE',  ( -1.000000000000000000, 0.0000000000000000000, -0.0000000000000000000 ) ) ;
#3062 = ORIENTED_EDGE ( 'NONE', *, *, #297, .F. ) ;
#3063 = LINE ( 'NONE', #2288, #7600 ) ;
#3064 = AXIS2_PLACEMENT_3D ( 'NONE', #4711, #3373, #6515 ) ;
#3065 = CARTESIAN_POINT ( 'NONE',  ( 4.950000000000000178, -0.2399999999999994083, 4.389999999999999680 ) ) ;
#3066 = AXIS2_PLACEMENT_3D ( 'NONE', #5307, #5275, #416 ) ;
#3067 = CARTESIAN_POINT ( 'NONE',  ( -0.3655932038777682802, 0.4217264800544878733, 0.01000000000000000021 ) ) ;
#3068 = UNCERTAINTY_MEASURE_WITH_UNIT (LENGTH_MEASURE( 1.000000000000000082E-05 ), #4144, 'distance_accuracy_value', 'NONE');
#3069 = DIRECTION ( 'NONE',  ( -0.0000000000000000000, 0.0000000000000000000, 1.000000000000000000 ) ) ;
#3070 = DIRECTION ( 'NONE',  ( -0.0000000000000000000, 1.000000000000000000, -0.0000000000000000000 ) ) ;
#3071 = FILL_AREA_STYLE ('',( #6907 ) ) ;
#3072 = VERTEX_POINT ( 'NONE', #1301 ) ;
#3073 = CARTESIAN_POINT ( 'NONE',  ( -0.08561970123175441372, 0.3282896853855690189, 0.0000000000000000000 ) ) ;
#3074 = EDGE_CURVE ( 'NONE', #348, #2515, #4108, .T. ) ;
#3075 = LINE ( 'NONE', #1725, #3665 ) ;
#3076 = CARTESIAN_POINT ( 'NONE',  ( 0.2544846658788196270, 0.3500848141600366170, 0.01000000000000000021 ) ) ;
#3077 = SURFACE_STYLE_USAGE ( .BOTH. , #7317 ) ;
#3078 = ORIENTED_EDGE ( 'NONE', *, *, #6701, .F. ) ;
#3079 = EDGE_CURVE ( 'NONE', #434, #5052, #2524, .T. ) ;
#3080 = COLOUR_RGB ( '',1.000000000000000000, 1.000000000000000000, 1.000000000000000000 ) ;
#3081 = LINE ( 'NONE', #6482, #6096 ) ;
#3082 = ORIENTED_EDGE ( 'NONE', *, *, #461, .T. ) ;
#3083 = B_SPLINE_SURFACE_WITH_KNOTS ( 'NONE', 3, 1, ( 
 ( #881, #3878 ),
 ( #2685, #3312 ),
 ( #1465, #221 ),
 ( #5795, #2076 ),
 ( #4510, #908 ),
 ( #1495, #5824 ),
 ( #2101, #6449 ),
 ( #2719, #2862 ),
 ( #2125, #3416 ),
 ( #336, #7083 ),
 ( #2227, #5270 ),
 ( #2151, #5303 ),
 ( #6506, #1575 ),
 ( #6587, #2832 ),
 ( #4669, #6551 ),
 ( #1544, #6477 ),
 ( #7158, #3475 ),
 ( #2773, #989 ),
 ( #5876, #5909 ) ),
 .UNSPECIFIED., .F., .F., .F.,
 ( 4, 1, 1, 1, 1, 1, 1, 1, 1, 1, 1, 1, 1, 1, 1, 1, 4 ),
 ( 2, 2 ),
 ( 0.0000000000000000000, 0.07231852612825195870, 0.1405175066372490456, 0.2057017662253163293, 0.2683437271892806786, 0.3284604895109689560, 0.3869951025235675024, 0.4449032329307489597, 0.5026625594549379850, 0.5605968644215431063, 0.6181891980312816948, 0.6763455111192460123, 0.7360267873374159997, 0.7975250840044389999, 0.8618312502832508049, 0.9291735728015679818, 0.9999999999999998890 ),
 ( 0.0000000000000000000, 1.000000000000000000 ),
 .UNSPECIFIED. ) ;
#3084 = DIRECTION ( 'NONE',  ( -1.000000000000000000, 0.0000000000000000000, 0.0000000000000000000 ) ) ;
#3085 = CARTESIAN_POINT ( 'NONE',  ( -0.2321877772008160701, 0.5964828947189113606, 0.0000000000000000000 ) ) ;
#3086 = VERTEX_POINT ( 'NONE', #6947 ) ;
#3087 = FILL_AREA_STYLE ('',( #1224 ) ) ;
#3088 = CARTESIAN_POINT ( 'NONE',  ( -0.4075709207439496273, 0.4510221548977642603, 0.01000000000000000021 ) ) ;
#3089 = CARTESIAN_POINT ( 'NONE',  ( 1.250000000000000222, -0.2999999999999997669, 0.0000000000000000000 ) ) ;
#3090 = DIRECTION ( 'NONE',  ( 0.0000000000000000000, 0.0000000000000000000, -1.000000000000000000 ) ) ;
#3091 = LINE ( 'NONE', #2493, #2297 ) ;
#3092 = LINE ( 'NONE', #6462, #7346 ) ;
#3093 = EDGE_CURVE ( 'NONE', #2526, #266, #4593, .T. ) ;
#3094 = VERTEX_POINT ( 'NONE', #3141 ) ;
#3095 = DIRECTION ( 'NONE',  ( -4.956352788505164254E-16, 1.000000000000000000, 0.0000000000000000000 ) ) ;
#3096 = VECTOR ( 'NONE', #7429, 1000.000000000000000 ) ;
#3097 = EDGE_LOOP ( 'NONE', ( #4313, #6911, #982, #5751 ) ) ;
#3098 = PLANE ( 'NONE',  #2751 ) ;
#3099 = ADVANCED_FACE ( 'NONE', ( #4004 ), #739, .F. ) ;
#3100 = LINE ( 'NONE', #4493, #1941 ) ;
#3101 =( GEOMETRIC_REPRESENTATION_CONTEXT ( 3 ) GLOBAL_UNCERTAINTY_ASSIGNED_CONTEXT ( ( #1966 ) ) GLOBAL_UNIT_ASSIGNED_CONTEXT ( ( #5029, #3162, #202 ) ) REPRESENTATION_CONTEXT ( 'NONE', 'WORKASPACE' ) );
#3102 = ORIENTED_EDGE ( 'NONE', *, *, #4066, .T. ) ;
#3103 = CARTESIAN_POINT ( 'NONE',  ( 0.0000000000000000000, 0.5624360268489836390, 0.01000000000000000021 ) ) ;
#3104 = ORIENTED_EDGE ( 'NONE', *, *, #1498, .T. ) ;
#3105 = CARTESIAN_POINT ( 'NONE',  ( -0.2614009512317545525, 0.5660945634343496069, 0.0000000000000000000 ) ) ;
#3106 = DIRECTION ( 'NONE',  ( 0.0000000000000000000, 0.0000000000000000000, 1.000000000000000000 ) ) ;
#3107 =( NAMED_UNIT ( * ) SI_UNIT ( $, .STERADIAN. ) SOLID_ANGLE_UNIT ( ) );
#3108 = VERTEX_POINT ( 'NONE', #688 ) ;
#3109 = ADVANCED_FACE ( 'NONE', ( #5470 ), #2539, .F. ) ;
#3110 = VECTOR ( 'NONE', #4054, 1000.000000000000000 ) ;
#3111 = CARTESIAN_POINT ( 'NONE',  ( -0.1872152062691293251, 0.5813678505304393784, 0.0000000000000000000 ) ) ;
#3112 = ORIENTED_EDGE ( 'NONE', *, *, #508, .F. ) ;
#3113 =( GEOMETRIC_REPRESENTATION_CONTEXT ( 3 ) GLOBAL_UNCERTAINTY_ASSIGNED_CONTEXT ( ( #7534 ) ) GLOBAL_UNIT_ASSIGNED_CONTEXT ( ( #2871, #4169, #1688 ) ) REPRESENTATION_CONTEXT ( 'NONE', 'WORKASPACE' ) );
#3114 = MECHANICAL_DESIGN_GEOMETRIC_PRESENTATION_REPRESENTATION (  '', ( #6452 ), #525 ) ;
#3115 = ORIENTED_EDGE ( 'NONE', *, *, #6736, .T. ) ;
#3116 =( LENGTH_UNIT ( ) NAMED_UNIT ( * ) SI_UNIT ( .MILLI., .METRE. ) );
#3117 = CARTESIAN_POINT ( 'NONE',  ( -3.250000000000000000, -0.7999999999999997113, 5.000000000000000888 ) ) ;
#3118 = CYLINDRICAL_SURFACE ( 'NONE', #993, 0.3899999999999997358 ) ;
#3119 = PLANE ( 'NONE',  #7408 ) ;
#3120 = ORIENTED_EDGE ( 'NONE', *, *, #7477, .F. ) ;
#3121 = VERTEX_POINT ( 'NONE', #3786 ) ;
#3122 = CARTESIAN_POINT ( 'NONE',  ( 0.4844831951097088862, 0.3529848073367885530, 0.0000000000000000000 ) ) ;
#3123 = PRESENTATION_STYLE_ASSIGNMENT (( #5884 ) ) ;
#3124 = CARTESIAN_POINT ( 'NONE',  ( 0.1764801463292212658, 0.5624360268489836390, 0.0000000000000000000 ) ) ;
#3125 = PRESENTATION_LAYER_ASSIGNMENT (  '', '', ( #6305 ) ) ;
#3126 = DIRECTION ( 'NONE',  ( 0.0000000000000000000, 1.000000000000000000, -0.0000000000000000000 ) ) ;
#3127 = EDGE_LOOP ( 'NONE', ( #796, #5515, #6220, #61 ) ) ;
#3128 = FILL_AREA_STYLE ('',( #6848 ) ) ;
#3129 =( NAMED_UNIT ( * ) SI_UNIT ( $, .STERADIAN. ) SOLID_ANGLE_UNIT ( ) );
#3130 = EDGE_CURVE ( 'NONE', #1101, #1002, #7941, .T. ) ;
#3131 = SURFACE_SIDE_STYLE ('',( #4768 ) ) ;
#3132 = DIRECTION ( 'NONE',  ( 0.0000000000000000000, 0.0000000000000000000, -1.000000000000000000 ) ) ;
#3133 = DIRECTION ( 'NONE',  ( -0.0000000000000000000, 0.0000000000000000000, 1.000000000000000000 ) ) ;
#3134 = ORIENTED_EDGE ( 'NONE', *, *, #5848, .F. ) ;
#3135 = MECHANICAL_DESIGN_GEOMETRIC_PRESENTATION_REPRESENTATION (  '', ( #6360 ), #1643 ) ;
#3136 = VECTOR ( 'NONE', #1055, 1000.000000000000000 ) ;
#3137 = EDGE_CURVE ( 'NONE', #2586, #1676, #7178, .T. ) ;
#3138 = ORIENTED_EDGE ( 'NONE', *, *, #5328, .F. ) ;
#3139 = CARTESIAN_POINT ( 'NONE',  ( -0.2433241999714204074, 0.5979289557349410922, 0.0000000000000000000 ) ) ;
#3140 = VERTEX_POINT ( 'NONE', #4518 ) ;
#3141 = CARTESIAN_POINT ( 'NONE',  ( -1.150000000000000355, -0.7000000000000002887, 5.000000000000000888 ) ) ;
#3142 =( LENGTH_UNIT ( ) NAMED_UNIT ( * ) SI_UNIT ( .MILLI., .METRE. ) );
#3143 = SURFACE_STYLE_USAGE ( .BOTH. , #2506 ) ;
#3144 = DIRECTION ( 'NONE',  ( 1.000000000000000000, 0.0000000000000000000, 0.0000000000000000000 ) ) ;
#3145 = LINE ( 'NONE', #4732, #2863 ) ;
#3146 = SURFACE_STYLE_FILL_AREA ( #383 ) ;
#3147 = COLOUR_RGB ( '',1.000000000000000000, 1.000000000000000000, 1.000000000000000000 ) ;
#3148 = STYLED_ITEM ( 'NONE', ( #7214 ), #5351 ) ;
#3149 = CARTESIAN_POINT ( 'NONE',  ( 0.1781379207194651870, 0.3282896853855690744, 0.009999999999999991535 ) ) ;
#3150 = DIRECTION ( 'NONE',  ( 0.0000000000000000000, 1.000000000000000000, 0.0000000000000000000 ) ) ;
#3151 = PLANE ( 'NONE',  #1069 ) ;
#3152 = UNCERTAINTY_MEASURE_WITH_UNIT (LENGTH_MEASURE( 1.000000000000000082E-05 ), #3198, 'distance_accuracy_value', 'NONE');
#3153 = LINE ( 'NONE', #1627, #1710 ) ;
#3154 = SURFACE_SIDE_STYLE ('',( #5453 ) ) ;
#3155 = ORIENTED_EDGE ( 'NONE', *, *, #4406, .T. ) ;
#3156 =( NAMED_UNIT ( * ) SI_UNIT ( $, .STERADIAN. ) SOLID_ANGLE_UNIT ( ) );
#3157 = STYLED_ITEM ( 'NONE', ( #5662 ), #1866 ) ;
#3158 = SURFACE_SIDE_STYLE ('',( #7855 ) ) ;
#3159 = CARTESIAN_POINT ( 'NONE',  ( -4.449999999999999289, -1.749999999999999778, 1.000000000000000000 ) ) ;
#3160 = CARTESIAN_POINT ( 'NONE',  ( 0.2945793304225670650, 0.4289191282172827857, 0.0000000000000000000 ) ) ;
#3161 = PRESENTATION_LAYER_ASSIGNMENT (  '', '', ( #4957 ) ) ;
#3162 =( NAMED_UNIT ( * ) PLANE_ANGLE_UNIT ( ) SI_UNIT ( $, .RADIAN. ) );
#3163 = DIRECTION ( 'NONE',  ( 1.000000000000000000, -0.0000000000000000000, 0.0000000000000000000 ) ) ;
#3164 = FACE_OUTER_BOUND ( 'NONE', #236, .T. ) ;
#3165 = FILL_AREA_STYLE_COLOUR ( '', #1198 ) ;
#3166 = FILL_AREA_STYLE_COLOUR ( '', #6151 ) ;
#3167 =( NAMED_UNIT ( * ) PLANE_ANGLE_UNIT ( ) SI_UNIT ( $, .RADIAN. ) );
#3168 = ORIENTED_EDGE ( 'NONE', *, *, #7869, .T. ) ;
#3169 =( NAMED_UNIT ( * ) SI_UNIT ( $, .STERADIAN. ) SOLID_ANGLE_UNIT ( ) );
#3170 = CARTESIAN_POINT ( 'NONE',  ( 4.700000000000000178, -2.000000000000000444, 0.0000000000000000000 ) ) ;
#3171 = LINE ( 'NONE', #6011, #5143 ) ;
#3172 = AXIS2_PLACEMENT_3D ( 'NONE', #3948, #5104, #1381 ) ;
#3173 = CARTESIAN_POINT ( 'NONE',  ( 0.4844831951097088862, 0.3529848073367885530, 0.0000000000000000000 ) ) ;
#3174 = EDGE_LOOP ( 'NONE', ( #462, #1507, #1007, #3797, #4438 ) ) ;
#3175 = PRESENTATION_LAYER_ASSIGNMENT (  '', '', ( #3322 ) ) ;
#3176 = EDGE_CURVE ( 'NONE', #4213, #256, #6514, .T. ) ;
#3177 =( NAMED_UNIT ( * ) PLANE_ANGLE_UNIT ( ) SI_UNIT ( $, .RADIAN. ) );
#3178 = ORIENTED_EDGE ( 'NONE', *, *, #2364, .T. ) ;
#3179 = LINE ( 'NONE', #4608, #7900 ) ;
#3180 = ORIENTED_EDGE ( 'NONE', *, *, #7209, .T. ) ;
#3181 = CARTESIAN_POINT ( 'NONE',  ( 2.000000000000000000, -1.950000000000000400, 6.000000000000000000 ) ) ;
#3182 = FILL_AREA_STYLE ('',( #1944 ) ) ;
#3183 = VERTEX_POINT ( 'NONE', #6997 ) ;
#3184 = EDGE_CURVE ( 'NONE', #1466, #6789, #1955, .T. ) ;
#3185 = CARTESIAN_POINT ( 'NONE',  ( 0.7500000000000002220, -0.7999999999999997113, -3.099999999999996980 ) ) ;
#3186 = VECTOR ( 'NONE', #2062, 1000.000000000000000 ) ;
#3187 = SURFACE_STYLE_FILL_AREA ( #3956 ) ;
#3188 = ORIENTED_EDGE ( 'NONE', *, *, #5712, .F. ) ;
#3189 = CARTESIAN_POINT ( 'NONE',  ( 0.0000000000000000000, 0.0000000000000000000, 1.000000000000000000 ) ) ;
#3190 = EDGE_CURVE ( 'NONE', #2907, #5819, #1476, .T. ) ;
#3191 = ORIENTED_EDGE ( 'NONE', *, *, #7221, .T. ) ;
#3192 =( LENGTH_UNIT ( ) NAMED_UNIT ( * ) SI_UNIT ( .MILLI., .METRE. ) );
#3193 = SURFACE_SIDE_STYLE ('',( #6030 ) ) ;
#3194 = CARTESIAN_POINT ( 'NONE',  ( -0.5868392134268763938, 0.0000000000000000000, 0.01000000000000000021 ) ) ;
#3195 = FILL_AREA_STYLE_COLOUR ( '', #1383 ) ;
#3196 = ORIENTED_EDGE ( 'NONE', *, *, #6625, .F. ) ;
#3197 = CARTESIAN_POINT ( 'NONE',  ( -1.249999999999999778, -0.7999999999999997113, 4.699999999999997513 ) ) ;
#3198 =( LENGTH_UNIT ( ) NAMED_UNIT ( * ) SI_UNIT ( .MILLI., .METRE. ) );
#3199 = DIRECTION ( 'NONE',  ( -1.000000000000000000, 0.0000000000000000000, -0.0000000000000000000 ) ) ;
#3200 = ORIENTED_EDGE ( 'NONE', *, *, #2886, .F. ) ;
#3201 = DIRECTION ( 'NONE',  ( -1.000000000000000000, 0.0000000000000000000, 0.0000000000000000000 ) ) ;
#3202 = EDGE_CURVE ( 'NONE', #543, #5052, #6903, .T. ) ;
#3203 = VERTEX_POINT ( 'NONE', #7747 ) ;
#3204 = DIRECTION ( 'NONE',  ( -1.000000000000000000, 0.0000000000000000000, 0.0000000000000000000 ) ) ;
#3205 = VERTEX_POINT ( 'NONE', #7115 ) ;
#3206 = CARTESIAN_POINT ( 'NONE',  ( 0.2026691511538326329, 0.5606330523045366387, 0.01000000000000000021 ) ) ;
#3207 = STYLED_ITEM ( 'NONE', ( #5323 ), #915 ) ;
#3208 = DIRECTION ( 'NONE',  ( -0.9407669869669988971, 0.3390537954853693470, 0.0000000000000000000 ) ) ;
#3209 = ORIENTED_EDGE ( 'NONE', *, *, #5188, .T. ) ;
#3210 =( GEOMETRIC_REPRESENTATION_CONTEXT ( 3 ) GLOBAL_UNCERTAINTY_ASSIGNED_CONTEXT ( ( #7769 ) ) GLOBAL_UNIT_ASSIGNED_CONTEXT ( ( #1434, #5822, #3875 ) ) REPRESENTATION_CONTEXT ( 'NONE', 'WORKASPACE' ) );
#3211 = EDGE_LOOP ( 'NONE', ( #2025, #6782, #6533, #7463 ) ) ;
#3212 = EDGE_CURVE ( 'NONE', #2021, #755, #3389, .T. ) ;
#3213 = CARTESIAN_POINT ( 'NONE',  ( -0.2114976475631152875, 0.5916915151257737815, 0.01000000000000000021 ) ) ;
#3214 = CARTESIAN_POINT ( 'NONE',  ( -0.1844001890366325780, 0.3035945634343496513, 0.01000000000000000021 ) ) ;
#3215 = DIRECTION ( 'NONE',  ( 1.000000000000000000, -0.0000000000000000000, -0.0000000000000000000 ) ) ;
#3216 = ADVANCED_FACE ( 'NONE', ( #7837 ), #4715, .F. ) ;
#3217 = ORIENTED_EDGE ( 'NONE', *, *, #2248, .T. ) ;
#3218 = PRESENTATION_LAYER_ASSIGNMENT (  '', '', ( #4386 ) ) ;
#3219 = CARTESIAN_POINT ( 'NONE',  ( 3.250000000000000444, -0.2999999999999997669, 5.000000000000000888 ) ) ;
#3220 = STYLED_ITEM ( 'NONE', ( #3477 ), #4192 ) ;
#3221 = SURFACE_STYLE_FILL_AREA ( #3840 ) ;
#3222 = DIRECTION ( 'NONE',  ( 6.675389392424717325E-32, -1.346834996876405774E-16, 1.000000000000000000 ) ) ;
#3223 = CARTESIAN_POINT ( 'NONE',  ( -0.8500000000000000888, -0.6999999999999994005, -3.399999999999999911 ) ) ;
#3224 = UNCERTAINTY_MEASURE_WITH_UNIT (LENGTH_MEASURE( 1.000000000000000082E-05 ), #4211, 'distance_accuracy_value', 'NONE');
#3225 = SURFACE_STYLE_USAGE ( .BOTH. , #6978 ) ;
#3226 = EDGE_CURVE ( 'NONE', #1823, #2500, #7931, .T. ) ;
#3227 =( NAMED_UNIT ( * ) SI_UNIT ( $, .STERADIAN. ) SOLID_ANGLE_UNIT ( ) );
#3228 = FILL_AREA_STYLE_COLOUR ( '', #1230 ) ;
#3229 =( LENGTH_UNIT ( ) NAMED_UNIT ( * ) SI_UNIT ( .MILLI., .METRE. ) );
#3230 = FACE_OUTER_BOUND ( 'NONE', #5886, .T. ) ;
#3231 = ORIENTED_EDGE ( 'NONE', *, *, #6467, .T. ) ;
#3232 = EDGE_CURVE ( 'NONE', #6408, #6604, #7263, .T. ) ;
#3233 = DIRECTION ( 'NONE',  ( 0.0000000000000000000, 1.000000000000000000, 0.0000000000000000000 ) ) ;
#3234 = LINE ( 'NONE', #2826, #3524 ) ;
#3235 = CARTESIAN_POINT ( 'NONE',  ( -0.4331806768415105147, 0.5624360268489836390, 0.0000000000000000000 ) ) ;
#3236 = ORIENTED_EDGE ( 'NONE', *, *, #7439, .F. ) ;
#3237 = LINE ( 'NONE', #864, #7031 ) ;
#3238 = DIRECTION ( 'NONE',  ( -1.000000000000000000, 0.0000000000000000000, 0.0000000000000000000 ) ) ;
#3239 = EDGE_CURVE ( 'NONE', #5079, #5401, #2140, .T. ) ;
#3240 = DIRECTION ( 'NONE',  ( 0.0000000000000000000, 1.000000000000000000, 0.0000000000000000000 ) ) ;
#3241 =( NAMED_UNIT ( * ) SI_UNIT ( $, .STERADIAN. ) SOLID_ANGLE_UNIT ( ) );
#3242 = FACE_OUTER_BOUND ( 'NONE', #5916, .T. ) ;
#3243 = CARTESIAN_POINT ( 'NONE',  ( -0.4331806768415105147, 0.5953628561172763511, 0.0000000000000000000 ) ) ;
#3244 = CARTESIAN_POINT ( 'NONE',  ( -3.150000000000000355, 0.0000000000000000000, 5.000000000000000888 ) ) ;
#3245 = DIRECTION ( 'NONE',  ( 0.0000000000000000000, 0.0000000000000000000, -1.000000000000000000 ) ) ;
#3246 = DIRECTION ( 'NONE',  ( 0.0000000000000000000, 1.000000000000000000, 0.0000000000000000000 ) ) ;
#3247 = ORIENTED_EDGE ( 'NONE', *, *, #3631, .F. ) ;
#3248 = PRESENTATION_STYLE_ASSIGNMENT (( #2617 ) ) ;
#3249 = CARTESIAN_POINT ( 'NONE',  ( 0.0000000000000000000, 0.0000000000000000000, 0.0000000000000000000 ) ) ;
#3250 = PRESENTATION_LAYER_ASSIGNMENT (  '', '', ( #2016 ) ) ;
#3251 = COLOUR_RGB ( '',1.000000000000000000, 1.000000000000000000, 1.000000000000000000 ) ;
#3252 =( GEOMETRIC_REPRESENTATION_CONTEXT ( 3 ) GLOBAL_UNCERTAINTY_ASSIGNED_CONTEXT ( ( #6554 ) ) GLOBAL_UNIT_ASSIGNED_CONTEXT ( ( #7382, #3681, #36 ) ) REPRESENTATION_CONTEXT ( 'NONE', 'WORKASPACE' ) );
#3253 = CARTESIAN_POINT ( 'NONE',  ( 0.1781379207194651870, 0.3282896853855690744, 0.0000000000000000000 ) ) ;
#3254 = ORIENTED_EDGE ( 'NONE', *, *, #752, .F. ) ;
#3255 = LINE ( 'NONE', #2366, #3758 ) ;
#3256 = SURFACE_SIDE_STYLE ('',( #3533 ) ) ;
#3257 = FILL_AREA_STYLE_COLOUR ( '', #1517 ) ;
#3258 = COLOUR_RGB ( '',0.9686274509803921573, 0.8784313725490195957, 0.5999999999999999778 ) ;
#3259 = VECTOR ( 'NONE', #6913, 1000.000000000000000 ) ;
#3260 = FILL_AREA_STYLE_COLOUR ( '', #3080 ) ;
#3261 = AXIS2_PLACEMENT_3D ( 'NONE', #7679, #6448, #4012 ) ;
#3262 = DIRECTION ( 'NONE',  ( 0.0000000000000000000, 1.000000000000000000, 0.0000000000000000000 ) ) ;
#3263 = EDGE_LOOP ( 'NONE', ( #2152, #4804, #3959, #6986, #6877, #5483, #5659, #7707 ) ) ;
#3264 = STYLED_ITEM ( 'NONE', ( #5905 ), #7102 ) ;
#3265 = DIRECTION ( 'NONE',  ( 0.0000000000000000000, 1.000000000000000000, 0.0000000000000000000 ) ) ;
#3266 = ORIENTED_EDGE ( 'NONE', *, *, #1287, .T. ) ;
#3267 =( NAMED_UNIT ( * ) PLANE_ANGLE_UNIT ( ) SI_UNIT ( $, .RADIAN. ) );
#3268 = CARTESIAN_POINT ( 'NONE',  ( 1.483333333333317405, 1.216666666666684549, 2.833333333333342807 ) ) ;
#3269 = ORIENTED_EDGE ( 'NONE', *, *, #6834, .T. ) ;
#3270 =( GEOMETRIC_REPRESENTATION_CONTEXT ( 3 ) GLOBAL_UNCERTAINTY_ASSIGNED_CONTEXT ( ( #3395 ) ) GLOBAL_UNIT_ASSIGNED_CONTEXT ( ( #6860, #1956, #2561 ) ) REPRESENTATION_CONTEXT ( 'NONE', 'WORKASPACE' ) );
#3271 = VECTOR ( 'NONE', #6347, 1000.000000000000000 ) ;
#3272 = ORIENTED_EDGE ( 'NONE', *, *, #1166, .T. ) ;
#3273 = CARTESIAN_POINT ( 'NONE',  ( -0.3673270183049252569, 0.4485640756294715925, 0.01000000000000000021 ) ) ;
#3274 = ORIENTED_EDGE ( 'NONE', *, *, #411, .T. ) ;
#3275 = EDGE_CURVE ( 'NONE', #2092, #6481, #6705, .T. ) ;
#3276 = CARTESIAN_POINT ( 'NONE',  ( 0.2906118898394136618, 0.4038941988270666195, 0.009999999999999991535 ) ) ;
#3277 =( NAMED_UNIT ( * ) SI_UNIT ( $, .STERADIAN. ) SOLID_ANGLE_UNIT ( ) );
#3278 = ORIENTED_EDGE ( 'NONE', *, *, #306, .T. ) ;
#3279 = LINE ( 'NONE', #7819, #3096 ) ;
#3280 = PRESENTATION_LAYER_ASSIGNMENT (  '', '', ( #5793 ) ) ;
#3281 = CARTESIAN_POINT ( 'NONE',  ( -0.2074944222903829516, 0.2962101826155247863, 0.0000000000000000000 ) ) ;
#3282 = VERTEX_POINT ( 'NONE', #7667 ) ;
#3283 = FILL_AREA_STYLE ('',( #5087 ) ) ;
#3284 = SURFACE_STYLE_USAGE ( .BOTH. , #254 ) ;
#3285 = VECTOR ( 'NONE', #1288, 1000.000000000000000 ) ;
#3286 = EDGE_CURVE ( 'NONE', #1316, #7899, #172, .T. ) ;
#3287 = VERTEX_POINT ( 'NONE', #5861 ) ;
#3288 = DIRECTION ( 'NONE',  ( 0.0000000000000000000, 0.0000000000000000000, -1.000000000000000000 ) ) ;
#3289 = CARTESIAN_POINT ( 'NONE',  ( -2.000000000000000000, -1.749999999999999778, 2.000000000000000000 ) ) ;
#3290 = ORIENTED_EDGE ( 'NONE', *, *, #4515, .F. ) ;
#3291 = CARTESIAN_POINT ( 'NONE',  ( -0.3646718179068173527, 0.3352758183967293748, 0.0000000000000000000 ) ) ;
#3292 = DIRECTION ( 'NONE',  ( -1.000000000000000000, 0.0000000000000000000, 0.0000000000000000000 ) ) ;
#3293 = CARTESIAN_POINT ( 'NONE',  ( -0.1844001890366325780, 0.5468872463611789136, 0.01000000000000000021 ) ) ;
#3294 = LINE ( 'NONE', #6400, #4307 ) ;
#3295 = DIRECTION ( 'NONE',  ( 1.000000000000000000, 0.0000000000000000000, 0.0000000000000000000 ) ) ;
#3296 = ORIENTED_EDGE ( 'NONE', *, *, #4671, .T. ) ;
#3297 = DIRECTION ( 'NONE',  ( 0.0000000000000000000, 1.000000000000000000, 0.0000000000000000000 ) ) ;
#3298 = FACE_OUTER_BOUND ( 'NONE', #1765, .T. ) ;
#3299 = MECHANICAL_DESIGN_GEOMETRIC_PRESENTATION_REPRESENTATION (  '', ( #7450 ), #7850 ) ;
#3300 = ORIENTED_EDGE ( 'NONE', *, *, #4824, .T. ) ;
#3301 = VECTOR ( 'NONE', #4271, 1000.000000000000000 ) ;
#3302 = VECTOR ( 'NONE', #1832, 1000.000000000000000 ) ;
#3303 = FILL_AREA_STYLE ('',( #2145 ) ) ;
#3304 = LINE ( 'NONE', #3181, #6921 ) ;
#3305 = CARTESIAN_POINT ( 'NONE',  ( -0.3595158799750623468, 0.5680805099544355974, 0.0000000000000000000 ) ) ;
#3306 = ORIENTED_EDGE ( 'NONE', *, *, #7183, .T. ) ;
#3307 = STYLED_ITEM ( 'NONE', ( #4915 ), #955 ) ;
#3308 =( LENGTH_UNIT ( ) NAMED_UNIT ( * ) SI_UNIT ( .MILLI., .METRE. ) );
#3309 = DIRECTION ( 'NONE',  ( 0.0000000000000000000, -0.0000000000000000000, 1.000000000000000000 ) ) ;
#3310 = DIRECTION ( 'NONE',  ( -1.000000000000000000, -0.0000000000000000000, -0.0000000000000000000 ) ) ;
#3311 = EDGE_CURVE ( 'NONE', #543, #5639, #4209, .T. ) ;
#3312 = CARTESIAN_POINT ( 'NONE',  ( 0.2947645973002682163, 0.4470622390335093344, 0.009999999999999995004 ) ) ;
#3313 = FACE_OUTER_BOUND ( 'NONE', #418, .T. ) ;
#3314 = ORIENTED_EDGE ( 'NONE', *, *, #44, .F. ) ;
#3315 = CARTESIAN_POINT ( 'NONE',  ( 4.450000000000001066, -0.6499999999999998002, 5.800000000000001599 ) ) ;
#3316 =( NAMED_UNIT ( * ) PLANE_ANGLE_UNIT ( ) SI_UNIT ( $, .RADIAN. ) );
#3317 = PRESENTATION_LAYER_ASSIGNMENT (  '', '', ( #2176 ) ) ;
#3318 = B_SPLINE_CURVE_WITH_KNOTS ( 'NONE', 3,
 ( #7584, #3912, #4537, #7014, #5199, #5176, #2615, #2059, #1444, #3291, #2080, #3967, #312, #913, #5223, #6046, #4848, #7842, #6710 ),
 .UNSPECIFIED., .F., .F.,
 ( 4, 1, 1, 1, 1, 1, 1, 1, 1, 1, 1, 1, 1, 1, 1, 1, 4 ),
 ( 0.0000000000000000000, 0.07063773301117863557, 0.1382450011702477943, 0.2033468934001622930, 0.2662317646429687712, 0.3281106245739837113, 0.3887373469517427793, 0.4496058064250174624, 0.5110380842449879779, 0.5720950616662168198, 0.6318835811693597204, 0.6911433818761028025, 0.7503811812088846400, 0.8100489962335836180, 0.8713733501460633191, 0.9344326971469832932, 1.000000000000000000 ),
 .UNSPECIFIED. ) ;
#3319 = CARTESIAN_POINT ( 'NONE',  ( -0.1844001890366325780, 0.5468872463611789136, 0.0000000000000000000 ) ) ;
#3320 = VECTOR ( 'NONE', #7786, 1000.000000000000000 ) ;
#3321 = VECTOR ( 'NONE', #4623, 1000.000000000000000 ) ;
#3322 = STYLED_ITEM ( 'NONE', ( #222 ), #4829 ) ;
#3323 =( NAMED_UNIT ( * ) PLANE_ANGLE_UNIT ( ) SI_UNIT ( $, .RADIAN. ) );
#3324 = DIRECTION ( 'NONE',  ( 1.000000000000000000, 0.0000000000000000000, 0.0000000000000000000 ) ) ;
#3325 = EDGE_CURVE ( 'NONE', #6492, #4407, #1378, .T. ) ;
#3326 = LINE ( 'NONE', #1071, #3136 ) ;
#3327 = EDGE_LOOP ( 'NONE', ( #7233, #1289, #2847, #1861 ) ) ;
#3328 = FACE_OUTER_BOUND ( 'NONE', #3629, .T. ) ;
#3329 = EDGE_CURVE ( 'NONE', #1036, #3778, #86, .T. ) ;
#3330 = CARTESIAN_POINT ( 'NONE',  ( 0.2454431694271002051, 0.3442464878169683717, 0.009999999999999991535 ) ) ;
#3331 = CARTESIAN_POINT ( 'NONE',  ( -0.3928401682872654788, 0.5243201968132329416, 0.0000000000000000000 ) ) ;
#3332 = CARTESIAN_POINT ( 'NONE',  ( 0.0000000000000000000, -0.7999999999999997113, 0.0000000000000000000 ) ) ;
#3333 = PRESENTATION_STYLE_ASSIGNMENT (( #6278 ) ) ;
#3334 = EDGE_CURVE ( 'NONE', #2727, #4213, #6422, .T. ) ;
#3335 = VECTOR ( 'NONE', #4995, 1000.000000000000000 ) ;
#3336 = CARTESIAN_POINT ( 'NONE',  ( -1.186363636363635621, -0.3636363636363640350, -3.290909090909091450 ) ) ;
#3337 =( LENGTH_UNIT ( ) NAMED_UNIT ( * ) SI_UNIT ( .MILLI., .METRE. ) );
#3338 = DIRECTION ( 'NONE',  ( -0.3363908276654483109, 0.9417224702971437322, 0.0000000000000000000 ) ) ;
#3339 = ADVANCED_FACE ( 'NONE', ( #5378 ), #1791, .F. ) ;
#3340 = DIRECTION ( 'NONE',  ( 0.0000000000000000000, 1.000000000000000000, 0.0000000000000000000 ) ) ;
#3341 = LINE ( 'NONE', #5987, #6850 ) ;
#3342 = SURFACE_SIDE_STYLE ('',( #7454 ) ) ;
#3343 = DIRECTION ( 'NONE',  ( -0.0000000000000000000, -1.000000000000000000, -0.0000000000000000000 ) ) ;
#3344 = ORIENTED_EDGE ( 'NONE', *, *, #2909, .F. ) ;
#3345 = COLOUR_RGB ( '',0.9686274509803921573, 0.8784313725490195957, 0.5999999999999999778 ) ;
#3346 = EDGE_CURVE ( 'NONE', #4976, #7435, #2049, .T. ) ;
#3347 = CARTESIAN_POINT ( 'NONE',  ( -0.7499999999999997780, -0.2999999999999997669, 5.000000000000000888 ) ) ;
#3348 = ORIENTED_EDGE ( 'NONE', *, *, #7671, .F. ) ;
#3349 = MECHANICAL_DESIGN_GEOMETRIC_PRESENTATION_REPRESENTATION (  '', ( #5207 ), #5100 ) ;
#3350 = AXIS2_PLACEMENT_3D ( 'NONE', #1818, #3723, #1240 ) ;
#3351 = VERTEX_POINT ( 'NONE', #3053 ) ;
#3352 = PRESENTATION_STYLE_ASSIGNMENT (( #1886 ) ) ;
#3353 = PLANE ( 'NONE',  #2859 ) ;
#3354 = CARTESIAN_POINT ( 'NONE',  ( 0.2931418193936758398, 0.4690971224411309981, 0.01000000000000000021 ) ) ;
#3355 = DIRECTION ( 'NONE',  ( 0.0000000000000000000, 1.000000000000000000, 0.0000000000000000000 ) ) ;
#3356 = CARTESIAN_POINT ( 'NONE',  ( -6.000000000000000000, -0.2999999999999997669, 0.0000000000000000000 ) ) ;
#3357 = EDGE_LOOP ( 'NONE', ( #3439, #6315, #3013, #5061 ) ) ;
#3358 = VECTOR ( 'NONE', #5488, 1000.000000000000000 ) ;
#3359 = ORIENTED_EDGE ( 'NONE', *, *, #2084, .F. ) ;
#3360 = DIRECTION ( 'NONE',  ( 1.000000000000000000, 0.0000000000000000000, 0.0000000000000000000 ) ) ;
#3361 = PRESENTATION_LAYER_ASSIGNMENT (  '', '', ( #7256 ) ) ;
#3362 = CARTESIAN_POINT ( 'NONE',  ( -2.750000000000000000, -0.7999999999999997113, 5.000000000000000888 ) ) ;
#3363 = ORIENTED_EDGE ( 'NONE', *, *, #3601, .T. ) ;
#3364 = DIRECTION ( 'NONE',  ( 0.0000000000000000000, -1.000000000000000000, 0.0000000000000000000 ) ) ;
#3365 = MECHANICAL_DESIGN_GEOMETRIC_PRESENTATION_REPRESENTATION (  '', ( #2230 ), #3813 ) ;
#3366 = CARTESIAN_POINT ( 'NONE',  ( 0.3010409982478519653, 0.5426611766515839763, 0.0000000000000000000 ) ) ;
#3367 = DIRECTION ( 'NONE',  ( 0.0000000000000000000, 1.000000000000000000, 0.0000000000000000000 ) ) ;
#3368 = UNCERTAINTY_MEASURE_WITH_UNIT (LENGTH_MEASURE( 1.000000000000000082E-05 ), #3919, 'distance_accuracy_value', 'NONE');
#3369 = B_SPLINE_CURVE_WITH_KNOTS ( 'NONE', 3,
 ( #2575, #2019, #1352, #3206, #6254, #7572, #7525, #5128, #3898, #188, #802, #4523, #1427, #2516, #5103, #3354, #5933, #2190, #6731 ),
 .UNSPECIFIED., .F., .F.,
 ( 4, 1, 1, 1, 1, 1, 1, 1, 1, 1, 1, 1, 1, 1, 1, 1, 4 ),
 ( 0.0000000000000000000, 0.07082642719843189327, 0.1381687497167491119, 0.2024749159955608613, 0.2639732126625838338, 0.3236544888807538212, 0.3818108019687181387, 0.4394031355784567827, 0.4973374405450619040, 0.5550967670692509293, 0.6130048974764323866, 0.6715395104890309330, 0.7316562728107192104, 0.7942982337746835597, 0.8594824933627508434, 0.9276814738717479303, 0.9999999999999998890 ),
 .UNSPECIFIED. ) ;
#3370 = CARTESIAN_POINT ( 'NONE',  ( -2.000000000000000000, -1.950000000000002176, 6.000000000000000000 ) ) ;
#3371 = FACE_OUTER_BOUND ( 'NONE', #4215, .T. ) ;
#3372 = EDGE_LOOP ( 'NONE', ( #4792, #7528, #5672, #534 ) ) ;
#3373 = DIRECTION ( 'NONE',  ( 0.0000000000000000000, 0.9486832980505155444, -0.3162277660168330562 ) ) ;
#3374 = COLOUR_RGB ( '',0.9686274509803921573, 0.8784313725490195957, 0.5999999999999999778 ) ;
#3375 = CARTESIAN_POINT ( 'NONE',  ( -4.949999999999998401, -2.000000000000000444, 6.000000000000000000 ) ) ;
#3376 = ORIENTED_EDGE ( 'NONE', *, *, #7884, .T. ) ;
#3377 = CARTESIAN_POINT ( 'NONE',  ( -4.450000000000000178, 0.1500000000000001887, 5.799999999999999822 ) ) ;
#3378 = MECHANICAL_DESIGN_GEOMETRIC_PRESENTATION_REPRESENTATION (  '', ( #7117 ), #7520 ) ;
#3379 = LINE ( 'NONE', #4802, #5825 ) ;
#3380 = LINE ( 'NONE', #4566, #2296 ) ;
#3381 = ORIENTED_EDGE ( 'NONE', *, *, #5310, .F. ) ;
#3382 = CARTESIAN_POINT ( 'NONE',  ( -0.3670214721827244619, 0.4349064150560782438, 0.01000000000000000021 ) ) ;
#3383 = ADVANCED_FACE ( 'NONE', ( #7642 ), #2354, .F. ) ;
#3384 = LINE ( 'NONE', #6537, #4771 ) ;
#3385 = EDGE_CURVE ( 'NONE', #4014, #1784, #2513, .T. ) ;
#3386 = ORIENTED_EDGE ( 'NONE', *, *, #3055, .F. ) ;
#3387 = UNCERTAINTY_MEASURE_WITH_UNIT (LENGTH_MEASURE( 1.000000000000000082E-05 ), #2419, 'distance_accuracy_value', 'NONE');
#3388 = ORIENTED_EDGE ( 'NONE', *, *, #1535, .T. ) ;
#3389 = CIRCLE ( 'NONE', #6398, 0.3899999999999998468 ) ;
#3390 = CARTESIAN_POINT ( 'NONE',  ( -0.2359259438829877931, 0.3257459780919068071, 0.01000000000000000021 ) ) ;
#3391 = ORIENTED_EDGE ( 'NONE', *, *, #7897, .T. ) ;
#3392 = EDGE_CURVE ( 'NONE', #6451, #4446, #278, .T. ) ;
#3393 = COLOUR_RGB ( '',1.000000000000000000, 1.000000000000000000, 1.000000000000000000 ) ;
#3394 = CARTESIAN_POINT ( 'NONE',  ( 0.3010079103533195855, 0.3451281757144222806, 0.0000000000000000000 ) ) ;
#3395 = UNCERTAINTY_MEASURE_WITH_UNIT (LENGTH_MEASURE( 1.000000000000000082E-05 ), #6860, 'distance_accuracy_value', 'NONE');
#3396 = ORIENTED_EDGE ( 'NONE', *, *, #4868, .F. ) ;
#3397 = CARTESIAN_POINT ( 'NONE',  ( -0.2014913689822250553, 0.5553893292097910050, 0.01000000000000000021 ) ) ;
#3398 = ORIENTED_EDGE ( 'NONE', *, *, #6472, .T. ) ;
#3399 = CARTESIAN_POINT ( 'NONE',  ( -4.950000000000000178, -0.6499999999999998002, 6.000000000000000000 ) ) ;
#3400 = DIRECTION ( 'NONE',  ( -0.0000000000000000000, 0.0000000000000000000, 1.000000000000000000 ) ) ;
#3401 = PRESENTATION_STYLE_ASSIGNMENT (( #7792 ) ) ;
#3402 = PLANE ( 'NONE',  #1046 ) ;
#3403 = CARTESIAN_POINT ( 'NONE',  ( -0.3192278285452049835, 0.3433832727924456263, 0.0000000000000000000 ) ) ;
#3404 =( GEOMETRIC_REPRESENTATION_CONTEXT ( 3 ) GLOBAL_UNCERTAINTY_ASSIGNED_CONTEXT ( ( #6176 ) ) GLOBAL_UNIT_ASSIGNED_CONTEXT ( ( #7165, #4109, #1631 ) ) REPRESENTATION_CONTEXT ( 'NONE', 'WORKASPACE' ) );
#3405 = VECTOR ( 'NONE', #6274, 1000.000000000000000 ) ;
#3406 =( LENGTH_UNIT ( ) NAMED_UNIT ( * ) SI_UNIT ( .MILLI., .METRE. ) );
#3407 = ORIENTED_EDGE ( 'NONE', *, *, #404, .T. ) ;
#3408 = ORIENTED_EDGE ( 'NONE', *, *, #368, .F. ) ;
#3409 = CARTESIAN_POINT ( 'NONE',  ( -0.1258636036707787842, 0.5953628561172763511, 0.0000000000000000000 ) ) ;
#3410 = CARTESIAN_POINT ( 'NONE',  ( 0.09364859145117249151, 0.5953628561172763511, 0.01000000000000000021 ) ) ;
#3411 = CARTESIAN_POINT ( 'NONE',  ( -0.3099200500701488892, 0.3375143844141929583, 0.0000000000000000000 ) ) ;
#3412 = CARTESIAN_POINT ( 'NONE',  ( -6.000000000000000000, -0.4000000000000000222, -3.399999999999999911 ) ) ;
#3413 = MECHANICAL_DESIGN_GEOMETRIC_PRESENTATION_REPRESENTATION (  '', ( #1221 ), #3113 ) ;
#3414 = VECTOR ( 'NONE', #1024, 1000.000000000000000 ) ;
#3415 =( GEOMETRIC_REPRESENTATION_CONTEXT ( 3 ) GLOBAL_UNCERTAINTY_ASSIGNED_CONTEXT ( ( #325 ) ) GLOBAL_UNIT_ASSIGNED_CONTEXT ( ( #6823, #3011, #639 ) ) REPRESENTATION_CONTEXT ( 'NONE', 'WORKASPACE' ) );
#3416 = CARTESIAN_POINT ( 'NONE',  ( 0.2710904097872501306, 0.5226598911155048155, 0.009999999999999995004 ) ) ;
#3417 = ORIENTED_EDGE ( 'NONE', *, *, #2107, .F. ) ;
#3418 = PLANE ( 'NONE',  #4740 ) ;
#3419 = CARTESIAN_POINT ( 'NONE',  ( 1.149999999999999911, -0.4000000000000000222, -3.399999999999999911 ) ) ;
#3420 = ADVANCED_FACE ( 'NONE', ( #5461 ), #6261, .F. ) ;
#3421 = VERTEX_POINT ( 'NONE', #6289 ) ;
#3422 = AXIS2_PLACEMENT_3D ( 'NONE', #5999, #6779, #2258 ) ;
#3423 = SURFACE_STYLE_USAGE ( .BOTH. , #7111 ) ;
#3424 = FILL_AREA_STYLE ('',( #2134 ) ) ;
#3425 = SURFACE_STYLE_USAGE ( .BOTH. , #7139 ) ;
#3426 =( GEOMETRIC_REPRESENTATION_CONTEXT ( 3 ) GLOBAL_UNCERTAINTY_ASSIGNED_CONTEXT ( ( #7486 ) ) GLOBAL_UNIT_ASSIGNED_CONTEXT ( ( #4800, #2908, #4696 ) ) REPRESENTATION_CONTEXT ( 'NONE', 'WORKASPACE' ) );
#3427 = FACE_OUTER_BOUND ( 'NONE', #3791, .T. ) ;
#3428 = CARTESIAN_POINT ( 'NONE',  ( -4.450000000000000178, -0.2599999999999995093, 4.389999999999999680 ) ) ;
#3429 = SURFACE_STYLE_FILL_AREA ( #109 ) ;
#3430 = CARTESIAN_POINT ( 'NONE',  ( 2.000000000000000000, -1.749999999999999778, 2.000000000000000000 ) ) ;
#3431 = CARTESIAN_POINT ( 'NONE',  ( -3.250000000000000000, -0.2999999999999997669, 4.699999999999997513 ) ) ;
#3432 = LINE ( 'NONE', #2696, #4918 ) ;
#3433 = FACE_OUTER_BOUND ( 'NONE', #57, .T. ) ;
#3434 = EDGE_CURVE ( 'NONE', #7645, #6304, #3807, .T. ) ;
#3435 = FACE_OUTER_BOUND ( 'NONE', #2119, .T. ) ;
#3436 = FILL_AREA_STYLE ('',( #6630 ) ) ;
#3437 = LINE ( 'NONE', #2249, #3052 ) ;
#3438 = CARTESIAN_POINT ( 'NONE',  ( -0.2587205549229237289, 0.3247179621092122770, 0.0000000000000000000 ) ) ;
#3439 = ORIENTED_EDGE ( 'NONE', *, *, #3492, .F. ) ;
#3440 = CARTESIAN_POINT ( 'NONE',  ( -2.000000000000000000, -0.7000000000000002887, 5.000000000000000888 ) ) ;
#3441 =( LENGTH_UNIT ( ) NAMED_UNIT ( * ) SI_UNIT ( .MILLI., .METRE. ) );
#3442 = EDGE_CURVE ( 'NONE', #7847, #7703, #4973, .T. ) ;
#3443 = SURFACE_SIDE_STYLE ('',( #800 ) ) ;
#3444 = ORIENTED_EDGE ( 'NONE', *, *, #2491, .F. ) ;
#3445 = VECTOR ( 'NONE', #6525, 1000.000000000000000 ) ;
#3446 = DIRECTION ( 'NONE',  ( 0.0000000000000000000, -0.0000000000000000000, -1.000000000000000000 ) ) ;
#3447 = DIRECTION ( 'NONE',  ( -0.9486832980505155444, -0.0000000000000000000, -0.3162277660168330562 ) ) ;
#3448 = SURFACE_STYLE_FILL_AREA ( #3436 ) ;
#3449 = FACE_OUTER_BOUND ( 'NONE', #4084, .T. ) ;
#3450 = FACE_BOUND ( 'NONE', #2314, .T. ) ;
#3451 = AXIS2_PLACEMENT_3D ( 'NONE', #3065, #7398, #3704 ) ;
#3452 = CARTESIAN_POINT ( 'NONE',  ( 3.250000000000000444, -0.2999999999999997669, -3.099999999999996980 ) ) ;
#3453 = ORIENTED_EDGE ( 'NONE', *, *, #3055, .T. ) ;
#3454 = DIRECTION ( 'NONE',  ( -0.0000000000000000000, -1.000000000000000000, -0.0000000000000000000 ) ) ;
#3455 = CARTESIAN_POINT ( 'NONE',  ( 0.7500000000000002220, -0.7999999999999997113, 5.000000000000000888 ) ) ;
#3456 = ORIENTED_EDGE ( 'NONE', *, *, #2635, .F. ) ;
#3457 = VECTOR ( 'NONE', #6356, 1000.000000000000000 ) ;
#3458 = UNCERTAINTY_MEASURE_WITH_UNIT (LENGTH_MEASURE( 1.000000000000000082E-05 ), #1260, 'distance_accuracy_value', 'NONE');
#3459 = LINE ( 'NONE', #983, #7801 ) ;
#3460 = ORIENTED_EDGE ( 'NONE', *, *, #5983, .T. ) ;
#3461 = CARTESIAN_POINT ( 'NONE',  ( 0.4892850243780015873, 0.3319482219709348758, 0.01000000000000000021 ) ) ;
#3462 = ADVANCED_FACE ( 'NONE', ( #7362 ), #4436, .T. ) ;
#3463 = ORIENTED_EDGE ( 'NONE', *, *, #4824, .F. ) ;
#3464 = STYLED_ITEM ( 'NONE', ( #2511 ), #6276 ) ;
#3465 = CARTESIAN_POINT ( 'NONE',  ( -3.150000000000000355, -0.7000000000000002887, 5.000000000000000888 ) ) ;
#3466 = VECTOR ( 'NONE', #7544, 1000.000000000000000 ) ;
#3467 = PRESENTATION_STYLE_ASSIGNMENT (( #1596 ) ) ;
#3468 = DIRECTION ( 'NONE',  ( 0.0000000000000000000, -0.0000000000000000000, 1.000000000000000000 ) ) ;
#3469 = COLOUR_RGB ( '',0.9686274509803921573, 0.8784313725490195957, 0.5999999999999999778 ) ;
#3470 = ORIENTED_EDGE ( 'NONE', *, *, #2143, .T. ) ;
#3471 = CARTESIAN_POINT ( 'NONE',  ( -0.2506354515137997896, 0.5659532210927517015, 0.01000000000000000021 ) ) ;
#3472 = EDGE_CURVE ( 'NONE', #7132, #3817, #5743, .T. ) ;
#3473 = EDGE_LOOP ( 'NONE', ( #3306, #4773, #6016, #7186 ) ) ;
#3474 = DIRECTION ( 'NONE',  ( 0.0000000000000000000, 1.000000000000000000, 0.0000000000000000000 ) ) ;
#3475 = CARTESIAN_POINT ( 'NONE',  ( 0.1898187077310512227, 0.5621479394344983671, 0.009999999999999995004 ) ) ;
#3476 = PRESENTATION_STYLE_ASSIGNMENT (( #1824 ) ) ;
#3477 = PRESENTATION_STYLE_ASSIGNMENT (( #2786 ) ) ;
#3478 = EDGE_LOOP ( 'NONE', ( #7885, #4058, #3768, #901 ) ) ;
#3479 =( GEOMETRIC_REPRESENTATION_CONTEXT ( 3 ) GLOBAL_UNCERTAINTY_ASSIGNED_CONTEXT ( ( #6950 ) ) GLOBAL_UNIT_ASSIGNED_CONTEXT ( ( #5311, #2728, #7664 ) ) REPRESENTATION_CONTEXT ( 'NONE', 'WORKASPACE' ) );
#3480 = PRESENTATION_LAYER_ASSIGNMENT (  '', '', ( #1830 ) ) ;
#3481 = COLOUR_RGB ( '',0.9686274509803921573, 0.8784313725490195957, 0.5999999999999999778 ) ;
#3482 = DIRECTION ( 'NONE',  ( -1.000000000000000000, 0.0000000000000000000, 0.0000000000000000000 ) ) ;
#3483 = SURFACE_SIDE_STYLE ('',( #4555 ) ) ;
#3484 = ORIENTED_EDGE ( 'NONE', *, *, #6941, .F. ) ;
#3485 = DIRECTION ( 'NONE',  ( 0.0000000000000000000, -0.0000000000000000000, 1.000000000000000000 ) ) ;
#3486 = CARTESIAN_POINT ( 'NONE',  ( 4.450000000000001066, -1.749999999999999778, 5.800000000000001599 ) ) ;
#3487 = LINE ( 'NONE', #5645, #5552 ) ;
#3488 = ORIENTED_EDGE ( 'NONE', *, *, #6548, .F. ) ;
#3489 = CARTESIAN_POINT ( 'NONE',  ( 1.250000000000000222, -0.7999999999999997113, 4.699999999999997513 ) ) ;
#3490 = PLANE ( 'NONE',  #1420 ) ;
#3491 = DIRECTION ( 'NONE',  ( -0.7071067811865505703, -8.333116395018321951E-17, 0.7071067811865444641 ) ) ;
#3492 = EDGE_CURVE ( 'NONE', #4777, #2021, #1856, .T. ) ;
#3493 = ORIENTED_EDGE ( 'NONE', *, *, #508, .T. ) ;
#3494 = CARTESIAN_POINT ( 'NONE',  ( 0.4892850243780015873, 0.3319482219709348758, 0.0000000000000000000 ) ) ;
#3495 = LINE ( 'NONE', #176, #7085 ) ;
#3496 = EDGE_CURVE ( 'NONE', #6758, #1201, #2705, .T. ) ;
#3497 = VERTEX_POINT ( 'NONE', #6372 ) ;
#3498 = CARTESIAN_POINT ( 'NONE',  ( 0.02047785974385531865, 0.4599970024587397566, 0.0000000000000000000 ) ) ;
#3499 = CARTESIAN_POINT ( 'NONE',  ( 0.1781379207194651870, 0.3282896853855690744, 0.0000000000000000000 ) ) ;
#3500 = CARTESIAN_POINT ( 'NONE',  ( 0.1810004547018969345, 0.5623383968338322436, 0.0000000000000000000 ) ) ;
#3501 = VERTEX_POINT ( 'NONE', #3882 ) ;
#3502 = DIRECTION ( 'NONE',  ( -0.0000000000000000000, -1.000000000000000000, 0.0000000000000000000 ) ) ;
#3503 =( LENGTH_UNIT ( ) NAMED_UNIT ( * ) SI_UNIT ( .MILLI., .METRE. ) );
#3504 = COLOUR_RGB ( '',0.9686274509803921573, 0.8784313725490195957, 0.5999999999999999778 ) ;
#3505 = SURFACE_STYLE_FILL_AREA ( #4853 ) ;
#3506 = LINE ( 'NONE', #7780, #1392 ) ;
#3507 = CARTESIAN_POINT ( 'NONE',  ( -2.000000000000000000, -2.250000000000000000, 2.000000000000000000 ) ) ;
#3508 = CARTESIAN_POINT ( 'NONE',  ( -0.2866283624289827636, 0.2941916782744092296, 0.01000000000000000021 ) ) ;
#3509 = ORIENTED_EDGE ( 'NONE', *, *, #1967, .T. ) ;
#3510 = EDGE_CURVE ( 'NONE', #1937, #2661, #77, .T. ) ;
#3511 = ADVANCED_FACE ( 'NONE', ( #4573 ), #6458, .F. ) ;
#3512 = LINE ( 'NONE', #4212, #2530 ) ;
#3513 = ORIENTED_EDGE ( 'NONE', *, *, #759, .F. ) ;
#3514 = PRESENTATION_LAYER_ASSIGNMENT (  '', '', ( #5367 ) ) ;
#3515 = CARTESIAN_POINT ( 'NONE',  ( -0.3670809560087376355, 0.4615169275150856620, 0.01000000000000000021 ) ) ;
#3516 = AXIS2_PLACEMENT_3D ( 'NONE', #5618, #6150, #7401 ) ;
#3517 = COLOUR_RGB ( '',1.000000000000000000, 1.000000000000000000, 1.000000000000000000 ) ;
#3518 = UNCERTAINTY_MEASURE_WITH_UNIT (LENGTH_MEASURE( 1.000000000000000082E-05 ), #2830, 'distance_accuracy_value', 'NONE');
#3519 = LINE ( 'NONE', #4818, #1505 ) ;
#3520 = DIRECTION ( 'NONE',  ( 0.0000000000000000000, 1.000000000000000000, 0.0000000000000000000 ) ) ;
#3521 = CARTESIAN_POINT ( 'NONE',  ( 0.1764801463292212658, 0.5624360268489836390, 0.0000000000000000000 ) ) ;
#3522 = DIRECTION ( 'NONE',  ( 0.0000000000000000000, 0.0000000000000000000, -1.000000000000000000 ) ) ;
#3523 = AXIS2_PLACEMENT_3D ( 'NONE', #1723, #4846, #3468 ) ;
#3524 = VECTOR ( 'NONE', #2769, 1000.000000000000000 ) ;
#3525 = EDGE_LOOP ( 'NONE', ( #6019, #3178, #7917, #7924 ) ) ;
#3526 =( GEOMETRIC_REPRESENTATION_CONTEXT ( 3 ) GLOBAL_UNCERTAINTY_ASSIGNED_CONTEXT ( ( #2357 ) ) GLOBAL_UNIT_ASSIGNED_CONTEXT ( ( #6295, #2061, #845 ) ) REPRESENTATION_CONTEXT ( 'NONE', 'WORKASPACE' ) );
#3527 =( NAMED_UNIT ( * ) SI_UNIT ( $, .STERADIAN. ) SOLID_ANGLE_UNIT ( ) );
#3528 = AXIS2_PLACEMENT_3D ( 'NONE', #1054, #5466, #5975 ) ;
#3529 = CARTESIAN_POINT ( 'NONE',  ( 0.4936582169164962508, 0.3490556035247848188, 0.01000000000000000021 ) ) ;
#3530 = SURFACE_STYLE_USAGE ( .BOTH. , #2891 ) ;
#3531 = CARTESIAN_POINT ( 'NONE',  ( 0.3349928391359379143, 0.4361516822849306751, 0.01000000000000000021 ) ) ;
#3532 = LINE ( 'NONE', #1010, #4820 ) ;
#3533 = SURFACE_STYLE_FILL_AREA ( #833 ) ;
#3534 =( LENGTH_UNIT ( ) NAMED_UNIT ( * ) SI_UNIT ( .MILLI., .METRE. ) );
#3535 =( NAMED_UNIT ( * ) PLANE_ANGLE_UNIT ( ) SI_UNIT ( $, .RADIAN. ) );
#3536 = VECTOR ( 'NONE', #3070, 1000.000000000000000 ) ;
#3537 = STYLED_ITEM ( 'NONE', ( #6495 ), #3920 ) ;
#3538 = DIRECTION ( 'NONE',  ( -0.0000000000000000000, -0.0000000000000000000, 1.000000000000000000 ) ) ;
#3539 = PLANE ( 'NONE',  #1397 ) ;
#3540 = CARTESIAN_POINT ( 'NONE',  ( -3.250000000000000000, -0.7999999999999997113, 5.000000000000000888 ) ) ;
#3541 = UNCERTAINTY_MEASURE_WITH_UNIT (LENGTH_MEASURE( 1.000000000000000082E-05 ), #3958, 'distance_accuracy_value', 'NONE');
#3542 = CARTESIAN_POINT ( 'NONE',  ( -0.3602307497345574872, 0.4969711792601141376, 0.01000000000000000021 ) ) ;
#3543 = FILL_AREA_STYLE ('',( #2358 ) ) ;
#3544 = EDGE_CURVE ( 'NONE', #1201, #3034, #1109, .T. ) ;
#3545 = ORIENTED_EDGE ( 'NONE', *, *, #103, .F. ) ;
#3546 = ORIENTED_EDGE ( 'NONE', *, *, #6479, .F. ) ;
#3547 = VECTOR ( 'NONE', #4958, 1000.000000000000000 ) ;
#3548 = ADVANCED_FACE ( 'NONE', ( #6127 ), #5778, .F. ) ;
#3549 = AXIS2_PLACEMENT_3D ( 'NONE', #4779, #7340, #5383 ) ;
#3550 = CARTESIAN_POINT ( 'NONE',  ( 0.2255929374510954877, 0.3007325925764307017, 0.0000000000000000000 ) ) ;
#3551 = COLOUR_RGB ( '',1.000000000000000000, 1.000000000000000000, 1.000000000000000000 ) ;
#3552 = SURFACE_SIDE_STYLE ('',( #3835 ) ) ;
#3553 =( LENGTH_UNIT ( ) NAMED_UNIT ( * ) SI_UNIT ( .MILLI., .METRE. ) );
#3554 = CARTESIAN_POINT ( 'NONE',  ( -4.052040639368925667, -1.749999999999999778, 2.116552042568997649 ) ) ;
#3555 = SURFACE_STYLE_USAGE ( .BOTH. , #7207 ) ;
#3556 = FILL_AREA_STYLE_COLOUR ( '', #364 ) ;
#3557 = ORIENTED_EDGE ( 'NONE', *, *, #697, .F. ) ;
#3558 = EDGE_CURVE ( 'NONE', #684, #7432, #4490, .T. ) ;
#3559 = VERTEX_POINT ( 'NONE', #2724 ) ;
#3560 = COLOUR_RGB ( '',0.9686274509803921573, 0.8784313725490195957, 0.5999999999999999778 ) ;
#3561 = ADVANCED_FACE ( 'NONE', ( #2613 ), #4536, .T. ) ;
#3562 = CARTESIAN_POINT ( 'NONE',  ( -0.2452212642033367307, 0.3247737880151896905, 0.01000000000000000021 ) ) ;
#3563 = ORIENTED_EDGE ( 'NONE', *, *, #359, .T. ) ;
#3564 =( NAMED_UNIT ( * ) SI_UNIT ( $, .STERADIAN. ) SOLID_ANGLE_UNIT ( ) );
#3565 = DIRECTION ( 'NONE',  ( -1.000000000000000000, 0.0000000000000000000, -0.0000000000000000000 ) ) ;
#3566 = UNCERTAINTY_MEASURE_WITH_UNIT (LENGTH_MEASURE( 1.000000000000000082E-05 ), #6397, 'distance_accuracy_value', 'NONE');
#3567 = VECTOR ( 'NONE', #5855, 1000.000000000000000 ) ;
#3568 = ORIENTED_EDGE ( 'NONE', *, *, #2610, .T. ) ;
#3569 = CARTESIAN_POINT ( 'NONE',  ( -0.2549985122073643029, 0.2917043195319106164, 0.0000000000000000000 ) ) ;
#3570 = ORIENTED_EDGE ( 'NONE', *, *, #4034, .F. ) ;
#3571 = DIRECTION ( 'NONE',  ( 0.0000000000000000000, 1.000000000000000000, 0.0000000000000000000 ) ) ;
#3572 = CARTESIAN_POINT ( 'NONE',  ( -3.003586417958281629, -1.749999999999999778, 3.912701290971654089 ) ) ;
#3573 = LINE ( 'NONE', #3244, #3673 ) ;
#3574 = LINE ( 'NONE', #2023, #2117 ) ;
#3575 =( GEOMETRIC_REPRESENTATION_CONTEXT ( 3 ) GLOBAL_UNCERTAINTY_ASSIGNED_CONTEXT ( ( #2624 ) ) GLOBAL_UNIT_ASSIGNED_CONTEXT ( ( #7282, #2348, #4241 ) ) REPRESENTATION_CONTEXT ( 'NONE', 'WORKASPACE' ) );
#3576 = ORIENTED_EDGE ( 'NONE', *, *, #2053, .T. ) ;
#3577 = CARTESIAN_POINT ( 'NONE',  ( 0.7500000000000002220, -0.2999999999999997669, -3.099999999999996980 ) ) ;
#3578 = FACE_OUTER_BOUND ( 'NONE', #1347, .T. ) ;
#3579 = PRESENTATION_LAYER_ASSIGNMENT (  '', '', ( #283 ) ) ;
#3580 = DIRECTION ( 'NONE',  ( 0.0000000000000000000, -1.178480622266855175E-16, 1.000000000000000000 ) ) ;
#3581 = ORIENTED_EDGE ( 'NONE', *, *, #5788, .F. ) ;
#3582 =( LENGTH_UNIT ( ) NAMED_UNIT ( * ) SI_UNIT ( .MILLI., .METRE. ) );
#3583 = CARTESIAN_POINT ( 'NONE',  ( 0.3291400619987174259, 0.4899467256115611624, 0.0000000000000000000 ) ) ;
#3584 = VECTOR ( 'NONE', #5490, 1000.000000000000000 ) ;
#3585 = ORIENTED_EDGE ( 'NONE', *, *, #5202, .T. ) ;
#3586 = LINE ( 'NONE', #3235, #7818 ) ;
#3587 =( NAMED_UNIT ( * ) PLANE_ANGLE_UNIT ( ) SI_UNIT ( $, .RADIAN. ) );
#3588 = EDGE_LOOP ( 'NONE', ( #3701, #5758, #648, #4259 ) ) ;
#3589 = PRESENTATION_LAYER_ASSIGNMENT (  '', '', ( #30 ) ) ;
#3590 = CARTESIAN_POINT ( 'NONE',  ( -0.2092135083161893450, 0.3320132114810299684, 0.01000000000000000021 ) ) ;
#3591 = ADVANCED_FACE ( 'NONE', ( #3895 ), #2104, .T. ) ;
#3592 = COLOUR_RGB ( '',0.9686274509803921573, 0.8784313725490195957, 0.5999999999999999778 ) ;
#3593 = CARTESIAN_POINT ( 'NONE',  ( 0.3325709778422251683, 0.4100143948593557575, 0.01000000000000000021 ) ) ;
#3594 =( GEOMETRIC_REPRESENTATION_CONTEXT ( 3 ) GLOBAL_UNCERTAINTY_ASSIGNED_CONTEXT ( ( #5241 ) ) GLOBAL_UNIT_ASSIGNED_CONTEXT ( ( #1458, #5815, #2069 ) ) REPRESENTATION_CONTEXT ( 'NONE', 'WORKASPACE' ) );
#3595 = EDGE_LOOP ( 'NONE', ( #3897, #6703, #6991, #1661 ) ) ;
#3596 = EDGE_CURVE ( 'NONE', #5639, #452, #3586, .T. ) ;
#3597 = ORIENTED_EDGE ( 'NONE', *, *, #3311, .F. ) ;
#3598 = CARTESIAN_POINT ( 'NONE',  ( 2.850000000000000533, -0.4000000000000000222, -3.399999999999999911 ) ) ;
#3599 = CARTESIAN_POINT ( 'NONE',  ( -0.1258636036707787842, 0.2953628561172763622, 0.01000000000000000021 ) ) ;
#3600 = DIRECTION ( 'NONE',  ( 1.000000000000000000, 0.0000000000000000000, 0.0000000000000000000 ) ) ;
#3601 = EDGE_CURVE ( 'NONE', #6250, #6871, #1461, .T. ) ;
#3602 = ORIENTED_EDGE ( 'NONE', *, *, #2491, .T. ) ;
#3603 = ADVANCED_FACE ( 'NONE', ( #6406 ), #5915, .T. ) ;
#3604 = ORIENTED_EDGE ( 'NONE', *, *, #7886, .F. ) ;
#3605 = EDGE_CURVE ( 'NONE', #615, #1879, #6117, .T. ) ;
#3606 = VECTOR ( 'NONE', #52, 1000.000000000000000 ) ;
#3607 = DIRECTION ( 'NONE',  ( 1.000000000000000000, 0.0000000000000000000, 0.0000000000000000000 ) ) ;
#3608 = SURFACE_STYLE_FILL_AREA ( #5940 ) ;
#3609 = DIRECTION ( 'NONE',  ( 0.0000000000000000000, 1.000000000000000000, -0.0000000000000000000 ) ) ;
#3610 = SURFACE_STYLE_USAGE ( .BOTH. , #4341 ) ;
#3611 = CARTESIAN_POINT ( 'NONE',  ( 0.2243697996426999575, 0.5897773272888193752, 0.0000000000000000000 ) ) ;
#3612 = PLANE ( 'NONE',  #6447 ) ;
#3613 = COLOUR_RGB ( '',1.000000000000000000, 1.000000000000000000, 1.000000000000000000 ) ;
#3614 = CARTESIAN_POINT ( 'NONE',  ( 0.0000000000000000000, 0.3282896853855690189, 0.01000000000000000021 ) ) ;
#3615 = LINE ( 'NONE', #4949, #6532 ) ;
#3616 = ORIENTED_EDGE ( 'NONE', *, *, #7630, .F. ) ;
#3617 = PRESENTATION_STYLE_ASSIGNMENT (( #2210 ) ) ;
#3618 = CARTESIAN_POINT ( 'NONE',  ( -3.003586417958281629, -1.749999999999999778, 3.912701290971654089 ) ) ;
#3619 = VECTOR ( 'NONE', #4781, 1000.000000000000000 ) ;
#3620 = EDGE_CURVE ( 'NONE', #567, #3986, #3688, .T. ) ;
#3621 = DIRECTION ( 'NONE',  ( 1.000000000000000000, -0.0000000000000000000, 0.0000000000000000000 ) ) ;
#3622 = VECTOR ( 'NONE', #6160, 1000.000000000000000 ) ;
#3623 = PLANE ( 'NONE',  #2919 ) ;
#3624 = FACE_OUTER_BOUND ( 'NONE', #7400, .T. ) ;
#3625 = CARTESIAN_POINT ( 'NONE',  ( -0.3909817758832905277, 0.3721705948577476164, 0.0000000000000000000 ) ) ;
#3626 = DIRECTION ( 'NONE',  ( 0.9486832980505145452, 0.0000000000000000000, -0.3162277660168359428 ) ) ;
#3627 = SURFACE_STYLE_FILL_AREA ( #6838 ) ;
#3628 =( LENGTH_UNIT ( ) NAMED_UNIT ( * ) SI_UNIT ( .MILLI., .METRE. ) );
#3629 = EDGE_LOOP ( 'NONE', ( #3102, #6805, #1385, #1246 ) ) ;
#3630 = AXIS2_PLACEMENT_3D ( 'NONE', #5309, #603, #3084 ) ;
#3631 = EDGE_CURVE ( 'NONE', #2515, #2018, #3384, .T. ) ;
#3632 = ADVANCED_FACE ( 'NONE', ( #4867 ), #5274, .F. ) ;
#3633 = PRESENTATION_STYLE_ASSIGNMENT (( #6812 ) ) ;
#3634 = CARTESIAN_POINT ( 'NONE',  ( 2.750000000000000444, 0.0000000000000000000, 1.000000000000000000 ) ) ;
#3635 = CARTESIAN_POINT ( 'NONE',  ( 4.700000000000000178, -2.250000000000000000, 0.0000000000000000000 ) ) ;
#3636 = CARTESIAN_POINT ( 'NONE',  ( 0.2905683126020848217, 0.5535627416406200263, 0.0000000000000000000 ) ) ;
#3637 =( NAMED_UNIT ( * ) PLANE_ANGLE_UNIT ( ) SI_UNIT ( $, .RADIAN. ) );
#3638 = PRESENTATION_LAYER_ASSIGNMENT (  '', '', ( #1172 ) ) ;
#3639 = VECTOR ( 'NONE', #4220, 1000.000000000000000 ) ;
#3640 = COLOUR_RGB ( '',1.000000000000000000, 1.000000000000000000, 1.000000000000000000 ) ;
#3641 = CARTESIAN_POINT ( 'NONE',  ( -0.7499999999999997780, -0.2999999999999997669, 5.000000000000000888 ) ) ;
#3642 = CARTESIAN_POINT ( 'NONE',  ( -3.250000000000000000, -0.7999999999999997113, 1.000000000000000000 ) ) ;
#3643 = ORIENTED_EDGE ( 'NONE', *, *, #2554, .F. ) ;
#3644 = UNCERTAINTY_MEASURE_WITH_UNIT (LENGTH_MEASURE( 1.000000000000000082E-05 ), #6884, 'distance_accuracy_value', 'NONE');
#3645 = CARTESIAN_POINT ( 'NONE',  ( -0.2452212642033367307, 0.3247737880151896905, 0.0000000000000000000 ) ) ;
#3646 = SURFACE_STYLE_USAGE ( .BOTH. , #4857 ) ;
#3647 = CARTESIAN_POINT ( 'NONE',  ( -0.3014628283565002898, 0.2976056888963213298, 0.01000000000000000021 ) ) ;
#3648 = ADVANCED_FACE ( 'NONE', ( #1017 ), #7709, .F. ) ;
#3649 = FACE_OUTER_BOUND ( 'NONE', #5756, .T. ) ;
#3650 = EDGE_CURVE ( 'NONE', #7663, #1270, #4093, .T. ) ;
#3651 = DIRECTION ( 'NONE',  ( 0.0000000000000000000, 0.0000000000000000000, -1.000000000000000000 ) ) ;
#3652 = FILL_AREA_STYLE ('',( #3017 ) ) ;
#3653 = ORIENTED_EDGE ( 'NONE', *, *, #151, .F. ) ;
#3654 = CARTESIAN_POINT ( 'NONE',  ( 0.2789891262356493651, 0.5633206544745645861, 0.0000000000000000000 ) ) ;
#3655 = CARTESIAN_POINT ( 'NONE',  ( -0.2604168425964847877, 0.2918304227961285302, 0.01000000000000000021 ) ) ;
#3656 = ADVANCED_FACE ( 'NONE', ( #6699 ), #2810, .F. ) ;
#3657 = FILL_AREA_STYLE ('',( #2532 ) ) ;
#3658 = CARTESIAN_POINT ( 'NONE',  ( -1.149999999999999467, -0.2999999999999997669, -3.399999999999999911 ) ) ;
#3659 = EDGE_CURVE ( 'NONE', #567, #1859, #6213, .T. ) ;
#3660 = LINE ( 'NONE', #5958, #1248 ) ;
#3661 = DIRECTION ( 'NONE',  ( 0.0000000000000000000, -1.000000000000000000, 0.0000000000000000000 ) ) ;
#3662 = ORIENTED_EDGE ( 'NONE', *, *, #5823, .T. ) ;
#3663 = CARTESIAN_POINT ( 'NONE',  ( 0.1946275452200013634, 0.2957266645462814925, 0.0000000000000000000 ) ) ;
#3664 = CARTESIAN_POINT ( 'NONE',  ( 0.3101415639634205190, 0.5307699082232277821, 0.0000000000000000000 ) ) ;
#3665 = VECTOR ( 'NONE', #5603, 1000.000000000000000 ) ;
#3666 = COLOUR_RGB ( '',0.9686274509803921573, 0.8784313725490195957, 0.5999999999999999778 ) ;
#3667 = EDGE_CURVE ( 'NONE', #1108, #1462, #3279, .T. ) ;
#3668 = UNCERTAINTY_MEASURE_WITH_UNIT (LENGTH_MEASURE( 1.000000000000000082E-05 ), #691, 'distance_accuracy_value', 'NONE');
#3669 = ORIENTED_EDGE ( 'NONE', *, *, #4353, .F. ) ;
#3670 = CARTESIAN_POINT ( 'NONE',  ( -0.3361128859800862623, 0.3580438335455305987, 0.01000000000000000021 ) ) ;
#3671 = DIRECTION ( 'NONE',  ( 0.0000000000000000000, 1.346834996876405774E-16, -1.000000000000000000 ) ) ;
#3672 = CARTESIAN_POINT ( 'NONE',  ( 1.250000000000000222, 0.0000000000000000000, 1.000000000000000000 ) ) ;
#3673 = VECTOR ( 'NONE', #2033, 1000.000000000000000 ) ;
#3674 = ORIENTED_EDGE ( 'NONE', *, *, #2651, .T. ) ;
#3675 = CARTESIAN_POINT ( 'NONE',  ( -0.1923683058867636242, 0.3392083897610858600, 0.0000000000000000000 ) ) ;
#3676 = STYLED_ITEM ( 'NONE', ( #7681 ), #692 ) ;
#3677 = FILL_AREA_STYLE_COLOUR ( '', #1521 ) ;
#3678 = ORIENTED_EDGE ( 'NONE', *, *, #7630, .T. ) ;
#3679 = MECHANICAL_DESIGN_GEOMETRIC_PRESENTATION_REPRESENTATION (  '', ( #2115 ), #4227 ) ;
#3680 = CARTESIAN_POINT ( 'NONE',  ( 0.02779493291458703941, 0.2953628561172763622, 0.0000000000000000000 ) ) ;
#3681 =( NAMED_UNIT ( * ) PLANE_ANGLE_UNIT ( ) SI_UNIT ( $, .RADIAN. ) );
#3682 = UNCERTAINTY_MEASURE_WITH_UNIT (LENGTH_MEASURE( 1.000000000000000082E-05 ), #1632, 'distance_accuracy_value', 'NONE');
#3683 = VECTOR ( 'NONE', #3733, 1000.000000000000000 ) ;
#3684 = SURFACE_STYLE_FILL_AREA ( #7688 ) ;
#3685 = ORIENTED_EDGE ( 'NONE', *, *, #350, .F. ) ;
#3686 = FILL_AREA_STYLE ('',( #5592 ) ) ;
#3687 =( NAMED_UNIT ( * ) SI_UNIT ( $, .STERADIAN. ) SOLID_ANGLE_UNIT ( ) );
#3688 = LINE ( 'NONE', #7059, #165 ) ;
#3689 = ADVANCED_FACE ( 'NONE', ( #2697 ), #1361, .T. ) ;
#3690 = ORIENTED_EDGE ( 'NONE', *, *, #1739, .T. ) ;
#3691 = DIRECTION ( 'NONE',  ( -0.3393303772748776370, -0.9406672605435404400, 0.0000000000000000000 ) ) ;
#3692 = MECHANICAL_DESIGN_GEOMETRIC_PRESENTATION_REPRESENTATION (  '', ( #2741 ), #7697 ) ;
#3693 = CARTESIAN_POINT ( 'NONE',  ( 0.1922189735629191432, 0.5950553461470423633, 0.01000000000000000021 ) ) ;
#3694 = CIRCLE ( 'NONE', #4895, 0.3899999999999998468 ) ;
#3695 = ORIENTED_EDGE ( 'NONE', *, *, #5020, .T. ) ;
#3696 = STYLED_ITEM ( 'NONE', ( #3467 ), #7084 ) ;
#3697 = CARTESIAN_POINT ( 'NONE',  ( 0.5107217621828796794, 0.2953628561172763622, 0.0000000000000000000 ) ) ;
#3698 = CARTESIAN_POINT ( 'NONE',  ( 2.750000000000000444, -0.6999999999999994005, -3.399999999999999911 ) ) ;
#3699 =( NAMED_UNIT ( * ) SI_UNIT ( $, .STERADIAN. ) SOLID_ANGLE_UNIT ( ) );
#3700 = CARTESIAN_POINT ( 'NONE',  ( 0.4704778597438551979, 0.2953628561172763622, 0.0000000000000000000 ) ) ;
#3701 = ORIENTED_EDGE ( 'NONE', *, *, #7034, .F. ) ;
#3702 = FILL_AREA_STYLE ('',( #3729 ) ) ;
#3703 = DIRECTION ( 'NONE',  ( 1.000000000000000000, 0.0000000000000000000, 0.0000000000000000000 ) ) ;
#3704 = DIRECTION ( 'NONE',  ( 0.0000000000000000000, 0.0000000000000000000, -1.000000000000000000 ) ) ;
#3705 = ORIENTED_EDGE ( 'NONE', *, *, #5553, .F. ) ;
#3706 = PLANE ( 'NONE',  #7646 ) ;
#3707 =( GEOMETRIC_REPRESENTATION_CONTEXT ( 3 ) GLOBAL_UNCERTAINTY_ASSIGNED_CONTEXT ( ( #6734 ) ) GLOBAL_UNIT_ASSIGNED_CONTEXT ( ( #4730, #1547, #2778 ) ) REPRESENTATION_CONTEXT ( 'NONE', 'WORKASPACE' ) );
#3708 = DIRECTION ( 'NONE',  ( 1.000000000000000000, 0.0000000000000000000, 0.0000000000000000000 ) ) ;
#3709 =( NAMED_UNIT ( * ) SI_UNIT ( $, .STERADIAN. ) SOLID_ANGLE_UNIT ( ) );
#3710 = CARTESIAN_POINT ( 'NONE',  ( 3.283333333333327442, 0.5833333333333268200, 4.633333333333336412 ) ) ;
#3711 = LINE ( 'NONE', #4347, #5187 ) ;
#3712 = EDGE_CURVE ( 'NONE', #7593, #6133, #4080, .T. ) ;
#3713 = LINE ( 'NONE', #6794, #2056 ) ;
#3714 = CARTESIAN_POINT ( 'NONE',  ( 0.4948871585243430071, 0.3529848073367886085, 0.0000000000000000000 ) ) ;
#3715 = CARTESIAN_POINT ( 'NONE',  ( 0.02047785974385531865, 0.4270701731904470999, 0.01000000000000000021 ) ) ;
#3716 = ORIENTED_EDGE ( 'NONE', *, *, #6206, .F. ) ;
#3717 = PLANE ( 'NONE',  #7415 ) ;
#3718 =( NAMED_UNIT ( * ) PLANE_ANGLE_UNIT ( ) SI_UNIT ( $, .RADIAN. ) );
#3719 = ORIENTED_EDGE ( 'NONE', *, *, #4357, .T. ) ;
#3720 = PRESENTATION_LAYER_ASSIGNMENT (  '', '', ( #1006 ) ) ;
#3721 = FILL_AREA_STYLE_COLOUR ( '', #7114 ) ;
#3722 = SURFACE_STYLE_FILL_AREA ( #3424 ) ;
#3723 = DIRECTION ( 'NONE',  ( -1.000000000000000000, 0.0000000000000000000, 0.0000000000000000000 ) ) ;
#3724 = COLOUR_RGB ( '',0.9686274509803921573, 0.8784313725490195957, 0.5999999999999999778 ) ;
#3725 = VECTOR ( 'NONE', #7687, 1000.000000000000000 ) ;
#3726 = EDGE_CURVE ( 'NONE', #1892, #4547, #1098, .T. ) ;
#3727 = SURFACE_SIDE_STYLE ('',( #5396 ) ) ;
#3728 = DIRECTION ( 'NONE',  ( 0.0000000000000000000, 1.000000000000000000, -0.0000000000000000000 ) ) ;
#3729 = FILL_AREA_STYLE_COLOUR ( '', #7480 ) ;
#3730 = DIRECTION ( 'NONE',  ( -1.000000000000000000, 0.0000000000000000000, 0.0000000000000000000 ) ) ;
#3731 = LINE ( 'NONE', #1822, #1405 ) ;
#3732 = VERTEX_POINT ( 'NONE', #6706 ) ;
#3733 = DIRECTION ( 'NONE',  ( 0.0000000000000000000, -0.0000000000000000000, -1.000000000000000000 ) ) ;
#3734 = STYLED_ITEM ( 'NONE', ( #7417 ), #5335 ) ;
#3735 = FILL_AREA_STYLE_COLOUR ( '', #3963 ) ;
#3736 = CARTESIAN_POINT ( 'NONE',  ( -0.4075709207439496273, 0.4510221548977642603, 0.01000000000000000021 ) ) ;
#3737 = FILL_AREA_STYLE_COLOUR ( '', #3613 ) ;
#3738 = VECTOR ( 'NONE', #4008, 1000.000000000000000 ) ;
#3739 = CARTESIAN_POINT ( 'NONE',  ( -0.2549985122073643029, 0.2917043195319106164, 0.01000000000000000021 ) ) ;
#3740 = SURFACE_STYLE_FILL_AREA ( #5265 ) ;
#3741 = EDGE_LOOP ( 'NONE', ( #7524, #4978, #7348, #5655 ) ) ;
#3742 = CARTESIAN_POINT ( 'NONE',  ( 0.4902568231584893965, 0.3319482219709348758, 0.0000000000000000000 ) ) ;
#3743 = DIRECTION ( 'NONE',  ( 0.0000000000000000000, 1.000000000000000000, -0.0000000000000000000 ) ) ;
#3744 = MECHANICAL_DESIGN_GEOMETRIC_PRESENTATION_REPRESENTATION (  '', ( #6802 ), #5572 ) ;
#3745 =( LENGTH_UNIT ( ) NAMED_UNIT ( * ) SI_UNIT ( .MILLI., .METRE. ) );
#3746 = DIRECTION ( 'NONE',  ( 0.0000000000000000000, 0.0000000000000000000, -1.000000000000000000 ) ) ;
#3747 = SURFACE_STYLE_FILL_AREA ( #3953 ) ;
#3748 = PRESENTATION_LAYER_ASSIGNMENT (  '', '', ( #6134 ) ) ;
#3749 = DIRECTION ( 'NONE',  ( 1.000000000000000000, 0.0000000000000000000, 0.0000000000000000000 ) ) ;
#3750 = VECTOR ( 'NONE', #3295, 1000.000000000000000 ) ;
#3751 = EDGE_CURVE ( 'NONE', #1574, #466, #7718, .T. ) ;
#3752 = PRESENTATION_STYLE_ASSIGNMENT (( #2438 ) ) ;
#3753 = DIRECTION ( 'NONE',  ( 0.7071067811865444641, 3.504670666704840523E-16, 0.7071067811865505703 ) ) ;
#3754 = DIRECTION ( 'NONE',  ( 0.9486832980505155444, 0.0000000000000000000, -0.3162277660168330562 ) ) ;
#3755 = DIRECTION ( 'NONE',  ( 1.000000000000000000, 0.0000000000000000000, 0.0000000000000000000 ) ) ;
#3756 =( GEOMETRIC_REPRESENTATION_CONTEXT ( 3 ) GLOBAL_UNCERTAINTY_ASSIGNED_CONTEXT ( ( #6055 ) ) GLOBAL_UNIT_ASSIGNED_CONTEXT ( ( #711, #1323, #6297 ) ) REPRESENTATION_CONTEXT ( 'NONE', 'WORKASPACE' ) );
#3757 = VERTEX_POINT ( 'NONE', #24 ) ;
#3758 = VECTOR ( 'NONE', #6140, 1000.000000000000000 ) ;
#3759 = DIRECTION ( 'NONE',  ( 0.7071067811865444641, 3.504670666704840523E-16, 0.7071067811865505703 ) ) ;
#3760 = AXIS2_PLACEMENT_3D ( 'NONE', #7696, #330, #1568 ) ;
#3761 = CARTESIAN_POINT ( 'NONE',  ( 0.2392278701390087303, 0.5851001000733739854, 0.01000000000000000194 ) ) ;
#3762 = VECTOR ( 'NONE', #3233, 1000.000000000000000 ) ;
#3763 = EDGE_CURVE ( 'NONE', #840, #4129, #3792, .T. ) ;
#3764 = CARTESIAN_POINT ( 'NONE',  ( -0.1844001890366325780, 0.0000000000000000000, 0.01000000000000000021 ) ) ;
#3765 =( LENGTH_UNIT ( ) NAMED_UNIT ( * ) SI_UNIT ( .MILLI., .METRE. ) );
#3766 = ORIENTED_EDGE ( 'NONE', *, *, #7785, .F. ) ;
#3767 = ADVANCED_FACE ( 'NONE', ( #5254 ), #599, .T. ) ;
#3768 = ORIENTED_EDGE ( 'NONE', *, *, #1639, .F. ) ;
#3769 = CARTESIAN_POINT ( 'NONE',  ( 4.950000000000000178, -2.000000000000000444, 0.5000000000000002220 ) ) ;
#3770 = CARTESIAN_POINT ( 'NONE',  ( 1.250000000000000222, -0.7999999999999997113, 5.000000000000000888 ) ) ;
#3771 = UNCERTAINTY_MEASURE_WITH_UNIT (LENGTH_MEASURE( 1.000000000000000082E-05 ), #2981, 'distance_accuracy_value', 'NONE');
#3772 = EDGE_CURVE ( 'NONE', #4407, #5542, #5638, .T. ) ;
#3773 = ORIENTED_EDGE ( 'NONE', *, *, #7913, .F. ) ;
#3774 = LINE ( 'NONE', #5078, #515 ) ;
#3775 = CARTESIAN_POINT ( 'NONE',  ( 0.4948871585243430071, 0.3529848073367886085, 0.0000000000000000000 ) ) ;
#3776 = DIRECTION ( 'NONE',  ( -1.000000000000000000, 0.0000000000000000000, 0.0000000000000000000 ) ) ;
#3777 = DIRECTION ( 'NONE',  ( -1.000000000000000000, 0.0000000000000000000, 0.0000000000000000000 ) ) ;
#3778 = VERTEX_POINT ( 'NONE', #1721 ) ;
#3779 = CARTESIAN_POINT ( 'NONE',  ( -1.249999999999999778, -0.7999999999999997113, 1.000000000000000000 ) ) ;
#3780 = EDGE_CURVE ( 'NONE', #2920, #2050, #2599, .T. ) ;
#3781 = DIRECTION ( 'NONE',  ( 0.3536223923290756632, -0.9353882635801357148, 0.0000000000000000000 ) ) ;
#3782 = CARTESIAN_POINT ( 'NONE',  ( 0.5838924938901967066, 0.5953628561172763511, 0.0000000000000000000 ) ) ;
#3783 = FACE_OUTER_BOUND ( 'NONE', #3741, .T. ) ;
#3784 = ORIENTED_EDGE ( 'NONE', *, *, #3346, .T. ) ;
#3785 = ORIENTED_EDGE ( 'NONE', *, *, #4146, .F. ) ;
#3786 = CARTESIAN_POINT ( 'NONE',  ( 2.849999999999999645, -0.3999999999999991340, 5.000000000000000888 ) ) ;
#3787 =( NAMED_UNIT ( * ) PLANE_ANGLE_UNIT ( ) SI_UNIT ( $, .RADIAN. ) );
#3788 = LINE ( 'NONE', #3117, #1930 ) ;
#3789 = CARTESIAN_POINT ( 'NONE',  ( 0.4844831951097088862, 0.3529848073367885530, 0.0000000000000000000 ) ) ;
#3790 = EDGE_CURVE ( 'NONE', #7645, #6275, #1935, .T. ) ;
#3791 = EDGE_LOOP ( 'NONE', ( #2417, #7844, #5714, #2667 ) ) ;
#3792 = LINE ( 'NONE', #3554, #533 ) ;
#3793 = ORIENTED_EDGE ( 'NONE', *, *, #4746, .T. ) ;
#3794 = CARTESIAN_POINT ( 'NONE',  ( -0.8499999999999992006, -0.7000000000000002887, 5.000000000000000888 ) ) ;
#3795 = LINE ( 'NONE', #564, #6025 ) ;
#3796 = MECHANICAL_DESIGN_GEOMETRIC_PRESENTATION_REPRESENTATION (  '', ( #2016 ), #2408 ) ;
#3797 = ORIENTED_EDGE ( 'NONE', *, *, #1790, .T. ) ;
#3798 = DIRECTION ( 'NONE',  ( 1.000000000000000000, 0.0000000000000000000, 0.0000000000000000000 ) ) ;
#3799 = B_SPLINE_SURFACE_WITH_KNOTS ( 'NONE', 3, 1, ( 
 ( #3742, #7409 ),
 ( #1842, #63 ),
 ( #7933, #2412 ),
 ( #6717, #1186 ),
 ( #7381, #6829 ),
 ( #1760, #6184 ),
 ( #5514, #646 ) ),
 .UNSPECIFIED., .F., .F., .F.,
 ( 4, 1, 1, 1, 4 ),
 ( 2, 2 ),
 ( 0.0000000000000000000, 0.3261021526013345717, 0.6017142408718885171, 0.8255182846829504095, 1.000000000000000000 ),
 ( 0.0000000000000000000, 1.000000000000000000 ),
 .UNSPECIFIED. ) ;
#3800 = VECTOR ( 'NONE', #3931, 1000.000000000000000 ) ;
#3801 = ORIENTED_EDGE ( 'NONE', *, *, #1952, .F. ) ;
#3802 = CARTESIAN_POINT ( 'NONE',  ( -4.450000000000000178, -0.2400000000000021838, 4.000000000000000000 ) ) ;
#3803 = SURFACE_STYLE_USAGE ( .BOTH. , #6210 ) ;
#3804 = COLOUR_RGB ( '',0.9686274509803921573, 0.8784313725490195957, 0.5999999999999999778 ) ;
#3805 =( NAMED_UNIT ( * ) SI_UNIT ( $, .STERADIAN. ) SOLID_ANGLE_UNIT ( ) );
#3806 = ORIENTED_EDGE ( 'NONE', *, *, #6994, .T. ) ;
#3807 = LINE ( 'NONE', #7437, #271 ) ;
#3808 = ORIENTED_EDGE ( 'NONE', *, *, #747, .F. ) ;
#3809 = CARTESIAN_POINT ( 'NONE',  ( -4.449999999999999289, -1.950000000000002176, 6.000000000000000000 ) ) ;
#3810 = ADVANCED_FACE ( 'NONE', ( #3578 ), #1324, .F. ) ;
#3811 = MECHANICAL_DESIGN_GEOMETRIC_PRESENTATION_REPRESENTATION (  '', ( #7256 ), #4237 ) ;
#3812 = PRESENTATION_STYLE_ASSIGNMENT (( #6819 ) ) ;
#3813 =( GEOMETRIC_REPRESENTATION_CONTEXT ( 3 ) GLOBAL_UNCERTAINTY_ASSIGNED_CONTEXT ( ( #4197 ) ) GLOBAL_UNIT_ASSIGNED_CONTEXT ( ( #5393, #6672, #2954 ) ) REPRESENTATION_CONTEXT ( 'NONE', 'WORKASPACE' ) );
#3814 = ORIENTED_EDGE ( 'NONE', *, *, #4868, .T. ) ;
#3815 = CARTESIAN_POINT ( 'NONE',  ( -0.1867882260898287849, 0.3026252065450876771, 0.01000000000000000021 ) ) ;
#3816 = DIRECTION ( 'NONE',  ( 0.0000000000000000000, -0.0000000000000000000, 1.000000000000000000 ) ) ;
#3817 = VERTEX_POINT ( 'NONE', #3635 ) ;
#3818 = VECTOR ( 'NONE', #2483, 1000.000000000000000 ) ;
#3819 = PLANE ( 'NONE',  #2744 ) ;
#3820 = CARTESIAN_POINT ( 'NONE',  ( -1.149999999999999467, -0.6999999999999994005, -3.399999999999999911 ) ) ;
#3821 = SURFACE_STYLE_USAGE ( .BOTH. , #2436 ) ;
#3822 = EDGE_LOOP ( 'NONE', ( #2924, #5996, #3814, #2970 ) ) ;
#3823 = DIRECTION ( 'NONE',  ( 0.0000000000000000000, 0.0000000000000000000, -1.000000000000000000 ) ) ;
#3824 = EDGE_CURVE ( 'NONE', #2111, #4586, #6303, .T. ) ;
#3825 = COLOUR_RGB ( '',1.000000000000000000, 1.000000000000000000, 1.000000000000000000 ) ;
#3826 = CARTESIAN_POINT ( 'NONE',  ( 4.950000000000000178, -0.6499999999999998002, 6.000000000000000000 ) ) ;
#3827 = LINE ( 'NONE', #4707, #1315 ) ;
#3828 = ORIENTED_EDGE ( 'NONE', *, *, #6162, .T. ) ;
#3829 = CARTESIAN_POINT ( 'NONE',  ( -3.250000000000000000, -0.7999999999999997113, 4.699999999999997513 ) ) ;
#3830 = CARTESIAN_POINT ( 'NONE',  ( 2.750000000000000444, -0.7999999999999997113, 4.699999999999997513 ) ) ;
#3831 = CARTESIAN_POINT ( 'NONE',  ( -0.2728208780868150440, 0.5658003208382740290, 0.0000000000000000000 ) ) ;
#3832 = SURFACE_SIDE_STYLE ('',( #464 ) ) ;
#3833 = VECTOR ( 'NONE', #3246, 1000.000000000000000 ) ;
#3834 = EDGE_CURVE ( 'NONE', #735, #4547, #5921, .T. ) ;
#3835 = SURFACE_STYLE_FILL_AREA ( #7252 ) ;
#3836 = ORIENTED_EDGE ( 'NONE', *, *, #2651, .F. ) ;
#3837 = UNCERTAINTY_MEASURE_WITH_UNIT (LENGTH_MEASURE( 1.000000000000000082E-05 ), #4748, 'distance_accuracy_value', 'NONE');
#3838 = CARTESIAN_POINT ( 'NONE',  ( -0.08561970123175441372, 0.5624360268489836390, 0.0000000000000000000 ) ) ;
#3839 = CARTESIAN_POINT ( 'NONE',  ( 0.4902568231584893965, 0.3319482219709348758, 0.01000000000000000021 ) ) ;
#3840 = FILL_AREA_STYLE ('',( #5042 ) ) ;
#3841 = UNCERTAINTY_MEASURE_WITH_UNIT (LENGTH_MEASURE( 1.000000000000000082E-05 ), #5158, 'distance_accuracy_value', 'NONE');
#3842 = CARTESIAN_POINT ( 'NONE',  ( -0.2179367497826653621, 0.3293453112321247378, 0.0000000000000000000 ) ) ;
#3843 = PRESENTATION_LAYER_ASSIGNMENT (  '', '', ( #7245 ) ) ;
#3844 = CARTESIAN_POINT ( 'NONE',  ( 0.1907455667172799629, 0.3285490897922595521, 0.009999999999999991535 ) ) ;
#3845 = ADVANCED_FACE ( 'NONE', ( #4203 ), #5579, .F. ) ;
#3846 = COLOUR_RGB ( '',1.000000000000000000, 1.000000000000000000, 1.000000000000000000 ) ;
#3847 = EDGE_LOOP ( 'NONE', ( #1359, #4882, #1562, #6561 ) ) ;
#3848 = LINE ( 'NONE', #4439, #6562 ) ;
#3849 = AXIS2_PLACEMENT_3D ( 'NONE', #5391, #498, #5314 ) ;
#3850 = CARTESIAN_POINT ( 'NONE',  ( -0.7499999999999997780, 0.0000000000000000000, 0.0000000000000000000 ) ) ;
#3851 = AXIS2_PLACEMENT_3D ( 'NONE', #101, #7385, #1758 ) ;
#3852 = CARTESIAN_POINT ( 'NONE',  ( -4.950000000000000178, -2.000000000000000000, 0.5000000000000002220 ) ) ;
#3853 = FACE_OUTER_BOUND ( 'NONE', #485, .T. ) ;
#3854 = LINE ( 'NONE', #5135, #5032 ) ;
#3855 = CARTESIAN_POINT ( 'NONE',  ( -3.150000000000000355, -0.3999999999999991340, 5.000000000000000888 ) ) ;
#3856 = DIRECTION ( 'NONE',  ( 4.956352788505164254E-16, -1.000000000000000000, 0.0000000000000000000 ) ) ;
#3857 = ORIENTED_EDGE ( 'NONE', *, *, #819, .F. ) ;
#3858 = UNCERTAINTY_MEASURE_WITH_UNIT (LENGTH_MEASURE( 1.000000000000000082E-05 ), #2182, 'distance_accuracy_value', 'NONE');
#3859 = B_SPLINE_SURFACE_WITH_KNOTS ( 'NONE', 3, 1, ( 
 ( #203, #3993 ),
 ( #341, #914 ),
 ( #5200, #2726 ),
 ( #3934, #944 ),
 ( #7682, #2157 ),
 ( #2754, #7112 ),
 ( #7088, #1583 ),
 ( #1472, #3397 ),
 ( #3968, #4021 ),
 ( #2691, #7039 ),
 ( #3319, #3293 ) ),
 .UNSPECIFIED., .F., .F., .F.,
 ( 4, 1, 1, 1, 1, 1, 1, 1, 4 ),
 ( 2, 2 ),
 ( 0.0000000000000000000, 0.1352946047634290549, 0.2667656579247484894, 0.3948160188358722511, 0.5200516544342458358, 0.6421757029708220488, 0.7626518205584231769, 0.8818340043805015238, 1.000000000000000000 ),
 ( 0.0000000000000000000, 1.000000000000000000 ),
 .UNSPECIFIED. ) ;
#3860 = PRESENTATION_STYLE_ASSIGNMENT (( #4662 ) ) ;
#3861 = AXIS2_PLACEMENT_3D ( 'NONE', #4279, #6137, #6751 ) ;
#3862 = LINE ( 'NONE', #5058, #1249 ) ;
#3863 = VERTEX_POINT ( 'NONE', #713 ) ;
#3864 = PRESENTATION_LAYER_ASSIGNMENT (  '', '', ( #83 ) ) ;
#3865 = CARTESIAN_POINT ( 'NONE',  ( -0.1923683058867636242, 0.3392083897610858600, 0.0000000000000000000 ) ) ;
#3866 = CARTESIAN_POINT ( 'NONE',  ( 0.02779493291458703941, 0.2953628561172763622, 0.0000000000000000000 ) ) ;
#3867 = ORIENTED_EDGE ( 'NONE', *, *, #1793, .F. ) ;
#3868 = PLANE ( 'NONE',  #741 ) ;
#3869 = SURFACE_SIDE_STYLE ('',( #5312 ) ) ;
#3870 = PLANE ( 'NONE',  #420 ) ;
#3871 = ORIENTED_EDGE ( 'NONE', *, *, #5246, .T. ) ;
#3872 = AXIS2_PLACEMENT_3D ( 'NONE', #3159, #1949, #200 ) ;
#3873 = CARTESIAN_POINT ( 'NONE',  ( -3.149999999999999467, -0.2999999999999997669, -3.399999999999999911 ) ) ;
#3874 = LINE ( 'NONE', #4999, #354 ) ;
#3875 =( NAMED_UNIT ( * ) SI_UNIT ( $, .STERADIAN. ) SOLID_ANGLE_UNIT ( ) );
#3876 = ORIENTED_EDGE ( 'NONE', *, *, #4206, .F. ) ;
#3877 = DIRECTION ( 'NONE',  ( 1.000000000000000000, 0.0000000000000000000, 0.0000000000000000000 ) ) ;
#3878 = CARTESIAN_POINT ( 'NONE',  ( 0.2948681036462944549, 0.4424474597758129568, 0.009999999999999995004 ) ) ;
#3879 = EDGE_CURVE ( 'NONE', #3351, #1865, #3788, .T. ) ;
#3880 = ORIENTED_EDGE ( 'NONE', *, *, #6822, .F. ) ;
#3881 = DIRECTION ( 'NONE',  ( 1.000000000000000000, 0.0000000000000000000, 0.0000000000000000000 ) ) ;
#3882 = CARTESIAN_POINT ( 'NONE',  ( -0.5868392134268763938, 0.2953628561172763622, 0.0000000000000000000 ) ) ;
#3883 = DIRECTION ( 'NONE',  ( -1.000000000000000000, 0.0000000000000000000, 0.0000000000000000000 ) ) ;
#3884 = UNCERTAINTY_MEASURE_WITH_UNIT (LENGTH_MEASURE( 1.000000000000000082E-05 ), #583, 'distance_accuracy_value', 'NONE');
#3885 = LINE ( 'NONE', #6119, #6115 ) ;
#3886 = EDGE_LOOP ( 'NONE', ( #4507, #7239, #3272, #1942 ) ) ;
#3887 = CARTESIAN_POINT ( 'NONE',  ( 0.3570632255975138003, 0.5953628561172763511, 0.0000000000000000000 ) ) ;
#3888 = DIRECTION ( 'NONE',  ( -0.0000000000000000000, 0.0000000000000000000, 1.000000000000000000 ) ) ;
#3889 = ORIENTED_EDGE ( 'NONE', *, *, #7680, .T. ) ;
#3890 = DIRECTION ( 'NONE',  ( 1.000000000000000000, -0.0000000000000000000, 0.0000000000000000000 ) ) ;
#3891 = PLANE ( 'NONE',  #6709 ) ;
#3892 = MECHANICAL_DESIGN_GEOMETRIC_PRESENTATION_REPRESENTATION (  '', ( #2733 ), #5807 ) ;
#3893 = VECTOR ( 'NONE', #1215, 1000.000000000000000 ) ;
#3894 = ORIENTED_EDGE ( 'NONE', *, *, #5686, .F. ) ;
#3895 = FACE_OUTER_BOUND ( 'NONE', #2466, .T. ) ;
#3896 = CARTESIAN_POINT ( 'NONE',  ( 0.2145032091406301189, 0.3320804515889795305, 0.009999999999999991535 ) ) ;
#3897 = ORIENTED_EDGE ( 'NONE', *, *, #5500, .T. ) ;
#3898 = CARTESIAN_POINT ( 'NONE',  ( 0.2555195296654684256, 0.5384101197923285564, 0.01000000000000000021 ) ) ;
#3899 = STYLED_ITEM ( 'NONE', ( #1694 ), #1365 ) ;
#3900 = VERTEX_POINT ( 'NONE', #3089 ) ;
#3901 = MECHANICAL_DESIGN_GEOMETRIC_PRESENTATION_REPRESENTATION (  '', ( #1564 ), #2792 ) ;
#3902 = CARTESIAN_POINT ( 'NONE',  ( -0.2447008551658191033, 0.2917781358819973025, 0.0000000000000000000 ) ) ;
#3903 = CARTESIAN_POINT ( 'NONE',  ( 4.950000000000000178, -1.850000000000000089, 1.099999999999999867 ) ) ;
#3904 = ORIENTED_EDGE ( 'NONE', *, *, #6880, .T. ) ;
#3905 = EDGE_CURVE ( 'NONE', #7820, #6416, #3978, .T. ) ;
#3906 = DIRECTION ( 'NONE',  ( 0.0000000000000000000, 0.0000000000000000000, -1.000000000000000000 ) ) ;
#3907 = SURFACE_STYLE_FILL_AREA ( #4199 ) ;
#3908 = VECTOR ( 'NONE', #7335, 1000.000000000000000 ) ;
#3909 = DIRECTION ( 'NONE',  ( 0.0000000000000000000, -0.0000000000000000000, -1.000000000000000000 ) ) ;
#3910 = AXIS2_PLACEMENT_3D ( 'NONE', #6353, #421, #2397 ) ;
#3911 = B_SPLINE_CURVE_WITH_KNOTS ( 'NONE', 3,
 ( #951, #5259, #5150, #7591, #268, #2209, #7196, #3403, #5394, #6566, #473, #5317, #7689, #5344, #7143, #5863, #4652, #4056, #7798 ),
 .UNSPECIFIED., .F., .F.,
 ( 4, 1, 1, 1, 1, 1, 1, 1, 1, 1, 1, 1, 1, 1, 1, 1, 4 ),
 ( 0.0000000000000000000, 0.06460651091172707472, 0.1267073966769825255, 0.1867641584560547352, 0.2456160792896877887, 0.3036342601009777709, 0.3614875846788062619, 0.4202270435406773030, 0.4800225128200918401, 0.5406696917432137761, 0.6011857431162470622, 0.6623298436784404997, 0.7250194742551530069, 0.7894594567563151255, 0.8564992169370779784, 0.9263091979800035514, 1.000000000000000000 ),
 .UNSPECIFIED. ) ;
#3912 = CARTESIAN_POINT ( 'NONE',  ( -0.4074397223104475607, 0.4451856752492969749, 0.0000000000000000000 ) ) ;
#3913 = EDGE_LOOP ( 'NONE', ( #4770, #5885, #1167, #5988 ) ) ;
#3914 = STYLED_ITEM ( 'NONE', ( #3248 ), #7787 ) ;
#3915 = DIRECTION ( 'NONE',  ( -0.5773502691896273964, 0.5773502691896273964, -0.5773502691896224004 ) ) ;
#3916 =( NAMED_UNIT ( * ) PLANE_ANGLE_UNIT ( ) SI_UNIT ( $, .RADIAN. ) );
#3917 = CARTESIAN_POINT ( 'NONE',  ( 4.450000000000001066, 0.1500000000000002442, 5.799999999999999822 ) ) ;
#3918 = EDGE_CURVE ( 'NONE', #1859, #3817, #5533, .T. ) ;
#3919 =( LENGTH_UNIT ( ) NAMED_UNIT ( * ) SI_UNIT ( .MILLI., .METRE. ) );
#3920 = ADVANCED_FACE ( 'NONE', ( #7909 ), #6869, .F. ) ;
#3921 = CARTESIAN_POINT ( 'NONE',  ( -0.3112765893882712409, 0.5935560238945400968, 0.0000000000000000000 ) ) ;
#3922 = VECTOR ( 'NONE', #7816, 1000.000000000000000 ) ;
#3923 =( LENGTH_UNIT ( ) NAMED_UNIT ( * ) SI_UNIT ( .MILLI., .METRE. ) );
#3924 = ORIENTED_EDGE ( 'NONE', *, *, #5395, .T. ) ;
#3925 = EDGE_CURVE ( 'NONE', #2439, #1101, #5917, .T. ) ;
#3926 =( NAMED_UNIT ( * ) SI_UNIT ( $, .STERADIAN. ) SOLID_ANGLE_UNIT ( ) );
#3927 = PLANE ( 'NONE',  #4179 ) ;
#3928 = CARTESIAN_POINT ( 'NONE',  ( 0.4009656646219040277, 0.5953628561172763511, 0.0000000000000000000 ) ) ;
#3929 = CARTESIAN_POINT ( 'NONE',  ( 4.950000000000000178, -0.2599999999999995093, 4.389999999999999680 ) ) ;
#3930 = CARTESIAN_POINT ( 'NONE',  ( -0.5465953109878519678, 0.5624360268489836390, 0.01000000000000000021 ) ) ;
#3931 = DIRECTION ( 'NONE',  ( -1.000000000000000000, -0.0000000000000000000, -0.0000000000000000000 ) ) ;
#3932 = DIRECTION ( 'NONE',  ( 0.0000000000000000000, -0.0000000000000000000, 1.000000000000000000 ) ) ;
#3933 = DIRECTION ( 'NONE',  ( 1.000000000000000000, 0.0000000000000000000, 0.0000000000000000000 ) ) ;
#3934 = CARTESIAN_POINT ( 'NONE',  ( -0.2401018869614961748, 0.5649908286080940201, 0.0000000000000000000 ) ) ;
#3935 = EDGE_CURVE ( 'NONE', #1545, #1532, #621, .T. ) ;
#3936 = EDGE_LOOP ( 'NONE', ( #1470, #3043, #2851, #5426, #5136, #3115, #3020, #5913, #7715, #2708 ) ) ;
#3937 = CARTESIAN_POINT ( 'NONE',  ( -3.250000000000000000, -0.7999999999999997113, 0.0000000000000000000 ) ) ;
#3938 = COLOUR_RGB ( '',0.9686274509803921573, 0.8784313725490195957, 0.5999999999999999778 ) ;
#3939 = CARTESIAN_POINT ( 'NONE',  ( 0.09364859145117249151, 0.2953628561172763622, 0.0000000000000000000 ) ) ;
#3940 = SURFACE_STYLE_USAGE ( .BOTH. , #4390 ) ;
#3941 = DIRECTION ( 'NONE',  ( 0.0000000000000000000, 0.0000000000000000000, -1.000000000000000000 ) ) ;
#3942 = COLOUR_RGB ( '',1.000000000000000000, 1.000000000000000000, 1.000000000000000000 ) ;
#3943 = DIRECTION ( 'NONE',  ( 0.0000000000000000000, 0.0000000000000000000, -1.000000000000000000 ) ) ;
#3944 = AXIS2_PLACEMENT_3D ( 'NONE', #6957, #2578, #808 ) ;
#3945 = VECTOR ( 'NONE', #5854, 1000.000000000000114 ) ;
#3946 = AXIS2_PLACEMENT_3D ( 'NONE', #7768, #7823, #6595 ) ;
#3947 =( LENGTH_UNIT ( ) NAMED_UNIT ( * ) SI_UNIT ( .MILLI., .METRE. ) );
#3948 = CARTESIAN_POINT ( 'NONE',  ( -0.5465953109878519678, 0.5624360268489836390, 0.0000000000000000000 ) ) ;
#3949 = EDGE_LOOP ( 'NONE', ( #6455, #4631, #6528, #3669 ) ) ;
#3950 = SURFACE_SIDE_STYLE ('',( #1825 ) ) ;
#3951 = LINE ( 'NONE', #7250, #1625 ) ;
#3952 = CARTESIAN_POINT ( 'NONE',  ( 4.450000000000001066, 1.749999999999999778, 5.799999999999999822 ) ) ;
#3953 = FILL_AREA_STYLE ('',( #3257 ) ) ;
#3954 = SURFACE_STYLE_FILL_AREA ( #2344 ) ;
#3955 = LINE ( 'NONE', #5851, #4057 ) ;
#3956 = FILL_AREA_STYLE ('',( #2987 ) ) ;
#3957 =( GEOMETRIC_REPRESENTATION_CONTEXT ( 3 ) GLOBAL_UNCERTAINTY_ASSIGNED_CONTEXT ( ( #7760 ) ) GLOBAL_UNIT_ASSIGNED_CONTEXT ( ( #4142, #6939, #1543 ) ) REPRESENTATION_CONTEXT ( 'NONE', 'WORKASPACE' ) );
#3958 =( LENGTH_UNIT ( ) NAMED_UNIT ( * ) SI_UNIT ( .MILLI., .METRE. ) );
#3959 = ORIENTED_EDGE ( 'NONE', *, *, #6931, .T. ) ;
#3960 = AXIS2_PLACEMENT_3D ( 'NONE', #4340, #5067, #7416 ) ;
#3961 = CARTESIAN_POINT ( 'NONE',  ( -4.950000000000000178, -0.6499999999999998002, 6.000000000000000000 ) ) ;
#3962 = ORIENTED_EDGE ( 'NONE', *, *, #1978, .F. ) ;
#3963 = COLOUR_RGB ( '',0.9686274509803921573, 0.8784313725490195957, 0.5999999999999999778 ) ;
#3964 = SURFACE_STYLE_FILL_AREA ( #2767 ) ;
#3965 = VERTEX_POINT ( 'NONE', #1371 ) ;
#3966 = B_SPLINE_CURVE_WITH_KNOTS ( 'NONE', 3,
 ( #3038, #7373, #3865, #7519, #5124, #3842, #798, #6979, #1400, #744, #4399 ),
 .UNSPECIFIED., .F., .F.,
 ( 4, 1, 1, 1, 1, 1, 1, 1, 4 ),
 ( 0.0000000000000000000, 0.1252796967356261115, 0.2494199707420513834, 0.3733567994928199130, 0.4966812787822861841, 0.6202029157439823415, 0.7450863201614561504, 0.8712691950190973866, 1.000000000000000000 ),
 .UNSPECIFIED. ) ;
#3967 = CARTESIAN_POINT ( 'NONE',  ( -0.3416902011415487439, 0.3160629484380141907, 0.0000000000000000000 ) ) ;
#3968 = CARTESIAN_POINT ( 'NONE',  ( -0.1926970014457596303, 0.5515604026938166760, 0.0000000000000000000 ) ) ;
#3969 = ORIENTED_EDGE ( 'NONE', *, *, #3985, .F. ) ;
#3970 = DIRECTION ( 'NONE',  ( 0.0000000000000000000, -0.0000000000000000000, 1.000000000000000000 ) ) ;
#3971 = DIRECTION ( 'NONE',  ( -0.0000000000000000000, 0.0000000000000000000, 1.000000000000000000 ) ) ;
#3972 = AXIS2_PLACEMENT_3D ( 'NONE', #5363, #1628, #973 ) ;
#3973 = ORIENTED_EDGE ( 'NONE', *, *, #4499, .T. ) ;
#3974 = FILL_AREA_STYLE ('',( #2112 ) ) ;
#3975 = ORIENTED_EDGE ( 'NONE', *, *, #4872, .F. ) ;
#3976 = EDGE_CURVE ( 'NONE', #6609, #2920, #6974, .T. ) ;
#3977 = CARTESIAN_POINT ( 'NONE',  ( 0.2770321707299180369, 0.3729135077215696148, 0.0000000000000000000 ) ) ;
#3978 = LINE ( 'NONE', #7468, #7530 ) ;
#3979 = CARTESIAN_POINT ( 'NONE',  ( -0.2894620333182886251, 0.3290686859322594637, 0.01000000000000000021 ) ) ;
#3980 = VECTOR ( 'NONE', #6130, 1000.000000000000000 ) ;
#3981 = CARTESIAN_POINT ( 'NONE',  ( 2.750000000000000444, -0.7999999999999997113, -3.099999999999996980 ) ) ;
#3982 =( NAMED_UNIT ( * ) SI_UNIT ( $, .STERADIAN. ) SOLID_ANGLE_UNIT ( ) );
#3983 = ORIENTED_EDGE ( 'NONE', *, *, #2763, .T. ) ;
#3984 = DIRECTION ( 'NONE',  ( -1.000000000000000000, 0.0000000000000000000, -0.0000000000000000000 ) ) ;
#3985 = EDGE_CURVE ( 'NONE', #1584, #1429, #5251, .T. ) ;
#3986 = VERTEX_POINT ( 'NONE', #5708 ) ;
#3987 = FILL_AREA_STYLE_COLOUR ( '', #4083 ) ;
#3988 = EDGE_CURVE ( 'NONE', #5819, #1082, #3573, .T. ) ;
#3989 = ORIENTED_EDGE ( 'NONE', *, *, #7638, .F. ) ;
#3990 = COLOUR_RGB ( '',1.000000000000000000, 1.000000000000000000, 1.000000000000000000 ) ;
#3991 =( NAMED_UNIT ( * ) SI_UNIT ( $, .STERADIAN. ) SOLID_ANGLE_UNIT ( ) );
#3992 = ORIENTED_EDGE ( 'NONE', *, *, #2238, .F. ) ;
#3993 = CARTESIAN_POINT ( 'NONE',  ( -0.2614009512317545525, 0.5660945634343496069, 0.01000000000000000021 ) ) ;
#3994 = ORIENTED_EDGE ( 'NONE', *, *, #6892, .F. ) ;
#3995 = CARTESIAN_POINT ( 'NONE',  ( -4.950000000000000178, -1.850000000000000089, 1.099999999999999867 ) ) ;
#3996 = DIRECTION ( 'NONE',  ( 0.0000000000000000000, 0.0000000000000000000, -1.000000000000000000 ) ) ;
#3997 =( NAMED_UNIT ( * ) SI_UNIT ( $, .STERADIAN. ) SOLID_ANGLE_UNIT ( ) );
#3998 = DIRECTION ( 'NONE',  ( 1.000000000000000000, 0.0000000000000000000, 0.0000000000000000000 ) ) ;
#3999 = STYLED_ITEM ( 'NONE', ( #2654 ), #5445 ) ;
#4000 = ORIENTED_EDGE ( 'NONE', *, *, #6808, .T. ) ;
#4001 = CARTESIAN_POINT ( 'NONE',  ( -0.3595158799750623468, 0.5680805099544355974, 0.0000000000000000000 ) ) ;
#4002 = ORIENTED_EDGE ( 'NONE', *, *, #2448, .T. ) ;
#4003 = CARTESIAN_POINT ( 'NONE',  ( 0.2704507066759312961, 0.3643733834722849840, 0.009999999999999991535 ) ) ;
#4004 = FACE_OUTER_BOUND ( 'NONE', #3847, .T. ) ;
#4005 = FILL_AREA_STYLE ('',( #4576 ) ) ;
#4006 = EDGE_LOOP ( 'NONE', ( #1097, #7545, #4291, #3513 ) ) ;
#4007 = UNCERTAINTY_MEASURE_WITH_UNIT (LENGTH_MEASURE( 1.000000000000000082E-05 ), #7762, 'distance_accuracy_value', 'NONE');
#4008 = DIRECTION ( 'NONE',  ( -0.0000000000000000000, 0.0000000000000000000, 1.000000000000000000 ) ) ;
#4009 = DIRECTION ( 'NONE',  ( 1.000000000000000000, 0.0000000000000000000, -0.0000000000000000000 ) ) ;
#4010 = DIRECTION ( 'NONE',  ( 0.3015113445777592993, 0.3015113445777592993, 0.9045340337332937741 ) ) ;
#4011 = LINE ( 'NONE', #1274, #3818 ) ;
#4012 = DIRECTION ( 'NONE',  ( 0.0000000000000000000, -1.000000000000000000, 0.0000000000000000000 ) ) ;
#4013 = CARTESIAN_POINT ( 'NONE',  ( -0.7499999999999997780, -0.7999999999999997113, 5.000000000000000888 ) ) ;
#4014 = VERTEX_POINT ( 'NONE', #2010 ) ;
#4015 = DIRECTION ( 'NONE',  ( -1.000000000000000000, -0.0000000000000000000, -0.0000000000000000000 ) ) ;
#4016 =( NAMED_UNIT ( * ) SI_UNIT ( $, .STERADIAN. ) SOLID_ANGLE_UNIT ( ) );
#4017 = VECTOR ( 'NONE', #797, 1000.000000000000000 ) ;
#4018 = STYLED_ITEM ( 'NONE', ( #6319 ), #3339 ) ;
#4019 = B_SPLINE_CURVE_WITH_KNOTS ( 'NONE', 3,
 ( #2235, #1052, #2180, #2257, #5412, #2925, #7241 ),
 .UNSPECIFIED., .F., .F.,
 ( 4, 1, 1, 1, 4 ),
 ( 0.0000000000000000000, 0.3005748677701817195, 0.5683474126119600900, 0.8000111549537399780, 1.000000000000000000 ),
 .UNSPECIFIED. ) ;
#4020 = FILL_AREA_STYLE ('',( #7137 ) ) ;
#4021 = CARTESIAN_POINT ( 'NONE',  ( -0.1926970014457596303, 0.5515604026938166760, 0.01000000000000000021 ) ) ;
#4022 = VERTEX_POINT ( 'NONE', #180 ) ;
#4023 = VECTOR ( 'NONE', #5760, 1000.000000000000114 ) ;
#4024 =( GEOMETRIC_REPRESENTATION_CONTEXT ( 3 ) GLOBAL_UNCERTAINTY_ASSIGNED_CONTEXT ( ( #4636 ) ) GLOBAL_UNIT_ASSIGNED_CONTEXT ( ( #6942, #6260, #6887 ) ) REPRESENTATION_CONTEXT ( 'NONE', 'WORKASPACE' ) );
#4025 = FILL_AREA_STYLE_COLOUR ( '', #5486 ) ;
#4026 = DIRECTION ( 'NONE',  ( -0.0000000000000000000, -1.000000000000000000, -5.421010862427526114E-16 ) ) ;
#4027 = FILL_AREA_STYLE ('',( #6540 ) ) ;
#4028 =( NAMED_UNIT ( * ) SI_UNIT ( $, .STERADIAN. ) SOLID_ANGLE_UNIT ( ) );
#4029 = EDGE_CURVE ( 'NONE', #2422, #6228, #352, .T. ) ;
#4030 = CARTESIAN_POINT ( 'NONE',  ( -3.003586417958281629, -1.749999999999999778, 3.912701290971654089 ) ) ;
#4031 = SURFACE_STYLE_FILL_AREA ( #7749 ) ;
#4032 = CARTESIAN_POINT ( 'NONE',  ( -0.3928401682872654788, 0.5243201968132329416, 0.01000000000000000021 ) ) ;
#4033 = ORIENTED_EDGE ( 'NONE', *, *, #5657, .F. ) ;
#4034 = EDGE_CURVE ( 'NONE', #241, #3900, #1355, .T. ) ;
#4035 = FILL_AREA_STYLE ('',( #6415 ) ) ;
#4036 = PLANE ( 'NONE',  #5015 ) ;
#4037 = CARTESIAN_POINT ( 'NONE',  ( 0.0000000000000000000, 0.4599970024587397566, 0.01000000000000000021 ) ) ;
#4038 = FILL_AREA_STYLE ('',( #1063 ) ) ;
#4039 = EDGE_CURVE ( 'NONE', #755, #4939, #4280, .T. ) ;
#4040 =( NAMED_UNIT ( * ) SI_UNIT ( $, .STERADIAN. ) SOLID_ANGLE_UNIT ( ) );
#4041 = CARTESIAN_POINT ( 'NONE',  ( -0.2514898854896595037, 0.3246790109791049539, 0.01000000000000000021 ) ) ;
#4042 = LINE ( 'NONE', #3268, #7678 ) ;
#4043 =( LENGTH_UNIT ( ) NAMED_UNIT ( * ) SI_UNIT ( .MILLI., .METRE. ) );
#4044 =( NAMED_UNIT ( * ) PLANE_ANGLE_UNIT ( ) SI_UNIT ( $, .RADIAN. ) );
#4045 = CARTESIAN_POINT ( 'NONE',  ( 0.7500000000000002220, -0.2999999999999997669, 0.0000000000000000000 ) ) ;
#4046 = COLOUR_RGB ( '',1.000000000000000000, 1.000000000000000000, 1.000000000000000000 ) ;
#4047 = FILL_AREA_STYLE_COLOUR ( '', #1563 ) ;
#4048 = VECTOR ( 'NONE', #1467, 1000.000000000000000 ) ;
#4049 = DIRECTION ( 'NONE',  ( 0.0000000000000000000, -0.0000000000000000000, 1.000000000000000000 ) ) ;
#4050 = EDGE_LOOP ( 'NONE', ( #7501, #6967, #3716, #2185 ) ) ;
#4051 = VECTOR ( 'NONE', #4417, 1000.000000000000000 ) ;
#4052 = EDGE_CURVE ( 'NONE', #7631, #5368, #249, .T. ) ;
#4053 = DIRECTION ( 'NONE',  ( 0.3015113445777592993, 0.3015113445777592993, -0.9045340337332937741 ) ) ;
#4054 = DIRECTION ( 'NONE',  ( -1.000000000000000000, 0.0000000000000000000, 0.0000000000000000000 ) ) ;
#4055 = CARTESIAN_POINT ( 'NONE',  ( 4.052040639368927444, -1.749999999999999778, 3.912701290971654089 ) ) ;
#4056 = CARTESIAN_POINT ( 'NONE',  ( -0.3672233497452502271, 0.4439301762038284638, 0.0000000000000000000 ) ) ;
#4057 = VECTOR ( 'NONE', #5941, 1000.000000000000000 ) ;
#4058 = ORIENTED_EDGE ( 'NONE', *, *, #350, .T. ) ;
#4059 = PRESENTATION_LAYER_ASSIGNMENT (  '', '', ( #7198 ) ) ;
#4060 = AXIS2_PLACEMENT_3D ( 'NONE', #7902, #1188, #1763 ) ;
#4061 = DIRECTION ( 'NONE',  ( 0.0000000000000000000, -1.000000000000000000, 0.0000000000000000000 ) ) ;
#4062 = LINE ( 'NONE', #3440, #894 ) ;
#4063 = VECTOR ( 'NONE', #5105, 1000.000000000000000 ) ;
#4064 =( LENGTH_UNIT ( ) NAMED_UNIT ( * ) SI_UNIT ( .MILLI., .METRE. ) );
#4065 = CARTESIAN_POINT ( 'NONE',  ( -0.3192278285452049835, 0.3433832727924456263, 0.0000000000000000000 ) ) ;
#4066 = EDGE_CURVE ( 'NONE', #2234, #6789, #1833, .T. ) ;
#4067 = EDGE_LOOP ( 'NONE', ( #2375, #6103, #5718, #2197 ) ) ;
#4068 = ORIENTED_EDGE ( 'NONE', *, *, #2088, .T. ) ;
#4069 = CARTESIAN_POINT ( 'NONE',  ( -0.1870643047249602731, 0.3422904139759304076, 0.01000000000000000021 ) ) ;
#4070 = LINE ( 'NONE', #5992, #3358 ) ;
#4071 = MECHANICAL_DESIGN_GEOMETRIC_PRESENTATION_REPRESENTATION (  '', ( #5174 ), #386 ) ;
#4072 = EDGE_LOOP ( 'NONE', ( #4996, #1947, #4252, #6239 ) ) ;
#4073 = DIRECTION ( 'NONE',  ( 0.3015113445777618528, -0.3015113445777618528, 0.9045340337332921088 ) ) ;
#4074 = AXIS2_PLACEMENT_3D ( 'NONE', #424, #7778, #1672 ) ;
#4075 = CARTESIAN_POINT ( 'NONE',  ( -4.052040639368925667, -2.250000000000000000, 3.912701290971654089 ) ) ;
#4076 = DIRECTION ( 'NONE',  ( 0.3015113445777592993, 0.3015113445777592993, -0.9045340337332937741 ) ) ;
#4077 = ORIENTED_EDGE ( 'NONE', *, *, #1551, .T. ) ;
#4078 = CARTESIAN_POINT ( 'NONE',  ( -4.449999999999999289, -1.749999999999999778, 1.000000000000000000 ) ) ;
#4079 = AXIS2_PLACEMENT_3D ( 'NONE', #1501, #6990, #3932 ) ;
#4080 = B_SPLINE_CURVE_WITH_KNOTS ( 'NONE', 3,
 ( #5525, #6142, #2428, #1150, #1200, #3032, #5451, #2343, #6757, #6786, #1748 ),
 .UNSPECIFIED., .F., .F.,
 ( 4, 1, 1, 1, 1, 1, 1, 1, 4 ),
 ( 0.0000000000000000000, 0.1451868664724690061, 0.2834426109197295540, 0.4165243659288286326, 0.5431811235350828548, 0.6651530826377135552, 0.7813602063127152997, 0.8927566556418089494, 1.000000000000000000 ),
 .UNSPECIFIED. ) ;
#4081 =( NAMED_UNIT ( * ) SI_UNIT ( $, .STERADIAN. ) SOLID_ANGLE_UNIT ( ) );
#4082 = CARTESIAN_POINT ( 'NONE',  ( 3.149999999999999911, -0.6999999999999994005, -3.399999999999999911 ) ) ;
#4083 = COLOUR_RGB ( '',0.9686274509803921573, 0.8784313725490195957, 0.5999999999999999778 ) ;
#4084 = EDGE_LOOP ( 'NONE', ( #190, #1218, #1890, #4755 ) ) ;
#4085 = CARTESIAN_POINT ( 'NONE',  ( -0.4071829540533155600, 0.4337631096963394661, 0.0000000000000000000 ) ) ;
#4086 = DIRECTION ( 'NONE',  ( -1.000000000000000000, -4.956352788505164254E-16, -0.0000000000000000000 ) ) ;
#4087 = VERTEX_POINT ( 'NONE', #6998 ) ;
#4088 =( LENGTH_UNIT ( ) NAMED_UNIT ( * ) SI_UNIT ( .MILLI., .METRE. ) );
#4089 = EDGE_CURVE ( 'NONE', #1226, #7637, #5443, .T. ) ;
#4090 = UNCERTAINTY_MEASURE_WITH_UNIT (LENGTH_MEASURE( 1.000000000000000082E-05 ), #4088, 'distance_accuracy_value', 'NONE');
#4091 = VECTOR ( 'NONE', #1314, 1000.000000000000000 ) ;
#4092 = ORIENTED_EDGE ( 'NONE', *, *, #1445, .T. ) ;
#4093 = LINE ( 'NONE', #2232, #6511 ) ;
#4094 = EDGE_CURVE ( 'NONE', #7268, #869, #3380, .T. ) ;
#4095 = SURFACE_SIDE_STYLE ('',( #3448 ) ) ;
#4096 = ORIENTED_EDGE ( 'NONE', *, *, #5744, .T. ) ;
#4097 = CARTESIAN_POINT ( 'NONE',  ( -1.249999999999999778, -0.2999999999999997669, 1.000000000000000000 ) ) ;
#4098 =( NAMED_UNIT ( * ) PLANE_ANGLE_UNIT ( ) SI_UNIT ( $, .RADIAN. ) );
#4099 = PLANE ( 'NONE',  #2843 ) ;
#4100 = VERTEX_POINT ( 'NONE', #7619 ) ;
#4101 = UNCERTAINTY_MEASURE_WITH_UNIT (LENGTH_MEASURE( 1.000000000000000082E-05 ), #7686, 'distance_accuracy_value', 'NONE');
#4102 =( NAMED_UNIT ( * ) PLANE_ANGLE_UNIT ( ) SI_UNIT ( $, .RADIAN. ) );
#4103 = ORIENTED_EDGE ( 'NONE', *, *, #3334, .F. ) ;
#4104 = EDGE_CURVE ( 'NONE', #6853, #840, #1548, .T. ) ;
#4105 = SURFACE_SIDE_STYLE ('',( #7589 ) ) ;
#4106 = ORIENTED_EDGE ( 'NONE', *, *, #1384, .T. ) ;
#4107 = FILL_AREA_STYLE ('',( #4047 ) ) ;
#4108 = LINE ( 'NONE', #6264, #5276 ) ;
#4109 =( NAMED_UNIT ( * ) PLANE_ANGLE_UNIT ( ) SI_UNIT ( $, .RADIAN. ) );
#4110 = CARTESIAN_POINT ( 'NONE',  ( -0.2200705930708662383, 0.5614103483970013242, 0.0000000000000000000 ) ) ;
#4111 = ORIENTED_EDGE ( 'NONE', *, *, #6313, .F. ) ;
#4112 = ADVANCED_BREP_SHAPE_REPRESENTATION ( 'CONN-TH_B4B-PH-K-S-GW', ( #1866, #788 ), #3479 ) ;
#4113 = PRESENTATION_LAYER_ASSIGNMENT (  '', '', ( #5866 ) ) ;
#4114 = DIRECTION ( 'NONE',  ( -0.0000000000000000000, 0.0000000000000000000, 1.000000000000000000 ) ) ;
#4115 = VECTOR ( 'NONE', #4167, 1000.000000000000000 ) ;
#4116 = CARTESIAN_POINT ( 'NONE',  ( -0.1844001890366325780, 0.3035945634343496513, 0.0000000000000000000 ) ) ;
#4117 = DIRECTION ( 'NONE',  ( 1.000000000000000000, 0.0000000000000000000, 0.0000000000000000000 ) ) ;
#4118 = LINE ( 'NONE', #6175, #474 ) ;
#4119 =( GEOMETRIC_REPRESENTATION_CONTEXT ( 3 ) GLOBAL_UNCERTAINTY_ASSIGNED_CONTEXT ( ( #1401 ) ) GLOBAL_UNIT_ASSIGNED_CONTEXT ( ( #6164, #4925, #1295 ) ) REPRESENTATION_CONTEXT ( 'NONE', 'WORKASPACE' ) );
#4120 = VECTOR ( 'NONE', #4503, 1000.000000000000000 ) ;
#4121 = VERTEX_POINT ( 'NONE', #1449 ) ;
#4122 = SURFACE_STYLE_FILL_AREA ( #5559 ) ;
#4123 = CARTESIAN_POINT ( 'NONE',  ( 2.863636363636366866, -0.6863636363636329563, -4.259090909090905264 ) ) ;
#4124 = FILL_AREA_STYLE ('',( #4584 ) ) ;
#4125 = CARTESIAN_POINT ( 'NONE',  ( 0.2948681036462944549, 0.4424474597758129568, 0.0000000000000000000 ) ) ;
#4126 = PRESENTATION_LAYER_ASSIGNMENT (  '', '', ( #2311 ) ) ;
#4127 = COLOUR_RGB ( '',1.000000000000000000, 1.000000000000000000, 1.000000000000000000 ) ;
#4128 = AXIS2_PLACEMENT_3D ( 'NONE', #3489, #7159, #5424 ) ;
#4129 = VERTEX_POINT ( 'NONE', #265 ) ;
#4130 = CARTESIAN_POINT ( 'NONE',  ( -0.3971161630311314528, 0.3862346841169082556, 0.01000000000000000021 ) ) ;
#4131 = DIRECTION ( 'NONE',  ( -0.0000000000000000000, 0.0000000000000000000, 1.000000000000000000 ) ) ;
#4132 = CARTESIAN_POINT ( 'NONE',  ( -4.950000000000000178, 2.250000000000000000, 6.000000000000000000 ) ) ;
#4133 = VECTOR ( 'NONE', #2729, 1000.000000000000114 ) ;
#4134 = ORIENTED_EDGE ( 'NONE', *, *, #1675, .F. ) ;
#4135 = CARTESIAN_POINT ( 'NONE',  ( 0.1783094146219041665, 0.2953628561172763622, 0.0000000000000000000 ) ) ;
#4136 = CARTESIAN_POINT ( 'NONE',  ( 0.0000000000000000000, -0.4000000000000000222, -3.399999999999999911 ) ) ;
#4137 = DIRECTION ( 'NONE',  ( 0.3015113445777592993, 0.3015113445777592993, 0.9045340337332937741 ) ) ;
#4138 = MECHANICAL_DESIGN_GEOMETRIC_PRESENTATION_REPRESENTATION (  '', ( #1229 ), #1588 ) ;
#4139 = FILL_AREA_STYLE ('',( #417 ) ) ;
#4140 = VECTOR ( 'NONE', #3355, 1000.000000000000000 ) ;
#4141 = ORIENTED_EDGE ( 'NONE', *, *, #6058, .F. ) ;
#4142 =( LENGTH_UNIT ( ) NAMED_UNIT ( * ) SI_UNIT ( .MILLI., .METRE. ) );
#4143 = VECTOR ( 'NONE', #758, 1000.000000000000000 ) ;
#4144 =( LENGTH_UNIT ( ) NAMED_UNIT ( * ) SI_UNIT ( .MILLI., .METRE. ) );
#4145 = CARTESIAN_POINT ( 'NONE',  ( 0.09364859145117249151, 0.5953628561172763511, 0.0000000000000000000 ) ) ;
#4146 = EDGE_CURVE ( 'NONE', #7683, #4706, #6687, .T. ) ;
#4147 = CARTESIAN_POINT ( 'NONE',  ( 3.149999999999999911, -0.4000000000000000222, -3.399999999999999911 ) ) ;
#4148 = ADVANCED_FACE ( 'NONE', ( #4472 ), #5817, .T. ) ;
#4149 = MECHANICAL_DESIGN_GEOMETRIC_PRESENTATION_REPRESENTATION (  '', ( #5793 ), #6102 ) ;
#4150 = CARTESIAN_POINT ( 'NONE',  ( -0.5868392134268763938, 0.2953628561172763622, 0.01000000000000000021 ) ) ;
#4151 = FILL_AREA_STYLE_COLOUR ( '', #5493 ) ;
#4152 = DIRECTION ( 'NONE',  ( 1.000000000000000000, 0.0000000000000000000, 0.0000000000000000000 ) ) ;
#4153 = VECTOR ( 'NONE', #6350, 1000.000000000000000 ) ;
#4154 = PLANE ( 'NONE',  #3523 ) ;
#4155 = EDGE_CURVE ( 'NONE', #2127, #6604, #5546, .T. ) ;
#4156 = VECTOR ( 'NONE', #7660, 1000.000000000000000 ) ;
#4157 = CARTESIAN_POINT ( 'NONE',  ( -0.5868392134268763938, 0.5953628561172763511, 0.0000000000000000000 ) ) ;
#4158 = CARTESIAN_POINT ( 'NONE',  ( 3.250000000000000444, -0.7999999999999997113, 1.000000000000000000 ) ) ;
#4159 = EDGE_LOOP ( 'NONE', ( #4373, #4222, #2259, #3348, #3546 ) ) ;
#4160 = VECTOR ( 'NONE', #4798, 1000.000000000000114 ) ;
#4161 = CARTESIAN_POINT ( 'NONE',  ( -4.700000000000000178, 2.250000000000000000, 6.000000000000000000 ) ) ;
#4162 = CARTESIAN_POINT ( 'NONE',  ( 0.2790505807813844497, 0.3255654276565430605, 0.0000000000000000000 ) ) ;
#4163 = FILL_AREA_STYLE_COLOUR ( '', #1091 ) ;
#4164 = VECTOR ( 'NONE', #4743, 1000.000000000000000 ) ;
#4165 = AXIS2_PLACEMENT_3D ( 'NONE', #2633, #1999, #1491 ) ;
#4166 = DIRECTION ( 'NONE',  ( -1.000000000000000000, 0.0000000000000000000, 0.0000000000000000000 ) ) ;
#4167 = DIRECTION ( 'NONE',  ( 1.000000000000000000, -0.0000000000000000000, -0.0000000000000000000 ) ) ;
#4168 = VERTEX_POINT ( 'NONE', #1509 ) ;
#4169 =( NAMED_UNIT ( * ) PLANE_ANGLE_UNIT ( ) SI_UNIT ( $, .RADIAN. ) );
#4170 = CARTESIAN_POINT ( 'NONE',  ( -0.3656822144301463129, 0.4740200930647939792, 0.01000000000000000021 ) ) ;
#4171 = PLANE ( 'NONE',  #7366 ) ;
#4172 = ORIENTED_EDGE ( 'NONE', *, *, #5192, .T. ) ;
#4173 = LINE ( 'NONE', #5534, #5619 ) ;
#4174 = EDGE_LOOP ( 'NONE', ( #7598, #5071, #2144, #7872 ) ) ;
#4175 = DIRECTION ( 'NONE',  ( 1.000000000000000000, -0.0000000000000000000, 0.0000000000000000000 ) ) ;
#4176 = PRESENTATION_LAYER_ASSIGNMENT (  '', '', ( #7860 ) ) ;
#4177 = CARTESIAN_POINT ( 'NONE',  ( -3.250000000000000000, -0.6999999999999994005, -3.399999999999999911 ) ) ;
#4178 = ORIENTED_EDGE ( 'NONE', *, *, #7267, .F. ) ;
#4179 = AXIS2_PLACEMENT_3D ( 'NONE', #6423, #7055, #7632 ) ;
#4180 = DIRECTION ( 'NONE',  ( -1.000000000000000000, 0.0000000000000000000, 0.0000000000000000000 ) ) ;
#4181 = CARTESIAN_POINT ( 'NONE',  ( -0.3655932038777682802, 0.4217264800544878733, 0.0000000000000000000 ) ) ;
#4182 = LINE ( 'NONE', #4452, #1003 ) ;
#4183 = CARTESIAN_POINT ( 'NONE',  ( 0.2026691511538326329, 0.5606330523045366387, 0.0000000000000000000 ) ) ;
#4184 = LINE ( 'NONE', #1731, #6489 ) ;
#4185 = ORIENTED_EDGE ( 'NONE', *, *, #2943, .F. ) ;
#4186 = EDGE_CURVE ( 'NONE', #834, #3183, #6982, .T. ) ;
#4187 = DIRECTION ( 'NONE',  ( -0.0000000000000000000, -0.0000000000000000000, 1.000000000000000000 ) ) ;
#4188 = EDGE_LOOP ( 'NONE', ( #1423, #1023, #3678, #3300, #6670 ) ) ;
#4189 =( GEOMETRIC_REPRESENTATION_CONTEXT ( 3 ) GLOBAL_UNCERTAINTY_ASSIGNED_CONTEXT ( ( #3771 ) ) GLOBAL_UNIT_ASSIGNED_CONTEXT ( ( #2981, #7392, #3699 ) ) REPRESENTATION_CONTEXT ( 'NONE', 'WORKASPACE' ) );
#4190 = EDGE_LOOP ( 'NONE', ( #94, #1015, #3408, #6321 ) ) ;
#4191 =( LENGTH_UNIT ( ) NAMED_UNIT ( * ) SI_UNIT ( .MILLI., .METRE. ) );
#4192 = ADVANCED_FACE ( 'NONE', ( #5159 ), #7142, .F. ) ;
#4193 = PLANE ( 'NONE',  #4731 ) ;
#4194 = PRESENTATION_LAYER_ASSIGNMENT (  '', '', ( #5991 ) ) ;
#4195 = CARTESIAN_POINT ( 'NONE',  ( -2.000000000000000000, -1.749999999999999778, 2.000000000000000000 ) ) ;
#4196 = ORIENTED_EDGE ( 'NONE', *, *, #6981, .T. ) ;
#4197 = UNCERTAINTY_MEASURE_WITH_UNIT (LENGTH_MEASURE( 1.000000000000000082E-05 ), #5393, 'distance_accuracy_value', 'NONE');
#4198 = EDGE_CURVE ( 'NONE', #4571, #307, #66, .T. ) ;
#4199 = FILL_AREA_STYLE ('',( #7853 ) ) ;
#4200 = ORIENTED_EDGE ( 'NONE', *, *, #6392, .F. ) ;
#4201 = SURFACE_SIDE_STYLE ('',( #6105 ) ) ;
#4202 = EDGE_CURVE ( 'NONE', #4121, #5376, #7814, .T. ) ;
#4203 = FACE_OUTER_BOUND ( 'NONE', #1752, .T. ) ;
#4204 = EDGE_LOOP ( 'NONE', ( #903, #1541, #817, #6581 ) ) ;
#4205 = PRESENTATION_STYLE_ASSIGNMENT (( #5918 ) ) ;
#4206 = EDGE_CURVE ( 'NONE', #458, #5208, #3092, .T. ) ;
#4207 = ORIENTED_EDGE ( 'NONE', *, *, #7624, .T. ) ;
#4208 = CARTESIAN_POINT ( 'NONE',  ( 3.150000000000000799, 0.0000000000000000000, 5.000000000000000888 ) ) ;
#4209 = LINE ( 'NONE', #1606, #1863 ) ;
#4210 = ORIENTED_EDGE ( 'NONE', *, *, #7785, .T. ) ;
#4211 =( LENGTH_UNIT ( ) NAMED_UNIT ( * ) SI_UNIT ( .MILLI., .METRE. ) );
#4212 = CARTESIAN_POINT ( 'NONE',  ( 0.0000000000000000000, 0.2953628561172763622, 0.01000000000000000021 ) ) ;
#4213 = VERTEX_POINT ( 'NONE', #372 ) ;
#4214 = FACE_OUTER_BOUND ( 'NONE', #149, .T. ) ;
#4215 = EDGE_LOOP ( 'NONE', ( #2905, #827, #2269, #1304 ) ) ;
#4216 = EDGE_CURVE ( 'NONE', #1429, #6776, #4377, .T. ) ;
#4217 = DIRECTION ( 'NONE',  ( 0.0000000000000000000, -1.000000000000000000, 0.0000000000000000000 ) ) ;
#4218 =( NAMED_UNIT ( * ) SI_UNIT ( $, .STERADIAN. ) SOLID_ANGLE_UNIT ( ) );
#4219 = CARTESIAN_POINT ( 'NONE',  ( -0.2546555244024862330, 0.3246311488002033285, 0.0000000000000000000 ) ) ;
#4220 = DIRECTION ( 'NONE',  ( 0.0000000000000000000, -0.0000000000000000000, -1.000000000000000000 ) ) ;
#4221 = DIRECTION ( 'NONE',  ( 0.0000000000000000000, -1.000000000000000000, -0.0000000000000000000 ) ) ;
#4222 = ORIENTED_EDGE ( 'NONE', *, *, #1893, .T. ) ;
#4223 = PRESENTATION_LAYER_ASSIGNMENT (  '', '', ( #6740 ) ) ;
#4224 = CARTESIAN_POINT ( 'NONE',  ( -0.2549985122073643029, 0.2917043195319106164, 0.01000000000000000021 ) ) ;
#4225 = DIRECTION ( 'NONE',  ( -1.000000000000000000, 0.0000000000000000000, 0.0000000000000000000 ) ) ;
#4226 = PLANE ( 'NONE',  #2638 ) ;
#4227 =( GEOMETRIC_REPRESENTATION_CONTEXT ( 3 ) GLOBAL_UNCERTAINTY_ASSIGNED_CONTEXT ( ( #3668 ) ) GLOBAL_UNIT_ASSIGNED_CONTEXT ( ( #691, #4881, #7447 ) ) REPRESENTATION_CONTEXT ( 'NONE', 'WORKASPACE' ) );
#4228 = FACE_OUTER_BOUND ( 'NONE', #4067, .T. ) ;
#4229 = LINE ( 'NONE', #795, #5298 ) ;
#4230 = EDGE_LOOP ( 'NONE', ( #1168, #7331, #4517, #3391 ) ) ;
#4231 = ADVANCED_FACE ( 'NONE', ( #7627 ), #3402, .T. ) ;
#4232 = CARTESIAN_POINT ( 'NONE',  ( 0.3101489330411272838, 0.3564026935348292846, 0.0000000000000000000 ) ) ;
#4233 = CARTESIAN_POINT ( 'NONE',  ( -4.950000000000000178, -2.250000000000000000, 0.5000000000000004441 ) ) ;
#4234 = DIRECTION ( 'NONE',  ( 0.3536223923290756632, -0.9353882635801357148, 0.0000000000000000000 ) ) ;
#4235 = AXIS2_PLACEMENT_3D ( 'NONE', #400, #6520, #4685 ) ;
#4236 = DIRECTION ( 'NONE',  ( -5.840965718371630260E-32, 1.178480622266855422E-16, -1.000000000000000000 ) ) ;
#4237 =( GEOMETRIC_REPRESENTATION_CONTEXT ( 3 ) GLOBAL_UNCERTAINTY_ASSIGNED_CONTEXT ( ( #6240 ) ) GLOBAL_UNIT_ASSIGNED_CONTEXT ( ( #1527, #2108, #946 ) ) REPRESENTATION_CONTEXT ( 'NONE', 'WORKASPACE' ) );
#4238 = ORIENTED_EDGE ( 'NONE', *, *, #5495, .T. ) ;
#4239 = AXIS2_PLACEMENT_3D ( 'NONE', #4116, #5370, #1093 ) ;
#4240 = ADVANCED_FACE ( 'NONE', ( #6311 ), #3490, .F. ) ;
#4241 =( NAMED_UNIT ( * ) SI_UNIT ( $, .STERADIAN. ) SOLID_ANGLE_UNIT ( ) );
#4242 = CARTESIAN_POINT ( 'NONE',  ( -0.3694751256508440607, 0.5585706219973090025, 0.01000000000000000021 ) ) ;
#4243 = COLOUR_RGB ( '',0.9686274509803921573, 0.8784313725490195957, 0.5999999999999999778 ) ;
#4244 =( GEOMETRIC_REPRESENTATION_CONTEXT ( 3 ) GLOBAL_UNCERTAINTY_ASSIGNED_CONTEXT ( ( #524 ) ) GLOBAL_UNIT_ASSIGNED_CONTEXT ( ( #7561, #7582, #4560 ) ) REPRESENTATION_CONTEXT ( 'NONE', 'WORKASPACE' ) );
#4245 =( NAMED_UNIT ( * ) PLANE_ANGLE_UNIT ( ) SI_UNIT ( $, .RADIAN. ) );
#4246 = DIRECTION ( 'NONE',  ( 0.0000000000000000000, 0.0000000000000000000, 1.000000000000000000 ) ) ;
#4247 = CARTESIAN_POINT ( 'NONE',  ( -0.3670809560087376355, 0.4615169275150856620, 0.01000000000000000021 ) ) ;
#4248 = VECTOR ( 'NONE', #391, 1000.000000000000000 ) ;
#4249 = EDGE_CURVE ( 'NONE', #4129, #288, #725, .T. ) ;
#4250 = CARTESIAN_POINT ( 'NONE',  ( -2.913636363636363136, -0.6363636363636365756, -3.590909090909089940 ) ) ;
#4251 = UNCERTAINTY_MEASURE_WITH_UNIT (LENGTH_MEASURE( 1.000000000000000082E-05 ), #961, 'distance_accuracy_value', 'NONE');
#4252 = ORIENTED_EDGE ( 'NONE', *, *, #3763, .T. ) ;
#4253 = SURFACE_STYLE_FILL_AREA ( #4467 ) ;
#4254 = CARTESIAN_POINT ( 'NONE',  ( -4.052040639368925667, -2.250000000000000000, 2.116552042568997649 ) ) ;
#4255 = VECTOR ( 'NONE', #6987, 1000.000000000000000 ) ;
#4256 =( NAMED_UNIT ( * ) PLANE_ANGLE_UNIT ( ) SI_UNIT ( $, .RADIAN. ) );
#4257 = DIRECTION ( 'NONE',  ( 0.0000000000000000000, 0.0000000000000000000, -1.000000000000000000 ) ) ;
#4258 = CARTESIAN_POINT ( 'NONE',  ( 0.02779493291458703941, 0.2953628561172763622, 0.0000000000000000000 ) ) ;
#4259 = ORIENTED_EDGE ( 'NONE', *, *, #2007, .F. ) ;
#4260 = EDGE_CURVE ( 'NONE', #2715, #5943, #6596, .T. ) ;
#4261 = SURFACE_SIDE_STYLE ('',( #7368 ) ) ;
#4262 = LINE ( 'NONE', #1537, #7789 ) ;
#4263 = LINE ( 'NONE', #4380, #994 ) ;
#4264 = CARTESIAN_POINT ( 'NONE',  ( 0.4902568231584893965, 0.3319482219709348758, 0.0000000000000000000 ) ) ;
#4265 = UNCERTAINTY_MEASURE_WITH_UNIT (LENGTH_MEASURE( 1.000000000000000082E-05 ), #6273, 'distance_accuracy_value', 'NONE');
#4266 = CARTESIAN_POINT ( 'NONE',  ( -0.2007105353709034146, 0.3353552529332566867, 0.0000000000000000000 ) ) ;
#4267 = ADVANCED_FACE ( 'NONE', ( #2798 ), #2307, .T. ) ;
#4268 = ORIENTED_EDGE ( 'NONE', *, *, #5897, .F. ) ;
#4269 = PRESENTATION_LAYER_ASSIGNMENT (  '', '', ( #7799 ) ) ;
#4270 = PLANE ( 'NONE',  #1031 ) ;
#4271 = DIRECTION ( 'NONE',  ( 0.0000000000000000000, 0.0000000000000000000, -1.000000000000000000 ) ) ;
#4272 = ORIENTED_EDGE ( 'NONE', *, *, #5127, .F. ) ;
#4273 = CARTESIAN_POINT ( 'NONE',  ( -0.3672436914298968236, 0.4529504472396573278, 0.0000000000000000000 ) ) ;
#4274 = CARTESIAN_POINT ( 'NONE',  ( -0.3646718179068173527, 0.3352758183967293748, 0.01000000000000000021 ) ) ;
#4275 = PLANE ( 'NONE',  #3872 ) ;
#4276 = EDGE_LOOP ( 'NONE', ( #945, #5165, #1156, #3705 ) ) ;
#4277 =( NAMED_UNIT ( * ) SI_UNIT ( $, .STERADIAN. ) SOLID_ANGLE_UNIT ( ) );
#4278 = ADVANCED_FACE ( 'NONE', ( #251 ), #1142, .F. ) ;
#4279 = CARTESIAN_POINT ( 'NONE',  ( -0.7499999999999997780, -0.7999999999999997113, 4.699999999999997513 ) ) ;
#4280 = LINE ( 'NONE', #1396, #5352 ) ;
#4281 = AXIS2_PLACEMENT_3D ( 'NONE', #529, #3474, #4825 ) ;
#4282 = ORIENTED_EDGE ( 'NONE', *, *, #6673, .F. ) ;
#4283 = CARTESIAN_POINT ( 'NONE',  ( 0.3010409982478519653, 0.5426611766515839763, 0.01000000000000000021 ) ) ;
#4284 = EDGE_LOOP ( 'NONE', ( #4826, #4476, #1184, #1372 ) ) ;
#4285 = ADVANCED_FACE ( 'NONE', ( #7337 ), #4896, .F. ) ;
#4286 = CARTESIAN_POINT ( 'NONE',  ( -4.950000000000000178, -1.849999999999999867, 0.5000000000000000000 ) ) ;
#4287 = CARTESIAN_POINT ( 'NONE',  ( -1.249999999999999778, -0.7999999999999997113, 0.0000000000000000000 ) ) ;
#4288 = CARTESIAN_POINT ( 'NONE',  ( 0.8500000000000005329, -0.2999999999999997669, -3.399999999999999911 ) ) ;
#4289 = DIRECTION ( 'NONE',  ( 0.0000000000000000000, 0.0000000000000000000, -1.000000000000000000 ) ) ;
#4290 = LINE ( 'NONE', #3019, #4961 ) ;
#4291 = ORIENTED_EDGE ( 'NONE', *, *, #4411, .T. ) ;
#4292 = ADVANCED_FACE ( 'NONE', ( #1180 ), #7350, .T. ) ;
#4293 = CARTESIAN_POINT ( 'NONE',  ( 0.0000000000000000000, -0.7999999999999997113, 1.000000000000000000 ) ) ;
#4294 = VERTEX_POINT ( 'NONE', #2872 ) ;
#4295 = PRESENTATION_LAYER_ASSIGNMENT (  '', '', ( #4018 ) ) ;
#4296 = CARTESIAN_POINT ( 'NONE',  ( 4.950000000000000178, 2.250000000000000000, 6.000000000000000000 ) ) ;
#4297 = CARTESIAN_POINT ( 'NONE',  ( 3.250000000000000444, -0.7999999999999997113, 5.000000000000000888 ) ) ;
#4298 = LINE ( 'NONE', #2752, #7459 ) ;
#4299 = AXIS2_PLACEMENT_3D ( 'NONE', #5326, #429, #3522 ) ;
#4300 = ORIENTED_EDGE ( 'NONE', *, *, #1840, .F. ) ;
#4301 =( NAMED_UNIT ( * ) SI_UNIT ( $, .STERADIAN. ) SOLID_ANGLE_UNIT ( ) );
#4302 = COLOUR_RGB ( '',0.9686274509803921573, 0.8784313725490195957, 0.5999999999999999778 ) ;
#4303 = EDGE_CURVE ( 'NONE', #6758, #6224, #6781, .T. ) ;
#4304 = DIRECTION ( 'NONE',  ( -0.0000000000000000000, 1.346834996876405774E-16, -1.000000000000000000 ) ) ;
#4305 = UNCERTAINTY_MEASURE_WITH_UNIT (LENGTH_MEASURE( 1.000000000000000082E-05 ), #4546, 'distance_accuracy_value', 'NONE');
#4306 = ORIENTED_EDGE ( 'NONE', *, *, #6058, .T. ) ;
#4307 = VECTOR ( 'NONE', #7537, 1000.000000000000000 ) ;
#4308 = CARTESIAN_POINT ( 'NONE',  ( -0.3382255690317737540, 0.5344068729637714288, 0.01000000000000000021 ) ) ;
#4309 = DIRECTION ( 'NONE',  ( 0.0000000000000000000, 1.000000000000000000, 0.0000000000000000000 ) ) ;
#4310 = EDGE_CURVE ( 'NONE', #1459, #1002, #2118, .T. ) ;
#4311 = ORIENTED_EDGE ( 'NONE', *, *, #6841, .T. ) ;
#4312 = DIRECTION ( 'NONE',  ( 0.0000000000000000000, -0.9486832980505145452, -0.3162277660168359428 ) ) ;
#4313 = ORIENTED_EDGE ( 'NONE', *, *, #6961, .T. ) ;
#4314 = EDGE_CURVE ( 'NONE', #4553, #6416, #4954, .T. ) ;
#4315 = CARTESIAN_POINT ( 'NONE',  ( 0.2400277902988694201, 0.3050584488755445078, 0.0000000000000000000 ) ) ;
#4316 = DIRECTION ( 'NONE',  ( -4.956352788505164254E-16, 1.000000000000000000, 0.0000000000000000000 ) ) ;
#4317 =( NAMED_UNIT ( * ) PLANE_ANGLE_UNIT ( ) SI_UNIT ( $, .RADIAN. ) );
#4318 = FACE_OUTER_BOUND ( 'NONE', #2445, .T. ) ;
#4319 = LINE ( 'NONE', #5697, #2939 ) ;
#4320 = EDGE_LOOP ( 'NONE', ( #5739, #2542, #2589, #3876, #5837, #7815, #2807, #6906, #7077, #5384 ) ) ;
#4321 = CARTESIAN_POINT ( 'NONE',  ( 0.1752225243780017594, 0.5953628561172764622, 0.0000000000000000000 ) ) ;
#4322 = DIRECTION ( 'NONE',  ( 1.000000000000000000, 0.0000000000000000000, 0.0000000000000000000 ) ) ;
#4323 =( GEOMETRIC_REPRESENTATION_CONTEXT ( 3 ) GLOBAL_UNCERTAINTY_ASSIGNED_CONTEXT ( ( #5294 ) ) GLOBAL_UNIT_ASSIGNED_CONTEXT ( ( #333, #2048, #3926 ) ) REPRESENTATION_CONTEXT ( 'NONE', 'WORKASPACE' ) );
#4324 = DIRECTION ( 'NONE',  ( 1.000000000000000000, 0.0000000000000000000, -0.0000000000000000000 ) ) ;
#4325 = VECTOR ( 'NONE', #7309, 1000.000000000000000 ) ;
#4326 = CARTESIAN_POINT ( 'NONE',  ( -4.950000000000000178, -2.250000000000000000, 0.5000000000000004441 ) ) ;
#4327 = LINE ( 'NONE', #398, #3414 ) ;
#4328 = CARTESIAN_POINT ( 'NONE',  ( 0.3179736270435553624, 0.5180784173692071226, 0.0000000000000000000 ) ) ;
#4329 = CARTESIAN_POINT ( 'NONE',  ( -0.3289625695878341527, 0.3085947746779639789, 0.01000000000000000021 ) ) ;
#4330 = CARTESIAN_POINT ( 'NONE',  ( 0.7500000000000002220, -0.2999999999999997669, 5.000000000000000888 ) ) ;
#4331 = CARTESIAN_POINT ( 'NONE',  ( -0.3670809560087376355, 0.4615169275150856620, 0.0000000000000000000 ) ) ;
#4332 = SURFACE_STYLE_FILL_AREA ( #3009 ) ;
#4333 = AXIS2_PLACEMENT_3D ( 'NONE', #7017, #1475, #3297 ) ;
#4334 = ADVANCED_FACE ( 'NONE', ( #7152 ), #2637, .F. ) ;
#4335 = EDGE_LOOP ( 'NONE', ( #6590, #6292, #6602, #5529 ) ) ;
#4336 =( GEOMETRIC_REPRESENTATION_CONTEXT ( 3 ) GLOBAL_UNCERTAINTY_ASSIGNED_CONTEXT ( ( #2362 ) ) GLOBAL_UNIT_ASSIGNED_CONTEXT ( ( #2895, #4245, #2331 ) ) REPRESENTATION_CONTEXT ( 'NONE', 'WORKASPACE' ) );
#4337 = SURFACE_STYLE_USAGE ( .BOTH. , #6163 ) ;
#4338 = EDGE_CURVE ( 'NONE', #3900, #2050, #3081, .T. ) ;
#4339 = VECTOR ( 'NONE', #2096, 1000.000000000000000 ) ;
#4340 = CARTESIAN_POINT ( 'NONE',  ( -4.950000000000000178, 2.250000000000000000, 6.000000000000000000 ) ) ;
#4341 = SURFACE_SIDE_STYLE ('',( #1483 ) ) ;
#4342 = DIRECTION ( 'NONE',  ( -0.9486832980505145452, -0.0000000000000000000, -0.3162277660168359428 ) ) ;
#4343 = PRESENTATION_LAYER_ASSIGNMENT (  '', '', ( #522 ) ) ;
#4344 = PLANE ( 'NONE',  #5215 ) ;
#4345 = PRESENTATION_LAYER_ASSIGNMENT (  '', '', ( #6452 ) ) ;
#4346 = AXIS2_PLACEMENT_3D ( 'NONE', #5184, #5204, #2731 ) ;
#4347 = CARTESIAN_POINT ( 'NONE',  ( 3.250000000000000444, -0.7999999999999997113, 5.000000000000000888 ) ) ;
#4348 = CIRCLE ( 'NONE', #269, 0.3899999999999997358 ) ;
#4349 = FILL_AREA_STYLE ('',( #2461 ) ) ;
#4350 = DIRECTION ( 'NONE',  ( 1.000000000000000000, -0.0000000000000000000, -0.0000000000000000000 ) ) ;
#4351 = ADVANCED_FACE ( 'NONE', ( #3371 ), #2131, .F. ) ;
#4352 = VECTOR ( 'NONE', #7035, 1000.000000000000000 ) ;
#4353 = EDGE_CURVE ( 'NONE', #6031, #4562, #718, .T. ) ;
#4354 = ORIENTED_EDGE ( 'NONE', *, *, #1997, .F. ) ;
#4355 = LINE ( 'NONE', #3634, #7133 ) ;
#4356 = CARTESIAN_POINT ( 'NONE',  ( 0.2666065269358916523, 0.5719986334910671655, 0.01000000000000000194 ) ) ;
#4357 = EDGE_CURVE ( 'NONE', #623, #1101, #4070, .T. ) ;
#4358 = PRESENTATION_STYLE_ASSIGNMENT (( #7024 ) ) ;
#4359 = ADVANCED_FACE ( 'NONE', ( #1171 ), #7880, .F. ) ;
#4360 = VECTOR ( 'NONE', #7505, 1000.000000000000000 ) ;
#4361 = VERTEX_POINT ( 'NONE', #4219 ) ;
#4362 = CARTESIAN_POINT ( 'NONE',  ( 2.000000000000000000, -2.250000000000000000, 2.000000000000000000 ) ) ;
#4363 = PLANE ( 'NONE',  #7051 ) ;
#4364 = CARTESIAN_POINT ( 'NONE',  ( -0.2515104540202179328, 0.2917293228625931212, 0.01000000000000000021 ) ) ;
#4365 = DIRECTION ( 'NONE',  ( -0.0000000000000000000, 0.0000000000000000000, -1.000000000000000000 ) ) ;
#4366 = COLOUR_RGB ( '',0.9686274509803921573, 0.8784313725490195957, 0.5999999999999999778 ) ;
#4367 = ORIENTED_EDGE ( 'NONE', *, *, #5349, .T. ) ;
#4368 = CARTESIAN_POINT ( 'NONE',  ( 0.3351120060853188254, 0.4415899902636178376, 0.01000000000000000021 ) ) ;
#4369 = EDGE_CURVE ( 'NONE', #1545, #2027, #816, .T. ) ;
#4370 = ORIENTED_EDGE ( 'NONE', *, *, #3790, .T. ) ;
#4371 =( NAMED_UNIT ( * ) PLANE_ANGLE_UNIT ( ) SI_UNIT ( $, .RADIAN. ) );
#4372 = CARTESIAN_POINT ( 'NONE',  ( -0.2614009512317545525, 0.5660945634343496069, 0.0000000000000000000 ) ) ;
#4373 = ORIENTED_EDGE ( 'NONE', *, *, #1305, .T. ) ;
#4374 =( NAMED_UNIT ( * ) PLANE_ANGLE_UNIT ( ) SI_UNIT ( $, .RADIAN. ) );
#4375 = VERTEX_POINT ( 'NONE', #4830 ) ;
#4376 =( GEOMETRIC_REPRESENTATION_CONTEXT ( 3 ) GLOBAL_UNCERTAINTY_ASSIGNED_CONTEXT ( ( #6659 ) ) GLOBAL_UNIT_ASSIGNED_CONTEXT ( ( #1227, #4371, #5584 ) ) REPRESENTATION_CONTEXT ( 'NONE', 'WORKASPACE' ) );
#4377 = LINE ( 'NONE', #5228, #2903 ) ;
#4378 = EDGE_LOOP ( 'NONE', ( #5939, #7341, #2889, #6318 ) ) ;
#4379 = CARTESIAN_POINT ( 'NONE',  ( 0.2930894328771783131, 0.4159657668004689279, 0.01000000000000000021 ) ) ;
#4380 = CARTESIAN_POINT ( 'NONE',  ( 2.850000000000000533, -0.2999999999999997669, -3.399999999999999911 ) ) ;
#4381 = VECTOR ( 'NONE', #6733, 1000.000000000000000 ) ;
#4382 = ORIENTED_EDGE ( 'NONE', *, *, #7224, .T. ) ;
#4383 = AXIS2_PLACEMENT_3D ( 'NONE', #1225, #4365, #6328 ) ;
#4384 = FACE_OUTER_BOUND ( 'NONE', #2250, .T. ) ;
#4385 = ORIENTED_EDGE ( 'NONE', *, *, #1997, .T. ) ;
#4386 = STYLED_ITEM ( 'NONE', ( #2571 ), #7832 ) ;
#4387 = CARTESIAN_POINT ( 'NONE',  ( 0.0000000000000000000, -0.2999999999999997669, 1.000000000000000000 ) ) ;
#4388 = AXIS2_PLACEMENT_3D ( 'NONE', #974, #3447, #7109 ) ;
#4389 = CARTESIAN_POINT ( 'NONE',  ( -4.450000000000001066, 1.749999999999999778, 5.799999999999999822 ) ) ;
#4390 = SURFACE_SIDE_STYLE ('',( #3429 ) ) ;
#4391 = CARTESIAN_POINT ( 'NONE',  ( 0.4902568231584893965, 0.3319482219709348758, 0.0000000000000000000 ) ) ;
#4392 = CARTESIAN_POINT ( 'NONE',  ( 0.2464694102880405080, 0.5448476272650361052, 0.0000000000000000000 ) ) ;
#4393 = ORIENTED_EDGE ( 'NONE', *, *, #7913, .T. ) ;
#4394 = CARTESIAN_POINT ( 'NONE',  ( 0.4704778597438551979, 0.2953628561172763622, 0.0000000000000000000 ) ) ;
#4395 = CARTESIAN_POINT ( 'NONE',  ( 0.4883021870966009481, 0.3381300993562126322, 0.0000000000000000000 ) ) ;
#4396 = CARTESIAN_POINT ( 'NONE',  ( 0.8499999999999996447, 0.0000000000000000000, 5.000000000000000888 ) ) ;
#4397 = LINE ( 'NONE', #7661, #2713 ) ;
#4398 = ORIENTED_EDGE ( 'NONE', *, *, #4486, .T. ) ;
#4399 = CARTESIAN_POINT ( 'NONE',  ( -0.2546555244024862330, 0.3246311488002033285, 0.0000000000000000000 ) ) ;
#4400 = VECTOR ( 'NONE', #1637, 1000.000000000000000 ) ;
#4401 = CARTESIAN_POINT ( 'NONE',  ( 0.2104750186720435179, 0.2975559163947156249, 0.01000000000000000021 ) ) ;
#4402 = ORIENTED_EDGE ( 'NONE', *, *, #5441, .F. ) ;
#4403 = CARTESIAN_POINT ( 'NONE',  ( -2.849999999999999201, -0.3999999999999991340, 5.000000000000000888 ) ) ;
#4404 = CARTESIAN_POINT ( 'NONE',  ( 0.09364859145117249151, 0.5953628561172763511, 0.0000000000000000000 ) ) ;
#4405 = VECTOR ( 'NONE', #2304, 1000.000000000000000 ) ;
#4406 = EDGE_CURVE ( 'NONE', #5479, #6683, #4184, .T. ) ;
#4407 = VERTEX_POINT ( 'NONE', #2865 ) ;
#4408 = ORIENTED_EDGE ( 'NONE', *, *, #4499, .F. ) ;
#4409 = CARTESIAN_POINT ( 'NONE',  ( 0.7500000000000002220, -0.7999999999999997113, -3.099999999999996980 ) ) ;
#4410 = DIRECTION ( 'NONE',  ( 1.000000000000000000, -0.0000000000000000000, -0.0000000000000000000 ) ) ;
#4411 = EDGE_CURVE ( 'NONE', #518, #5733, #5047, .T. ) ;
#4412 = CARTESIAN_POINT ( 'NONE',  ( 0.1764801463292212658, 0.5624360268489836390, 0.0000000000000000000 ) ) ;
#4413 = CARTESIAN_POINT ( 'NONE',  ( -0.2549627806507650529, 0.5988808506383650476, 0.01000000000000000021 ) ) ;
#4414 = VECTOR ( 'NONE', #33, 1000.000000000000000 ) ;
#4415 = VERTEX_POINT ( 'NONE', #2253 ) ;
#4416 = EDGE_CURVE ( 'NONE', #5208, #5479, #2588, .T. ) ;
#4417 = DIRECTION ( 'NONE',  ( -1.000000000000000000, 0.0000000000000000000, 0.0000000000000000000 ) ) ;
#4418 = DIRECTION ( 'NONE',  ( 0.0000000000000000000, -0.0000000000000000000, -1.000000000000000000 ) ) ;
#4419 = ORIENTED_EDGE ( 'NONE', *, *, #44, .T. ) ;
#4420 = LINE ( 'NONE', #3698, #2444 ) ;
#4421 = MECHANICAL_DESIGN_GEOMETRIC_PRESENTATION_REPRESENTATION (  '', ( #3999 ), #321 ) ;
#4422 = CARTESIAN_POINT ( 'NONE',  ( 0.1824097071338485476, 0.3283775780992860827, 0.009999999999999991535 ) ) ;
#4423 = DIRECTION ( 'NONE',  ( -1.000000000000000000, 0.0000000000000000000, -0.0000000000000000000 ) ) ;
#4424 = ADVANCED_FACE ( 'NONE', ( #3783 ), #3623, .T. ) ;
#4425 = PRESENTATION_STYLE_ASSIGNMENT (( #501 ) ) ;
#4426 = CARTESIAN_POINT ( 'NONE',  ( -0.8500000000000000888, 0.0000000000000000000, -3.399999999999999911 ) ) ;
#4427 = VECTOR ( 'NONE', #6578, 1000.000000000000000 ) ;
#4428 = UNCERTAINTY_MEASURE_WITH_UNIT (LENGTH_MEASURE( 1.000000000000000082E-05 ), #5179, 'distance_accuracy_value', 'NONE');
#4429 = PRESENTATION_LAYER_ASSIGNMENT (  '', '', ( #169 ) ) ;
#4430 = CARTESIAN_POINT ( 'NONE',  ( 0.2870354054381020759, 0.3927159638495213434, 0.01000000000000000021 ) ) ;
#4431 = CARTESIAN_POINT ( 'NONE',  ( 0.4892850243780015873, 0.3319482219709348758, 0.0000000000000000000 ) ) ;
#4432 = LINE ( 'NONE', #1117, #1895 ) ;
#4433 =( GEOMETRIC_REPRESENTATION_CONTEXT ( 3 ) GLOBAL_UNCERTAINTY_ASSIGNED_CONTEXT ( ( #4592 ) ) GLOBAL_UNIT_ASSIGNED_CONTEXT ( ( #2150, #6504, #4040 ) ) REPRESENTATION_CONTEXT ( 'NONE', 'WORKASPACE' ) );
#4434 = DIRECTION ( 'NONE',  ( 1.000000000000000000, 0.0000000000000000000, -0.0000000000000000000 ) ) ;
#4435 = DIRECTION ( 'NONE',  ( 0.0000000000000000000, 1.000000000000000000, 0.0000000000000000000 ) ) ;
#4436 = PLANE ( 'NONE',  #4653 ) ;
#4437 = UNCERTAINTY_MEASURE_WITH_UNIT (LENGTH_MEASURE( 1.000000000000000082E-05 ), #5773, 'distance_accuracy_value', 'NONE');
#4438 = ORIENTED_EDGE ( 'NONE', *, *, #1480, .F. ) ;
#4439 = CARTESIAN_POINT ( 'NONE',  ( 1.150000000000000799, 0.0000000000000000000, 5.000000000000000888 ) ) ;
#4440 = LINE ( 'NONE', #972, #884 ) ;
#4441 = LINE ( 'NONE', #4455, #7499 ) ;
#4442 = SURFACE_SIDE_STYLE ('',( #2323 ) ) ;
#4443 = FACE_OUTER_BOUND ( 'NONE', #2618, .T. ) ;
#4444 = CARTESIAN_POINT ( 'NONE',  ( 1.250000000000000222, -0.7999999999999997113, -3.099999999999996980 ) ) ;
#4445 = MECHANICAL_DESIGN_GEOMETRIC_PRESENTATION_REPRESENTATION (  '', ( #4018 ), #2595 ) ;
#4446 = VERTEX_POINT ( 'NONE', #7849 ) ;
#4447 = CARTESIAN_POINT ( 'NONE',  ( -0.2669459207439496828, 0.5990213927026423191, 0.01000000000000000021 ) ) ;
#4448 = LINE ( 'NONE', #2647, #5125 ) ;
#4449 = VECTOR ( 'NONE', #2609, 1000.000000000000000 ) ;
#4450 = EDGE_CURVE ( 'NONE', #2225, #4656, #3179, .T. ) ;
#4451 = CARTESIAN_POINT ( 'NONE',  ( 0.3325709778422251683, 0.4100143948593557575, 0.01000000000000000021 ) ) ;
#4452 = CARTESIAN_POINT ( 'NONE',  ( -0.1258636036707787842, 0.0000000000000000000, 0.01000000000000000021 ) ) ;
#4453 = DIRECTION ( 'NONE',  ( 1.000000000000000000, 0.0000000000000000000, 0.0000000000000000000 ) ) ;
#4454 = VERTEX_POINT ( 'NONE', #7052 ) ;
#4455 = CARTESIAN_POINT ( 'NONE',  ( -0.1844001890366325780, 0.3035945634343496513, 0.0000000000000000000 ) ) ;
#4456 = EDGE_CURVE ( 'NONE', #5401, #1879, #6290, .T. ) ;
#4457 = PLANE ( 'NONE',  #5979 ) ;
#4458 = DIRECTION ( 'NONE',  ( 0.0000000000000000000, -0.0000000000000000000, 1.000000000000000000 ) ) ;
#4459 = ORIENTED_EDGE ( 'NONE', *, *, #2932, .F. ) ;
#4460 = EDGE_CURVE ( 'NONE', #4655, #7533, #5620, .T. ) ;
#4461 = CARTESIAN_POINT ( 'NONE',  ( -4.699999999999998401, -2.000000000000000000, 6.000000000000000000 ) ) ;
#4462 = DIRECTION ( 'NONE',  ( 0.0000000000000000000, 0.0000000000000000000, -1.000000000000000000 ) ) ;
#4463 = SURFACE_STYLE_FILL_AREA ( #4349 ) ;
#4464 = EDGE_LOOP ( 'NONE', ( #4943, #5947, #163, #1176 ) ) ;
#4465 = DIRECTION ( 'NONE',  ( 0.0000000000000000000, -1.000000000000000000, -5.421010862427526114E-16 ) ) ;
#4466 = UNCERTAINTY_MEASURE_WITH_UNIT (LENGTH_MEASURE( 1.000000000000000082E-05 ), #3534, 'distance_accuracy_value', 'NONE');
#4467 = FILL_AREA_STYLE ('',( #177 ) ) ;
#4468 = EDGE_LOOP ( 'NONE', ( #1075, #4196, #2600, #370, #5173, #557 ) ) ;
#4469 = CARTESIAN_POINT ( 'NONE',  ( 0.4296051463292210881, 0.5112165146538617533, 0.0000000000000000000 ) ) ;
#4470 =( NAMED_UNIT ( * ) PLANE_ANGLE_UNIT ( ) SI_UNIT ( $, .RADIAN. ) );
#4471 = CARTESIAN_POINT ( 'NONE',  ( 0.5838924938901967066, 0.5953628561172763511, 0.01000000000000000021 ) ) ;
#4472 = FACE_OUTER_BOUND ( 'NONE', #5232, .T. ) ;
#4473 = SURFACE_STYLE_FILL_AREA ( #6550 ) ;
#4474 = PRESENTATION_STYLE_ASSIGNMENT (( #5034 ) ) ;
#4475 = EDGE_CURVE ( 'NONE', #288, #3863, #3075, .T. ) ;
#4476 = ORIENTED_EDGE ( 'NONE', *, *, #2875, .F. ) ;
#4477 = EDGE_LOOP ( 'NONE', ( #4002, #6052, #2213, #4850 ) ) ;
#4478 = CARTESIAN_POINT ( 'NONE',  ( 0.0000000000000000000, 0.0000000000000000000, 0.01000000000000000021 ) ) ;
#4479 = VECTOR ( 'NONE', #3671, 1000.000000000000000 ) ;
#4480 = MECHANICAL_DESIGN_GEOMETRIC_PRESENTATION_REPRESENTATION (  '', ( #7198 ), #2630 ) ;
#4481 = EDGE_LOOP ( 'NONE', ( #6413, #3209, #7157, #1118 ) ) ;
#4482 = DIRECTION ( 'NONE',  ( 0.0000000000000000000, -0.9486832980505155444, -0.3162277660168330562 ) ) ;
#4483 = AXIS2_PLACEMENT_3D ( 'NONE', #5117, #1393, #2639 ) ;
#4484 = ORIENTED_EDGE ( 'NONE', *, *, #2387, .F. ) ;
#4485 = FILL_AREA_STYLE ('',( #97 ) ) ;
#4486 = EDGE_CURVE ( 'NONE', #518, #1654, #240, .T. ) ;
#4487 = DIRECTION ( 'NONE',  ( -0.3363908276654483109, 0.9417224702971437322, 0.0000000000000000000 ) ) ;
#4488 = CARTESIAN_POINT ( 'NONE',  ( -1.249999999999999778, -0.7999999999999997113, 5.000000000000000888 ) ) ;
#4489 = EDGE_LOOP ( 'NONE', ( #804, #2944, #270, #1767 ) ) ;
#4490 = LINE ( 'NONE', #1500, #2913 ) ;
#4491 = ORIENTED_EDGE ( 'NONE', *, *, #3905, .F. ) ;
#4492 = AXIS2_PLACEMENT_3D ( 'NONE', #2308, #3600, #6648 ) ;
#4493 = CARTESIAN_POINT ( 'NONE',  ( -4.052040639368925667, -2.250000000000000000, 3.912701290971654089 ) ) ;
#4494 = STYLED_ITEM ( 'NONE', ( #1451 ), #4359 ) ;
#4495 = VERTEX_POINT ( 'NONE', #4599 ) ;
#4496 = DIRECTION ( 'NONE',  ( 0.0000000000000000000, -1.000000000000000000, -0.0000000000000000000 ) ) ;
#4497 =( NAMED_UNIT ( * ) PLANE_ANGLE_UNIT ( ) SI_UNIT ( $, .RADIAN. ) );
#4498 = ORIENTED_EDGE ( 'NONE', *, *, #5009, .T. ) ;
#4499 = EDGE_CURVE ( 'NONE', #5035, #2736, #516, .T. ) ;
#4500 = LINE ( 'NONE', #555, #5753 ) ;
#4501 = PLANE ( 'NONE',  #2584 ) ;
#4502 = SURFACE_STYLE_USAGE ( .BOTH. , #5080 ) ;
#4503 = DIRECTION ( 'NONE',  ( 0.3015113445777618528, -0.3015113445777618528, 0.9045340337332921088 ) ) ;
#4504 = VECTOR ( 'NONE', #3877, 1000.000000000000000 ) ;
#4505 = ORIENTED_EDGE ( 'NONE', *, *, #1945, .T. ) ;
#4506 =( NAMED_UNIT ( * ) SI_UNIT ( $, .STERADIAN. ) SOLID_ANGLE_UNIT ( ) );
#4507 = ORIENTED_EDGE ( 'NONE', *, *, #7493, .T. ) ;
#4508 = EDGE_CURVE ( 'NONE', #2322, #5819, #1442, .T. ) ;
#4509 = SURFACE_STYLE_FILL_AREA ( #7389 ) ;
#4510 = CARTESIAN_POINT ( 'NONE',  ( 0.2906825226051935607, 0.4813764501275853425, 0.0000000000000000000 ) ) ;
#4511 = VECTOR ( 'NONE', #2356, 1000.000000000000000 ) ;
#4512 = DIRECTION ( 'NONE',  ( 1.000000000000000000, 0.0000000000000000000, 0.0000000000000000000 ) ) ;
#4513 = DIRECTION ( 'NONE',  ( 1.000000000000000000, 0.0000000000000000000, 0.0000000000000000000 ) ) ;
#4514 = LINE ( 'NONE', #2012, #7396 ) ;
#4515 = EDGE_CURVE ( 'NONE', #4860, #7803, #7232, .T. ) ;
#4516 = CARTESIAN_POINT ( 'NONE',  ( 0.4009656646219040277, 0.5953628561172763511, 0.0000000000000000000 ) ) ;
#4517 = ORIENTED_EDGE ( 'NONE', *, *, #237, .T. ) ;
#4518 = CARTESIAN_POINT ( 'NONE',  ( 0.1781379207194651870, 0.3282896853855690744, 0.01000000000000000021 ) ) ;
#4519 = DIRECTION ( 'NONE',  ( -1.000000000000000000, 0.0000000000000000000, 0.0000000000000000000 ) ) ;
#4520 = DIRECTION ( 'NONE',  ( 0.0000000000000000000, 1.000000000000000000, 0.0000000000000000000 ) ) ;
#4521 =( GEOMETRIC_REPRESENTATION_CONTEXT ( 3 ) GLOBAL_UNCERTAINTY_ASSIGNED_CONTEXT ( ( #1714 ) ) GLOBAL_UNIT_ASSIGNED_CONTEXT ( ( #3923, #2742, #4506 ) ) REPRESENTATION_CONTEXT ( 'NONE', 'WORKASPACE' ) );
#4522 = FILL_AREA_STYLE_COLOUR ( '', #3560 ) ;
#4523 = CARTESIAN_POINT ( 'NONE',  ( 0.2774536763591002320, 0.5135174019255029920, 0.01000000000000000021 ) ) ;
#4524 =( NAMED_UNIT ( * ) SI_UNIT ( $, .STERADIAN. ) SOLID_ANGLE_UNIT ( ) );
#4525 = CYLINDRICAL_SURFACE ( 'NONE', #6071, 0.2500000000000002220 ) ;
#4526 = SURFACE_STYLE_FILL_AREA ( #2020 ) ;
#4527 = CARTESIAN_POINT ( 'NONE',  ( -0.2447008551658191033, 0.2917781358819973025, 0.01000000000000000021 ) ) ;
#4528 = VERTEX_POINT ( 'NONE', #4604 ) ;
#4529 = DIRECTION ( 'NONE',  ( 0.3015113445777618528, -0.3015113445777618528, -0.9045340337332921088 ) ) ;
#4530 = FACE_OUTER_BOUND ( 'NONE', #4649, .T. ) ;
#4531 = PRESENTATION_LAYER_ASSIGNMENT (  '', '', ( #3157 ) ) ;
#4532 = CARTESIAN_POINT ( 'NONE',  ( -4.950000000000000178, -0.6499999999999995781, 4.390000000000003233 ) ) ;
#4533 = AXIS2_PLACEMENT_3D ( 'NONE', #1803, #2405, #4324 ) ;
#4534 = LINE ( 'NONE', #5114, #7128 ) ;
#4535 = FACE_BOUND ( 'NONE', #657, .T. ) ;
#4536 = PLANE ( 'NONE',  #2969 ) ;
#4537 = CARTESIAN_POINT ( 'NONE',  ( -0.4071829540533155600, 0.4337631096963394661, 0.0000000000000000000 ) ) ;
#4538 = ADVANCED_FACE ( 'NONE', ( #2976 ), #541, .T. ) ;
#4539 = ORIENTED_EDGE ( 'NONE', *, *, #4456, .T. ) ;
#4540 = LINE ( 'NONE', #7804, #4160 ) ;
#4541 = DIRECTION ( 'NONE',  ( 0.3536223923290756632, -0.9353882635801357148, 0.0000000000000000000 ) ) ;
#4542 = CARTESIAN_POINT ( 'NONE',  ( -0.2114976475631152875, 0.5916915151257737815, 0.01000000000000000021 ) ) ;
#4543 = LINE ( 'NONE', #4123, #4164 ) ;
#4544 = MECHANICAL_DESIGN_GEOMETRIC_PRESENTATION_REPRESENTATION (  '', ( #2432 ), #4810 ) ;
#4545 = LINE ( 'NONE', #757, #4360 ) ;
#4546 =( LENGTH_UNIT ( ) NAMED_UNIT ( * ) SI_UNIT ( .MILLI., .METRE. ) );
#4547 = VERTEX_POINT ( 'NONE', #4661 ) ;
#4548 = CARTESIAN_POINT ( 'NONE',  ( 0.02047785974385531865, 0.4270701731904470999, 0.0000000000000000000 ) ) ;
#4549 = EDGE_CURVE ( 'NONE', #684, #2885, #2888, .T. ) ;
#4550 = VECTOR ( 'NONE', #3126, 1000.000000000000000 ) ;
#4551 = ORIENTED_EDGE ( 'NONE', *, *, #624, .T. ) ;
#4552 = DIRECTION ( 'NONE',  ( 0.0000000000000000000, 0.0000000000000000000, -1.000000000000000000 ) ) ;
#4553 = VERTEX_POINT ( 'NONE', #873 ) ;
#4554 = PRESENTATION_LAYER_ASSIGNMENT (  '', '', ( #6523 ) ) ;
#4555 = SURFACE_STYLE_FILL_AREA ( #6069 ) ;
#4556 = ORIENTED_EDGE ( 'NONE', *, *, #7430, .T. ) ;
#4557 = DIRECTION ( 'NONE',  ( 0.0000000000000000000, 1.000000000000000000, 0.0000000000000000000 ) ) ;
#4558 = EDGE_CURVE ( 'NONE', #4294, #5147, #3459, .T. ) ;
#4559 = ORIENTED_EDGE ( 'NONE', *, *, #1591, .F. ) ;
#4560 =( NAMED_UNIT ( * ) SI_UNIT ( $, .STERADIAN. ) SOLID_ANGLE_UNIT ( ) );
#4561 = COLOUR_RGB ( '',0.9686274509803921573, 0.8784313725490195957, 0.5999999999999999778 ) ;
#4562 = VERTEX_POINT ( 'NONE', #4577 ) ;
#4563 = CARTESIAN_POINT ( 'NONE',  ( 3.250000000000000444, -0.2999999999999997669, 1.000000000000000000 ) ) ;
#4564 = PRESENTATION_STYLE_ASSIGNMENT (( #2864 ) ) ;
#4565 = SURFACE_SIDE_STYLE ('',( #7016 ) ) ;
#4566 = CARTESIAN_POINT ( 'NONE',  ( -1.249999999999999778, -0.7999999999999997113, -3.099999999999996980 ) ) ;
#4567 = VERTEX_POINT ( 'NONE', #3981 ) ;
#4568 = DIRECTION ( 'NONE',  ( 0.0000000000000000000, -1.000000000000000000, 0.0000000000000000000 ) ) ;
#4569 = PRESENTATION_LAYER_ASSIGNMENT (  '', '', ( #5260 ) ) ;
#4570 = ORIENTED_EDGE ( 'NONE', *, *, #5590, .T. ) ;
#4571 = VERTEX_POINT ( 'NONE', #5190 ) ;
#4572 = CARTESIAN_POINT ( 'NONE',  ( 0.4844831951097088862, 0.3529848073367885530, 0.01000000000000000021 ) ) ;
#4573 = FACE_OUTER_BOUND ( 'NONE', #1173, .T. ) ;
#4574 = DIRECTION ( 'NONE',  ( 0.0000000000000000000, 1.000000000000000000, 0.0000000000000000000 ) ) ;
#4575 = VERTEX_POINT ( 'NONE', #6498 ) ;
#4576 = FILL_AREA_STYLE_COLOUR ( '', #4703 ) ;
#4577 = CARTESIAN_POINT ( 'NONE',  ( 0.02047785974385531865, 0.4599970024587397566, 0.0000000000000000000 ) ) ;
#4578 = CARTESIAN_POINT ( 'NONE',  ( -4.950000000000000178, -0.2599999999999995093, 4.389999999999999680 ) ) ;
#4579 = AXIS2_PLACEMENT_3D ( 'NONE', #1848, #4410, #1919 ) ;
#4580 = CARTESIAN_POINT ( 'NONE',  ( -0.7499999999999997780, -0.2999999999999997669, 1.000000000000000000 ) ) ;
#4581 = EDGE_LOOP ( 'NONE', ( #7201, #2984, #3376, #4889 ) ) ;
#4582 = STYLED_ITEM ( 'NONE', ( #4862 ), #6650 ) ;
#4583 = CARTESIAN_POINT ( 'NONE',  ( -2.000000000000000000, 0.0000000000000000000, -3.399999999999999911 ) ) ;
#4584 = FILL_AREA_STYLE_COLOUR ( '', #2110 ) ;
#4585 = SURFACE_STYLE_USAGE ( .BOTH. , #1463 ) ;
#4586 = VERTEX_POINT ( 'NONE', #7125 ) ;
#4587 = EDGE_CURVE ( 'NONE', #37, #3497, #5944, .T. ) ;
#4588 = FILL_AREA_STYLE ('',( #939 ) ) ;
#4589 = ADVANCED_FACE ( 'NONE', ( #4945 ), #4036, .T. ) ;
#4590 = FACE_OUTER_BOUND ( 'NONE', #4477, .T. ) ;
#4591 = ORIENTED_EDGE ( 'NONE', *, *, #7379, .F. ) ;
#4592 = UNCERTAINTY_MEASURE_WITH_UNIT (LENGTH_MEASURE( 1.000000000000000082E-05 ), #2150, 'distance_accuracy_value', 'NONE');
#4593 = LINE ( 'NONE', #4391, #7648 ) ;
#4594 = B_SPLINE_CURVE_WITH_KNOTS ( 'NONE', 3,
 ( #6200, #2486, #116, #4401, #5018, #1308, #5640, #1910, #6253, #1939, #1379, #210, #6383, #772, #7496, #4451, #1970, #831, #186 ),
 .UNSPECIFIED., .F., .F.,
 ( 4, 1, 1, 1, 1, 1, 1, 1, 1, 1, 1, 1, 1, 1, 1, 1, 4 ),
 ( 0.0000000000000000000, 0.06862671829588519457, 0.1345577204848093511, 0.1983152645473655051, 0.2607728177603437780, 0.3219782245696927170, 0.3825859545041834231, 0.4433977295869483970, 0.5049896818787288355, 0.5660661575043695048, 0.6259542549415550994, 0.6853936046933635229, 0.7449328108247917912, 0.8054284879535850150, 0.8676448687429464401, 0.9323121816594184263, 1.000000000000000000 ),
 .UNSPECIFIED. ) ;
#4595 = FILL_AREA_STYLE ('',( #6430 ) ) ;
#4596 = EDGE_LOOP ( 'NONE', ( #4980, #4672, #6487, #166 ) ) ;
#4597 = STYLED_ITEM ( 'NONE', ( #5236 ), #4589 ) ;
#4598 = CARTESIAN_POINT ( 'NONE',  ( -0.1844001890366325780, 0.5468872463611789136, 0.0000000000000000000 ) ) ;
#4599 = CARTESIAN_POINT ( 'NONE',  ( -2.849999999999999201, -0.7000000000000002887, 5.000000000000000888 ) ) ;
#4600 = ORIENTED_EDGE ( 'NONE', *, *, #6219, .T. ) ;
#4601 = EDGE_CURVE ( 'NONE', #5197, #3965, #1256, .T. ) ;
#4602 = LINE ( 'NONE', #2065, #7096 ) ;
#4603 = DIRECTION ( 'NONE',  ( 0.0000000000000000000, -0.0000000000000000000, 1.000000000000000000 ) ) ;
#4604 = CARTESIAN_POINT ( 'NONE',  ( -4.950000000000000178, -0.2400000000000021838, 4.000000000000000000 ) ) ;
#4605 = DIRECTION ( 'NONE',  ( -0.0000000000000000000, -1.000000000000000000, 0.0000000000000000000 ) ) ;
#4606 = UNCERTAINTY_MEASURE_WITH_UNIT (LENGTH_MEASURE( 1.000000000000000082E-05 ), #5131, 'distance_accuracy_value', 'NONE');
#4607 = CARTESIAN_POINT ( 'NONE',  ( 1.250000000000000222, -0.2999999999999997669, -3.099999999999996980 ) ) ;
#4608 = CARTESIAN_POINT ( 'NONE',  ( -0.3673270183049252569, 0.4485640756294715925, 0.0000000000000000000 ) ) ;
#4609 = VECTOR ( 'NONE', #4928, 1000.000000000000114 ) ;
#4610 = ORIENTED_EDGE ( 'NONE', *, *, #4549, .F. ) ;
#4611 = EDGE_CURVE ( 'NONE', #2322, #5281, #7610, .T. ) ;
#4612 = CARTESIAN_POINT ( 'NONE',  ( 0.3347551549196101095, 0.4583638879099980468, 0.01000000000000000194 ) ) ;
#4613 =( NAMED_UNIT ( * ) PLANE_ANGLE_UNIT ( ) SI_UNIT ( $, .RADIAN. ) );
#4614 = VECTOR ( 'NONE', #866, 1000.000000000000000 ) ;
#4615 = EDGE_LOOP ( 'NONE', ( #1042, #2503, #360, #3585 ) ) ;
#4616 = ORIENTED_EDGE ( 'NONE', *, *, #5095, .F. ) ;
#4617 = CARTESIAN_POINT ( 'NONE',  ( 4.650000000000003020, 1.950000000000002176, 6.000000000000000000 ) ) ;
#4618 = DIRECTION ( 'NONE',  ( 0.0000000000000000000, -1.000000000000000000, -0.0000000000000000000 ) ) ;
#4619 =( LENGTH_UNIT ( ) NAMED_UNIT ( * ) SI_UNIT ( .MILLI., .METRE. ) );
#4620 = EDGE_CURVE ( 'NONE', #3034, #7703, #3171, .T. ) ;
#4621 = VECTOR ( 'NONE', #1603, 1000.000000000000000 ) ;
#4622 = FACE_OUTER_BOUND ( 'NONE', #3886, .T. ) ;
#4623 = DIRECTION ( 'NONE',  ( 0.0000000000000000000, -0.0000000000000000000, 1.000000000000000000 ) ) ;
#4624 = CARTESIAN_POINT ( 'NONE',  ( -6.000000000000000000, -0.3999999999999991340, 5.000000000000000888 ) ) ;
#4625 = CARTESIAN_POINT ( 'NONE',  ( 3.003586417958283405, -2.250000000000000000, 3.912701290971654089 ) ) ;
#4626 = AXIS2_PLACEMENT_3D ( 'NONE', #1618, #1538, #7698 ) ;
#4627 = ADVANCED_FACE ( 'NONE', ( #7894 ), #2291, .T. ) ;
#4628 = COLOUR_RGB ( '',0.9686274509803921573, 0.8784313725490195957, 0.5999999999999999778 ) ;
#4629 = PRESENTATION_LAYER_ASSIGNMENT (  '', '', ( #6439 ) ) ;
#4630 = CARTESIAN_POINT ( 'NONE',  ( 0.2945793304225670650, 0.4289191282172827857, 0.0000000000000000000 ) ) ;
#4631 = ORIENTED_EDGE ( 'NONE', *, *, #6368, .T. ) ;
#4632 = COLOUR_RGB ( '',0.9686274509803921573, 0.8784313725490195957, 0.5999999999999999778 ) ;
#4633 = CARTESIAN_POINT ( 'NONE',  ( -0.1844001890366325780, 0.3438384658733740773, 0.0000000000000000000 ) ) ;
#4634 = CARTESIAN_POINT ( 'NONE',  ( -0.2014913689822250553, 0.5553893292097910050, 0.01000000000000000021 ) ) ;
#4635 = LINE ( 'NONE', #4488, #7690 ) ;
#4636 = UNCERTAINTY_MEASURE_WITH_UNIT (LENGTH_MEASURE( 1.000000000000000082E-05 ), #6942, 'distance_accuracy_value', 'NONE');
#4637 =( GEOMETRIC_REPRESENTATION_CONTEXT ( 3 ) GLOBAL_UNCERTAINTY_ASSIGNED_CONTEXT ( ( #1257 ) ) GLOBAL_UNIT_ASSIGNED_CONTEXT ( ( #4191, #6534, #413 ) ) REPRESENTATION_CONTEXT ( 'NONE', 'WORKASPACE' ) );
#4638 =( NAMED_UNIT ( * ) SI_UNIT ( $, .STERADIAN. ) SOLID_ANGLE_UNIT ( ) );
#4639 = FILL_AREA_STYLE_COLOUR ( '', #1159 ) ;
#4640 = EDGE_LOOP ( 'NONE', ( #5775, #7089, #4096, #814 ) ) ;
#4641 = AXIS2_PLACEMENT_3D ( 'NONE', #1321, #1901, #3058 ) ;
#4642 = PLANE ( 'NONE',  #1403 ) ;
#4643 =( NAMED_UNIT ( * ) SI_UNIT ( $, .STERADIAN. ) SOLID_ANGLE_UNIT ( ) );
#4644 = PRESENTATION_STYLE_ASSIGNMENT (( #7625 ) ) ;
#4645 = VECTOR ( 'NONE', #6188, 1000.000000000000000 ) ;
#4646 = LINE ( 'NONE', #3829, #811 ) ;
#4647 = CARTESIAN_POINT ( 'NONE',  ( -2.750000000000000000, -0.2999999999999997669, 1.000000000000000000 ) ) ;
#4648 = PLANE ( 'NONE',  #3064 ) ;
#4649 = EDGE_LOOP ( 'NONE', ( #1804, #7607, #6909, #6720, #3983, #7168, #5405, #3007, #1028, #7145, #593, #7942, #4172, #469 ) ) ;
#4650 = CARTESIAN_POINT ( 'NONE',  ( -4.950000000000000178, -2.250000000000000000, 1.099999999999999645 ) ) ;
#4651 = SURFACE_SIDE_STYLE ('',( #3684 ) ) ;
#4652 = CARTESIAN_POINT ( 'NONE',  ( -0.3670214721827244619, 0.4349064150560782438, 0.0000000000000000000 ) ) ;
#4653 = AXIS2_PLACEMENT_3D ( 'NONE', #6888, #173, #4462 ) ;
#4654 = VECTOR ( 'NONE', #5460, 1000.000000000000000 ) ;
#4655 = VERTEX_POINT ( 'NONE', #1648 ) ;
#4656 = VERTEX_POINT ( 'NONE', #1104 ) ;
#4657 = EDGE_CURVE ( 'NONE', #115, #3757, #5899, .T. ) ;
#4658 = DIRECTION ( 'NONE',  ( 0.0000000000000000000, -0.0000000000000000000, 1.000000000000000000 ) ) ;
#4659 = COLOUR_RGB ( '',1.000000000000000000, 1.000000000000000000, 1.000000000000000000 ) ;
#4660 = FACE_OUTER_BOUND ( 'NONE', #3357, .T. ) ;
#4661 = CARTESIAN_POINT ( 'NONE',  ( 0.8500000000000005329, -0.4000000000000000222, -3.399999999999999911 ) ) ;
#4662 = SURFACE_STYLE_USAGE ( .BOTH. , #1514 ) ;
#4663 = CARTESIAN_POINT ( 'NONE',  ( 4.450000000000001066, -1.749999999999999778, 4.000000000000000000 ) ) ;
#4664 = COLOUR_RGB ( '',0.9686274509803921573, 0.8784313725490195957, 0.5999999999999999778 ) ;
#4665 = VERTEX_POINT ( 'NONE', #4799 ) ;
#4666 = SURFACE_SIDE_STYLE ('',( #1412 ) ) ;
#4667 = VECTOR ( 'NONE', #3728, 1000.000000000000000 ) ;
#4668 = ORIENTED_EDGE ( 'NONE', *, *, #3985, .T. ) ;
#4669 = CARTESIAN_POINT ( 'NONE',  ( 0.2147660663326569075, 0.5582063381199359187, 0.0000000000000000000 ) ) ;
#4670 = SURFACE_STYLE_FILL_AREA ( #451 ) ;
#4671 = EDGE_CURVE ( 'NONE', #4933, #6685, #7110, .T. ) ;
#4672 = ORIENTED_EDGE ( 'NONE', *, *, #2909, .T. ) ;
#4673 = ADVANCED_FACE ( 'NONE', ( #3449 ), #2070, .T. ) ;
#4674 = CARTESIAN_POINT ( 'NONE',  ( 0.3101489330411272838, 0.3564026935348292846, 0.0000000000000000000 ) ) ;
#4675 = COLOUR_RGB ( '',0.9686274509803921573, 0.8784313725490195957, 0.5999999999999999778 ) ;
#4676 = FILL_AREA_STYLE ('',( #310 ) ) ;
#4677 = EDGE_LOOP ( 'NONE', ( #62, #707, #6331, #3867 ) ) ;
#4678 =( NAMED_UNIT ( * ) SI_UNIT ( $, .STERADIAN. ) SOLID_ANGLE_UNIT ( ) );
#4679 = PLANE ( 'NONE',  #3630 ) ;
#4680 = APPLICATION_PROTOCOL_DEFINITION ( 'draft international standard', 'automotive_design', 1998, #7041 ) ;
#4681 = MECHANICAL_DESIGN_GEOMETRIC_PRESENTATION_REPRESENTATION (  '', ( #3676 ), #3101 ) ;
#4682 = ORIENTED_EDGE ( 'NONE', *, *, #1305, .F. ) ;
#4683 = CARTESIAN_POINT ( 'NONE',  ( -0.7499999999999997780, -0.7999999999999997113, 0.0000000000000000000 ) ) ;
#4684 = DIRECTION ( 'NONE',  ( -0.0000000000000000000, 0.0000000000000000000, 1.000000000000000000 ) ) ;
#4685 = DIRECTION ( 'NONE',  ( 0.0000000000000000000, 0.0000000000000000000, 1.000000000000000000 ) ) ;
#4686 = PRESENTATION_LAYER_ASSIGNMENT (  '', '', ( #674 ) ) ;
#4687 = ORIENTED_EDGE ( 'NONE', *, *, #6414, .T. ) ;
#4688 = CARTESIAN_POINT ( 'NONE',  ( -0.4072932845747735953, 0.4670969751092826083, 0.0000000000000000000 ) ) ;
#4689 = EDGE_LOOP ( 'NONE', ( #6675, #7841, #7449, #855, #2392, #3231 ) ) ;
#4690 = CARTESIAN_POINT ( 'NONE',  ( -2.750000000000000000, -0.7999999999999997113, -3.099999999999996980 ) ) ;
#4691 = VECTOR ( 'NONE', #3888, 1000.000000000000000 ) ;
#4692 = SURFACE_STYLE_USAGE ( .BOTH. , #5901 ) ;
#4693 = DIRECTION ( 'NONE',  ( 0.0000000000000000000, -0.0000000000000000000, 1.000000000000000000 ) ) ;
#4694 = DIRECTION ( 'NONE',  ( 0.0000000000000000000, 0.0000000000000000000, -1.000000000000000000 ) ) ;
#4695 = ORIENTED_EDGE ( 'NONE', *, *, #5952, .F. ) ;
#4696 =( NAMED_UNIT ( * ) SI_UNIT ( $, .STERADIAN. ) SOLID_ANGLE_UNIT ( ) );
#4697 = UNCERTAINTY_MEASURE_WITH_UNIT (LENGTH_MEASURE( 1.000000000000000082E-05 ), #195, 'distance_accuracy_value', 'NONE');
#4698 = MECHANICAL_DESIGN_GEOMETRIC_PRESENTATION_REPRESENTATION (  '', ( #2311 ), #4839 ) ;
#4699 =( NAMED_UNIT ( * ) SI_UNIT ( $, .STERADIAN. ) SOLID_ANGLE_UNIT ( ) );
#4700 = AXIS2_PLACEMENT_3D ( 'NONE', #7426, #87, #7451 ) ;
#4701 = LINE ( 'NONE', #4264, #1345 ) ;
#4702 = CARTESIAN_POINT ( 'NONE',  ( -0.2546555244024862330, 0.3246311488002033285, 0.01000000000000000021 ) ) ;
#4703 = COLOUR_RGB ( '',1.000000000000000000, 1.000000000000000000, 1.000000000000000000 ) ;
#4704 = PLANE ( 'NONE',  #5397 ) ;
#4705 = ORIENTED_EDGE ( 'NONE', *, *, #2499, .F. ) ;
#4706 = VERTEX_POINT ( 'NONE', #7078 ) ;
#4707 = CARTESIAN_POINT ( 'NONE',  ( 0.02779493291458703941, 0.3282896853855690189, 0.0000000000000000000 ) ) ;
#4708 = DIRECTION ( 'NONE',  ( 0.0000000000000000000, 0.9486832980505145452, -0.3162277660168359428 ) ) ;
#4709 = PLANE ( 'NONE',  #6334 ) ;
#4710 = VECTOR ( 'NONE', #5989, 1000.000000000000000 ) ;
#4711 = CARTESIAN_POINT ( 'NONE',  ( -2.750000000000000000, -0.7999999999999997113, 4.699999999999997513 ) ) ;
#4712 = LINE ( 'NONE', #4598, #6344 ) ;
#4713 =( GEOMETRIC_REPRESENTATION_CONTEXT ( 3 ) GLOBAL_UNCERTAINTY_ASSIGNED_CONTEXT ( ( #217 ) ) GLOBAL_UNIT_ASSIGNED_CONTEXT ( ( #1749, #1795, #1151 ) ) REPRESENTATION_CONTEXT ( 'NONE', 'WORKASPACE' ) );
#4714 = CARTESIAN_POINT ( 'NONE',  ( -0.4017968910333116206, 0.4012337777023536334, 0.0000000000000000000 ) ) ;
#4715 = PLANE ( 'NONE',  #6664 ) ;
#4716 = EDGE_CURVE ( 'NONE', #1462, #6676, #4262, .T. ) ;
#4717 = ADVANCED_FACE ( 'NONE', ( #2671 ), #5791, .T. ) ;
#4718 = LINE ( 'NONE', #7513, #7665 ) ;
#4719 = ORIENTED_EDGE ( 'NONE', *, *, #1701, .T. ) ;
#4720 = PRESENTATION_LAYER_ASSIGNMENT (  '', '', ( #703 ) ) ;
#4721 =( LENGTH_UNIT ( ) NAMED_UNIT ( * ) SI_UNIT ( .MILLI., .METRE. ) );
#4722 = DIRECTION ( 'NONE',  ( 0.0000000000000000000, 0.0000000000000000000, -1.000000000000000000 ) ) ;
#4723 = DIRECTION ( 'NONE',  ( 0.9315776194850602376, -0.3635424856527064708, 0.0000000000000000000 ) ) ;
#4724 = COLOUR_RGB ( '',0.9686274509803921573, 0.8784313725490195957, 0.5999999999999999778 ) ;
#4725 = EDGE_CURVE ( 'NONE', #1654, #7820, #2881, .T. ) ;
#4726 = ORIENTED_EDGE ( 'NONE', *, *, #3605, .T. ) ;
#4727 = CARTESIAN_POINT ( 'NONE',  ( -0.8499999999999992006, -0.3999999999999991340, 5.000000000000000888 ) ) ;
#4728 = CARTESIAN_POINT ( 'NONE',  ( 3.250000000000000444, -0.2999999999999997669, 4.699999999999997513 ) ) ;
#4729 = CARTESIAN_POINT ( 'NONE',  ( 0.1838209575254421413, 0.2954857345164334514, 0.0000000000000000000 ) ) ;
#4730 =( LENGTH_UNIT ( ) NAMED_UNIT ( * ) SI_UNIT ( .MILLI., .METRE. ) );
#4731 = AXIS2_PLACEMENT_3D ( 'NONE', #7261, #7877, #191 ) ;
#4732 = CARTESIAN_POINT ( 'NONE',  ( -2.000000000000000000, -0.2999999999999997669, 0.0000000000000000000 ) ) ;
#4733 = SURFACE_STYLE_USAGE ( .BOTH. , #2666 ) ;
#4734 = ORIENTED_EDGE ( 'NONE', *, *, #3824, .F. ) ;
#4735 = VECTOR ( 'NONE', #7541, 1000.000000000000000 ) ;
#4736 = DIRECTION ( 'NONE',  ( 0.0000000000000000000, 1.000000000000000000, 0.0000000000000000000 ) ) ;
#4737 = FILL_AREA_STYLE ('',( #7171 ) ) ;
#4738 = ORIENTED_EDGE ( 'NONE', *, *, #359, .F. ) ;
#4739 = VECTOR ( 'NONE', #7943, 1000.000000000000000 ) ;
#4740 = AXIS2_PLACEMENT_3D ( 'NONE', #412, #5334, #5911 ) ;
#4741 = AXIS2_PLACEMENT_3D ( 'NONE', #7237, #4166, #1089 ) ;
#4742 = FACE_OUTER_BOUND ( 'NONE', #174, .T. ) ;
#4743 = DIRECTION ( 'NONE',  ( 0.3015113445777618528, 0.3015113445777618528, 0.9045340337332921088 ) ) ;
#4744 = DIRECTION ( 'NONE',  ( 0.0000000000000000000, -0.0000000000000000000, -1.000000000000000000 ) ) ;
#4745 = DIRECTION ( 'NONE',  ( -0.0000000000000000000, -0.0000000000000000000, 1.000000000000000000 ) ) ;
#4746 = EDGE_CURVE ( 'NONE', #4087, #1650, #4062, .T. ) ;
#4747 = ORIENTED_EDGE ( 'NONE', *, *, #3935, .F. ) ;
#4748 =( LENGTH_UNIT ( ) NAMED_UNIT ( * ) SI_UNIT ( .MILLI., .METRE. ) );
#4749 = COLOUR_RGB ( '',0.9686274509803921573, 0.8784313725490195957, 0.5999999999999999778 ) ;
#4750 =( GEOMETRIC_REPRESENTATION_CONTEXT ( 3 ) GLOBAL_UNCERTAINTY_ASSIGNED_CONTEXT ( ( #6357 ) ) GLOBAL_UNIT_ASSIGNED_CONTEXT ( ( #1273, #6901, #6872 ) ) REPRESENTATION_CONTEXT ( 'NONE', 'WORKASPACE' ) );
#4751 = ORIENTED_EDGE ( 'NONE', *, *, #1138, .T. ) ;
#4752 = DIRECTION ( 'NONE',  ( -4.956352788505164254E-16, 1.000000000000000000, 0.0000000000000000000 ) ) ;
#4753 = AXIS2_PLACEMENT_3D ( 'NONE', #1032, #480, #6009 ) ;
#4754 = ADVANCED_FACE ( 'NONE', ( #2013 ), #1697, .F. ) ;
#4755 = ORIENTED_EDGE ( 'NONE', *, *, #2782, .F. ) ;
#4756 = STYLED_ITEM ( 'NONE', ( #1560 ), #4231 ) ;
#4757 = ORIENTED_EDGE ( 'NONE', *, *, #6156, .T. ) ;
#4758 = DIRECTION ( 'NONE',  ( -0.0000000000000000000, -0.0000000000000000000, 1.000000000000000000 ) ) ;
#4759 = CARTESIAN_POINT ( 'NONE',  ( 0.3351120060853188254, 0.4415899902636178376, 0.01000000000000000021 ) ) ;
#4760 =( LENGTH_UNIT ( ) NAMED_UNIT ( * ) SI_UNIT ( .MILLI., .METRE. ) );
#4761 = PRESENTATION_STYLE_ASSIGNMENT (( #4585 ) ) ;
#4762 = ORIENTED_EDGE ( 'NONE', *, *, #5606, .T. ) ;
#4763 = CARTESIAN_POINT ( 'NONE',  ( -0.4051580114327344995, 0.4170575865815700500, 0.0000000000000000000 ) ) ;
#4764 = CARTESIAN_POINT ( 'NONE',  ( -3.003586417958281629, -1.749999999999999778, 2.116552042568997649 ) ) ;
#4765 = EDGE_LOOP ( 'NONE', ( #2166, #6612, #1447, #7259 ) ) ;
#4766 = PLANE ( 'NONE',  #7508 ) ;
#4767 = EDGE_CURVE ( 'NONE', #5904, #7802, #3660, .T. ) ;
#4768 = SURFACE_STYLE_FILL_AREA ( #4485 ) ;
#4769 = SURFACE_STYLE_FILL_AREA ( #4027 ) ;
#4770 = ORIENTED_EDGE ( 'NONE', *, *, #5843, .T. ) ;
#4771 = VECTOR ( 'NONE', #7087, 1000.000000000000114 ) ;
#4772 = EDGE_CURVE ( 'NONE', #4375, #5269, #5611, .T. ) ;
#4773 = ORIENTED_EDGE ( 'NONE', *, *, #6008, .T. ) ;
#4774 = CARTESIAN_POINT ( 'NONE',  ( 0.7500000000000002220, -0.7999999999999997113, 5.000000000000000888 ) ) ;
#4775 = CARTESIAN_POINT ( 'NONE',  ( 0.7500000000000002220, 0.0000000000000000000, 0.0000000000000000000 ) ) ;
#4776 = ORIENTED_EDGE ( 'NONE', *, *, #3202, .T. ) ;
#4777 = VERTEX_POINT ( 'NONE', #7944 ) ;
#4778 = EDGE_LOOP ( 'NONE', ( #3828, #1092, #1616, #6035, #5186, #2404 ) ) ;
#4779 = CARTESIAN_POINT ( 'NONE',  ( -4.950000000000000178, -2.250000000000000000, 0.5000000000000004441 ) ) ;
#4780 = EDGE_CURVE ( 'NONE', #3287, #610, #7226, .T. ) ;
#4781 = DIRECTION ( 'NONE',  ( 1.000000000000000000, 0.0000000000000000000, 0.0000000000000000000 ) ) ;
#4782 = EDGE_LOOP ( 'NONE', ( #3180, #6149, #7352, #2201 ) ) ;
#4783 = DIRECTION ( 'NONE',  ( 1.000000000000000000, 0.0000000000000000000, 0.0000000000000000000 ) ) ;
#4784 = PRESENTATION_STYLE_ASSIGNMENT (( #6488 ) ) ;
#4785 = CARTESIAN_POINT ( 'NONE',  ( 0.1338924938901968897, 0.3282896853855690189, 0.0000000000000000000 ) ) ;
#4786 =( NAMED_UNIT ( * ) PLANE_ANGLE_UNIT ( ) SI_UNIT ( $, .RADIAN. ) );
#4787 = ORIENTED_EDGE ( 'NONE', *, *, #4310, .T. ) ;
#4788 = SURFACE_STYLE_USAGE ( .BOTH. , #426 ) ;
#4789 = PRESENTATION_STYLE_ASSIGNMENT (( #3048 ) ) ;
#4790 = DIRECTION ( 'NONE',  ( 3.854941057726238097E-16, -1.000000000000000000, 0.0000000000000000000 ) ) ;
#4791 = CARTESIAN_POINT ( 'NONE',  ( -0.2728208780868150440, 0.5658003208382740290, 0.01000000000000000021 ) ) ;
#4792 = ORIENTED_EDGE ( 'NONE', *, *, #2143, .F. ) ;
#4793 = AXIS2_PLACEMENT_3D ( 'NONE', #2640, #228, #6993 ) ;
#4794 = LINE ( 'NONE', #6308, #4120 ) ;
#4795 = ORIENTED_EDGE ( 'NONE', *, *, #1204, .T. ) ;
#4796 = ADVANCED_FACE ( 'NONE', ( #2099 ), #7299, .F. ) ;
#4797 = FACE_OUTER_BOUND ( 'NONE', #377, .T. ) ;
#4798 = DIRECTION ( 'NONE',  ( 0.3015113445777592993, -0.3015113445777592993, -0.9045340337332937741 ) ) ;
#4799 = CARTESIAN_POINT ( 'NONE',  ( -4.450000000000001066, 1.749999999999999778, 5.799999999999999822 ) ) ;
#4800 =( LENGTH_UNIT ( ) NAMED_UNIT ( * ) SI_UNIT ( .MILLI., .METRE. ) );
#4801 = MECHANICAL_DESIGN_GEOMETRIC_PRESENTATION_REPRESENTATION (  '', ( #7254 ), #6861 ) ;
#4802 = CARTESIAN_POINT ( 'NONE',  ( -4.450000000000000178, 0.1500000000000008271, 0.9999999999999997780 ) ) ;
#4803 = FACE_BOUND ( 'NONE', #5168, .T. ) ;
#4804 = ORIENTED_EDGE ( 'NONE', *, *, #3434, .T. ) ;
#4805 = AXIS2_PLACEMENT_3D ( 'NONE', #1553, #5888, #419 ) ;
#4806 = STYLED_ITEM ( 'NONE', ( #4953 ), #4148 ) ;
#4807 = PRESENTATION_STYLE_ASSIGNMENT (( #1531 ) ) ;
#4808 =( LENGTH_UNIT ( ) NAMED_UNIT ( * ) SI_UNIT ( .MILLI., .METRE. ) );
#4809 = EDGE_LOOP ( 'NONE', ( #6902, #5847, #4551, #2310 ) ) ;
#4810 =( GEOMETRIC_REPRESENTATION_CONTEXT ( 3 ) GLOBAL_UNCERTAINTY_ASSIGNED_CONTEXT ( ( #6491 ) ) GLOBAL_UNIT_ASSIGNED_CONTEXT ( ( #6547, #6589, #2854 ) ) REPRESENTATION_CONTEXT ( 'NONE', 'WORKASPACE' ) );
#4811 = CARTESIAN_POINT ( 'NONE',  ( 0.5107217621828796794, 0.2953628561172763622, 0.01000000000000000021 ) ) ;
#4812 =( LENGTH_UNIT ( ) NAMED_UNIT ( * ) SI_UNIT ( .MILLI., .METRE. ) );
#4813 = COLOUR_RGB ( '',0.9686274509803921573, 0.8784313725490195957, 0.5999999999999999778 ) ;
#4814 = ORIENTED_EDGE ( 'NONE', *, *, #6255, .T. ) ;
#4815 = CARTESIAN_POINT ( 'NONE',  ( -0.3835471781133089619, 0.3589430818198857120, 0.0000000000000000000 ) ) ;
#4816 = CYLINDRICAL_SURFACE ( 'NONE', #4579, 0.3899999999999997358 ) ;
#4817 = ORIENTED_EDGE ( 'NONE', *, *, #4916, .F. ) ;
#4818 = CARTESIAN_POINT ( 'NONE',  ( 4.950000000000000178, -1.849999999999999867, 0.5000000000000000000 ) ) ;
#4819 = EDGE_CURVE ( 'NONE', #1773, #1380, #5512, .T. ) ;
#4820 = VECTOR ( 'NONE', #6582, 1000.000000000000000 ) ;
#4821 = MECHANICAL_DESIGN_GEOMETRIC_PRESENTATION_REPRESENTATION (  '', ( #6523 ), #6938 ) ;
#4822 = CARTESIAN_POINT ( 'NONE',  ( 0.3349928391359379143, 0.4361516822849306751, 0.0000000000000000000 ) ) ;
#4823 = CARTESIAN_POINT ( 'NONE',  ( -0.3862403492984643472, 0.5365941101836531058, 0.0000000000000000000 ) ) ;
#4824 = EDGE_CURVE ( 'NONE', #7631, #6769, #287, .T. ) ;
#4825 = DIRECTION ( 'NONE',  ( 0.0000000000000000000, -0.0000000000000000000, 1.000000000000000000 ) ) ;
#4826 = ORIENTED_EDGE ( 'NONE', *, *, #2153, .F. ) ;
#4827 = CARTESIAN_POINT ( 'NONE',  ( -4.052040639368925667, -1.749999999999999778, 2.116552042568997649 ) ) ;
#4828 = CARTESIAN_POINT ( 'NONE',  ( -0.2546555244024862330, 0.3246311488002033285, 0.01000000000000000021 ) ) ;
#4829 = ADVANCED_FACE ( 'NONE', ( #3853 ), #1963, .F. ) ;
#4830 = CARTESIAN_POINT ( 'NONE',  ( -2.850000000000000089, -0.4000000000000000222, -3.399999999999999911 ) ) ;
#4831 = CIRCLE ( 'NONE', #7717, 0.2500000000000002220 ) ;
#4832 = PRESENTATION_STYLE_ASSIGNMENT (( #3284 ) ) ;
#4833 = AXIS2_PLACEMENT_3D ( 'NONE', #6196, #3759, #3095 ) ;
#4834 = CARTESIAN_POINT ( 'NONE',  ( 0.1781379207194651593, 0.3282896853855690189, 0.0000000000000000000 ) ) ;
#4835 = VERTEX_POINT ( 'NONE', #1170 ) ;
#4836 = ORIENTED_EDGE ( 'NONE', *, *, #3093, .T. ) ;
#4837 = CARTESIAN_POINT ( 'NONE',  ( -0.3634177866423368153, 0.4858426002719485881, 0.01000000000000000021 ) ) ;
#4838 = ADVANCED_FACE ( 'NONE', ( #3649 ), #5120, .F. ) ;
#4839 =( GEOMETRIC_REPRESENTATION_CONTEXT ( 3 ) GLOBAL_UNCERTAINTY_ASSIGNED_CONTEXT ( ( #647 ) ) GLOBAL_UNIT_ASSIGNED_CONTEXT ( ( #3337, #7656, #4638 ) ) REPRESENTATION_CONTEXT ( 'NONE', 'WORKASPACE' ) );
#4840 = VERTEX_POINT ( 'NONE', #2011 ) ;
#4841 = CARTESIAN_POINT ( 'NONE',  ( 0.5535380731584893521, 0.5112165146538617533, 0.0000000000000000000 ) ) ;
#4842 = UNCERTAINTY_MEASURE_WITH_UNIT (LENGTH_MEASURE( 1.000000000000000082E-05 ), #3582, 'distance_accuracy_value', 'NONE');
#4843 = CARTESIAN_POINT ( 'NONE',  ( 2.849999999999999645, 0.0000000000000000000, 5.000000000000000888 ) ) ;
#4844 = CARTESIAN_POINT ( 'NONE',  ( -0.3784162500952775177, 0.5480280951175795501, 0.01000000000000000021 ) ) ;
#4845 =( NAMED_UNIT ( * ) SI_UNIT ( $, .STERADIAN. ) SOLID_ANGLE_UNIT ( ) );
#4846 = DIRECTION ( 'NONE',  ( 0.0000000000000000000, 1.000000000000000000, 0.0000000000000000000 ) ) ;
#4847 = ORIENTED_EDGE ( 'NONE', *, *, #7620, .T. ) ;
#4848 = CARTESIAN_POINT ( 'NONE',  ( -0.2710462516987122150, 0.2920778058621723017, 0.0000000000000000000 ) ) ;
#4849 = DIRECTION ( 'NONE',  ( 1.000000000000000000, 0.0000000000000000000, 0.0000000000000000000 ) ) ;
#4850 = ORIENTED_EDGE ( 'NONE', *, *, #7209, .F. ) ;
#4851 = CARTESIAN_POINT ( 'NONE',  ( 0.4906728319592074117, 0.3342544341622329940, 0.01000000000000000021 ) ) ;
#4852 = STYLED_ITEM ( 'NONE', ( #2058 ), #2978 ) ;
#4853 = FILL_AREA_STYLE ('',( #487 ) ) ;
#4854 = UNCERTAINTY_MEASURE_WITH_UNIT (LENGTH_MEASURE( 1.000000000000000082E-05 ), #92, 'distance_accuracy_value', 'NONE');
#4855 = ORIENTED_EDGE ( 'NONE', *, *, #5595, .F. ) ;
#4856 = CARTESIAN_POINT ( 'NONE',  ( -0.4024605062861698612, 0.4973369030566412996, 0.01000000000000000021 ) ) ;
#4857 = SURFACE_SIDE_STYLE ('',( #2567 ) ) ;
#4858 = PRESENTATION_LAYER_ASSIGNMENT (  '', '', ( #1528 ) ) ;
#4859 = SURFACE_STYLE_USAGE ( .BOTH. , #3483 ) ;
#4860 = VERTEX_POINT ( 'NONE', #3838 ) ;
#4861 = CARTESIAN_POINT ( 'NONE',  ( -2.000000000000000000, -2.250000000000000000, 6.000000000000000000 ) ) ;
#4862 = PRESENTATION_STYLE_ASSIGNMENT (( #2320 ) ) ;
#4863 = ORIENTED_EDGE ( 'NONE', *, *, #4260, .T. ) ;
#4864 = CARTESIAN_POINT ( 'NONE',  ( 0.02047785974385531865, 0.4599970024587397566, 0.0000000000000000000 ) ) ;
#4865 = CARTESIAN_POINT ( 'NONE',  ( -0.2614009512317545525, 0.5660945634343496069, 0.01000000000000000021 ) ) ;
#4866 = CARTESIAN_POINT ( 'NONE',  ( -0.3656822144301463129, 0.4740200930647939792, 0.01000000000000000021 ) ) ;
#4867 = FACE_OUTER_BOUND ( 'NONE', #2390, .T. ) ;
#4868 = EDGE_CURVE ( 'NONE', #1545, #2683, #7888, .T. ) ;
#4869 = EDGE_LOOP ( 'NONE', ( #7906, #3568, #1958, #342 ) ) ;
#4870 = VERTEX_POINT ( 'NONE', #5149 ) ;
#4871 = CARTESIAN_POINT ( 'NONE',  ( 0.3241654024538777046, 0.5044043704267723305, 0.01000000000000000021 ) ) ;
#4872 = EDGE_CURVE ( 'NONE', #4022, #4454, #6181, .T. ) ;
#4873 = ORIENTED_EDGE ( 'NONE', *, *, #1849, .F. ) ;
#4874 = CARTESIAN_POINT ( 'NONE',  ( 1.250000000000000222, -0.7999999999999997113, 5.000000000000000888 ) ) ;
#4875 = VECTOR ( 'NONE', #2004, 1000.000000000000000 ) ;
#4876 =( NAMED_UNIT ( * ) SI_UNIT ( $, .STERADIAN. ) SOLID_ANGLE_UNIT ( ) );
#4877 = CARTESIAN_POINT ( 'NONE',  ( 1.250000000000000222, -0.2999999999999997669, -3.099999999999996980 ) ) ;
#4878 = EDGE_LOOP ( 'NONE', ( #7144, #531, #627, #4705 ) ) ;
#4879 = CARTESIAN_POINT ( 'NONE',  ( 0.1809647394880342097, 0.5952589645115443640, 0.0000000000000000000 ) ) ;
#4880 = ORIENTED_EDGE ( 'NONE', *, *, #1793, .T. ) ;
#4881 =( NAMED_UNIT ( * ) PLANE_ANGLE_UNIT ( ) SI_UNIT ( $, .RADIAN. ) );
#4882 = ORIENTED_EDGE ( 'NONE', *, *, #3631, .T. ) ;
#4883 = EDGE_CURVE ( 'NONE', #7081, #7302, #6082, .T. ) ;
#4884 = CARTESIAN_POINT ( 'NONE',  ( 0.3291413831829349546, 0.3953371787117997971, 0.01000000000000000021 ) ) ;
#4885 = DIRECTION ( 'NONE',  ( 0.0000000000000000000, 1.000000000000000000, 1.178480622266855422E-16 ) ) ;
#4886 = FILL_AREA_STYLE ('',( #2274 ) ) ;
#4887 = CARTESIAN_POINT ( 'NONE',  ( 0.0000000000000000000, 0.0000000000000000000, 0.01000000000000000021 ) ) ;
#4888 = PRESENTATION_STYLE_ASSIGNMENT (( #2718 ) ) ;
#4889 = ORIENTED_EDGE ( 'NONE', *, *, #503, .F. ) ;
#4890 =( GEOMETRIC_REPRESENTATION_CONTEXT ( 3 ) GLOBAL_UNCERTAINTY_ASSIGNED_CONTEXT ( ( #570 ) ) GLOBAL_UNIT_ASSIGNED_CONTEXT ( ( #7705, #4044, #5305 ) ) REPRESENTATION_CONTEXT ( 'NONE', 'WORKASPACE' ) );
#4891 = CARTESIAN_POINT ( 'NONE',  ( 0.2905683126020848217, 0.5535627416406200263, 0.01000000000000000194 ) ) ;
#4892 = CARTESIAN_POINT ( 'NONE',  ( -0.2604168425964847877, 0.2918304227961285302, 0.0000000000000000000 ) ) ;
#4893 = CARTESIAN_POINT ( 'NONE',  ( -0.3042828852253639527, 0.5583496845817160770, 0.0000000000000000000 ) ) ;
#4894 = CARTESIAN_POINT ( 'NONE',  ( -0.3136431080172246144, 0.5538532142281646919, 0.01000000000000000021 ) ) ;
#4895 = AXIS2_PLACEMENT_3D ( 'NONE', #2303, #7288, #4998 ) ;
#4896 = B_SPLINE_SURFACE_WITH_KNOTS ( 'NONE', 3, 1, ( 
 ( #7827, #6029 ),
 ( #2845, #6624 ),
 ( #2899, #3515 ),
 ( #1689, #4170 ),
 ( #2282, #500 ),
 ( #6647, #3542 ),
 ( #7857, #1957 ),
 ( #148, #2972 ),
 ( #5092, #763 ),
 ( #2999, #4308 ),
 ( #1163, #6697 ),
 ( #5704, #6890 ),
 ( #1922, #1787 ),
 ( #4893, #2562 ),
 ( #1985, #6920 ),
 ( #6262, #7507 ),
 ( #3831, #3023 ),
 ( #7905, #7318 ),
 ( #568, #4865 ) ),
 .UNSPECIFIED., .F., .F., .F.,
 ( 4, 1, 1, 1, 1, 1, 1, 1, 1, 1, 1, 1, 1, 1, 1, 1, 4 ),
 ( 2, 2 ),
 ( 0.0000000000000000000, 0.07378258718587329956, 0.1440956521627408116, 0.2113727769445210292, 0.2761085739136402428, 0.3385597713347694437, 0.3996464779878228235, 0.4600223579231183524, 0.5203641801036605896, 0.5799897433270182479, 0.6384216733782915876, 0.6963296981378347406, 0.7539735389223942708, 0.8127841951639489526, 0.8727398202468068522, 0.9351745571517248168, 1.000000000000000000 ),
 ( 0.0000000000000000000, 1.000000000000000000 ),
 .UNSPECIFIED. ) ;
#4897 = LINE ( 'NONE', #6332, #4017 ) ;
#4898 = CARTESIAN_POINT ( 'NONE',  ( -0.1928860683408610555, 0.5844979355090283990, 0.01000000000000000021 ) ) ;
#4899 = EDGE_CURVE ( 'NONE', #6586, #1367, #4448, .T. ) ;
#4900 = CARTESIAN_POINT ( 'NONE',  ( -0.2549985122073643029, 0.2917043195319106164, 0.0000000000000000000 ) ) ;
#4901 =( GEOMETRIC_REPRESENTATION_CONTEXT ( 3 ) GLOBAL_UNCERTAINTY_ASSIGNED_CONTEXT ( ( #3884 ) ) GLOBAL_UNIT_ASSIGNED_CONTEXT ( ( #583, #2990, #4218 ) ) REPRESENTATION_CONTEXT ( 'NONE', 'WORKASPACE' ) );
#4902 = ORIENTED_EDGE ( 'NONE', *, *, #1696, .T. ) ;
#4903 =( GEOMETRIC_REPRESENTATION_CONTEXT ( 3 ) GLOBAL_UNCERTAINTY_ASSIGNED_CONTEXT ( ( #4428 ) ) GLOBAL_UNIT_ASSIGNED_CONTEXT ( ( #5179, #6375, #6404 ) ) REPRESENTATION_CONTEXT ( 'NONE', 'WORKASPACE' ) );
#4904 = VECTOR ( 'NONE', #6654, 1000.000000000000000 ) ;
#4905 = ORIENTED_EDGE ( 'NONE', *, *, #3712, .F. ) ;
#4906 = AXIS2_PLACEMENT_3D ( 'NONE', #4195, #6669, #3565 ) ;
#4907 = CARTESIAN_POINT ( 'NONE',  ( -0.2894620333182886251, 0.3290686859322594637, 0.01000000000000000021 ) ) ;
#4908 = CARTESIAN_POINT ( 'NONE',  ( 0.1922189735629191432, 0.5950553461470423633, 0.0000000000000000000 ) ) ;
#4909 = SURFACE_STYLE_USAGE ( .BOTH. , #5482 ) ;
#4910 = DIRECTION ( 'NONE',  ( -0.0000000000000000000, 1.000000000000000000, -0.0000000000000000000 ) ) ;
#4911 = CARTESIAN_POINT ( 'NONE',  ( -0.2268253582809206248, 0.3271909613057513710, 0.01000000000000000021 ) ) ;
#4912 = ADVANCED_FACE ( 'NONE', ( #596 ), #7559, .F. ) ;
#4913 = VECTOR ( 'NONE', #244, 1000.000000000000000 ) ;
#4914 = FILL_AREA_STYLE ('',( #3677 ) ) ;
#4915 = PRESENTATION_STYLE_ASSIGNMENT (( #3024 ) ) ;
#4916 = EDGE_CURVE ( 'NONE', #3108, #1226, #4534, .T. ) ;
#4917 = CARTESIAN_POINT ( 'NONE',  ( 0.02047785974385531865, 0.0000000000000000000, 0.01000000000000000021 ) ) ;
#4918 = VECTOR ( 'NONE', #5804, 1000.000000000000000 ) ;
#4919 = CARTESIAN_POINT ( 'NONE',  ( -0.3450736305101216317, 0.5261347258717431474, 0.0000000000000000000 ) ) ;
#4920 = DIRECTION ( 'NONE',  ( 0.0000000000000000000, 1.000000000000000000, 0.0000000000000000000 ) ) ;
#4921 = VECTOR ( 'NONE', #4010, 1000.000000000000114 ) ;
#4922 = VECTOR ( 'NONE', #3984, 1000.000000000000000 ) ;
#4923 = EDGE_CURVE ( 'NONE', #5268, #5181, #7506, .T. ) ;
#4924 = VECTOR ( 'NONE', #882, 1000.000000000000000 ) ;
#4925 =( NAMED_UNIT ( * ) PLANE_ANGLE_UNIT ( ) SI_UNIT ( $, .RADIAN. ) );
#4926 = ORIENTED_EDGE ( 'NONE', *, *, #2220, .T. ) ;
#4927 = CARTESIAN_POINT ( 'NONE',  ( 0.3179498358955349935, 0.3685061639349014873, 0.0000000000000000000 ) ) ;
#4928 = DIRECTION ( 'NONE',  ( 0.3015113445777592993, 0.3015113445777592993, -0.9045340337332937741 ) ) ;
#4929 = SURFACE_STYLE_USAGE ( .BOTH. , #547 ) ;
#4930 =( LENGTH_UNIT ( ) NAMED_UNIT ( * ) SI_UNIT ( .MILLI., .METRE. ) );
#4931 = CARTESIAN_POINT ( 'NONE',  ( 1.250000000000000222, -0.7999999999999997113, 4.699999999999997513 ) ) ;
#4932 = CARTESIAN_POINT ( 'NONE',  ( 2.750000000000000444, -0.7999999999999997113, 0.0000000000000000000 ) ) ;
#4933 = VERTEX_POINT ( 'NONE', #4412 ) ;
#4934 = SURFACE_STYLE_FILL_AREA ( #7203 ) ;
#4935 = EDGE_CURVE ( 'NONE', #5943, #7645, #4831, .T. ) ;
#4936 = CARTESIAN_POINT ( 'NONE',  ( -0.3553438192569737253, 0.3865307560194733427, 0.01000000000000000021 ) ) ;
#4937 = CARTESIAN_POINT ( 'NONE',  ( 2.849999999999999645, -0.7000000000000002887, 5.000000000000000888 ) ) ;
#4938 = CARTESIAN_POINT ( 'NONE',  ( -0.4075709207439496273, 0.4510221548977642603, 0.01000000000000000021 ) ) ;
#4939 = VERTEX_POINT ( 'NONE', #125 ) ;
#4940 =( GEOMETRIC_REPRESENTATION_CONTEXT ( 3 ) GLOBAL_UNCERTAINTY_ASSIGNED_CONTEXT ( ( #4854 ) ) GLOBAL_UNIT_ASSIGNED_CONTEXT ( ( #92, #1286, #5643 ) ) REPRESENTATION_CONTEXT ( 'NONE', 'WORKASPACE' ) );
#4941 = CARTESIAN_POINT ( 'NONE',  ( -0.3156076185099179754, 0.3023502238923864716, 0.01000000000000000021 ) ) ;
#4942 = AXIS2_PLACEMENT_3D ( 'NONE', #4964, #54, #4990 ) ;
#4943 = ORIENTED_EDGE ( 'NONE', *, *, #5041, .T. ) ;
#4944 = PLANE ( 'NONE',  #5322 ) ;
#4945 = FACE_OUTER_BOUND ( 'NONE', #4284, .T. ) ;
#4946 = EDGE_LOOP ( 'NONE', ( #6893, #921, #7086, #5011, #2592, #1478, #3557, #5929, #3545, #4902, #4300, #2114, #1113, #5716 ) ) ;
#4947 = CARTESIAN_POINT ( 'NONE',  ( -0.3673270183049252569, 0.4485640756294715925, 0.0000000000000000000 ) ) ;
#4948 = CARTESIAN_POINT ( 'NONE',  ( 0.2666065269358916523, 0.5719986334910671655, 0.0000000000000000000 ) ) ;
#4949 = CARTESIAN_POINT ( 'NONE',  ( 1.250000000000000222, -0.2999999999999997669, 5.000000000000000888 ) ) ;
#4950 = VERTEX_POINT ( 'NONE', #7485 ) ;
#4951 = DIRECTION ( 'NONE',  ( -1.000000000000000000, 0.0000000000000000000, 0.0000000000000000000 ) ) ;
#4952 = PLANE ( 'NONE',  #3350 ) ;
#4953 = PRESENTATION_STYLE_ASSIGNMENT (( #950 ) ) ;
#4954 = LINE ( 'NONE', #225, #7532 ) ;
#4955 = ORIENTED_EDGE ( 'NONE', *, *, #4767, .T. ) ;
#4956 = ADVANCED_FACE ( 'NONE', ( #3164 ), #1954, .F. ) ;
#4957 = STYLED_ITEM ( 'NONE', ( #5627 ), #7199 ) ;
#4958 = DIRECTION ( 'NONE',  ( 1.000000000000000000, -0.0000000000000000000, -0.0000000000000000000 ) ) ;
#4959 = EDGE_LOOP ( 'NONE', ( #1100, #3444, #4402, #1913 ) ) ;
#4960 = DIRECTION ( 'NONE',  ( -0.0000000000000000000, 0.0000000000000000000, 1.000000000000000000 ) ) ;
#4961 = VECTOR ( 'NONE', #6283, 1000.000000000000000 ) ;
#4962 = VECTOR ( 'NONE', #345, 1000.000000000000000 ) ;
#4963 = ORIENTED_EDGE ( 'NONE', *, *, #1893, .F. ) ;
#4964 = CARTESIAN_POINT ( 'NONE',  ( 4.950000000000000178, 2.250000000000000000, 6.000000000000000000 ) ) ;
#4965 = ADVANCED_FACE ( 'NONE', ( #5892 ), #1390, .T. ) ;
#4966 = DIRECTION ( 'NONE',  ( -0.0000000000000000000, 0.0000000000000000000, 1.000000000000000000 ) ) ;
#4967 = ORIENTED_EDGE ( 'NONE', *, *, #918, .F. ) ;
#4968 =( GEOMETRIC_REPRESENTATION_CONTEXT ( 3 ) GLOBAL_UNCERTAINTY_ASSIGNED_CONTEXT ( ( #2995 ) ) GLOBAL_UNIT_ASSIGNED_CONTEXT ( ( #2318, #7275, #4845 ) ) REPRESENTATION_CONTEXT ( 'NONE', 'WORKASPACE' ) );
#4969 = SURFACE_SIDE_STYLE ('',( #712 ) ) ;
#4970 = LINE ( 'NONE', #6157, #2126 ) ;
#4971 = EDGE_LOOP ( 'NONE', ( #6022, #6005, #6627, #6955 ) ) ;
#4972 = CARTESIAN_POINT ( 'NONE',  ( -0.3835471781133089619, 0.3589430818198857120, 0.01000000000000000021 ) ) ;
#4973 = LINE ( 'NONE', #2501, #6611 ) ;
#4974 = EDGE_CURVE ( 'NONE', #452, #1676, #2087, .T. ) ;
#4975 = DIRECTION ( 'NONE',  ( 0.0000000000000000000, 1.000000000000000000, -0.0000000000000000000 ) ) ;
#4976 = VERTEX_POINT ( 'NONE', #3852 ) ;
#4977 = DIRECTION ( 'NONE',  ( -0.0000000000000000000, 0.0000000000000000000, 1.000000000000000000 ) ) ;
#4978 = ORIENTED_EDGE ( 'NONE', *, *, #7320, .T. ) ;
#4979 = FILL_AREA_STYLE ('',( #5551 ) ) ;
#4980 = ORIENTED_EDGE ( 'NONE', *, *, #5962, .T. ) ;
#4981 = EDGE_CURVE ( 'NONE', #5361, #1937, #5693, .T. ) ;
#4982 = LINE ( 'NONE', #1160, #7378 ) ;
#4983 =( LENGTH_UNIT ( ) NAMED_UNIT ( * ) SI_UNIT ( .MILLI., .METRE. ) );
#4984 = LINE ( 'NONE', #6042, #7380 ) ;
#4985 = CARTESIAN_POINT ( 'NONE',  ( -3.250000000000000000, -0.7999999999999997113, 4.699999999999997513 ) ) ;
#4986 = FILL_AREA_STYLE ('',( #49 ) ) ;
#4987 = VECTOR ( 'NONE', #5690, 1000.000000000000000 ) ;
#4988 = ORIENTED_EDGE ( 'NONE', *, *, #4052, .T. ) ;
#4989 = SURFACE_SIDE_STYLE ('',( #1115 ) ) ;
#4990 = DIRECTION ( 'NONE',  ( 0.0000000000000000000, 0.0000000000000000000, 1.000000000000000000 ) ) ;
#4991 = CARTESIAN_POINT ( 'NONE',  ( 4.450000000000001066, -1.749999999999999778, 5.800000000000001599 ) ) ;
#4992 = AXIS2_PLACEMENT_3D ( 'NONE', #4583, #2223, #5240 ) ;
#4993 = FILL_AREA_STYLE_COLOUR ( '', #143 ) ;
#4994 = VECTOR ( 'NONE', #6091, 1000.000000000000000 ) ;
#4995 = DIRECTION ( 'NONE',  ( -1.000000000000000000, 0.0000000000000000000, 0.0000000000000000000 ) ) ;
#4996 = ORIENTED_EDGE ( 'NONE', *, *, #6658, .T. ) ;
#4997 = SURFACE_STYLE_USAGE ( .BOTH. , #696 ) ;
#4998 = DIRECTION ( 'NONE',  ( 0.0000000000000000000, -1.000000000000000000, 0.0000000000000000000 ) ) ;
#4999 = CARTESIAN_POINT ( 'NONE',  ( 4.052040639368927444, -2.250000000000000000, 2.116552042568997649 ) ) ;
#5000 = FACE_OUTER_BOUND ( 'NONE', #6606, .T. ) ;
#5001 = STYLED_ITEM ( 'NONE', ( #121 ), #1182 ) ;
#5002 = CARTESIAN_POINT ( 'NONE',  ( 0.2145032091406301189, 0.3320804515889795305, 0.01000000000000000021 ) ) ;
#5003 = CARTESIAN_POINT ( 'NONE',  ( 2.000000000000000000, -1.950000000000000400, 6.000000000000000000 ) ) ;
#5004 = COLOUR_RGB ( '',0.9686274509803921573, 0.8784313725490195957, 0.5999999999999999778 ) ;
#5005 = ORIENTED_EDGE ( 'NONE', *, *, #1739, .F. ) ;
#5006 = MECHANICAL_DESIGN_GEOMETRIC_PRESENTATION_REPRESENTATION (  '', ( #2215 ), #69 ) ;
#5007 = DIRECTION ( 'NONE',  ( 0.0000000000000000000, -0.0000000000000000000, 1.000000000000000000 ) ) ;
#5008 = CARTESIAN_POINT ( 'NONE',  ( 0.1338924938901968897, 0.5624360268489836390, 0.0000000000000000000 ) ) ;
#5009 = EDGE_CURVE ( 'NONE', #5086, #6031, #5019, .T. ) ;
#5010 = VECTOR ( 'NONE', #4117, 1000.000000000000000 ) ;
#5011 = ORIENTED_EDGE ( 'NONE', *, *, #2075, .F. ) ;
#5012 = FILL_AREA_STYLE_COLOUR ( '', #3345 ) ;
#5013 = DIRECTION ( 'NONE',  ( 0.0000000000000000000, 0.0000000000000000000, -1.000000000000000000 ) ) ;
#5014 = MECHANICAL_DESIGN_GEOMETRIC_PRESENTATION_REPRESENTATION (  '', ( #886 ), #7306 ) ;
#5015 = AXIS2_PLACEMENT_3D ( 'NONE', #3412, #2884, #7229 ) ;
#5016 = B_SPLINE_SURFACE_WITH_KNOTS ( 'NONE', 3, 1, ( 
 ( #2091, #2824 ),
 ( #3438, #5871 ),
 ( #7049, #7649 ),
 ( #380, #353 ),
 ( #6496, #3979 ),
 ( #981, #7123 ),
 ( #3411, #7733 ),
 ( #4065, #2883 ),
 ( #482, #7179 ),
 ( #6579, #1129 ),
 ( #7205, #427 ),
 ( #6010, #7839 ),
 ( #1035, #6631 ),
 ( #5450, #5982 ),
 ( #1102, #5353 ),
 ( #4181, #6034 ),
 ( #504, #1646 ),
 ( #6655, #2935 ),
 ( #1720, #6060 ) ),
 .UNSPECIFIED., .F., .F., .F.,
 ( 4, 1, 1, 1, 1, 1, 1, 1, 1, 1, 1, 1, 1, 1, 1, 1, 4 ),
 ( 2, 2 ),
 ( 0.0000000000000000000, 0.06460651091172707472, 0.1267073966769825255, 0.1867641584560547352, 0.2456160792896877887, 0.3036342601009777709, 0.3614875846788062619, 0.4202270435406773030, 0.4800225128200918401, 0.5406696917432137761, 0.6011857431162470622, 0.6623298436784404997, 0.7250194742551530069, 0.7894594567563151255, 0.8564992169370779784, 0.9263091979800035514, 1.000000000000000000 ),
 ( 0.0000000000000000000, 1.000000000000000000 ),
 .UNSPECIFIED. ) ;
#5017 = COLOUR_RGB ( '',0.9686274509803921573, 0.8784313725490195957, 0.5999999999999999778 ) ;
#5018 = CARTESIAN_POINT ( 'NONE',  ( 0.2255929374510954877, 0.3007325925764307017, 0.01000000000000000021 ) ) ;
#5019 = LINE ( 'NONE', #5249, #6946 ) ;
#5020 = EDGE_CURVE ( 'NONE', #466, #5086, #6849, .T. ) ;
#5021 = VECTOR ( 'NONE', #3798, 1000.000000000000000 ) ;
#5022 = CARTESIAN_POINT ( 'NONE',  ( -4.449999999999999289, -1.749999999999999778, 5.800000000000001599 ) ) ;
#5023 = EDGE_LOOP ( 'NONE', ( #1181, #6190, #3484, #2298 ) ) ;
#5024 = CARTESIAN_POINT ( 'NONE',  ( -0.3042828852253639527, 0.5583496845817160770, 0.0000000000000000000 ) ) ;
#5025 = VECTOR ( 'NONE', #1269, 1000.000000000000000 ) ;
#5026 = PLANE ( 'NONE',  #1358 ) ;
#5027 = CARTESIAN_POINT ( 'NONE',  ( 4.950000000000000178, 2.250000000000000000, 6.000000000000000000 ) ) ;
#5028 = EDGE_CURVE ( 'NONE', #2172, #7683, #5787, .T. ) ;
#5029 =( LENGTH_UNIT ( ) NAMED_UNIT ( * ) SI_UNIT ( .MILLI., .METRE. ) );
#5030 = UNCERTAINTY_MEASURE_WITH_UNIT (LENGTH_MEASURE( 1.000000000000000082E-05 ), #5286, 'distance_accuracy_value', 'NONE');
#5031 = DIRECTION ( 'NONE',  ( 1.000000000000000000, 0.0000000000000000000, 0.0000000000000000000 ) ) ;
#5032 = VECTOR ( 'NONE', #7579, 1000.000000000000000 ) ;
#5033 = CARTESIAN_POINT ( 'NONE',  ( -0.2114976475631152875, 0.5916915151257737815, 0.0000000000000000000 ) ) ;
#5034 = SURFACE_STYLE_USAGE ( .BOTH. , #16 ) ;
#5035 = VERTEX_POINT ( 'NONE', #4617 ) ;
#5036 = CARTESIAN_POINT ( 'NONE',  ( -0.1844001890366325780, 0.5798140756294715148, 0.0000000000000000000 ) ) ;
#5037 = SURFACE_STYLE_USAGE ( .BOTH. , #4442 ) ;
#5038 = VECTOR ( 'NONE', #607, 1000.000000000000000 ) ;
#5039 = VECTOR ( 'NONE', #6410, 1000.000000000000000 ) ;
#5040 = CARTESIAN_POINT ( 'NONE',  ( 0.4870641876201700082, 0.3437572555705013522, 0.0000000000000000000 ) ) ;
#5041 = EDGE_CURVE ( 'NONE', #2911, #1773, #1996, .T. ) ;
#5042 = FILL_AREA_STYLE_COLOUR ( '', #3517 ) ;
#5043 = ORIENTED_EDGE ( 'NONE', *, *, #7539, .F. ) ;
#5044 = CARTESIAN_POINT ( 'NONE',  ( -0.2721534344030960839, 0.5989046562830749876, 0.0000000000000000000 ) ) ;
#5045 = VECTOR ( 'NONE', #3041, 1000.000000000000000 ) ;
#5046 = CARTESIAN_POINT ( 'NONE',  ( 0.2029436194907465740, 0.3298854478428483450, 0.009999999999999991535 ) ) ;
#5047 = LINE ( 'NONE', #6618, #2897 ) ;
#5048 = ORIENTED_EDGE ( 'NONE', *, *, #7729, .T. ) ;
#5049 = FILL_AREA_STYLE_COLOUR ( '', #5017 ) ;
#5050 = SURFACE_SIDE_STYLE ('',( #5390 ) ) ;
#5051 = AXIS2_PLACEMENT_3D ( 'NONE', #6749, #4312, #620 ) ;
#5052 = VERTEX_POINT ( 'NONE', #3930 ) ;
#5053 =( GEOMETRIC_REPRESENTATION_CONTEXT ( 3 ) GLOBAL_UNCERTAINTY_ASSIGNED_CONTEXT ( ( #1448 ) ) GLOBAL_UNIT_ASSIGNED_CONTEXT ( ( #4812, #2254, #6621 ) ) REPRESENTATION_CONTEXT ( 'NONE', 'WORKASPACE' ) );
#5054 = VECTOR ( 'NONE', #5738, 1000.000000000000000 ) ;
#5055 = LINE ( 'NONE', #6686, #250 ) ;
#5056 = CARTESIAN_POINT ( 'NONE',  ( -6.000000000000000000, 0.0000000000000000000, -3.399999999999999911 ) ) ;
#5057 = ORIENTED_EDGE ( 'NONE', *, *, #7320, .F. ) ;
#5058 = CARTESIAN_POINT ( 'NONE',  ( 1.250000000000000222, -0.2999999999999997669, 4.699999999999997513 ) ) ;
#5059 = FILL_AREA_STYLE ('',( #1814 ) ) ;
#5060 = VECTOR ( 'NONE', #1771, 1000.000000000000000 ) ;
#5061 = ORIENTED_EDGE ( 'NONE', *, *, #3212, .F. ) ;
#5062 = CARTESIAN_POINT ( 'NONE',  ( 0.0000000000000000000, 0.0000000000000000000, 6.000000000000000000 ) ) ;
#5063 = DIRECTION ( 'NONE',  ( -0.9353882635801357148, -0.3536223923290756632, 0.0000000000000000000 ) ) ;
#5064 = AXIS2_PLACEMENT_3D ( 'NONE', #4132, #7161, #3446 ) ;
#5065 = FACE_BOUND ( 'NONE', #743, .T. ) ;
#5066 = ORIENTED_EDGE ( 'NONE', *, *, #7484, .T. ) ;
#5067 = DIRECTION ( 'NONE',  ( 1.000000000000000000, 3.854941057726238097E-16, -0.0000000000000000000 ) ) ;
#5068 = STYLED_ITEM ( 'NONE', ( #7911 ), #4334 ) ;
#5069 = VECTOR ( 'NONE', #7108, 1000.000000000000000 ) ;
#5070 = SURFACE_STYLE_USAGE ( .BOTH. , #767 ) ;
#5071 = ORIENTED_EDGE ( 'NONE', *, *, #3988, .F. ) ;
#5072 = DIRECTION ( 'NONE',  ( 0.3015113445777592993, -0.3015113445777592993, -0.9045340337332937741 ) ) ;
#5073 = DIRECTION ( 'NONE',  ( -0.0000000000000000000, 0.0000000000000000000, 1.000000000000000000 ) ) ;
#5074 = FACE_OUTER_BOUND ( 'NONE', #3588, .T. ) ;
#5075 = EDGE_LOOP ( 'NONE', ( #2204, #6205, #276, #475 ) ) ;
#5076 = VECTOR ( 'NONE', #4736, 1000.000000000000000 ) ;
#5077 = MECHANICAL_DESIGN_GEOMETRIC_PRESENTATION_REPRESENTATION (  '', ( #6619 ), #5489 ) ;
#5078 = CARTESIAN_POINT ( 'NONE',  ( 1.250000000000000222, -0.7999999999999997113, 4.699999999999997513 ) ) ;
#5079 = VERTEX_POINT ( 'NONE', #2749 ) ;
#5080 = SURFACE_SIDE_STYLE ('',( #7305 ) ) ;
#5081 = DIRECTION ( 'NONE',  ( -1.000000000000000000, 0.0000000000000000000, 0.0000000000000000000 ) ) ;
#5082 = FILL_AREA_STYLE ('',( #141 ) ) ;
#5083 = EDGE_CURVE ( 'NONE', #7081, #3501, #4440, .T. ) ;
#5084 = ORIENTED_EDGE ( 'NONE', *, *, #5495, .F. ) ;
#5085 = CARTESIAN_POINT ( 'NONE',  ( -0.2943731810943861493, 0.5618422502610651570, 0.0000000000000000000 ) ) ;
#5086 = VERTEX_POINT ( 'NONE', #257 ) ;
#5087 = FILL_AREA_STYLE_COLOUR ( '', #1 ) ;
#5088 = CARTESIAN_POINT ( 'NONE',  ( 4.450000000000001066, 1.950000000000002176, 6.000000000000000000 ) ) ;
#5089 = FACE_OUTER_BOUND ( 'NONE', #4615, .T. ) ;
#5090 = VECTOR ( 'NONE', #5081, 1000.000000000000000 ) ;
#5091 = CARTESIAN_POINT ( 'NONE',  ( -0.2215976313069238091, 0.5943479699941848216, 0.01000000000000000021 ) ) ;
#5092 = CARTESIAN_POINT ( 'NONE',  ( -0.3450736305101216317, 0.5261347258717431474, 0.0000000000000000000 ) ) ;
#5093 = COLOUR_RGB ( '',0.9686274509803921573, 0.8784313725490195957, 0.5999999999999999778 ) ;
#5094 = LINE ( 'NONE', #2100, #2833 ) ;
#5095 = EDGE_CURVE ( 'NONE', #1108, #2, #7594, .T. ) ;
#5096 = LINE ( 'NONE', #4250, #7754 ) ;
#5097 = CARTESIAN_POINT ( 'NONE',  ( -0.1258636036707787842, 0.5953628561172763511, 0.0000000000000000000 ) ) ;
#5098 = LINE ( 'NONE', #5362, #3320 ) ;
#5099 = CARTESIAN_POINT ( 'NONE',  ( 4.700000000000000178, -2.000000000000000444, 6.000000000000000000 ) ) ;
#5100 =( GEOMETRIC_REPRESENTATION_CONTEXT ( 3 ) GLOBAL_UNCERTAINTY_ASSIGNED_CONTEXT ( ( #2796 ) ) GLOBAL_UNIT_ASSIGNED_CONTEXT ( ( #5355, #2169, #7127 ) ) REPRESENTATION_CONTEXT ( 'NONE', 'WORKASPACE' ) );
#5101 = MECHANICAL_DESIGN_GEOMETRIC_PRESENTATION_REPRESENTATION (  '', ( #5373 ), #514 ) ;
#5102 = CARTESIAN_POINT ( 'NONE',  ( 0.2029436194907465740, 0.3298854478428483450, 0.0000000000000000000 ) ) ;
#5103 = CARTESIAN_POINT ( 'NONE',  ( 0.2906825226051935607, 0.4813764501275853425, 0.01000000000000000021 ) ) ;
#5104 = DIRECTION ( 'NONE',  ( 0.0000000000000000000, -1.000000000000000000, 0.0000000000000000000 ) ) ;
#5105 = DIRECTION ( 'NONE',  ( 1.000000000000000000, 0.0000000000000000000, 0.0000000000000000000 ) ) ;
#5106 = LINE ( 'NONE', #4145, #2549 ) ;
#5107 = PLANE ( 'NONE',  #7548 ) ;
#5108 = VECTOR ( 'NONE', #1080, 1000.000000000000000 ) ;
#5109 = EDGE_LOOP ( 'NONE', ( #2611, #1839, #4836, #5561 ) ) ;
#5110 = MECHANICAL_DESIGN_GEOMETRIC_PRESENTATION_REPRESENTATION (  '', ( #3157 ), #3575 ) ;
#5111 = FILL_AREA_STYLE_COLOUR ( '', #3551 ) ;
#5112 = AXIS2_PLACEMENT_3D ( 'NONE', #3866, #2574, #6905 ) ;
#5113 = FACE_OUTER_BOUND ( 'NONE', #7251, .T. ) ;
#5114 = CARTESIAN_POINT ( 'NONE',  ( -0.0000000000000000000, -0.2999999999999997669, 0.0000000000000000000 ) ) ;
#5115 = CARTESIAN_POINT ( 'NONE',  ( -0.2215976313069238091, 0.5943479699941848216, 0.0000000000000000000 ) ) ;
#5116 = B_SPLINE_CURVE_WITH_KNOTS ( 'NONE', 3,
 ( #6652, #6704, #3663, #544, #3550, #4315, #626, #575, #6109, #6081, #2933, #4232, #4927, #1821, #7864, #519, #7916, #4822, #1716 ),
 .UNSPECIFIED., .F., .F.,
 ( 4, 1, 1, 1, 1, 1, 1, 1, 1, 1, 1, 1, 1, 1, 1, 1, 4 ),
 ( 0.0000000000000000000, 0.06862671829588519457, 0.1345577204848093511, 0.1983152645473655051, 0.2607728177603437780, 0.3219782245696927170, 0.3825859545041834231, 0.4433977295869483970, 0.5049896818787288355, 0.5660661575043695048, 0.6259542549415550994, 0.6853936046933635229, 0.7449328108247917912, 0.8054284879535850150, 0.8676448687429464401, 0.9323121816594184263, 1.000000000000000000 ),
 .UNSPECIFIED. ) ;
#5117 = CARTESIAN_POINT ( 'NONE',  ( 0.4844831951097088862, 0.3529848073367885530, 0.0000000000000000000 ) ) ;
#5118 = SURFACE_STYLE_FILL_AREA ( #3128 ) ;
#5119 = LINE ( 'NONE', #255, #4924 ) ;
#5120 = PLANE ( 'NONE',  #7471 ) ;
#5121 = ORIENTED_EDGE ( 'NONE', *, *, #4923, .F. ) ;
#5122 = AXIS2_PLACEMENT_3D ( 'NONE', #6143, #6114, #4257 ) ;
#5123 = B_SPLINE_SURFACE_WITH_KNOTS ( 'NONE', 3, 1, ( 
 ( #4135, #6555 ),
 ( #4729, #5879 ),
 ( #2251, #1016 ),
 ( #2893, #2229 ),
 ( #1045, #5336 ),
 ( #1599, #5386 ),
 ( #7817, #7189 ),
 ( #465, #1658 ),
 ( #4162, #2777 ),
 ( #7106, #6536 ),
 ( #3394, #7708 ),
 ( #4674, #991 ),
 ( #2300, #2968 ),
 ( #6668, #5509 ),
 ( #7285, #4884 ),
 ( #6020, #3593 ),
 ( #6716, #5487 ),
 ( #2273, #3531 ),
 ( #2949, #5407 ) ),
 .UNSPECIFIED., .F., .F., .F.,
 ( 4, 1, 1, 1, 1, 1, 1, 1, 1, 1, 1, 1, 1, 1, 1, 1, 4 ),
 ( 2, 2 ),
 ( 0.0000000000000000000, 0.06862671829588519457, 0.1345577204848093511, 0.1983152645473655051, 0.2607728177603437780, 0.3219782245696927170, 0.3825859545041834231, 0.4433977295869483970, 0.5049896818787288355, 0.5660661575043695048, 0.6259542549415550994, 0.6853936046933635229, 0.7449328108247917912, 0.8054284879535850150, 0.8676448687429464401, 0.9323121816594184263, 1.000000000000000000 ),
 ( 0.0000000000000000000, 1.000000000000000000 ),
 .UNSPECIFIED. ) ;
#5124 = CARTESIAN_POINT ( 'NONE',  ( -0.2092135083161893450, 0.3320132114810299684, 0.0000000000000000000 ) ) ;
#5125 = VECTOR ( 'NONE', #5652, 1000.000000000000000 ) ;
#5126 = PRESENTATION_STYLE_ASSIGNMENT (( #1520 ) ) ;
#5127 = EDGE_CURVE ( 'NONE', #6408, #4100, #7303, .T. ) ;
#5128 = CARTESIAN_POINT ( 'NONE',  ( 0.2464694102880405080, 0.5448476272650361052, 0.01000000000000000021 ) ) ;
#5129 = EDGE_LOOP ( 'NONE', ( #3509, #3296, #1734, #6827, #3563 ) ) ;
#5130 = PLANE ( 'NONE',  #6502 ) ;
#5131 =( LENGTH_UNIT ( ) NAMED_UNIT ( * ) SI_UNIT ( .MILLI., .METRE. ) );
#5132 = AXIS2_PLACEMENT_3D ( 'NONE', #1360, #3746, #3777 ) ;
#5133 = FACE_BOUND ( 'NONE', #5615, .T. ) ;
#5134 = LINE ( 'NONE', #7012, #4255 ) ;
#5135 = CARTESIAN_POINT ( 'NONE',  ( 0.1752225243780017594, 0.5953628561172764622, 0.0000000000000000000 ) ) ;
#5136 = ORIENTED_EDGE ( 'NONE', *, *, #502, .T. ) ;
#5137 = EDGE_CURVE ( 'NONE', #6683, #3072, #415, .T. ) ;
#5138 = B_SPLINE_SURFACE_WITH_KNOTS ( 'NONE', 3, 1, ( 
 ( #3122, #4572 ),
 ( #896, #870 ),
 ( #1479, #5812 ),
 ( #2086, #322 ),
 ( #7119, #2849 ),
 ( #477, #6542 ),
 ( #3494, #3461 ) ),
 .UNSPECIFIED., .F., .F., .F.,
 ( 4, 1, 1, 1, 4 ),
 ( 2, 2 ),
 ( 0.0000000000000000000, 0.1999888450462600220, 0.4316525873880399100, 0.6994251322298182805, 1.000000000000000000 ),
 ( 0.0000000000000000000, 1.000000000000000000 ),
 .UNSPECIFIED. ) ;
#5139 = FILL_AREA_STYLE ('',( #2612 ) ) ;
#5140 = CARTESIAN_POINT ( 'NONE',  ( -2.000000000000000000, 0.0000000000000000000, 5.000000000000000888 ) ) ;
#5141 = SURFACE_SIDE_STYLE ('',( #5535 ) ) ;
#5142 = FACE_OUTER_BOUND ( 'NONE', #3372, .T. ) ;
#5143 = VECTOR ( 'NONE', #7150, 1000.000000000000000 ) ;
#5144 = EDGE_LOOP ( 'NONE', ( #4306, #3082, #4682, #4863, #7835, #4370, #7518 ) ) ;
#5145 = SURFACE_SIDE_STYLE ('',( #5436 ) ) ;
#5146 = DIRECTION ( 'NONE',  ( 0.0000000000000000000, 0.0000000000000000000, -1.000000000000000000 ) ) ;
#5147 = VERTEX_POINT ( 'NONE', #883 ) ;
#5148 = CARTESIAN_POINT ( 'NONE',  ( -4.052040639368925667, -1.749999999999999778, 3.912701290971654089 ) ) ;
#5149 = CARTESIAN_POINT ( 'NONE',  ( 0.09364859145117249151, 0.2953628561172763622, 0.01000000000000000021 ) ) ;
#5150 = CARTESIAN_POINT ( 'NONE',  ( -0.2666929624618614159, 0.3248882218589836945, 0.0000000000000000000 ) ) ;
#5151 = STYLED_ITEM ( 'NONE', ( #4807 ), #5501 ) ;
#5152 = VECTOR ( 'NONE', #3199, 1000.000000000000000 ) ;
#5153 = VECTOR ( 'NONE', #6132, 1000.000000000000000 ) ;
#5154 = ORIENTED_EDGE ( 'NONE', *, *, #5686, .T. ) ;
#5155 = ORIENTED_EDGE ( 'NONE', *, *, #4883, .F. ) ;
#5156 = FILL_AREA_STYLE ('',( #4522 ) ) ;
#5157 = LINE ( 'NONE', #1635, #1014 ) ;
#5158 =( LENGTH_UNIT ( ) NAMED_UNIT ( * ) SI_UNIT ( .MILLI., .METRE. ) );
#5159 = FACE_OUTER_BOUND ( 'NONE', #637, .T. ) ;
#5160 = AXIS2_PLACEMENT_3D ( 'NONE', #3939, #290, #6434 ) ;
#5161 = EDGE_LOOP ( 'NONE', ( #7808, #2177, #7360, #6693 ) ) ;
#5162 = VECTOR ( 'NONE', #6045, 1000.000000000000000 ) ;
#5163 = STYLED_ITEM ( 'NONE', ( #7736 ), #6203 ) ;
#5164 = CARTESIAN_POINT ( 'NONE',  ( -0.2251868985368068732, 0.2932553682771826264, 0.0000000000000000000 ) ) ;
#5165 = ORIENTED_EDGE ( 'NONE', *, *, #3780, .F. ) ;
#5166 = CARTESIAN_POINT ( 'NONE',  ( 0.4902568231584893965, 0.3319482219709348758, 0.0000000000000000000 ) ) ;
#5167 = EDGE_CURVE ( 'NONE', #3497, #888, #5599, .T. ) ;
#5168 = EDGE_LOOP ( 'NONE', ( #6120, #7040, #3112, #1124 ) ) ;
#5169 = VECTOR ( 'NONE', #1313, 1000.000000000000000 ) ;
#5170 = ORIENTED_EDGE ( 'NONE', *, *, #5028, .F. ) ;
#5171 = CARTESIAN_POINT ( 'NONE',  ( 3.250000000000000444, -0.2999999999999997669, 4.699999999999997513 ) ) ;
#5172 = FILL_AREA_STYLE ('',( #2079 ) ) ;
#5173 = ORIENTED_EDGE ( 'NONE', *, *, #759, .T. ) ;
#5174 = STYLED_ITEM ( 'NONE', ( #3633 ), #2158 ) ;
#5175 = B_SPLINE_CURVE_WITH_KNOTS ( 'NONE', 3,
 ( #7907, #2336, #4247, #4866, #4837, #6101, #5467, #1143, #588, #1164, #7828, #2973, #4894, #6698, #513, #7220, #4791, #1192, #1738 ),
 .UNSPECIFIED., .F., .F.,
 ( 4, 1, 1, 1, 1, 1, 1, 1, 1, 1, 1, 1, 1, 1, 1, 1, 4 ),
 ( 0.0000000000000000000, 0.07378258718587329956, 0.1440956521627408116, 0.2113727769445210292, 0.2761085739136402428, 0.3385597713347694437, 0.3996464779878228235, 0.4600223579231183524, 0.5203641801036605896, 0.5799897433270182479, 0.6384216733782915876, 0.6963296981378347406, 0.7539735389223942708, 0.8127841951639489526, 0.8727398202468068522, 0.9351745571517248168, 1.000000000000000000 ),
 .UNSPECIFIED. ) ;
#5176 = CARTESIAN_POINT ( 'NONE',  ( -0.3971161630311314528, 0.3862346841169082556, 0.0000000000000000000 ) ) ;
#5177 = CARTESIAN_POINT ( 'NONE',  ( -0.4331806768415105147, 0.5953628561172763511, 0.0000000000000000000 ) ) ;
#5178 = AXIS2_PLACEMENT_3D ( 'NONE', #5350, #7177, #1078 ) ;
#5179 =( LENGTH_UNIT ( ) NAMED_UNIT ( * ) SI_UNIT ( .MILLI., .METRE. ) );
#5180 = AXIS2_PLACEMENT_3D ( 'NONE', #6898, #3816, #154 ) ;
#5181 = VERTEX_POINT ( 'NONE', #2722 ) ;
#5182 = SURFACE_SIDE_STYLE ('',( #7765 ) ) ;
#5183 = CARTESIAN_POINT ( 'NONE',  ( -0.2215976313069238091, 0.5943479699941848216, 0.01000000000000000021 ) ) ;
#5184 = CARTESIAN_POINT ( 'NONE',  ( 4.700000000000000178, -2.000000000000000444, 6.000000000000000000 ) ) ;
#5185 = SURFACE_STYLE_FILL_AREA ( #371 ) ;
#5186 = ORIENTED_EDGE ( 'NONE', *, *, #3311, .T. ) ;
#5187 = VECTOR ( 'NONE', #6118, 1000.000000000000000 ) ;
#5188 = EDGE_CURVE ( 'NONE', #6707, #1110, #6075, .T. ) ;
#5189 = LINE ( 'NONE', #2488, #4987 ) ;
#5190 = CARTESIAN_POINT ( 'NONE',  ( -4.950000000000000178, 0.1500000000000004663, 4.390000000000003233 ) ) ;
#5191 = ORIENTED_EDGE ( 'NONE', *, *, #1287, .F. ) ;
#5192 = EDGE_CURVE ( 'NONE', #4528, #4571, #2663, .T. ) ;
#5193 = VECTOR ( 'NONE', #3691, 1000.000000000000114 ) ;
#5194 = FILL_AREA_STYLE ('',( #3987 ) ) ;
#5195 = CARTESIAN_POINT ( 'NONE',  ( 4.950000000000000178, -2.000000000000000444, 6.000000000000000000 ) ) ;
#5196 = CARTESIAN_POINT ( 'NONE',  ( 4.699999999999996625, -2.250000000000000000, 0.5000000000000004441 ) ) ;
#5197 = VERTEX_POINT ( 'NONE', #4045 ) ;
#5198 = DIRECTION ( 'NONE',  ( -1.000000000000000000, -0.0000000000000000000, -0.0000000000000000000 ) ) ;
#5199 = CARTESIAN_POINT ( 'NONE',  ( -0.4017968910333116206, 0.4012337777023536334, 0.0000000000000000000 ) ) ;
#5200 = CARTESIAN_POINT ( 'NONE',  ( -0.2506354515137997896, 0.5659532210927517015, 0.0000000000000000000 ) ) ;
#5201 = LINE ( 'NONE', #2837, #7662 ) ;
#5202 = EDGE_CURVE ( 'NONE', #3183, #2127, #2266, .T. ) ;
#5203 = FILL_AREA_STYLE ('',( #1446 ) ) ;
#5204 = DIRECTION ( 'NONE',  ( 0.0000000000000000000, 0.0000000000000000000, -1.000000000000000000 ) ) ;
#5205 = UNCERTAINTY_MEASURE_WITH_UNIT (LENGTH_MEASURE( 1.000000000000000082E-05 ), #4064, 'distance_accuracy_value', 'NONE');
#5206 = CYLINDRICAL_SURFACE ( 'NONE', #2581, 0.3899999999999997358 ) ;
#5207 = STYLED_ITEM ( 'NONE', ( #20 ), #654 ) ;
#5208 = VERTEX_POINT ( 'NONE', #4078 ) ;
#5209 = MECHANICAL_DESIGN_GEOMETRIC_PRESENTATION_REPRESENTATION (  '', ( #2521 ), #5617 ) ;
#5210 =( NAMED_UNIT ( * ) PLANE_ANGLE_UNIT ( ) SI_UNIT ( $, .RADIAN. ) );
#5211 = DIRECTION ( 'NONE',  ( 0.3015113445777618528, 0.3015113445777618528, -0.9045340337332921088 ) ) ;
#5212 = DIRECTION ( 'NONE',  ( 0.0000000000000000000, -0.9486832980505145452, -0.3162277660168359428 ) ) ;
#5213 = FACE_OUTER_BOUND ( 'NONE', #1961, .T. ) ;
#5214 = LINE ( 'NONE', #89, #319 ) ;
#5215 = AXIS2_PLACEMENT_3D ( 'NONE', #5602, #3090, #3061 ) ;
#5216 = CARTESIAN_POINT ( 'NONE',  ( 1.250000000000000222, -0.7999999999999997113, 0.0000000000000000000 ) ) ;
#5217 = STYLED_ITEM ( 'NONE', ( #5688 ), #7935 ) ;
#5218 = CARTESIAN_POINT ( 'NONE',  ( 0.0000000000000000000, 0.5953628561172764622, 0.01000000000000000021 ) ) ;
#5219 = PRESENTATION_LAYER_ASSIGNMENT (  '', '', ( #7512 ) ) ;
#5220 = FACE_OUTER_BOUND ( 'NONE', #7021, .T. ) ;
#5221 = SURFACE_STYLE_FILL_AREA ( #5404 ) ;
#5222 = FILL_AREA_STYLE_COLOUR ( '', #4302 ) ;
#5223 = CARTESIAN_POINT ( 'NONE',  ( -0.3014628283565002898, 0.2976056888963213298, 0.0000000000000000000 ) ) ;
#5224 =( NAMED_UNIT ( * ) PLANE_ANGLE_UNIT ( ) SI_UNIT ( $, .RADIAN. ) );
#5225 = ORIENTED_EDGE ( 'NONE', *, *, #5699, .F. ) ;
#5226 = LINE ( 'NONE', #6864, #3547 ) ;
#5227 = DIRECTION ( 'NONE',  ( 0.0000000000000000000, -0.9486832980505155444, -0.3162277660168330562 ) ) ;
#5228 = CARTESIAN_POINT ( 'NONE',  ( -1.249999999999999778, 0.0000000000000000000, 0.0000000000000000000 ) ) ;
#5229 = PLANE ( 'NONE',  #2367 ) ;
#5230 = COLOUR_RGB ( '',0.9686274509803921573, 0.8784313725490195957, 0.5999999999999999778 ) ;
#5231 = AXIS2_PLACEMENT_3D ( 'NONE', #2155, #3367, #7163 ) ;
#5232 = EDGE_LOOP ( 'NONE', ( #820, #6146, #722, #7521 ) ) ;
#5233 = EDGE_CURVE ( 'NONE', #869, #907, #132, .T. ) ;
#5234 = LINE ( 'NONE', #298, #2887 ) ;
#5235 = CARTESIAN_POINT ( 'NONE',  ( 0.2948681036462944549, 0.4424474597758129568, 0.009999999999999991535 ) ) ;
#5236 = PRESENTATION_STYLE_ASSIGNMENT (( #902 ) ) ;
#5237 = PRESENTATION_STYLE_ASSIGNMENT (( #3077 ) ) ;
#5238 = ORIENTED_EDGE ( 'NONE', *, *, #2194, .F. ) ;
#5239 = AXIS2_PLACEMENT_3D ( 'NONE', #4013, #2805, #7131 ) ;
#5240 = DIRECTION ( 'NONE',  ( 1.000000000000000000, 0.0000000000000000000, -0.0000000000000000000 ) ) ;
#5241 = UNCERTAINTY_MEASURE_WITH_UNIT (LENGTH_MEASURE( 1.000000000000000082E-05 ), #1458, 'distance_accuracy_value', 'NONE');
#5242 = LINE ( 'NONE', #2443, #3567 ) ;
#5243 = SURFACE_STYLE_USAGE ( .BOTH. , #7130 ) ;
#5244 = EDGE_LOOP ( 'NONE', ( #5547, #5459, #1827, #1296 ) ) ;
#5245 = DIRECTION ( 'NONE',  ( -0.0000000000000000000, -0.0000000000000000000, 1.000000000000000000 ) ) ;
#5246 = EDGE_CURVE ( 'NONE', #849, #7892, #3153, .T. ) ;
#5247 = ADVANCED_FACE ( 'NONE', ( #589 ), #5123, .F. ) ;
#5248 = ORIENTED_EDGE ( 'NONE', *, *, #3074, .F. ) ;
#5249 = CARTESIAN_POINT ( 'NONE',  ( -0.08561970123175441372, 0.4270701731904470999, 0.0000000000000000000 ) ) ;
#5250 = DIRECTION ( 'NONE',  ( 0.0000000000000000000, -0.0000000000000000000, 1.000000000000000000 ) ) ;
#5251 = LINE ( 'NONE', #6972, #5152 ) ;
#5252 = ORIENTED_EDGE ( 'NONE', *, *, #769, .F. ) ;
#5253 = FILL_AREA_STYLE ('',( #6486 ) ) ;
#5254 = FACE_OUTER_BOUND ( 'NONE', #3822, .T. ) ;
#5255 = FILL_AREA_STYLE_COLOUR ( '', #2340 ) ;
#5256 = CARTESIAN_POINT ( 'NONE',  ( 4.700000000000000178, -2.000000000000000444, 6.000000000000000000 ) ) ;
#5257 = DIRECTION ( 'NONE',  ( -1.000000000000000000, 0.0000000000000000000, 0.0000000000000000000 ) ) ;
#5258 = ORIENTED_EDGE ( 'NONE', *, *, #6628, .F. ) ;
#5259 = CARTESIAN_POINT ( 'NONE',  ( -0.2587205549229237289, 0.3247179621092122770, 0.0000000000000000000 ) ) ;
#5260 = STYLED_ITEM ( 'NONE', ( #2756 ), #5406 ) ;
#5261 = VECTOR ( 'NONE', #3933, 1000.000000000000000 ) ;
#5262 = EDGE_LOOP ( 'NONE', ( #4000, #3388, #2325, #2583 ) ) ;
#5263 = CARTESIAN_POINT ( 'NONE',  ( 0.2825408130982729471, 0.3823827789989096559, 0.0000000000000000000 ) ) ;
#5264 = ORIENTED_EDGE ( 'NONE', *, *, #7023, .T. ) ;
#5265 = FILL_AREA_STYLE ('',( #4151 ) ) ;
#5266 = DIRECTION ( 'NONE',  ( 1.000000000000000000, -0.0000000000000000000, 0.0000000000000000000 ) ) ;
#5267 = CARTESIAN_POINT ( 'NONE',  ( -0.2401018869614961748, 0.5649908286080940201, 0.01000000000000000021 ) ) ;
#5268 = VERTEX_POINT ( 'NONE', #1681 ) ;
#5269 = VERTEX_POINT ( 'NONE', #5968 ) ;
#5270 = CARTESIAN_POINT ( 'NONE',  ( 0.2555195296654684256, 0.5384101197923285564, 0.009999999999999995004 ) ) ;
#5271 = SURFACE_STYLE_USAGE ( .BOTH. , #4105 ) ;
#5272 = VECTOR ( 'NONE', #3883, 1000.000000000000000 ) ;
#5273 = ORIENTED_EDGE ( 'NONE', *, *, #732, .T. ) ;
#5274 = PLANE ( 'NONE',  #5231 ) ;
#5275 = DIRECTION ( 'NONE',  ( 0.0000000000000000000, -0.9486832980505155444, -0.3162277660168330562 ) ) ;
#5276 = VECTOR ( 'NONE', #6326, 1000.000000000000000 ) ;
#5277 = MECHANICAL_DESIGN_GEOMETRIC_PRESENTATION_REPRESENTATION (  '', ( #4852 ), #7567 ) ;
#5278 = B_SPLINE_CURVE_WITH_KNOTS ( 'NONE', 3,
 ( #5299, #1569, #3471, #5267, #7735, #5960, #2827, #4634, #1594, #2857, #431 ),
 .UNSPECIFIED., .F., .F.,
 ( 4, 1, 1, 1, 1, 1, 1, 1, 4 ),
 ( 0.0000000000000000000, 0.1352946047634290549, 0.2667656579247484894, 0.3948160188358722511, 0.5200516544342458358, 0.6421757029708220488, 0.7626518205584231769, 0.8818340043805015238, 1.000000000000000000 ),
 .UNSPECIFIED. ) ;
#5279 = CARTESIAN_POINT ( 'NONE',  ( -3.250000000000000000, -0.2999999999999997669, 5.000000000000000888 ) ) ;
#5280 = ADVANCED_FACE ( 'NONE', ( #6660 ), #4193, .T. ) ;
#5281 = VERTEX_POINT ( 'NONE', #5990 ) ;
#5282 =( NAMED_UNIT ( * ) SI_UNIT ( $, .STERADIAN. ) SOLID_ANGLE_UNIT ( ) );
#5283 = MECHANICAL_DESIGN_GEOMETRIC_PRESENTATION_REPRESENTATION (  '', ( #1528 ), #5685 ) ;
#5284 = DIRECTION ( 'NONE',  ( 0.0000000000000000000, 1.000000000000000000, 0.0000000000000000000 ) ) ;
#5285 = CARTESIAN_POINT ( 'NONE',  ( 4.450000000000001066, 1.749999999999999778, 1.000000000000000000 ) ) ;
#5286 =( LENGTH_UNIT ( ) NAMED_UNIT ( * ) SI_UNIT ( .MILLI., .METRE. ) );
#5287 = DIRECTION ( 'NONE',  ( -1.000000000000000000, 0.0000000000000000000, 0.0000000000000000000 ) ) ;
#5288 = LINE ( 'NONE', #638, #5090 ) ;
#5289 = LINE ( 'NONE', #7473, #1971 ) ;
#5290 = ORIENTED_EDGE ( 'NONE', *, *, #2284, .F. ) ;
#5291 = ADVANCED_FACE ( 'NONE', ( #5220 ), #2042, .F. ) ;
#5292 = CARTESIAN_POINT ( 'NONE',  ( -0.3982969347728302911, 0.5112545729210909995, 0.01000000000000000021 ) ) ;
#5293 =( GEOMETRIC_REPRESENTATION_CONTEXT ( 3 ) GLOBAL_UNCERTAINTY_ASSIGNED_CONTEXT ( ( #3541 ) ) GLOBAL_UNIT_ASSIGNED_CONTEXT ( ( #3958, #304, #6963 ) ) REPRESENTATION_CONTEXT ( 'NONE', 'WORKASPACE' ) );
#5294 = UNCERTAINTY_MEASURE_WITH_UNIT (LENGTH_MEASURE( 1.000000000000000082E-05 ), #333, 'distance_accuracy_value', 'NONE');
#5295 = SURFACE_STYLE_FILL_AREA ( #3974 ) ;
#5296 =( NAMED_UNIT ( * ) SI_UNIT ( $, .STERADIAN. ) SOLID_ANGLE_UNIT ( ) );
#5297 = DIRECTION ( 'NONE',  ( 1.000000000000000000, -0.0000000000000000000, -0.0000000000000000000 ) ) ;
#5298 = VECTOR ( 'NONE', #6927, 1000.000000000000000 ) ;
#5299 = CARTESIAN_POINT ( 'NONE',  ( -0.2614009512317545525, 0.5660945634343496069, 0.01000000000000000021 ) ) ;
#5300 = LINE ( 'NONE', #4864, #3622 ) ;
#5301 = EDGE_CURVE ( 'NONE', #5639, #2586, #7120, .T. ) ;
#5302 = CARTESIAN_POINT ( 'NONE',  ( -0.2452212642033367307, 0.3247737880151896905, 0.01000000000000000021 ) ) ;
#5303 = CARTESIAN_POINT ( 'NONE',  ( 0.2464694102880405080, 0.5448476272650361052, 0.009999999999999995004 ) ) ;
#5304 = FACE_OUTER_BOUND ( 'NONE', #2783, .T. ) ;
#5305 =( NAMED_UNIT ( * ) SI_UNIT ( $, .STERADIAN. ) SOLID_ANGLE_UNIT ( ) );
#5306 = ORIENTED_EDGE ( 'NONE', *, *, #3650, .F. ) ;
#5307 = CARTESIAN_POINT ( 'NONE',  ( -2.750000000000000000, -0.2999999999999997669, 4.699999999999997513 ) ) ;
#5308 = DIRECTION ( 'NONE',  ( 0.3015113445777592993, -0.3015113445777592993, -0.9045340337332937741 ) ) ;
#5309 = CARTESIAN_POINT ( 'NONE',  ( -4.000000000000000000, -0.4000000000000000222, -3.399999999999999911 ) ) ;
#5310 = EDGE_CURVE ( 'NONE', #3140, #4415, #2175, .T. ) ;
#5311 =( LENGTH_UNIT ( ) NAMED_UNIT ( * ) SI_UNIT ( .MILLI., .METRE. ) );
#5312 = SURFACE_STYLE_FILL_AREA ( #192 ) ;
#5313 = PRESENTATION_STYLE_ASSIGNMENT (( #2800 ) ) ;
#5314 = DIRECTION ( 'NONE',  ( 4.956352788505164254E-16, -1.000000000000000000, 0.0000000000000000000 ) ) ;
#5315 = VECTOR ( 'NONE', #1220, 1000.000000000000000 ) ;
#5316 = SURFACE_SIDE_STYLE ('',( #1179 ) ) ;
#5317 = CARTESIAN_POINT ( 'NONE',  ( -0.3498306130947761439, 0.3763110765024019755, 0.0000000000000000000 ) ) ;
#5318 = LINE ( 'NONE', #5735, #3750 ) ;
#5319 = UNCERTAINTY_MEASURE_WITH_UNIT (LENGTH_MEASURE( 1.000000000000000082E-05 ), #3142, 'distance_accuracy_value', 'NONE');
#5320 = AXIS2_PLACEMENT_3D ( 'NONE', #2002, #4482, #4009 ) ;
#5321 = VECTOR ( 'NONE', #509, 1000.000000000000000 ) ;
#5322 = AXIS2_PLACEMENT_3D ( 'NONE', #2465, #2441, #6800 ) ;
#5323 = PRESENTATION_STYLE_ASSIGNMENT (( #4502 ) ) ;
#5324 = ORIENTED_EDGE ( 'NONE', *, *, #5246, .F. ) ;
#5325 = DIRECTION ( 'NONE',  ( 0.0000000000000000000, 0.7071067811865505703, -0.7071067811865444641 ) ) ;
#5326 = CARTESIAN_POINT ( 'NONE',  ( 1.250000000000000222, -0.7999999999999997113, 5.000000000000000888 ) ) ;
#5327 = DIRECTION ( 'NONE',  ( 0.0000000000000000000, 0.0000000000000000000, -1.000000000000000000 ) ) ;
#5328 = EDGE_CURVE ( 'NONE', #3054, #440, #5502, .T. ) ;
#5329 = PRESENTATION_STYLE_ASSIGNMENT (( #1013 ) ) ;
#5330 = STYLED_ITEM ( 'NONE', ( #5680 ), #2164 ) ;
#5331 =( NAMED_UNIT ( * ) PLANE_ANGLE_UNIT ( ) SI_UNIT ( $, .RADIAN. ) );
#5332 = ORIENTED_EDGE ( 'NONE', *, *, #3472, .T. ) ;
#5333 = PRODUCT_DEFINITION ( 'Î´Öª', '', #6294, #311 ) ;
#5334 = DIRECTION ( 'NONE',  ( 1.000000000000000000, -0.0000000000000000000, 0.0000000000000000000 ) ) ;
#5335 = ADVANCED_FACE ( 'NONE', ( #791 ), #4525, .T. ) ;
#5336 = CARTESIAN_POINT ( 'NONE',  ( 0.2255929374510954877, 0.3007325925764307017, 0.01000000000000000021 ) ) ;
#5337 = STYLED_ITEM ( 'NONE', ( #5809 ), #4424 ) ;
#5338 = PRESENTATION_STYLE_ASSIGNMENT (( #1980 ) ) ;
#5339 = B_SPLINE_CURVE_WITH_KNOTS ( 'NONE', 3,
 ( #1621, #4069, #7702, #6505, #7677, #6584, #2860, #3390, #5302, #4041, #4702 ),
 .UNSPECIFIED., .F., .F.,
 ( 4, 1, 1, 1, 1, 1, 1, 1, 4 ),
 ( 0.0000000000000000000, 0.1252796967356261115, 0.2494199707420513834, 0.3733567994928199130, 0.4966812787822861841, 0.6202029157439823415, 0.7450863201614561504, 0.8712691950190973866, 1.000000000000000000 ),
 .UNSPECIFIED. ) ;
#5340 = SURFACE_SIDE_STYLE ('',( #6038 ) ) ;
#5341 = ORIENTED_EDGE ( 'NONE', *, *, #3028, .T. ) ;
#5342 = CARTESIAN_POINT ( 'NONE',  ( -4.950000000000000178, 0.1500000000000002720, 6.000000000000000000 ) ) ;
#5343 = DIRECTION ( 'NONE',  ( 1.000000000000000000, 0.0000000000000000000, 0.0000000000000000000 ) ) ;
#5344 = CARTESIAN_POINT ( 'NONE',  ( -0.3597033664152783916, 0.3975627103347667002, 0.0000000000000000000 ) ) ;
#5345 = EDGE_CURVE ( 'NONE', #5749, #4567, #4432, .T. ) ;
#5346 = LINE ( 'NONE', #5717, #2975 ) ;
#5347 = ORIENTED_EDGE ( 'NONE', *, *, #664, .F. ) ;
#5348 = ORIENTED_EDGE ( 'NONE', *, *, #2038, .T. ) ;
#5349 = EDGE_CURVE ( 'NONE', #3900, #5197, #3145, .T. ) ;
#5350 = CARTESIAN_POINT ( 'NONE',  ( 0.7500000000000002220, -0.7999999999999997113, 4.699999999999997513 ) ) ;
#5351 = ADVANCED_FACE ( 'NONE', ( #3433 ), #3539, .T. ) ;
#5352 = VECTOR ( 'NONE', #3222, 1000.000000000000000 ) ;
#5353 = CARTESIAN_POINT ( 'NONE',  ( -0.3631481427501517256, 0.4092912953401452447, 0.01000000000000000021 ) ) ;
#5354 = ORIENTED_EDGE ( 'NONE', *, *, #880, .F. ) ;
#5355 =( LENGTH_UNIT ( ) NAMED_UNIT ( * ) SI_UNIT ( .MILLI., .METRE. ) );
#5356 = VERTEX_POINT ( 'NONE', #3452 ) ;
#5357 = CARTESIAN_POINT ( 'NONE',  ( -3.149999999999999467, -0.4000000000000000222, -3.399999999999999911 ) ) ;
#5358 =( NAMED_UNIT ( * ) PLANE_ANGLE_UNIT ( ) SI_UNIT ( $, .RADIAN. ) );
#5359 = FILL_AREA_STYLE ('',( #4639 ) ) ;
#5360 = EDGE_CURVE ( 'NONE', #4528, #6852, #216, .T. ) ;
#5361 = VERTEX_POINT ( 'NONE', #1843 ) ;
#5362 = CARTESIAN_POINT ( 'NONE',  ( -6.000000000000000000, -0.7999999999999997113, 1.000000000000000000 ) ) ;
#5363 = CARTESIAN_POINT ( 'NONE',  ( -0.7499999999999997780, -0.7999999999999997113, 4.699999999999997513 ) ) ;
#5364 = ORIENTED_EDGE ( 'NONE', *, *, #5020, .F. ) ;
#5365 = PLANE ( 'NONE',  #778 ) ;
#5366 = VECTOR ( 'NONE', #1781, 1000.000000000000000 ) ;
#5367 = STYLED_ITEM ( 'NONE', ( #7304 ), #605 ) ;
#5368 = VERTEX_POINT ( 'NONE', #4759 ) ;
#5369 = PLANE ( 'NONE',  #3849 ) ;
#5370 = DIRECTION ( 'NONE',  ( 1.000000000000000000, -0.0000000000000000000, 0.0000000000000000000 ) ) ;
#5371 = DIRECTION ( 'NONE',  ( 0.0000000000000000000, -1.000000000000000000, 0.0000000000000000000 ) ) ;
#5372 = PRESENTATION_STYLE_ASSIGNMENT (( #2689 ) ) ;
#5373 = STYLED_ITEM ( 'NONE', ( #3123 ), #5834 ) ;
#5374 = VERTEX_POINT ( 'NONE', #3715 ) ;
#5375 = ADVANCED_FACE ( 'NONE', ( #5978 ), #6072, .F. ) ;
#5376 = VERTEX_POINT ( 'NONE', #1761 ) ;
#5377 = SURFACE_STYLE_USAGE ( .BOTH. , #5980 ) ;
#5378 = FACE_OUTER_BOUND ( 'NONE', #4464, .T. ) ;
#5379 = ORIENTED_EDGE ( 'NONE', *, *, #4202, .F. ) ;
#5380 = AXIS2_PLACEMENT_3D ( 'NONE', #2043, #807, #6358 ) ;
#5381 = PLANE ( 'NONE',  #4626 ) ;
#5382 =( GEOMETRIC_REPRESENTATION_CONTEXT ( 3 ) GLOBAL_UNCERTAINTY_ASSIGNED_CONTEXT ( ( #5442 ) ) GLOBAL_UNIT_ASSIGNED_CONTEXT ( ( #1864, #6844, #5585 ) ) REPRESENTATION_CONTEXT ( 'NONE', 'WORKASPACE' ) );
#5383 = DIRECTION ( 'NONE',  ( 0.0000000000000000000, 1.000000000000000000, -1.084202172485504828E-15 ) ) ;
#5384 = ORIENTED_EDGE ( 'NONE', *, *, #3212, .T. ) ;
#5385 = CARTESIAN_POINT ( 'NONE',  ( -4.950000000000000178, -0.6499999999999998002, 6.000000000000000000 ) ) ;
#5386 = CARTESIAN_POINT ( 'NONE',  ( 0.2400277902988694201, 0.3050584488755445078, 0.01000000000000000021 ) ) ;
#5387 = AXIS2_PLACEMENT_3D ( 'NONE', #7329, #521, #7253 ) ;
#5388 = DIRECTION ( 'NONE',  ( 0.0000000000000000000, 1.000000000000000000, 0.0000000000000000000 ) ) ;
#5389 = DIRECTION ( 'NONE',  ( -1.000000000000000000, 0.0000000000000000000, 0.0000000000000000000 ) ) ;
#5390 = SURFACE_STYLE_FILL_AREA ( #3071 ) ;
#5391 = CARTESIAN_POINT ( 'NONE',  ( -4.450000000000001066, 1.749999999999999778, 1.000000000000000000 ) ) ;
#5392 = CARTESIAN_POINT ( 'NONE',  ( -0.1844001890366325780, 0.5798140756294715148, 0.01000000000000000021 ) ) ;
#5393 =( LENGTH_UNIT ( ) NAMED_UNIT ( * ) SI_UNIT ( .MILLI., .METRE. ) );
#5394 = CARTESIAN_POINT ( 'NONE',  ( -0.3280126714152256096, 0.3501843477395589765, 0.0000000000000000000 ) ) ;
#5395 = EDGE_CURVE ( 'NONE', #2, #4168, #1610, .T. ) ;
#5396 = SURFACE_STYLE_FILL_AREA ( #3087 ) ;
#5397 = AXIS2_PLACEMENT_3D ( 'NONE', #5963, #1041, #1623 ) ;
#5398 = PLANE ( 'NONE',  #129 ) ;
#5399 = SURFACE_STYLE_FILL_AREA ( #7365 ) ;
#5400 = EDGE_CURVE ( 'NONE', #7899, #5943, #6460, .T. ) ;
#5401 = VERTEX_POINT ( 'NONE', #779 ) ;
#5402 = COLOUR_RGB ( '',0.9686274509803921573, 0.8784313725490195957, 0.5999999999999999778 ) ;
#5403 = VERTEX_POINT ( 'NONE', #3903 ) ;
#5404 = FILL_AREA_STYLE ('',( #7812 ) ) ;
#5405 = ORIENTED_EDGE ( 'NONE', *, *, #3286, .T. ) ;
#5406 = ADVANCED_FACE ( 'NONE', ( #1236 ), #1408, .F. ) ;
#5407 = CARTESIAN_POINT ( 'NONE',  ( 0.3351120060853188254, 0.4415899902636178376, 0.01000000000000000021 ) ) ;
#5408 = VECTOR ( 'NONE', #2550, 1000.000000000000000 ) ;
#5409 = FACE_OUTER_BOUND ( 'NONE', #3949, .T. ) ;
#5410 = DIRECTION ( 'NONE',  ( -0.0000000000000000000, 0.0000000000000000000, -1.000000000000000000 ) ) ;
#5411 = CARTESIAN_POINT ( 'NONE',  ( -0.2506354515137997896, 0.5659532210927517015, 0.0000000000000000000 ) ) ;
#5412 = CARTESIAN_POINT ( 'NONE',  ( 0.4859337530741737465, 0.3486706711500602851, 0.01000000000000000021 ) ) ;
#5413 = FILL_AREA_STYLE_COLOUR ( '', #1134 ) ;
#5414 = SURFACE_STYLE_FILL_AREA ( #1685 ) ;
#5415 = DIRECTION ( 'NONE',  ( 0.3015113445777618528, -0.3015113445777618528, 0.9045340337332921088 ) ) ;
#5416 = EDGE_LOOP ( 'NONE', ( #2039, #5437, #5332, #4814 ) ) ;
#5417 = LINE ( 'NONE', #2216, #3445 ) ;
#5418 =( GEOMETRIC_REPRESENTATION_CONTEXT ( 3 ) GLOBAL_UNCERTAINTY_ASSIGNED_CONTEXT ( ( #6964 ) ) GLOBAL_UNIT_ASSIGNED_CONTEXT ( ( #3116, #6167, #3031 ) ) REPRESENTATION_CONTEXT ( 'NONE', 'WORKASPACE' ) );
#5419 = MECHANICAL_DESIGN_GEOMETRIC_PRESENTATION_REPRESENTATION (  '', ( #478 ), #7461 ) ;
#5420 =( NAMED_UNIT ( * ) PLANE_ANGLE_UNIT ( ) SI_UNIT ( $, .RADIAN. ) );
#5421 = CARTESIAN_POINT ( 'NONE',  ( 0.2147660663326569075, 0.5582063381199359187, 0.0000000000000000000 ) ) ;
#5422 = DIRECTION ( 'NONE',  ( 0.3015113445777618528, -0.3015113445777618528, -0.9045340337332921088 ) ) ;
#5423 = EDGE_CURVE ( 'NONE', #1532, #523, #3532, .T. ) ;
#5424 = DIRECTION ( 'NONE',  ( -1.000000000000000000, 0.0000000000000000000, 0.0000000000000000000 ) ) ;
#5425 = ORIENTED_EDGE ( 'NONE', *, *, #4416, .T. ) ;
#5426 = ORIENTED_EDGE ( 'NONE', *, *, #3712, .T. ) ;
#5427 = FACE_OUTER_BOUND ( 'NONE', #5520, .T. ) ;
#5428 = VECTOR ( 'NONE', #5211, 1000.000000000000000 ) ;
#5429 = STYLED_ITEM ( 'NONE', ( #1766 ), #3036 ) ;
#5430 = VECTOR ( 'NONE', #1235, 1000.000000000000000 ) ;
#5431 = CARTESIAN_POINT ( 'NONE',  ( -0.2514898854896595037, 0.3246790109791049539, 0.0000000000000000000 ) ) ;
#5432 = ORIENTED_EDGE ( 'NONE', *, *, #6941, .T. ) ;
#5433 = FILL_AREA_STYLE_COLOUR ( '', #6466 ) ;
#5434 = CARTESIAN_POINT ( 'NONE',  ( 0.02047785974385531865, 0.4270701731904470999, 0.0000000000000000000 ) ) ;
#5435 = CARTESIAN_POINT ( 'NONE',  ( -4.950000000000000178, -0.6499999999999993561, 4.390000000000003233 ) ) ;
#5436 = SURFACE_STYLE_FILL_AREA ( #5730 ) ;
#5437 = ORIENTED_EDGE ( 'NONE', *, *, #6625, .T. ) ;
#5438 = PLANE ( 'NONE',  #986 ) ;
#5439 = DIRECTION ( 'NONE',  ( 1.000000000000000000, 0.0000000000000000000, -0.0000000000000000000 ) ) ;
#5440 = ORIENTED_EDGE ( 'NONE', *, *, #6588, .F. ) ;
#5441 = EDGE_CURVE ( 'NONE', #1459, #3094, #2958, .T. ) ;
#5442 = UNCERTAINTY_MEASURE_WITH_UNIT (LENGTH_MEASURE( 1.000000000000000082E-05 ), #1864, 'distance_accuracy_value', 'NONE');
#5443 = LINE ( 'NONE', #7566, #7712 ) ;
#5444 = ORIENTED_EDGE ( 'NONE', *, *, #5797, .F. ) ;
#5445 = ADVANCED_FACE ( 'NONE', ( #6258 ), #964, .T. ) ;
#5446 = EDGE_CURVE ( 'NONE', #1310, #2127, #293, .T. ) ;
#5447 = DIRECTION ( 'NONE',  ( -0.0000000000000000000, 0.0000000000000000000, 1.000000000000000000 ) ) ;
#5448 = EDGE_LOOP ( 'NONE', ( #4776, #5705, #6116, #3597 ) ) ;
#5449 = CARTESIAN_POINT ( 'NONE',  ( -4.000000000000000000, -0.6999999999999994005, -3.399999999999999911 ) ) ;
#5450 = CARTESIAN_POINT ( 'NONE',  ( -0.3597033664152783916, 0.3975627103347667002, 0.0000000000000000000 ) ) ;
#5451 = CARTESIAN_POINT ( 'NONE',  ( -0.2074944222903829516, 0.2962101826155247863, 0.0000000000000000000 ) ) ;
#5452 = SURFACE_SIDE_STYLE ('',( #3954 ) ) ;
#5453 = SURFACE_STYLE_FILL_AREA ( #6280 ) ;
#5454 = EDGE_LOOP ( 'NONE', ( #5810, #3278, #3120, #3653 ) ) ;
#5455 = ORIENTED_EDGE ( 'NONE', *, *, #2656, .F. ) ;
#5456 = UNCERTAINTY_MEASURE_WITH_UNIT (LENGTH_MEASURE( 1.000000000000000082E-05 ), #5593, 'distance_accuracy_value', 'NONE');
#5457 = EDGE_CURVE ( 'NONE', #6793, #5542, #467, .T. ) ;
#5458 = DIRECTION ( 'NONE',  ( -0.9486832980505145452, -0.0000000000000000000, -0.3162277660168359428 ) ) ;
#5459 = ORIENTED_EDGE ( 'NONE', *, *, #237, .F. ) ;
#5460 = DIRECTION ( 'NONE',  ( 0.0000000000000000000, 1.000000000000000000, 0.0000000000000000000 ) ) ;
#5461 = FACE_OUTER_BOUND ( 'NONE', #1807, .T. ) ;
#5462 = DIRECTION ( 'NONE',  ( -1.000000000000000000, 0.0000000000000000000, 0.0000000000000000000 ) ) ;
#5463 = EDGE_LOOP ( 'NONE', ( #3994, #4408, #5805, #1899 ) ) ;
#5464 = CARTESIAN_POINT ( 'NONE',  ( 2.750000000000000444, -0.2999999999999997669, 4.699999999999997513 ) ) ;
#5465 = FACE_OUTER_BOUND ( 'NONE', #4689, .T. ) ;
#5466 = DIRECTION ( 'NONE',  ( -0.9486832980505145452, -0.0000000000000000000, -0.3162277660168359428 ) ) ;
#5467 = CARTESIAN_POINT ( 'NONE',  ( -0.3560974243474088197, 0.5073898897163993116, 0.01000000000000000021 ) ) ;
#5468 = ORIENTED_EDGE ( 'NONE', *, *, #3925, .T. ) ;
#5469 = AXIS2_PLACEMENT_3D ( 'NONE', #2781, #5389, #1809 ) ;
#5470 = FACE_OUTER_BOUND ( 'NONE', #6490, .T. ) ;
#5471 = ORIENTED_EDGE ( 'NONE', *, *, #4671, .F. ) ;
#5472 = LINE ( 'NONE', #6266, #6915 ) ;
#5473 = CARTESIAN_POINT ( 'NONE',  ( -0.4053933620001731741, 0.4826183667282198941, 0.01000000000000000021 ) ) ;
#5474 = SURFACE_STYLE_FILL_AREA ( #5667 ) ;
#5475 = STYLED_ITEM ( 'NONE', ( #6633 ), #2762 ) ;
#5476 =( NAMED_UNIT ( * ) SI_UNIT ( $, .STERADIAN. ) SOLID_ANGLE_UNIT ( ) );
#5477 = LINE ( 'NONE', #5195, #6145 ) ;
#5478 = ORIENTED_EDGE ( 'NONE', *, *, #6259, .T. ) ;
#5479 = VERTEX_POINT ( 'NONE', #1276 ) ;
#5480 =( GEOMETRIC_REPRESENTATION_CONTEXT ( 3 ) GLOBAL_UNCERTAINTY_ASSIGNED_CONTEXT ( ( #2121 ) ) GLOBAL_UNIT_ASSIGNED_CONTEXT ( ( #6642, #3535, #6592 ) ) REPRESENTATION_CONTEXT ( 'NONE', 'WORKASPACE' ) );
#5481 = FACE_OUTER_BOUND ( 'NONE', #4190, .T. ) ;
#5482 = SURFACE_SIDE_STYLE ('',( #3505 ) ) ;
#5483 = ORIENTED_EDGE ( 'NONE', *, *, #1096, .F. ) ;
#5484 = CARTESIAN_POINT ( 'NONE',  ( -0.3784162500952775177, 0.5480280951175795501, 0.01000000000000000021 ) ) ;
#5485 = ADVANCED_FACE ( 'NONE', ( #3298 ), #6817, .F. ) ;
#5486 = COLOUR_RGB ( '',0.9686274509803921573, 0.8784313725490195957, 0.5999999999999999778 ) ;
#5487 = CARTESIAN_POINT ( 'NONE',  ( 0.3347598229505520662, 0.4255177457217264592, 0.01000000000000000021 ) ) ;
#5488 = DIRECTION ( 'NONE',  ( -1.000000000000000000, 0.0000000000000000000, 0.0000000000000000000 ) ) ;
#5489 =( GEOMETRIC_REPRESENTATION_CONTEXT ( 3 ) GLOBAL_UNCERTAINTY_ASSIGNED_CONTEXT ( ( #5560 ) ) GLOBAL_UNIT_ASSIGNED_CONTEXT ( ( #1600, #2838, #4016 ) ) REPRESENTATION_CONTEXT ( 'NONE', 'WORKASPACE' ) );
#5490 = DIRECTION ( 'NONE',  ( 0.0000000000000000000, 1.000000000000000000, -0.0000000000000000000 ) ) ;
#5491 = PLANE ( 'NONE',  #4060 ) ;
#5492 = CARTESIAN_POINT ( 'NONE',  ( 0.4902568231584893965, 0.3319482219709348758, 0.0000000000000000000 ) ) ;
#5493 = COLOUR_RGB ( '',0.9686274509803921573, 0.8784313725490195957, 0.5999999999999999778 ) ;
#5494 = ORIENTED_EDGE ( 'NONE', *, *, #3392, .T. ) ;
#5495 = EDGE_CURVE ( 'NONE', #5147, #6758, #2650, .T. ) ;
#5496 = ADVANCED_FACE ( 'NONE', ( #1691 ), #1993, .F. ) ;
#5497 = PRESENTATION_STYLE_ASSIGNMENT (( #213 ) ) ;
#5498 = CARTESIAN_POINT ( 'NONE',  ( 2.750000000000000444, -0.2999999999999997669, -3.099999999999996980 ) ) ;
#5499 = CARTESIAN_POINT ( 'NONE',  ( 0.2828645061514497017, 0.5036114564615890021, 0.0000000000000000000 ) ) ;
#5500 = EDGE_CURVE ( 'NONE', #1270, #2240, #4897, .T. ) ;
#5501 = ADVANCED_FACE ( 'NONE', ( #1774 ), #6246, .T. ) ;
#5502 = LINE ( 'NONE', #4785, #3639 ) ;
#5503 = CARTESIAN_POINT ( 'NONE',  ( -0.2666929624618614159, 0.3248882218589836945, 0.01000000000000000021 ) ) ;
#5504 = VECTOR ( 'NONE', #4015, 1000.000000000000000 ) ;
#5505 = CARTESIAN_POINT ( 'NONE',  ( 4.699999999999996625, 2.250000000000000000, 6.000000000000000000 ) ) ;
#5506 = EDGE_LOOP ( 'NONE', ( #1241, #3904, #3456, #1275 ) ) ;
#5507 = SURFACE_STYLE_FILL_AREA ( #686 ) ;
#5508 = CARTESIAN_POINT ( 'NONE',  ( -0.2007105353709034146, 0.3353552529332566867, 0.01000000000000000021 ) ) ;
#5509 = CARTESIAN_POINT ( 'NONE',  ( 0.3241532922191202593, 0.3815483397660174858, 0.01000000000000000021 ) ) ;
#5510 = CARTESIAN_POINT ( 'NONE',  ( 0.3101415639634205190, 0.5307699082232277821, 0.0000000000000000000 ) ) ;
#5511 = ORIENTED_EDGE ( 'NONE', *, *, #4486, .F. ) ;
#5512 = LINE ( 'NONE', #6085, #2873 ) ;
#5513 = FACE_OUTER_BOUND ( 'NONE', #5728, .T. ) ;
#5514 = CARTESIAN_POINT ( 'NONE',  ( 0.4948871585243430071, 0.3529848073367885530, 0.0000000000000000000 ) ) ;
#5515 = ORIENTED_EDGE ( 'NONE', *, *, #5757, .F. ) ;
#5516 = PRESENTATION_STYLE_ASSIGNMENT (( #6192 ) ) ;
#5517 = CARTESIAN_POINT ( 'NONE',  ( -0.3156076185099179754, 0.3023502238923864716, 0.0000000000000000000 ) ) ;
#5518 =( NAMED_UNIT ( * ) PLANE_ANGLE_UNIT ( ) SI_UNIT ( $, .RADIAN. ) );
#5519 = ADVANCED_FACE ( 'NONE', ( #6725 ), #2085, .F. ) ;
#5520 = EDGE_LOOP ( 'NONE', ( #5348, #1542, #4282, #5364 ) ) ;
#5521 =( GEOMETRIC_REPRESENTATION_CONTEXT ( 3 ) GLOBAL_UNCERTAINTY_ASSIGNED_CONTEXT ( ( #3368 ) ) GLOBAL_UNIT_ASSIGNED_CONTEXT ( ( #3919, #5210, #5296 ) ) REPRESENTATION_CONTEXT ( 'NONE', 'WORKASPACE' ) );
#5522 = DIRECTION ( 'NONE',  ( 0.0000000000000000000, 0.0000000000000000000, -1.000000000000000000 ) ) ;
#5523 = SURFACE_STYLE_USAGE ( .BOTH. , #6245 ) ;
#5524 = CARTESIAN_POINT ( 'NONE',  ( 0.1752225243780017594, 0.5953628561172764622, 0.0000000000000000000 ) ) ;
#5525 = CARTESIAN_POINT ( 'NONE',  ( -0.2549985122073643029, 0.2917043195319106164, 0.0000000000000000000 ) ) ;
#5526 = CARTESIAN_POINT ( 'NONE',  ( 0.1752225243780017594, 0.5953628561172764622, 0.0000000000000000000 ) ) ;
#5527 = COLOUR_RGB ( '',0.9686274509803921573, 0.8784313725490195957, 0.5999999999999999778 ) ;
#5528 = ORIENTED_EDGE ( 'NONE', *, *, #2364, .F. ) ;
#5529 = ORIENTED_EDGE ( 'NONE', *, *, #3751, .F. ) ;
#5530 = CARTESIAN_POINT ( 'NONE',  ( 0.1752225243780017594, 0.5953628561172764622, 0.01000000000000000021 ) ) ;
#5531 = MECHANICAL_DESIGN_GEOMETRIC_PRESENTATION_REPRESENTATION (  '', ( #6513 ), #7212 ) ;
#5532 = CARTESIAN_POINT ( 'NONE',  ( 0.8499999999999996447, -0.3999999999999991340, 5.000000000000000888 ) ) ;
#5533 = CIRCLE ( 'NONE', #1088, 0.2500000000000002220 ) ;
#5534 = CARTESIAN_POINT ( 'NONE',  ( 0.02779493291458703941, 0.2953628561172763622, 0.0000000000000000000 ) ) ;
#5535 = SURFACE_STYLE_FILL_AREA ( #7583 ) ;
#5536 = ORIENTED_EDGE ( 'NONE', *, *, #5543, .T. ) ;
#5537 = CARTESIAN_POINT ( 'NONE',  ( -1.249999999999999778, -0.7999999999999997113, -3.099999999999996980 ) ) ;
#5538 = CARTESIAN_POINT ( 'NONE',  ( -0.2546555244024862330, 0.3246311488002033285, 0.0000000000000000000 ) ) ;
#5539 = UNCERTAINTY_MEASURE_WITH_UNIT (LENGTH_MEASURE( 1.000000000000000082E-05 ), #3745, 'distance_accuracy_value', 'NONE');
#5540 = MECHANICAL_DESIGN_GEOMETRIC_PRESENTATION_REPRESENTATION (  '', ( #7616 ), #3426 ) ;
#5541 = SURFACE_SIDE_STYLE ('',( #5221 ) ) ;
#5542 = VERTEX_POINT ( 'NONE', #5811 ) ;
#5543 = EDGE_CURVE ( 'NONE', #5197, #1892, #4602, .T. ) ;
#5544 = DIRECTION ( 'NONE',  ( 1.000000000000000000, 0.0000000000000000000, 0.0000000000000000000 ) ) ;
#5545 = LINE ( 'NONE', #1132, #7726 ) ;
#5546 = LINE ( 'NONE', #4625, #4962 ) ;
#5547 = ORIENTED_EDGE ( 'NONE', *, *, #6392, .T. ) ;
#5548 = CARTESIAN_POINT ( 'NONE',  ( 4.450000000000001066, 1.749999999999999778, 1.000000000000000000 ) ) ;
#5549 = STYLED_ITEM ( 'NONE', ( #6189 ), #18 ) ;
#5550 = ORIENTED_EDGE ( 'NONE', *, *, #503, .T. ) ;
#5551 = FILL_AREA_STYLE_COLOUR ( '', #1673 ) ;
#5552 = VECTOR ( 'NONE', #6256, 1000.000000000000000 ) ;
#5553 = EDGE_CURVE ( 'NONE', #2570, #7634, #6925, .T. ) ;
#5554 = ORIENTED_EDGE ( 'NONE', *, *, #3496, .T. ) ;
#5555 = CARTESIAN_POINT ( 'NONE',  ( -0.2614009512317545525, 0.5660945634343496069, 0.0000000000000000000 ) ) ;
#5556 = SURFACE_SIDE_STYLE ('',( #2627 ) ) ;
#5557 = CARTESIAN_POINT ( 'NONE',  ( -0.4074770262310938862, 0.4564585410051049119, 0.01000000000000000021 ) ) ;
#5558 = ORIENTED_EDGE ( 'NONE', *, *, #2782, .T. ) ;
#5559 = FILL_AREA_STYLE ('',( #3035 ) ) ;
#5560 = UNCERTAINTY_MEASURE_WITH_UNIT (LENGTH_MEASURE( 1.000000000000000082E-05 ), #1600, 'distance_accuracy_value', 'NONE');
#5561 = ORIENTED_EDGE ( 'NONE', *, *, #6981, .F. ) ;
#5562 = DIRECTION ( 'NONE',  ( 0.0000000000000000000, 0.0000000000000000000, -1.000000000000000000 ) ) ;
#5563 = CARTESIAN_POINT ( 'NONE',  ( 0.1809647394880342097, 0.5952589645115443640, 0.01000000000000000194 ) ) ;
#5564 = DIRECTION ( 'NONE',  ( -1.000000000000000000, 0.0000000000000000000, 0.0000000000000000000 ) ) ;
#5565 = PRESENTATION_LAYER_ASSIGNMENT (  '', '', ( #5151 ) ) ;
#5566 = CARTESIAN_POINT ( 'NONE',  ( 0.0000000000000000000, 0.0000000000000000000, 0.01000000000000000021 ) ) ;
#5567 = CARTESIAN_POINT ( 'NONE',  ( -3.250000000000000000, -0.2999999999999997669, 0.0000000000000000000 ) ) ;
#5568 = SURFACE_STYLE_USAGE ( .BOTH. , #5541 ) ;
#5569 = LINE ( 'NONE', #3507, #2626 ) ;
#5570 = CARTESIAN_POINT ( 'NONE',  ( -0.5465953109878519678, 0.2953628561172763622, 0.0000000000000000000 ) ) ;
#5571 = ORIENTED_EDGE ( 'NONE', *, *, #3176, .T. ) ;
#5572 =( GEOMETRIC_REPRESENTATION_CONTEXT ( 3 ) GLOBAL_UNCERTAINTY_ASSIGNED_CONTEXT ( ( #4842 ) ) GLOBAL_UNIT_ASSIGNED_CONTEXT ( ( #3582, #4256, #546 ) ) REPRESENTATION_CONTEXT ( 'NONE', 'WORKASPACE' ) );
#5573 =( NAMED_UNIT ( * ) PLANE_ANGLE_UNIT ( ) SI_UNIT ( $, .RADIAN. ) );
#5574 = MECHANICAL_DESIGN_GEOMETRIC_PRESENTATION_REPRESENTATION (  '', ( #5163 ), #7863 ) ;
#5575 = ADVANCED_FACE ( 'NONE', ( #5481 ), #868, .F. ) ;
#5576 = EDGE_CURVE ( 'NONE', #4840, #403, #394, .T. ) ;
#5577 = FILL_AREA_STYLE ('',( #5012 ) ) ;
#5578 = CARTESIAN_POINT ( 'NONE',  ( 0.0000000000000000000, 0.0000000000000000000, 6.000000000000000000 ) ) ;
#5579 = PLANE ( 'NONE',  #1477 ) ;
#5580 =( GEOMETRIC_REPRESENTATION_CONTEXT ( 3 ) GLOBAL_UNCERTAINTY_ASSIGNED_CONTEXT ( ( #6123 ) ) GLOBAL_UNIT_ASSIGNED_CONTEXT ( ( #1928, #2480, #155 ) ) REPRESENTATION_CONTEXT ( 'NONE', 'WORKASPACE' ) );
#5581 = LINE ( 'NONE', #7443, #489 ) ;
#5582 = EDGE_LOOP ( 'NONE', ( #1497, #6389, #6235, #42 ) ) ;
#5583 = PRESENTATION_LAYER_ASSIGNMENT (  '', '', ( #2230 ) ) ;
#5584 =( NAMED_UNIT ( * ) SI_UNIT ( $, .STERADIAN. ) SOLID_ANGLE_UNIT ( ) );
#5585 =( NAMED_UNIT ( * ) SI_UNIT ( $, .STERADIAN. ) SOLID_ANGLE_UNIT ( ) );
#5586 = ORIENTED_EDGE ( 'NONE', *, *, #1341, .T. ) ;
#5587 = LINE ( 'NONE', #7026, #4339 ) ;
#5588 = PLANE ( 'NONE',  #673 ) ;
#5589 = VERTEX_POINT ( 'NONE', #3572 ) ;
#5590 = EDGE_CURVE ( 'NONE', #5269, #7432, #5096, .T. ) ;
#5591 = CARTESIAN_POINT ( 'NONE',  ( 0.7500000000000002220, -0.7999999999999997113, 5.000000000000000888 ) ) ;
#5592 = FILL_AREA_STYLE_COLOUR ( '', #4127 ) ;
#5593 =( LENGTH_UNIT ( ) NAMED_UNIT ( * ) SI_UNIT ( .MILLI., .METRE. ) );
#5594 = FILL_AREA_STYLE ('',( #5413 ) ) ;
#5595 = EDGE_CURVE ( 'NONE', #3732, #684, #2738, .T. ) ;
#5596 = LINE ( 'NONE', #909, #6843 ) ;
#5597 = ADVANCED_FACE ( 'NONE', ( #4228 ), #4952, .F. ) ;
#5598 = DIRECTION ( 'NONE',  ( 0.0000000000000000000, 0.0000000000000000000, 1.000000000000000000 ) ) ;
#5599 = LINE ( 'NONE', #7635, #2963 ) ;
#5600 = CARTESIAN_POINT ( 'NONE',  ( -0.2347110816752177032, 0.2923902556617348769, 0.01000000000000000021 ) ) ;
#5601 = DIRECTION ( 'NONE',  ( 0.0000000000000000000, -1.000000000000000000, 0.0000000000000000000 ) ) ;
#5602 = CARTESIAN_POINT ( 'NONE',  ( -4.950000000000000178, -0.2599999999999966782, 4.000000000000000000 ) ) ;
#5603 = DIRECTION ( 'NONE',  ( -0.0000000000000000000, -0.0000000000000000000, 1.000000000000000000 ) ) ;
#5604 = ORIENTED_EDGE ( 'NONE', *, *, #4052, .F. ) ;
#5605 = PRESENTATION_STYLE_ASSIGNMENT (( #5377 ) ) ;
#5606 = EDGE_CURVE ( 'NONE', #3282, #7663, #6820, .T. ) ;
#5607 = SURFACE_STYLE_USAGE ( .BOTH. , #4989 ) ;
#5608 = DIRECTION ( 'NONE',  ( -1.000000000000000000, 0.0000000000000000000, 0.0000000000000000000 ) ) ;
#5609 = ADVANCED_FACE ( 'NONE', ( #2328 ), #5654, .F. ) ;
#5610 = CARTESIAN_POINT ( 'NONE',  ( -0.1844001890366325780, 0.3438384658733740773, 0.01000000000000000021 ) ) ;
#5611 = LINE ( 'NONE', #7182, #2780 ) ;
#5612 = VECTOR ( 'NONE', #4557, 1000.000000000000000 ) ;
#5613 = CARTESIAN_POINT ( 'NONE',  ( -0.8500000000000000888, -0.7999999999999997113, -3.399999999999999911 ) ) ;
#5614 = CARTESIAN_POINT ( 'NONE',  ( -0.4074770262310938862, 0.4564585410051049119, 0.01000000000000000021 ) ) ;
#5615 = EDGE_LOOP ( 'NONE', ( #1481, #5440, #3857, #2791 ) ) ;
#5616 = STYLED_ITEM ( 'NONE', ( #1145 ), #682 ) ;
#5617 =( GEOMETRIC_REPRESENTATION_CONTEXT ( 3 ) GLOBAL_UNCERTAINTY_ASSIGNED_CONTEXT ( ( #2214 ) ) GLOBAL_UNIT_ASSIGNED_CONTEXT ( ( #5731, #3267, #1364 ) ) REPRESENTATION_CONTEXT ( 'NONE', 'WORKASPACE' ) );
#5618 = CARTESIAN_POINT ( 'NONE',  ( 4.450000000000001066, 1.749999999999999778, 1.000000000000000000 ) ) ;
#5619 = VECTOR ( 'NONE', #7403, 1000.000000000000000 ) ;
#5620 = LINE ( 'NONE', #6014, #50 ) ;
#5621 = ORIENTED_EDGE ( 'NONE', *, *, #5952, .T. ) ;
#5622 = DIRECTION ( 'NONE',  ( 1.000000000000000000, -0.0000000000000000000, -0.0000000000000000000 ) ) ;
#5623 = CARTESIAN_POINT ( 'NONE',  ( 0.1907455667172799629, 0.3285490897922595521, 0.01000000000000000021 ) ) ;
#5624 = EDGE_LOOP ( 'NONE', ( #6161, #3488, #4610, #4855 ) ) ;
#5625 =( LENGTH_UNIT ( ) NAMED_UNIT ( * ) SI_UNIT ( .MILLI., .METRE. ) );
#5626 = DIRECTION ( 'NONE',  ( 0.9486832980505155444, 0.0000000000000000000, -0.3162277660168330562 ) ) ;
#5627 = PRESENTATION_STYLE_ASSIGNMENT (( #2514 ) ) ;
#5628 = VERTEX_POINT ( 'NONE', #731 ) ;
#5629 = AXIS2_PLACEMENT_3D ( 'NONE', #5097, #3201, #490 ) ;
#5630 = EDGE_LOOP ( 'NONE', ( #7640, #3010, #438, #3602 ) ) ;
#5631 =( GEOMETRIC_REPRESENTATION_CONTEXT ( 3 ) GLOBAL_UNCERTAINTY_ASSIGNED_CONTEXT ( ( #7800 ) ) GLOBAL_UNIT_ASSIGNED_CONTEXT ( ( #5836, #7113, #5282 ) ) REPRESENTATION_CONTEXT ( 'NONE', 'WORKASPACE' ) );
#5632 = PLANE ( 'NONE',  #2642 ) ;
#5633 = ORIENTED_EDGE ( 'NONE', *, *, #3074, .T. ) ;
#5634 = PRESENTATION_LAYER_ASSIGNMENT (  '', '', ( #4806 ) ) ;
#5635 = FILL_AREA_STYLE ('',( #6840 ) ) ;
#5636 = VECTOR ( 'NONE', #5257, 1000.000000000000000 ) ;
#5637 = ORIENTED_EDGE ( 'NONE', *, *, #2284, .T. ) ;
#5638 = LINE ( 'NONE', #6062, #6692 ) ;
#5639 = VERTEX_POINT ( 'NONE', #6242 ) ;
#5640 = CARTESIAN_POINT ( 'NONE',  ( 0.2537701977118715924, 0.3106093143829819492, 0.01000000000000000021 ) ) ;
#5641 = CARTESIAN_POINT ( 'NONE',  ( 2.750000000000000444, -0.7999999999999997113, -3.099999999999996980 ) ) ;
#5642 = ORIENTED_EDGE ( 'NONE', *, *, #6783, .T. ) ;
#5643 =( NAMED_UNIT ( * ) SI_UNIT ( $, .STERADIAN. ) SOLID_ANGLE_UNIT ( ) );
#5644 = EDGE_CURVE ( 'NONE', #7302, #7444, #479, .T. ) ;
#5645 = CARTESIAN_POINT ( 'NONE',  ( 0.02047785974385531865, 0.4599970024587397566, 0.0000000000000000000 ) ) ;
#5646 = EDGE_LOOP ( 'NONE', ( #6032, #5661, #925, #6980 ) ) ;
#5647 = DIRECTION ( 'NONE',  ( 1.000000000000000000, -0.0000000000000000000, -0.0000000000000000000 ) ) ;
#5648 = CARTESIAN_POINT ( 'NONE',  ( 0.2357500332999890591, 0.3392939505753960194, 0.01000000000000000021 ) ) ;
#5649 = DIRECTION ( 'NONE',  ( 1.000000000000000000, 0.0000000000000000000, 0.0000000000000000000 ) ) ;
#5650 = STYLED_ITEM ( 'NONE', ( #5329 ), #414 ) ;
#5651 = ORIENTED_EDGE ( 'NONE', *, *, #4981, .T. ) ;
#5652 = DIRECTION ( 'NONE',  ( 0.0000000000000000000, 0.0000000000000000000, -1.000000000000000000 ) ) ;
#5653 = CARTESIAN_POINT ( 'NONE',  ( -0.2669459207439496828, 0.5990213927026423191, 0.01000000000000000021 ) ) ;
#5654 = PLANE ( 'NONE',  #1312 ) ;
#5655 = ORIENTED_EDGE ( 'NONE', *, *, #4923, .T. ) ;
#5656 = UNCERTAINTY_MEASURE_WITH_UNIT (LENGTH_MEASURE( 1.000000000000000082E-05 ), #7037, 'distance_accuracy_value', 'NONE');
#5657 = EDGE_CURVE ( 'NONE', #7475, #7750, #5849, .T. ) ;
#5658 =( LENGTH_UNIT ( ) NAMED_UNIT ( * ) SI_UNIT ( .MILLI., .METRE. ) );
#5659 = ORIENTED_EDGE ( 'NONE', *, *, #3442, .F. ) ;
#5660 = DIRECTION ( 'NONE',  ( 0.0000000000000000000, 1.000000000000000000, 0.0000000000000000000 ) ) ;
#5661 = ORIENTED_EDGE ( 'NONE', *, *, #7737, .F. ) ;
#5662 = PRESENTATION_STYLE_ASSIGNMENT (( #4909 ) ) ;
#5663 = MECHANICAL_DESIGN_GEOMETRIC_PRESENTATION_REPRESENTATION (  '', ( #3734 ), #716 ) ;
#5664 = SURFACE_SIDE_STYLE ('',( #6483 ) ) ;
#5665 = VECTOR ( 'NONE', #6768, 1000.000000000000000 ) ;
#5666 = FILL_AREA_STYLE ('',( #5049 ) ) ;
#5667 = FILL_AREA_STYLE ('',( #3737 ) ) ;
#5668 = SURFACE_STYLE_FILL_AREA ( #3283 ) ;
#5669 = ORIENTED_EDGE ( 'NONE', *, *, #6834, .F. ) ;
#5670 = CARTESIAN_POINT ( 'NONE',  ( -0.2838673539944090440, 0.5642856569160581426, 0.0000000000000000000 ) ) ;
#5671 = LINE ( 'NONE', #439, #3922 ) ;
#5672 = ORIENTED_EDGE ( 'NONE', *, *, #5310, .T. ) ;
#5673 = CARTESIAN_POINT ( 'NONE',  ( 0.2947699911576864285, 0.4378511254661794361, 0.01000000000000000021 ) ) ;
#5674 = CARTESIAN_POINT ( 'NONE',  ( -4.052040639368925667, -1.749999999999999778, 2.116552042568997649 ) ) ;
#5675 =( NAMED_UNIT ( * ) PLANE_ANGLE_UNIT ( ) SI_UNIT ( $, .RADIAN. ) );
#5676 = STYLED_ITEM ( 'NONE', ( #4644 ), #7332 ) ;
#5677 = UNCERTAINTY_MEASURE_WITH_UNIT (LENGTH_MEASURE( 1.000000000000000082E-05 ), #4760, 'distance_accuracy_value', 'NONE');
#5678 = CARTESIAN_POINT ( 'NONE',  ( -2.000000000000000000, -0.7999999999999997113, 1.000000000000000000 ) ) ;
#5679 = CARTESIAN_POINT ( 'NONE',  ( 0.3570632255975138003, 0.5953628561172763511, 0.0000000000000000000 ) ) ;
#5680 = PRESENTATION_STYLE_ASSIGNMENT (( #6900 ) ) ;
#5681 = CARTESIAN_POINT ( 'NONE',  ( -0.1928860683408610555, 0.5844979355090283990, 0.0000000000000000000 ) ) ;
#5682 = LINE ( 'NONE', #4233, #1989 ) ;
#5683 = MECHANICAL_DESIGN_GEOMETRIC_PRESENTATION_REPRESENTATION (  '', ( #1524 ), #4189 ) ;
#5684 = CARTESIAN_POINT ( 'NONE',  ( 4.950000000000000178, -2.000000000000000444, 6.000000000000000000 ) ) ;
#5685 =( GEOMETRIC_REPRESENTATION_CONTEXT ( 3 ) GLOBAL_UNCERTAINTY_ASSIGNED_CONTEXT ( ( #6766 ) ) GLOBAL_UNIT_ASSIGNED_CONTEXT ( ( #3192, #5700, #1983 ) ) REPRESENTATION_CONTEXT ( 'NONE', 'WORKASPACE' ) );
#5686 = EDGE_CURVE ( 'NONE', #17, #327, #3512, .T. ) ;
#5687 = CARTESIAN_POINT ( 'NONE',  ( -0.08561970123175441372, 0.3282896853855690189, 0.0000000000000000000 ) ) ;
#5688 = PRESENTATION_STYLE_ASSIGNMENT (( #998 ) ) ;
#5689 = CARTESIAN_POINT ( 'NONE',  ( -2.000000000000000000, -0.4000000000000000222, -3.399999999999999911 ) ) ;
#5690 = DIRECTION ( 'NONE',  ( 0.0000000000000000000, 1.000000000000000000, 0.0000000000000000000 ) ) ;
#5691 = CARTESIAN_POINT ( 'NONE',  ( 4.052040639368927444, -1.749999999999999778, 3.912701290971654089 ) ) ;
#5692 = DIRECTION ( 'NONE',  ( 0.9486832980505145452, 0.0000000000000000000, -0.3162277660168359428 ) ) ;
#5693 = CIRCLE ( 'NONE', #6516, 0.2500000000000002220 ) ;
#5694 = AXIS2_PLACEMENT_3D ( 'NONE', #812, #282, #860 ) ;
#5695 = LINE ( 'NONE', #5798, #2658 ) ;
#5696 = VERTEX_POINT ( 'NONE', #6919 ) ;
#5697 = CARTESIAN_POINT ( 'NONE',  ( 0.7500000000000002220, -0.7999999999999997113, 4.699999999999997513 ) ) ;
#5698 = CARTESIAN_POINT ( 'NONE',  ( 0.5107217621828796794, 0.2953628561172763622, 0.0000000000000000000 ) ) ;
#5699 = EDGE_CURVE ( 'NONE', #4950, #7609, #7271, .T. ) ;
#5700 =( NAMED_UNIT ( * ) PLANE_ANGLE_UNIT ( ) SI_UNIT ( $, .RADIAN. ) );
#5701 = COLOUR_RGB ( '',1.000000000000000000, 1.000000000000000000, 1.000000000000000000 ) ;
#5702 = VECTOR ( 'NONE', #3262, 1000.000000000000000 ) ;
#5703 = CARTESIAN_POINT ( 'NONE',  ( -0.2321877772008160701, 0.5964828947189113606, 0.01000000000000000021 ) ) ;
#5704 = CARTESIAN_POINT ( 'NONE',  ( -0.3224153060279746352, 0.5483368076113085410, 0.0000000000000000000 ) ) ;
#5705 = ORIENTED_EDGE ( 'NONE', *, *, #880, .T. ) ;
#5706 = CARTESIAN_POINT ( 'NONE',  ( 3.250000000000000444, -0.2999999999999997669, 4.699999999999997513 ) ) ;
#5707 = PRODUCT_DEFINITION_SHAPE ( 'NONE', 'NONE',  #5333 ) ;
#5708 = CARTESIAN_POINT ( 'NONE',  ( 4.950000000000000178, -1.849999999999999867, 0.5000000000000000000 ) ) ;
#5709 = CARTESIAN_POINT ( 'NONE',  ( -0.1844001890366325780, 0.5468872463611789136, 0.0000000000000000000 ) ) ;
#5710 = LINE ( 'NONE', #5698, #2580 ) ;
#5711 = CARTESIAN_POINT ( 'NONE',  ( -4.052040639368925667, -1.749999999999999778, 3.912701290971654089 ) ) ;
#5712 = EDGE_CURVE ( 'NONE', #2439, #7810, #104, .T. ) ;
#5713 = FILL_AREA_STYLE ('',( #138 ) ) ;
#5714 = ORIENTED_EDGE ( 'NONE', *, *, #5233, .F. ) ;
#5715 = CARTESIAN_POINT ( 'NONE',  ( -0.3112765893882712409, 0.5935560238945400968, 0.01000000000000000021 ) ) ;
#5716 = ORIENTED_EDGE ( 'NONE', *, *, #3659, .T. ) ;
#5717 = CARTESIAN_POINT ( 'NONE',  ( 0.0000000000000000000, -0.3999999999999991340, 5.000000000000000888 ) ) ;
#5718 = ORIENTED_EDGE ( 'NONE', *, *, #4104, .F. ) ;
#5719 = DIRECTION ( 'NONE',  ( -0.0000000000000000000, 0.0000000000000000000, 1.000000000000000000 ) ) ;
#5720 = STYLED_ITEM ( 'NONE', ( #499 ), #1112 ) ;
#5721 = VERTEX_POINT ( 'NONE', #3789 ) ;
#5722 =( GEOMETRIC_REPRESENTATION_CONTEXT ( 3 ) GLOBAL_UNCERTAINTY_ASSIGNED_CONTEXT ( ( #4697 ) ) GLOBAL_UNIT_ASSIGNED_CONTEXT ( ( #195, #1998, #6314 ) ) REPRESENTATION_CONTEXT ( 'NONE', 'WORKASPACE' ) );
#5723 = CARTESIAN_POINT ( 'NONE',  ( 1.250000000000000222, -0.7999999999999997113, 5.000000000000000888 ) ) ;
#5724 = ORIENTED_EDGE ( 'NONE', *, *, #246, .F. ) ;
#5725 = EDGE_CURVE ( 'NONE', #6769, #553, #949, .T. ) ;
#5726 = CARTESIAN_POINT ( 'NONE',  ( -4.950000000000000178, -0.6499999999999993561, 4.390000000000003233 ) ) ;
#5727 = CARTESIAN_POINT ( 'NONE',  ( -4.000000000000000000, 0.0000000000000000000, 5.000000000000000888 ) ) ;
#5728 = EDGE_LOOP ( 'NONE', ( #7930, #6236, #3470, #5471 ) ) ;
#5729 = MECHANICAL_DESIGN_GEOMETRIC_PRESENTATION_REPRESENTATION (  '', ( #7761 ), #3957 ) ;
#5730 = FILL_AREA_STYLE ('',( #7794 ) ) ;
#5731 =( LENGTH_UNIT ( ) NAMED_UNIT ( * ) SI_UNIT ( .MILLI., .METRE. ) );
#5732 = LINE ( 'NONE', #7383, #261 ) ;
#5733 = VERTEX_POINT ( 'NONE', #2455 ) ;
#5734 = PRESENTATION_LAYER_ASSIGNMENT (  '', '', ( #7367 ) ) ;
#5735 = CARTESIAN_POINT ( 'NONE',  ( 3.250000000000000444, -0.7999999999999997113, -3.099999999999996980 ) ) ;
#5736 =( GEOMETRIC_REPRESENTATION_CONTEXT ( 3 ) GLOBAL_UNCERTAINTY_ASSIGNED_CONTEXT ( ( #5030 ) ) GLOBAL_UNIT_ASSIGNED_CONTEXT ( ( #5286, #1557, #6601 ) ) REPRESENTATION_CONTEXT ( 'NONE', 'WORKASPACE' ) );
#5737 = DIRECTION ( 'NONE',  ( 0.0000000000000000000, -1.000000000000000000, 0.0000000000000000000 ) ) ;
#5738 = DIRECTION ( 'NONE',  ( -0.0000000000000000000, 0.0000000000000000000, 1.000000000000000000 ) ) ;
#5739 = ORIENTED_EDGE ( 'NONE', *, *, #4039, .T. ) ;
#5740 = DIRECTION ( 'NONE',  ( 0.0000000000000000000, 1.000000000000000000, 0.0000000000000000000 ) ) ;
#5741 =( NAMED_UNIT ( * ) PLANE_ANGLE_UNIT ( ) SI_UNIT ( $, .RADIAN. ) );
#5742 = ORIENTED_EDGE ( 'NONE', *, *, #3275, .T. ) ;
#5743 = LINE ( 'NONE', #1522, #2309 ) ;
#5744 = EDGE_CURVE ( 'NONE', #6609, #735, #5472, .T. ) ;
#5745 = DIRECTION ( 'NONE',  ( 0.0000000000000000000, 1.000000000000000000, 0.0000000000000000000 ) ) ;
#5746 = ORIENTED_EDGE ( 'NONE', *, *, #6409, .T. ) ;
#5747 =( NAMED_UNIT ( * ) PLANE_ANGLE_UNIT ( ) SI_UNIT ( $, .RADIAN. ) );
#5748 = EDGE_CURVE ( 'NONE', #3282, #2515, #4011, .T. ) ;
#5749 = VERTEX_POINT ( 'NONE', #4932 ) ;
#5750 = CARTESIAN_POINT ( 'NONE',  ( -0.2515104540202179328, 0.2917293228625931212, 0.01000000000000000021 ) ) ;
#5751 = ORIENTED_EDGE ( 'NONE', *, *, #1540, .F. ) ;
#5752 = CARTESIAN_POINT ( 'NONE',  ( -4.450000000000000178, 0.1500000000000004663, 4.390000000000003233 ) ) ;
#5753 = VECTOR ( 'NONE', #6152, 1000.000000000000000 ) ;
#5754 = LINE ( 'NONE', #1251, #3405 ) ;
#5755 = ADVANCED_FACE ( 'NONE', ( #4797 ), #3119, .F. ) ;
#5756 = EDGE_LOOP ( 'NONE', ( #6517, #3191, #4103, #5238 ) ) ;
#5757 = EDGE_CURVE ( 'NONE', #1879, #4087, #6435, .T. ) ;
#5758 = ORIENTED_EDGE ( 'NONE', *, *, #2248, .F. ) ;
#5759 = CARTESIAN_POINT ( 'NONE',  ( 0.2948681036462944549, 0.4424474597758129568, 0.01000000000000000021 ) ) ;
#5760 = DIRECTION ( 'NONE',  ( 0.3015113445777592993, -0.3015113445777592993, 0.9045340337332937741 ) ) ;
#5761 = DIRECTION ( 'NONE',  ( 0.0000000000000000000, 0.0000000000000000000, -1.000000000000000000 ) ) ;
#5762 = VECTOR ( 'NONE', #2997, 1000.000000000000000 ) ;
#5763 = ORIENTED_EDGE ( 'NONE', *, *, #6108, .T. ) ;
#5764 =( GEOMETRIC_REPRESENTATION_CONTEXT ( 3 ) GLOBAL_UNCERTAINTY_ASSIGNED_CONTEXT ( ( #5677 ) ) GLOBAL_UNIT_ASSIGNED_CONTEXT ( ( #4760, #1067, #2279 ) ) REPRESENTATION_CONTEXT ( 'NONE', 'WORKASPACE' ) );
#5765 = DIRECTION ( 'NONE',  ( -1.000000000000000000, 0.0000000000000000000, 0.0000000000000000000 ) ) ;
#5766 = UNCERTAINTY_MEASURE_WITH_UNIT (LENGTH_MEASURE( 1.000000000000000082E-05 ), #4808, 'distance_accuracy_value', 'NONE');
#5767 = PLANE ( 'NONE',  #2072 ) ;
#5768 = LINE ( 'NONE', #7091, #4133 ) ;
#5769 = ORIENTED_EDGE ( 'NONE', *, *, #780, .F. ) ;
#5770 = CARTESIAN_POINT ( 'NONE',  ( -0.2251868985368068732, 0.2932553682771826264, 0.01000000000000000021 ) ) ;
#5771 = DIRECTION ( 'NONE',  ( -0.3222024856061132536, 0.9466707760722532505, 0.0000000000000000000 ) ) ;
#5772 = MECHANICAL_DESIGN_GEOMETRIC_PRESENTATION_REPRESENTATION (  '', ( #5935 ), #6342 ) ;
#5773 =( LENGTH_UNIT ( ) NAMED_UNIT ( * ) SI_UNIT ( .MILLI., .METRE. ) );
#5774 = UNCERTAINTY_MEASURE_WITH_UNIT (LENGTH_MEASURE( 1.000000000000000082E-05 ), #3765, 'distance_accuracy_value', 'NONE');
#5775 = ORIENTED_EDGE ( 'NONE', *, *, #2974, .T. ) ;
#5776 = CARTESIAN_POINT ( 'NONE',  ( -4.950000000000000178, 2.250000000000000000, 0.0000000000000000000 ) ) ;
#5777 = CARTESIAN_POINT ( 'NONE',  ( -0.7499999999999997780, -0.7999999999999997113, 4.699999999999997513 ) ) ;
#5778 = PLANE ( 'NONE',  #5893 ) ;
#5779 = CARTESIAN_POINT ( 'NONE',  ( -2.000000000000000000, -1.749999999999999778, 5.799999999999999822 ) ) ;
#5780 = CARTESIAN_POINT ( 'NONE',  ( -0.1916567793017142363, 0.3006489534587448165, 0.01000000000000000021 ) ) ;
#5781 = SURFACE_SIDE_STYLE ('',( #4253 ) ) ;
#5782 = VECTOR ( 'NONE', #3309, 1000.000000000000000 ) ;
#5783 = CARTESIAN_POINT ( 'NONE',  ( -0.2321877772008160701, 0.5964828947189113606, 0.01000000000000000021 ) ) ;
#5784 = LINE ( 'NONE', #4296, #3536 ) ;
#5785 = STYLED_ITEM ( 'NONE', ( #7066 ), #3845 ) ;
#5786 = CARTESIAN_POINT ( 'NONE',  ( -0.3245825436581721291, 0.5891804209091522360, 0.01000000000000000021 ) ) ;
#5787 = LINE ( 'NONE', #6370, #2464 ) ;
#5788 = EDGE_CURVE ( 'NONE', #5368, #6707, #7711, .T. ) ;
#5789 = SURFACE_SIDE_STYLE ('',( #2371 ) ) ;
#5790 = ORIENTED_EDGE ( 'NONE', *, *, #2921, .T. ) ;
#5791 = PLANE ( 'NONE',  #4299 ) ;
#5792 = DIRECTION ( 'NONE',  ( 0.0000000000000000000, 0.0000000000000000000, 1.000000000000000000 ) ) ;
#5793 = STYLED_ITEM ( 'NONE', ( #3752 ), #455 ) ;
#5794 = VECTOR ( 'NONE', #5245, 1000.000000000000000 ) ;
#5795 = CARTESIAN_POINT ( 'NONE',  ( 0.2931418193936758398, 0.4690971224411309981, 0.0000000000000000000 ) ) ;
#5796 = ORIENTED_EDGE ( 'NONE', *, *, #6219, .F. ) ;
#5797 = EDGE_CURVE ( 'NONE', #5269, #2885, #561, .T. ) ;
#5798 = CARTESIAN_POINT ( 'NONE',  ( 0.7500000000000002220, -0.7999999999999997113, 5.000000000000000888 ) ) ;
#5799 = CARTESIAN_POINT ( 'NONE',  ( -4.950000000000000178, 2.000000000000000000, 6.000000000000000000 ) ) ;
#5800 = SURFACE_STYLE_USAGE ( .BOTH. , #3342 ) ;
#5801 = ORIENTED_EDGE ( 'NONE', *, *, #7737, .T. ) ;
#5802 = ORIENTED_EDGE ( 'NONE', *, *, #3, .F. ) ;
#5803 = DIRECTION ( 'NONE',  ( 0.0000000000000000000, 0.0000000000000000000, -1.000000000000000000 ) ) ;
#5804 = DIRECTION ( 'NONE',  ( -1.000000000000000000, -0.0000000000000000000, -0.0000000000000000000 ) ) ;
#5805 = ORIENTED_EDGE ( 'NONE', *, *, #7134, .F. ) ;
#5806 = DIRECTION ( 'NONE',  ( 0.3635424856527064708, 0.9315776194850602376, 0.0000000000000000000 ) ) ;
#5807 =( GEOMETRIC_REPRESENTATION_CONTEXT ( 3 ) GLOBAL_UNCERTAINTY_ASSIGNED_CONTEXT ( ( #598 ) ) GLOBAL_UNIT_ASSIGNED_CONTEXT ( ( #6269, #2543, #2623 ) ) REPRESENTATION_CONTEXT ( 'NONE', 'WORKASPACE' ) );
#5808 = VECTOR ( 'NONE', #6641, 1000.000000000000114 ) ;
#5809 = PRESENTATION_STYLE_ASSIGNMENT (( #6233 ) ) ;
#5810 = ORIENTED_EDGE ( 'NONE', *, *, #3184, .T. ) ;
#5811 = CARTESIAN_POINT ( 'NONE',  ( 4.950000000000000178, 0.1500000000000004663, 4.390000000000003233 ) ) ;
#5812 = CARTESIAN_POINT ( 'NONE',  ( 0.4859337530741737465, 0.3486706711500602851, 0.01000000000000000021 ) ) ;
#5813 = CARTESIAN_POINT ( 'NONE',  ( -0.3370410084134722872, 0.5834351084271011123, 0.0000000000000000000 ) ) ;
#5814 = ORIENTED_EDGE ( 'NONE', *, *, #4883, .T. ) ;
#5815 =( NAMED_UNIT ( * ) PLANE_ANGLE_UNIT ( ) SI_UNIT ( $, .RADIAN. ) );
#5816 = CARTESIAN_POINT ( 'NONE',  ( -4.450000000000000178, -0.2599999999999966782, 4.000000000000000000 ) ) ;
#5817 = CYLINDRICAL_SURFACE ( 'NONE', #4346, 0.2500000000000002220 ) ;
#5818 = MECHANICAL_DESIGN_GEOMETRIC_PRESENTATION_REPRESENTATION (  '', ( #6438 ), #4890 ) ;
#5819 = VERTEX_POINT ( 'NONE', #3855 ) ;
#5820 =( GEOMETRIC_REPRESENTATION_CONTEXT ( 3 ) GLOBAL_UNCERTAINTY_ASSIGNED_CONTEXT ( ( #168 ) ) GLOBAL_UNIT_ASSIGNED_CONTEXT ( ( #7613, #5224, #1504 ) ) REPRESENTATION_CONTEXT ( 'NONE', 'WORKASPACE' ) );
#5821 = ORIENTED_EDGE ( 'NONE', *, *, #201, .T. ) ;
#5822 =( NAMED_UNIT ( * ) PLANE_ANGLE_UNIT ( ) SI_UNIT ( $, .RADIAN. ) );
#5823 = EDGE_CURVE ( 'NONE', #5356, #7637, #1968, .T. ) ;
#5824 = CARTESIAN_POINT ( 'NONE',  ( 0.2872831423759922842, 0.4928961995788250783, 0.009999999999999995004 ) ) ;
#5825 = VECTOR ( 'NONE', #4236, 1000.000000000000000 ) ;
#5826 = ORIENTED_EDGE ( 'NONE', *, *, #2341, .F. ) ;
#5827 = CARTESIAN_POINT ( 'NONE',  ( -0.08561970123175441372, 0.3282896853855690189, 0.0000000000000000000 ) ) ;
#5828 = CARTESIAN_POINT ( 'NONE',  ( -2.750000000000000000, -0.7999999999999997113, 5.000000000000000888 ) ) ;
#5829 = SURFACE_STYLE_FILL_AREA ( #4986 ) ;
#5830 = ORIENTED_EDGE ( 'NONE', *, *, #7313, .F. ) ;
#5831 = AXIS2_PLACEMENT_3D ( 'NONE', #5256, #4684, #5343 ) ;
#5832 = B_SPLINE_CURVE_WITH_KNOTS ( 'NONE', 3,
 ( #6637, #2914, #3529, #6041, #6663, #4851, #2347 ),
 .UNSPECIFIED., .F., .F.,
 ( 4, 1, 1, 1, 4 ),
 ( 0.0000000000000000000, 0.1744817153170496182, 0.3982857591281114273, 0.6738978473986654283, 1.000000000000000000 ),
 .UNSPECIFIED. ) ;
#5833 = CARTESIAN_POINT ( 'NONE',  ( -0.2614009512317545525, 0.5660945634343496069, 0.01000000000000000021 ) ) ;
#5834 = ADVANCED_FACE ( 'NONE', ( #5089 ), #2753, .F. ) ;
#5835 = COLOUR_RGB ( '',1.000000000000000000, 1.000000000000000000, 1.000000000000000000 ) ;
#5836 =( LENGTH_UNIT ( ) NAMED_UNIT ( * ) SI_UNIT ( .MILLI., .METRE. ) );
#5837 = ORIENTED_EDGE ( 'NONE', *, *, #664, .T. ) ;
#5838 = CARTESIAN_POINT ( 'NONE',  ( 2.000000000000000000, -1.749999999999999778, 6.000000000000000000 ) ) ;
#5839 = VECTOR ( 'NONE', #3454, 1000.000000000000000 ) ;
#5840 = EDGE_LOOP ( 'NONE', ( #5746, #2476, #3314, #584 ) ) ;
#5841 = ADVANCED_FACE ( 'NONE', ( #1307 ), #7138, .T. ) ;
#5842 = CARTESIAN_POINT ( 'NONE',  ( -0.3486985542262592275, 0.5763988482645292510, 0.0000000000000000000 ) ) ;
#5843 = EDGE_CURVE ( 'NONE', #4840, #6286, #2721, .T. ) ;
#5844 = EDGE_LOOP ( 'NONE', ( #775, #5354, #6801, #618, #6374, #7082 ) ) ;
#5845 = CARTESIAN_POINT ( 'NONE',  ( 0.2454431694271002051, 0.3442464878169683717, 0.0000000000000000000 ) ) ;
#5846 = CARTESIAN_POINT ( 'NONE',  ( -0.4072932845747735953, 0.4670969751092826083, 0.0000000000000000000 ) ) ;
#5847 = ORIENTED_EDGE ( 'NONE', *, *, #7217, .T. ) ;
#5848 = EDGE_CURVE ( 'NONE', #7230, #1924, #2690, .T. ) ;
#5849 = LINE ( 'NONE', #1339, #1049 ) ;
#5850 = CARTESIAN_POINT ( 'NONE',  ( 0.3347551549196101095, 0.4583638879099980468, 0.0000000000000000000 ) ) ;
#5851 = CARTESIAN_POINT ( 'NONE',  ( -4.449999999999999289, -1.749999999999999778, 1.000000000000000000 ) ) ;
#5852 = LINE ( 'NONE', #2527, #1394 ) ;
#5853 = VERTEX_POINT ( 'NONE', #4082 ) ;
#5854 = DIRECTION ( 'NONE',  ( 0.3015113445777592993, -0.3015113445777592993, -0.9045340337332937741 ) ) ;
#5855 = DIRECTION ( 'NONE',  ( 0.0000000000000000000, 1.000000000000000000, 0.0000000000000000000 ) ) ;
#5856 = SURFACE_STYLE_FILL_AREA ( #3702 ) ;
#5857 = EDGE_CURVE ( 'NONE', #1082, #4495, #184, .T. ) ;
#5858 = APPLICATION_CONTEXT ( 'automotive_design' ) ;
#5859 = LINE ( 'NONE', #5555, #7200 ) ;
#5860 = DIRECTION ( 'NONE',  ( 0.0000000000000000000, 0.0000000000000000000, 1.000000000000000000 ) ) ;
#5861 = CARTESIAN_POINT ( 'NONE',  ( 0.3570632255975138003, 0.5953628561172763511, 0.01000000000000000021 ) ) ;
#5862 = DIRECTION ( 'NONE',  ( 0.0000000000000000000, 0.0000000000000000000, -1.000000000000000000 ) ) ;
#5863 = CARTESIAN_POINT ( 'NONE',  ( -0.3655932038777682802, 0.4217264800544878733, 0.0000000000000000000 ) ) ;
#5864 = CARTESIAN_POINT ( 'NONE',  ( 4.650000000000003020, 0.1500000000000002720, 6.000000000000000000 ) ) ;
#5865 =( NAMED_UNIT ( * ) SI_UNIT ( $, .STERADIAN. ) SOLID_ANGLE_UNIT ( ) );
#5866 = STYLED_ITEM ( 'NONE', ( #7029 ), #569 ) ;
#5867 = UNCERTAINTY_MEASURE_WITH_UNIT (LENGTH_MEASURE( 1.000000000000000082E-05 ), #4983, 'distance_accuracy_value', 'NONE');
#5868 = STYLED_ITEM ( 'NONE', ( #2839 ), #5597 ) ;
#5869 = CARTESIAN_POINT ( 'NONE',  ( 3.250000000000000444, -0.2999999999999997669, 5.000000000000000888 ) ) ;
#5870 = CARTESIAN_POINT ( 'NONE',  ( 0.2029436194907465740, 0.3298854478428483450, 0.0000000000000000000 ) ) ;
#5871 = CARTESIAN_POINT ( 'NONE',  ( -0.2587205549229237289, 0.3247179621092122770, 0.01000000000000000021 ) ) ;
#5872 = ADVANCED_FACE ( 'NONE', ( #1870 ), #4709, .T. ) ;
#5873 = SURFACE_STYLE_USAGE ( .BOTH. , #2579 ) ;
#5874 = ORIENTED_EDGE ( 'NONE', *, *, #7397, .T. ) ;
#5875 = PRESENTATION_LAYER_ASSIGNMENT (  '', '', ( #5475 ) ) ;
#5876 = CARTESIAN_POINT ( 'NONE',  ( 0.1764801463292212658, 0.5624360268489836390, 0.0000000000000000000 ) ) ;
#5877 = MECHANICAL_DESIGN_GEOMETRIC_PRESENTATION_REPRESENTATION (  '', ( #7367 ), #7764 ) ;
#5878 = ADVANCED_FACE ( 'NONE', ( #6425 ), #2923, .T. ) ;
#5879 = CARTESIAN_POINT ( 'NONE',  ( 0.1838209575254421413, 0.2954857345164334514, 0.01000000000000000021 ) ) ;
#5880 =( GEOMETRIC_REPRESENTATION_CONTEXT ( 3 ) GLOBAL_UNCERTAINTY_ASSIGNED_CONTEXT ( ( #745 ) ) GLOBAL_UNIT_ASSIGNED_CONTEXT ( ( #6958, #7476, #3129 ) ) REPRESENTATION_CONTEXT ( 'NONE', 'WORKASPACE' ) );
#5881 = VECTOR ( 'NONE', #2078, 1000.000000000000000 ) ;
#5882 = PRESENTATION_STYLE_ASSIGNMENT (( #4997 ) ) ;
#5883 = FACE_OUTER_BOUND ( 'NONE', #5630, .T. ) ;
#5884 = SURFACE_STYLE_USAGE ( .BOTH. , #313 ) ;
#5885 = ORIENTED_EDGE ( 'NONE', *, *, #697, .T. ) ;
#5886 = EDGE_LOOP ( 'NONE', ( #3773, #4419, #3889, #5379 ) ) ;
#5887 = LINE ( 'NONE', #789, #2178 ) ;
#5888 = DIRECTION ( 'NONE',  ( 0.0000000000000000000, -1.000000000000000000, 0.0000000000000000000 ) ) ;
#5889 = CARTESIAN_POINT ( 'NONE',  ( -0.2433241999714204074, 0.5979289557349410922, 0.01000000000000000021 ) ) ;
#5890 =( NAMED_UNIT ( * ) PLANE_ANGLE_UNIT ( ) SI_UNIT ( $, .RADIAN. ) );
#5891 = DIRECTION ( 'NONE',  ( -0.0000000000000000000, 0.0000000000000000000, 1.000000000000000000 ) ) ;
#5892 = FACE_OUTER_BOUND ( 'NONE', #2915, .T. ) ;
#5893 = AXIS2_PLACEMENT_3D ( 'NONE', #258, #2057, #6396 ) ;
#5894 = DIRECTION ( 'NONE',  ( 0.0000000000000000000, -1.000000000000000000, 0.0000000000000000000 ) ) ;
#5895 = DIRECTION ( 'NONE',  ( 1.000000000000000000, -0.0000000000000000000, 0.0000000000000000000 ) ) ;
#5896 = EDGE_LOOP ( 'NONE', ( #1762, #5937, #6837, #448 ) ) ;
#5897 = EDGE_CURVE ( 'NONE', #5401, #4454, #2625, .T. ) ;
#5898 = CARTESIAN_POINT ( 'NONE',  ( 4.450000000000001066, 1.749999999999999778, 1.000000000000000000 ) ) ;
#5899 = LINE ( 'NONE', #1081, #6576 ) ;
#5900 = LINE ( 'NONE', #5027, #3259 ) ;
#5901 = SURFACE_SIDE_STYLE ('',( #3740 ) ) ;
#5902 = FILL_AREA_STYLE ('',( #7626 ) ) ;
#5903 = DIRECTION ( 'NONE',  ( -0.0000000000000000000, -1.000000000000000000, -0.0000000000000000000 ) ) ;
#5904 = VERTEX_POINT ( 'NONE', #510 ) ;
#5905 = PRESENTATION_STYLE_ASSIGNMENT (( #1417 ) ) ;
#5906 = CARTESIAN_POINT ( 'NONE',  ( -1.150000000000000355, 0.0000000000000000000, 5.000000000000000888 ) ) ;
#5907 = VECTOR ( 'NONE', #4783, 1000.000000000000000 ) ;
#5908 = ORIENTED_EDGE ( 'NONE', *, *, #595, .T. ) ;
#5909 = CARTESIAN_POINT ( 'NONE',  ( 0.1764801463292212658, 0.5624360268489836390, 0.009999999999999995004 ) ) ;
#5910 = EDGE_CURVE ( 'NONE', #2240, #5696, #4982, .T. ) ;
#5911 = DIRECTION ( 'NONE',  ( 0.0000000000000000000, 1.000000000000000000, 0.0000000000000000000 ) ) ;
#5912 = FILL_AREA_STYLE ('',( #5965 ) ) ;
#5913 = ORIENTED_EDGE ( 'NONE', *, *, #6828, .T. ) ;
#5914 = DIRECTION ( 'NONE',  ( -0.0000000000000000000, -1.000000000000000000, -0.0000000000000000000 ) ) ;
#5915 = PLANE ( 'NONE',  #6199 ) ;
#5916 = EDGE_LOOP ( 'NONE', ( #733, #3924, #3808, #98, #6478, #2047, #6177, #357 ) ) ;
#5917 = LINE ( 'NONE', #1344, #825 ) ;
#5918 = SURFACE_STYLE_USAGE ( .BOTH. , #367 ) ;
#5919 = EDGE_LOOP ( 'NONE', ( #537, #3217, #7738, #3969 ) ) ;
#5920 = PLANE ( 'NONE',  #4805 ) ;
#5921 = LINE ( 'NONE', #4288, #1554 ) ;
#5922 = CARTESIAN_POINT ( 'NONE',  ( 0.5535380731584893521, 0.5112165146538617533, 0.0000000000000000000 ) ) ;
#5923 = SURFACE_SIDE_STYLE ('',( #5185 ) ) ;
#5924 = EDGE_LOOP ( 'NONE', ( #1059, #2989, #218, #6875 ) ) ;
#5925 = CARTESIAN_POINT ( 'NONE',  ( -0.08561970123175441372, 0.5624360268489836390, 0.0000000000000000000 ) ) ;
#5926 = VERTEX_POINT ( 'NONE', #1187 ) ;
#5927 = LINE ( 'NONE', #6598, #7344 ) ;
#5928 = PRESENTATION_STYLE_ASSIGNMENT (( #1120 ) ) ;
#5929 = ORIENTED_EDGE ( 'NONE', *, *, #1065, .F. ) ;
#5930 = ADVANCED_FACE ( 'NONE', ( #658 ), #7343, .F. ) ;
#5931 = ORIENTED_EDGE ( 'NONE', *, *, #4089, .T. ) ;
#5932 = CARTESIAN_POINT ( 'NONE',  ( 0.1907455667172799629, 0.3285490897922595521, 0.0000000000000000000 ) ) ;
#5933 = CARTESIAN_POINT ( 'NONE',  ( 0.2945634807338304850, 0.4560289217037672427, 0.01000000000000000021 ) ) ;
#5934 = SURFACE_SIDE_STYLE ('',( #6004 ) ) ;
#5935 = STYLED_ITEM ( 'NONE', ( #185 ), #1780 ) ;
#5936 = LINE ( 'NONE', #4834, #933 ) ;
#5937 = ORIENTED_EDGE ( 'NONE', *, *, #2329, .T. ) ;
#5938 = STYLED_ITEM ( 'NONE', ( #4358 ), #7372 ) ;
#5939 = ORIENTED_EDGE ( 'NONE', *, *, #904, .T. ) ;
#5940 = FILL_AREA_STYLE ('',( #6476 ) ) ;
#5941 = DIRECTION ( 'NONE',  ( -0.0000000000000000000, -0.0000000000000000000, 1.000000000000000000 ) ) ;
#5942 = VECTOR ( 'NONE', #260, 1000.000000000000000 ) ;
#5943 = VERTEX_POINT ( 'NONE', #1662 ) ;
#5944 = B_SPLINE_CURVE_WITH_KNOTS ( 'NONE', 3,
 ( #1567, #6443, #7599, #355, #3921, #7025, #6470, #960, #3305, #2709, #299, #7050, #3331, #2146, #1513, #7650, #5846, #2740, #7673 ),
 .UNSPECIFIED., .F., .F.,
 ( 4, 1, 1, 1, 1, 1, 1, 1, 1, 1, 1, 1, 1, 1, 1, 1, 4 ),
 ( 0.0000000000000000000, 0.06783841660733061496, 0.1326656434087701009, 0.1950657447946822776, 0.2555234309514929358, 0.3148483309060614577, 0.3734407740129910835, 0.4325871886461008509, 0.4922968904792611733, 0.5525421068354927634, 0.6123884543503393951, 0.6724902392689832142, 0.7338180907090232630, 0.7965787412736502482, 0.8614392432807721489, 0.9291935480847504092, 1.000000000000000000 ),
 .UNSPECIFIED. ) ;
#5945 = FILL_AREA_STYLE_COLOUR ( '', #7587 ) ;
#5946 = DIRECTION ( 'NONE',  ( -0.7071067811865444641, 0.0000000000000000000, 0.7071067811865505703 ) ) ;
#5947 = ORIENTED_EDGE ( 'NONE', *, *, #1292, .F. ) ;
#5948 = UNCERTAINTY_MEASURE_WITH_UNIT (LENGTH_MEASURE( 1.000000000000000082E-05 ), #1319, 'distance_accuracy_value', 'NONE');
#5949 = DIRECTION ( 'NONE',  ( 0.9486832980505155444, 0.0000000000000000000, -0.3162277660168330562 ) ) ;
#5950 =( GEOMETRIC_REPRESENTATION_CONTEXT ( 3 ) GLOBAL_UNCERTAINTY_ASSIGNED_CONTEXT ( ( #4251 ) ) GLOBAL_UNIT_ASSIGNED_CONTEXT ( ( #961, #984, #3982 ) ) REPRESENTATION_CONTEXT ( 'NONE', 'WORKASPACE' ) );
#5951 = CARTESIAN_POINT ( 'NONE',  ( -2.000000000000000000, -1.749999999999999778, 2.000000000000000000 ) ) ;
#5952 = EDGE_CURVE ( 'NONE', #3501, #7444, #2055, .T. ) ;
#5953 = FACE_OUTER_BOUND ( 'NONE', #3211, .T. ) ;
#5954 = EDGE_LOOP ( 'NONE', ( #4955, #5972, #5604, #3616 ) ) ;
#5955 =( GEOMETRIC_REPRESENTATION_CONTEXT ( 3 ) GLOBAL_UNCERTAINTY_ASSIGNED_CONTEXT ( ( #3644 ) ) GLOBAL_UNIT_ASSIGNED_CONTEXT ( ( #6884, #2528, #3107 ) ) REPRESENTATION_CONTEXT ( 'NONE', 'WORKASPACE' ) );
#5956 = CARTESIAN_POINT ( 'NONE',  ( 0.2704507066759312961, 0.3643733834722849840, 0.0000000000000000000 ) ) ;
#5957 = FILL_AREA_STYLE_COLOUR ( '', #4749 ) ;
#5958 = CARTESIAN_POINT ( 'NONE',  ( 0.1783094146219041665, 0.2953628561172763622, 0.0000000000000000000 ) ) ;
#5959 = COLOUR_RGB ( '',1.000000000000000000, 1.000000000000000000, 1.000000000000000000 ) ;
#5960 = CARTESIAN_POINT ( 'NONE',  ( -0.2200705930708662383, 0.5614103483970013242, 0.01000000000000000021 ) ) ;
#5961 = LINE ( 'NONE', #7042, #3725 ) ;
#5962 = EDGE_CURVE ( 'NONE', #829, #1406, #3711, .T. ) ;
#5963 = CARTESIAN_POINT ( 'NONE',  ( -6.000000000000000000, 0.0000000000000000000, 5.000000000000000888 ) ) ;
#5964 = VECTOR ( 'NONE', #4520, 1000.000000000000000 ) ;
#5965 = FILL_AREA_STYLE_COLOUR ( '', #6824 ) ;
#5966 = ADVANCED_FACE ( 'NONE', ( #4590 ), #3706, .F. ) ;
#5967 = ORIENTED_EDGE ( 'NONE', *, *, #2886, .T. ) ;
#5968 = CARTESIAN_POINT ( 'NONE',  ( -2.850000000000000089, -0.6999999999999994005, -3.399999999999999911 ) ) ;
#5969 = DIRECTION ( 'NONE',  ( 0.0000000000000000000, 1.000000000000000000, -1.084202172485504631E-15 ) ) ;
#5970 =( GEOMETRIC_REPRESENTATION_CONTEXT ( 3 ) GLOBAL_UNCERTAINTY_ASSIGNED_CONTEXT ( ( #4305 ) ) GLOBAL_UNIT_ASSIGNED_CONTEXT ( ( #4546, #2648, #5865 ) ) REPRESENTATION_CONTEXT ( 'NONE', 'WORKASPACE' ) );
#5971 = CARTESIAN_POINT ( 'NONE',  ( -0.1844001890366325780, 0.5468872463611789136, 0.0000000000000000000 ) ) ;
#5972 = ORIENTED_EDGE ( 'NONE', *, *, #7267, .T. ) ;
#5973 = SURFACE_SIDE_STYLE ('',( #294 ) ) ;
#5974 = CARTESIAN_POINT ( 'NONE',  ( -0.2669459207439496828, 0.5990213927026423191, 0.01000000000000000021 ) ) ;
#5975 = DIRECTION ( 'NONE',  ( 0.0000000000000000000, -1.000000000000000000, 0.0000000000000000000 ) ) ;
#5976 = PLANE ( 'NONE',  #1416 ) ;
#5977 = AXIS2_PLACEMENT_3D ( 'NONE', #5449, #2980, #7296 ) ;
#5978 = FACE_OUTER_BOUND ( 'NONE', #4335, .T. ) ;
#5979 = AXIS2_PLACEMENT_3D ( 'NONE', #5022, #1946, #2522 ) ;
#5980 = SURFACE_SIDE_STYLE ('',( #4934 ) ) ;
#5981 = LINE ( 'NONE', #6453, #693 ) ;
#5982 = CARTESIAN_POINT ( 'NONE',  ( -0.3597033664152783916, 0.3975627103347667002, 0.01000000000000000021 ) ) ;
#5983 = EDGE_CURVE ( 'NONE', #2109, #88, #650, .T. ) ;
#5984 = VECTOR ( 'NONE', #3340, 1000.000000000000000 ) ;
#5985 = FACE_OUTER_BOUND ( 'NONE', #7265, .T. ) ;
#5986 = AXIS2_PLACEMENT_3D ( 'NONE', #5706, #5227, #822 ) ;
#5987 = CARTESIAN_POINT ( 'NONE',  ( -4.650000000000002132, -0.6499999999999986899, 6.000000000000000000 ) ) ;
#5988 = ORIENTED_EDGE ( 'NONE', *, *, #5576, .F. ) ;
#5989 = DIRECTION ( 'NONE',  ( 1.000000000000000000, 0.0000000000000000000, 0.0000000000000000000 ) ) ;
#5990 = CARTESIAN_POINT ( 'NONE',  ( -3.250000000000000000, -0.2999999999999997669, 1.000000000000000000 ) ) ;
#5991 = STYLED_ITEM ( 'NONE', ( #6195 ), #4538 ) ;
#5992 = CARTESIAN_POINT ( 'NONE',  ( -4.000000000000000000, -0.2999999999999997669, 1.000000000000000000 ) ) ;
#5993 = SURFACE_SIDE_STYLE ('',( #7359 ) ) ;
#5994 = SURFACE_SIDE_STYLE ('',( #5414 ) ) ;
#5995 = CARTESIAN_POINT ( 'NONE',  ( -0.2614009512317545525, 0.5660945634343496069, 0.0000000000000000000 ) ) ;
#5996 = ORIENTED_EDGE ( 'NONE', *, *, #2499, .T. ) ;
#5997 = CARTESIAN_POINT ( 'NONE',  ( -0.7499999999999997780, -0.7999999999999997113, -3.099999999999996980 ) ) ;
#5998 = CARTESIAN_POINT ( 'NONE',  ( 3.250000000000000444, -0.7999999999999997113, -3.099999999999996980 ) ) ;
#5999 = CARTESIAN_POINT ( 'NONE',  ( -4.699999999999998401, -2.000000000000000000, 0.5000000000000004441 ) ) ;
#6000 = SURFACE_SIDE_STYLE ('',( #4670 ) ) ;
#6001 =( NAMED_UNIT ( * ) SI_UNIT ( $, .STERADIAN. ) SOLID_ANGLE_UNIT ( ) );
#6002 = EDGE_CURVE ( 'NONE', #7810, #623, #7175, .T. ) ;
#6003 = LINE ( 'NONE', #1282, #6868 ) ;
#6004 = SURFACE_STYLE_FILL_AREA ( #2262 ) ;
#6005 = ORIENTED_EDGE ( 'NONE', *, *, #6056, .T. ) ;
#6006 = ADVANCED_FACE ( 'NONE', ( #1764 ), #6198, .F. ) ;
#6007 = EDGE_LOOP ( 'NONE', ( #2368, #5084, #6569, #4141 ) ) ;
#6008 = EDGE_CURVE ( 'NONE', #2234, #907, #1959, .T. ) ;
#6009 = DIRECTION ( 'NONE',  ( 0.0000000000000000000, 0.0000000000000000000, 1.000000000000000000 ) ) ;
#6010 = CARTESIAN_POINT ( 'NONE',  ( -0.3498306130947761439, 0.3763110765024019755, 0.0000000000000000000 ) ) ;
#6011 = CARTESIAN_POINT ( 'NONE',  ( 2.000000000000000000, -1.749999999999999778, 2.000000000000000000 ) ) ;
#6012 = CARTESIAN_POINT ( 'NONE',  ( 0.4892850243780015873, 0.3319482219709348758, 0.01000000000000000021 ) ) ;
#6013 = ORIENTED_EDGE ( 'NONE', *, *, #4716, .T. ) ;
#6014 = CARTESIAN_POINT ( 'NONE',  ( 0.0000000000000000000, 0.5624360268489836390, 0.01000000000000000021 ) ) ;
#6015 = ORIENTED_EDGE ( 'NONE', *, *, #1389, .F. ) ;
#6016 = ORIENTED_EDGE ( 'NONE', *, *, #958, .T. ) ;
#6017 = LINE ( 'NONE', #4293, #6309 ) ;
#6018 = EDGE_CURVE ( 'NONE', #5926, #4656, #395, .T. ) ;
#6019 = ORIENTED_EDGE ( 'NONE', *, *, #4450, .T. ) ;
#6020 = CARTESIAN_POINT ( 'NONE',  ( 0.3325709778422251683, 0.4100143948593557575, 0.0000000000000000000 ) ) ;
#6021 = COLOUR_RGB ( '',0.9686274509803921573, 0.8784313725490195957, 0.5999999999999999778 ) ;
#6022 = ORIENTED_EDGE ( 'NONE', *, *, #4338, .T. ) ;
#6023 = DIRECTION ( 'NONE',  ( -1.000000000000000000, 0.0000000000000000000, 0.0000000000000000000 ) ) ;
#6024 = CARTESIAN_POINT ( 'NONE',  ( -0.1871578880752834961, 0.5484405126145901477, 0.0000000000000000000 ) ) ;
#6025 = VECTOR ( 'NONE', #587, 1000.000000000000000 ) ;
#6026 = PRESENTATION_LAYER_ASSIGNMENT (  '', '', ( #2113 ) ) ;
#6027 = ORIENTED_EDGE ( 'NONE', *, *, #5395, .F. ) ;
#6028 = ADVANCED_FACE ( 'NONE', ( #2045 ), #5138, .F. ) ;
#6029 = CARTESIAN_POINT ( 'NONE',  ( -0.3673270183049252569, 0.4485640756294715925, 0.01000000000000000021 ) ) ;
#6030 = SURFACE_STYLE_FILL_AREA ( #105 ) ;
#6031 = VERTEX_POINT ( 'NONE', #4548 ) ;
#6032 = ORIENTED_EDGE ( 'NONE', *, *, #7581, .F. ) ;
#6033 = CARTESIAN_POINT ( 'NONE',  ( -2.750000000000000000, -0.7999999999999997113, 1.000000000000000000 ) ) ;
#6034 = CARTESIAN_POINT ( 'NONE',  ( -0.3655932038777682802, 0.4217264800544878733, 0.01000000000000000021 ) ) ;
#6035 = ORIENTED_EDGE ( 'NONE', *, *, #6420, .T. ) ;
#6036 = FILL_AREA_STYLE_COLOUR ( '', #4243 ) ;
#6037 = PRESENTATION_LAYER_ASSIGNMENT (  '', '', ( #5330 ) ) ;
#6038 = SURFACE_STYLE_FILL_AREA ( #4139 ) ;
#6039 = MECHANICAL_DESIGN_GEOMETRIC_PRESENTATION_REPRESENTATION (  '', ( #4806 ), #1177 ) ;
#6040 = ORIENTED_EDGE ( 'NONE', *, *, #3751, .T. ) ;
#6041 = CARTESIAN_POINT ( 'NONE',  ( 0.4925383745257224666, 0.3443398856526283525, 0.01000000000000000021 ) ) ;
#6042 = CARTESIAN_POINT ( 'NONE',  ( 0.4009656646219040277, 0.5953628561172763511, 0.0000000000000000000 ) ) ;
#6043 = VERTEX_POINT ( 'NONE', #4147 ) ;
#6044 = CARTESIAN_POINT ( 'NONE',  ( -0.2721534344030960839, 0.5989046562830749876, 0.01000000000000000021 ) ) ;
#6045 = DIRECTION ( 'NONE',  ( 0.0000000000000000000, 0.0000000000000000000, -1.000000000000000000 ) ) ;
#6046 = CARTESIAN_POINT ( 'NONE',  ( -0.2866283624289827636, 0.2941916782744092296, 0.0000000000000000000 ) ) ;
#6047 =( NAMED_UNIT ( * ) PLANE_ANGLE_UNIT ( ) SI_UNIT ( $, .RADIAN. ) );
#6048 = CARTESIAN_POINT ( 'NONE',  ( -6.000000000000000000, -0.7000000000000002887, 5.000000000000000888 ) ) ;
#6049 = LINE ( 'NONE', #2299, #4414 ) ;
#6050 = FACE_OUTER_BOUND ( 'NONE', #4159, .T. ) ;
#6051 = CARTESIAN_POINT ( 'NONE',  ( 4.950000000000000178, -0.2400000000000021838, 4.000000000000000000 ) ) ;
#6052 = ORIENTED_EDGE ( 'NONE', *, *, #6783, .F. ) ;
#6053 = CARTESIAN_POINT ( 'NONE',  ( -0.3747770803381662574, 0.3465997691790096980, 0.0000000000000000000 ) ) ;
#6054 = EDGE_LOOP ( 'NONE', ( #1668, #2825, #3417, #3196 ) ) ;
#6055 = UNCERTAINTY_MEASURE_WITH_UNIT (LENGTH_MEASURE( 1.000000000000000082E-05 ), #711, 'distance_accuracy_value', 'NONE');
#6056 = EDGE_CURVE ( 'NONE', #2050, #1892, #7742, .T. ) ;
#6057 = LINE ( 'NONE', #661, #4609 ) ;
#6058 = EDGE_CURVE ( 'NONE', #6224, #4294, #376, .T. ) ;
#6059 = CARTESIAN_POINT ( 'NONE',  ( -0.08561970123175441372, 0.3282896853855690189, 0.01000000000000000021 ) ) ;
#6060 = CARTESIAN_POINT ( 'NONE',  ( -0.3673270183049252569, 0.4485640756294715925, 0.01000000000000000021 ) ) ;
#6061 = CARTESIAN_POINT ( 'NONE',  ( -0.3928401682872654788, 0.5243201968132329416, 0.0000000000000000000 ) ) ;
#6062 = CARTESIAN_POINT ( 'NONE',  ( -4.950000000000000178, 0.1500000000000004663, 4.390000000000003233 ) ) ;
#6063 = CARTESIAN_POINT ( 'NONE',  ( 0.3570632255975138003, 0.5953628561172763511, 0.01000000000000000021 ) ) ;
#6064 = CARTESIAN_POINT ( 'NONE',  ( 1.250000000000000222, -0.2999999999999997669, 4.699999999999997513 ) ) ;
#6065 = VECTOR ( 'NONE', #3491, 1000.000000000000000 ) ;
#6066 = EDGE_CURVE ( 'NONE', #4665, #672, #3495, .T. ) ;
#6067 = ORIENTED_EDGE ( 'NONE', *, *, #4515, .T. ) ;
#6068 = CARTESIAN_POINT ( 'NONE',  ( -0.3928401682872654788, 0.5243201968132329416, 0.01000000000000000021 ) ) ;
#6069 = FILL_AREA_STYLE ('',( #4163 ) ) ;
#6070 = COLOUR_RGB ( '',1.000000000000000000, 1.000000000000000000, 1.000000000000000000 ) ;
#6071 = AXIS2_PLACEMENT_3D ( 'NONE', #1139, #5410, #6023 ) ;
#6072 = PLANE ( 'NONE',  #7045 ) ;
#6073 = CARTESIAN_POINT ( 'NONE',  ( 4.950000000000000178, -0.2599999999999966782, 4.000000000000000000 ) ) ;
#6074 = PLANE ( 'NONE',  #5320 ) ;
#6075 = LINE ( 'NONE', #5218, #4248 ) ;
#6076 = FACE_BOUND ( 'NONE', #3936, .T. ) ;
#6077 = ORIENTED_EDGE ( 'NONE', *, *, #1389, .T. ) ;
#6078 = MECHANICAL_DESIGN_GEOMETRIC_PRESENTATION_REPRESENTATION (  '', ( #2264 ), #6500 ) ;
#6079 = ADVANCED_FACE ( 'NONE', ( #2321 ), #7357, .F. ) ;
#6080 =( GEOMETRIC_REPRESENTATION_CONTEXT ( 3 ) GLOBAL_UNCERTAINTY_ASSIGNED_CONTEXT ( ( #6475 ) ) GLOBAL_UNIT_ASSIGNED_CONTEXT ( ( #2764, #1536, #7596 ) ) REPRESENTATION_CONTEXT ( 'NONE', 'WORKASPACE' ) );
#6081 = CARTESIAN_POINT ( 'NONE',  ( 0.2905403466497580300, 0.3348241174246534002, 0.0000000000000000000 ) ) ;
#6082 = LINE ( 'NONE', #1373, #6858 ) ;
#6083 = LINE ( 'NONE', #2052, #4449 ) ;
#6084 = DIRECTION ( 'NONE',  ( 1.000000000000000000, 0.0000000000000000000, 0.0000000000000000000 ) ) ;
#6085 = CARTESIAN_POINT ( 'NONE',  ( -0.7499999999999997780, -0.7999999999999997113, 5.000000000000000888 ) ) ;
#6086 = CARTESIAN_POINT ( 'NONE',  ( -4.699999999999998401, -2.000000000000000000, 0.0000000000000000000 ) ) ;
#6087 = PLANE ( 'NONE',  #7095 ) ;
#6088 = EDGE_LOOP ( 'NONE', ( #6013, #4077, #5821, #3973, #5763, #6267, #5651, #1487, #2959, #6503 ) ) ;
#6089 = FACE_BOUND ( 'NONE', #2193, .T. ) ;
#6090 = PRESENTATION_LAYER_ASSIGNMENT (  '', '', ( #5429 ) ) ;
#6091 = DIRECTION ( 'NONE',  ( 0.0000000000000000000, 1.000000000000000000, -1.084202172485504631E-15 ) ) ;
#6092 = ORIENTED_EDGE ( 'NONE', *, *, #4206, .T. ) ;
#6093 = DIRECTION ( 'NONE',  ( -0.0000000000000000000, 0.0000000000000000000, 1.000000000000000000 ) ) ;
#6094 = CARTESIAN_POINT ( 'NONE',  ( 0.02779493291458703941, 0.3282896853855690189, 0.0000000000000000000 ) ) ;
#6095 = DIRECTION ( 'NONE',  ( -0.3222024856061132536, 0.9466707760722532505, 0.0000000000000000000 ) ) ;
#6096 = VECTOR ( 'NONE', #2156, 1000.000000000000000 ) ;
#6097 = ORIENTED_EDGE ( 'NONE', *, *, #552, .T. ) ;
#6098 = CARTESIAN_POINT ( 'NONE',  ( -0.3289625695878341527, 0.3085947746779639789, 0.0000000000000000000 ) ) ;
#6099 = ADVANCED_FACE ( 'NONE', ( #5465 ), #6348, .F. ) ;
#6100 = ORIENTED_EDGE ( 'NONE', *, *, #2668, .T. ) ;
#6101 = CARTESIAN_POINT ( 'NONE',  ( -0.3602307497345574872, 0.4969711792601141376, 0.01000000000000000021 ) ) ;
#6102 =( GEOMETRIC_REPRESENTATION_CONTEXT ( 3 ) GLOBAL_UNCERTAINTY_ASSIGNED_CONTEXT ( ( #7684 ) ) GLOBAL_UNIT_ASSIGNED_CONTEXT ( ( #6126, #59, #4301 ) ) REPRESENTATION_CONTEXT ( 'NONE', 'WORKASPACE' ) );
#6103 = ORIENTED_EDGE ( 'NONE', *, *, #93, .F. ) ;
#6104 = VECTOR ( 'NONE', #5806, 1000.000000000000114 ) ;
#6105 = SURFACE_STYLE_FILL_AREA ( #4737 ) ;
#6106 = ORIENTED_EDGE ( 'NONE', *, *, #346, .F. ) ;
#6107 = SURFACE_STYLE_FILL_AREA ( #6680 ) ;
#6108 = EDGE_CURVE ( 'NONE', #2736, #1624, #940, .T. ) ;
#6109 = CARTESIAN_POINT ( 'NONE',  ( 0.2790505807813844497, 0.3255654276565430605, 0.0000000000000000000 ) ) ;
#6110 = ORIENTED_EDGE ( 'NONE', *, *, #6724, .T. ) ;
#6111 = CARTESIAN_POINT ( 'NONE',  ( 0.4397232865731235396, 0.4782896853855690411, 0.0000000000000000000 ) ) ;
#6112 = DIRECTION ( 'NONE',  ( 0.0000000000000000000, 1.000000000000000000, 0.0000000000000000000 ) ) ;
#6113 = UNCERTAINTY_MEASURE_WITH_UNIT (LENGTH_MEASURE( 1.000000000000000082E-05 ), #3503, 'distance_accuracy_value', 'NONE');
#6114 = DIRECTION ( 'NONE',  ( 1.000000000000000000, -0.0000000000000000000, 0.0000000000000000000 ) ) ;
#6115 = VECTOR ( 'NONE', #1208, 1000.000000000000000 ) ;
#6116 = ORIENTED_EDGE ( 'NONE', *, *, #3596, .F. ) ;
#6117 = LINE ( 'NONE', #1047, #5069 ) ;
#6118 = DIRECTION ( 'NONE',  ( 0.0000000000000000000, 0.0000000000000000000, -1.000000000000000000 ) ) ;
#6119 = CARTESIAN_POINT ( 'NONE',  ( 1.250000000000000222, -0.4000000000000000222, -3.399999999999999911 ) ) ;
#6120 = ORIENTED_EDGE ( 'NONE', *, *, #4357, .F. ) ;
#6121 = EDGE_CURVE ( 'NONE', #6852, #2021, #7554, .T. ) ;
#6122 = CARTESIAN_POINT ( 'NONE',  ( -0.2359259438829877931, 0.3257459780919068071, 0.0000000000000000000 ) ) ;
#6123 = UNCERTAINTY_MEASURE_WITH_UNIT (LENGTH_MEASURE( 1.000000000000000082E-05 ), #1928, 'distance_accuracy_value', 'NONE');
#6124 = CARTESIAN_POINT ( 'NONE',  ( 0.3101415639634205190, 0.5307699082232277821, 0.01000000000000000194 ) ) ;
#6125 = ORIENTED_EDGE ( 'NONE', *, *, #1860, .T. ) ;
#6126 =( LENGTH_UNIT ( ) NAMED_UNIT ( * ) SI_UNIT ( .MILLI., .METRE. ) );
#6127 = FACE_OUTER_BOUND ( 'NONE', #4481, .T. ) ;
#6128 = CARTESIAN_POINT ( 'NONE',  ( 4.449999999999998401, -0.2400000000000021838, 4.000000000000000000 ) ) ;
#6129 = ORIENTED_EDGE ( 'NONE', *, *, #5983, .F. ) ;
#6130 = DIRECTION ( 'NONE',  ( 0.0000000000000000000, -1.000000000000000000, -0.0000000000000000000 ) ) ;
#6131 = CARTESIAN_POINT ( 'NONE',  ( -0.3835471781133089619, 0.3589430818198857120, 0.01000000000000000021 ) ) ;
#6132 = DIRECTION ( 'NONE',  ( 0.0000000000000000000, 0.0000000000000000000, -1.000000000000000000 ) ) ;
#6133 = VERTEX_POINT ( 'NONE', #7563 ) ;
#6134 = STYLED_ITEM ( 'NONE', ( #1663 ), #6535 ) ;
#6135 = FACE_OUTER_BOUND ( 'NONE', #4174, .T. ) ;
#6136 = B_SPLINE_SURFACE_WITH_KNOTS ( 'NONE', 3, 1, ( 
 ( #7928, #1111 ),
 ( #1755, #1211 ),
 ( #3675, #559 ),
 ( #4266, #5508 ),
 ( #532, #3590 ),
 ( #7260, #608 ),
 ( #1777, #4911 ),
 ( #6122, #2374 ),
 ( #3645, #3562 ),
 ( #5431, #6739 ),
 ( #5538, #4828 ) ),
 .UNSPECIFIED., .F., .F., .F.,
 ( 4, 1, 1, 1, 1, 1, 1, 1, 4 ),
 ( 2, 2 ),
 ( 0.0000000000000000000, 0.1252796967356261115, 0.2494199707420513834, 0.3733567994928199130, 0.4966812787822861841, 0.6202029157439823415, 0.7450863201614561504, 0.8712691950190973866, 1.000000000000000000 ),
 ( 0.0000000000000000000, 1.000000000000000000 ),
 .UNSPECIFIED. ) ;
#6137 = DIRECTION ( 'NONE',  ( -0.9486832980505155444, -0.0000000000000000000, -0.3162277660168330562 ) ) ;
#6138 = EDGE_LOOP ( 'NONE', ( #3236, #1990, #4134, #5057 ) ) ;
#6139 = EDGE_CURVE ( 'NONE', #2018, #2240, #3294, .T. ) ;
#6140 = DIRECTION ( 'NONE',  ( 0.0000000000000000000, 0.0000000000000000000, -1.000000000000000000 ) ) ;
#6141 = LINE ( 'NONE', #1754, #953 ) ;
#6142 = CARTESIAN_POINT ( 'NONE',  ( -0.2515104540202179328, 0.2917293228625931212, 0.0000000000000000000 ) ) ;
#6143 = CARTESIAN_POINT ( 'NONE',  ( 4.052040639368927444, -1.749999999999999778, 3.912701290971654089 ) ) ;
#6144 = CARTESIAN_POINT ( 'NONE',  ( -1.149999999999999467, 0.0000000000000000000, -3.399999999999999911 ) ) ;
#6145 = VECTOR ( 'NONE', #2684, 1000.000000000000000 ) ;
#6146 = ORIENTED_EDGE ( 'NONE', *, *, #6255, .F. ) ;
#6147 = MECHANICAL_DESIGN_GEOMETRIC_PRESENTATION_REPRESENTATION (  '', ( #231 ), #633 ) ;
#6148 = ADVANCED_FACE ( 'NONE', ( #2616 ), #3859, .F. ) ;
#6149 = ORIENTED_EDGE ( 'NONE', *, *, #3190, .T. ) ;
#6150 = DIRECTION ( 'NONE',  ( 0.0000000000000000000, 1.000000000000000000, 0.0000000000000000000 ) ) ;
#6151 = COLOUR_RGB ( '',1.000000000000000000, 1.000000000000000000, 1.000000000000000000 ) ;
#6152 = DIRECTION ( 'NONE',  ( 0.7071067811865505703, 9.523561594306649433E-17, -0.7071067811865444641 ) ) ;
#6153 = CARTESIAN_POINT ( 'NONE',  ( -0.3370410084134722872, 0.5834351084271011123, 0.01000000000000000021 ) ) ;
#6154 = LINE ( 'NONE', #6073, #2245 ) ;
#6155 = CARTESIAN_POINT ( 'NONE',  ( -0.4074397223104475607, 0.4451856752492969749, 0.01000000000000000021 ) ) ;
#6156 = EDGE_CURVE ( 'NONE', #7892, #684, #2918, .T. ) ;
#6157 = CARTESIAN_POINT ( 'NONE',  ( 0.0000000000000000000, 0.2953628561172763622, 0.01000000000000000021 ) ) ;
#6158 = LINE ( 'NONE', #4258, #3833 ) ;
#6159 = CARTESIAN_POINT ( 'NONE',  ( 0.2905683126020848217, 0.5535627416406200263, 0.0000000000000000000 ) ) ;
#6160 = DIRECTION ( 'NONE',  ( -1.000000000000000000, 0.0000000000000000000, 0.0000000000000000000 ) ) ;
#6161 = ORIENTED_EDGE ( 'NONE', *, *, #2153, .T. ) ;
#6162 = EDGE_CURVE ( 'NONE', #2586, #7081, #7833, .T. ) ;
#6163 = SURFACE_SIDE_STYLE ('',( #1759 ) ) ;
#6164 =( LENGTH_UNIT ( ) NAMED_UNIT ( * ) SI_UNIT ( .MILLI., .METRE. ) );
#6165 = LINE ( 'NONE', #2770, #980 ) ;
#6166 = FILL_AREA_STYLE_COLOUR ( '', #3942 ) ;
#6167 =( NAMED_UNIT ( * ) PLANE_ANGLE_UNIT ( ) SI_UNIT ( $, .RADIAN. ) );
#6168 = ORIENTED_EDGE ( 'NONE', *, *, #5328, .T. ) ;
#6169 = DIRECTION ( 'NONE',  ( 0.3015113445777618528, -0.3015113445777618528, -0.9045340337332921088 ) ) ;
#6170 =( NAMED_UNIT ( * ) SI_UNIT ( $, .STERADIAN. ) SOLID_ANGLE_UNIT ( ) );
#6171 = CARTESIAN_POINT ( 'NONE',  ( 0.3349914559108732037, 0.4472564879010526573, 0.01000000000000000021 ) ) ;
#6172 = EDGE_CURVE ( 'NONE', #2, #6882, #1021, .T. ) ;
#6173 = CARTESIAN_POINT ( 'NONE',  ( -0.3597033664152783916, 0.3975627103347667002, 0.01000000000000000021 ) ) ;
#6174 = ADVANCED_FACE ( 'NONE', ( #5074 ), #4679, .T. ) ;
#6175 = CARTESIAN_POINT ( 'NONE',  ( 0.09364859145117249151, 0.2953628561172763622, 0.0000000000000000000 ) ) ;
#6176 = UNCERTAINTY_MEASURE_WITH_UNIT (LENGTH_MEASURE( 1.000000000000000082E-05 ), #7165, 'distance_accuracy_value', 'NONE');
#6177 = ORIENTED_EDGE ( 'NONE', *, *, #3472, .F. ) ;
#6178 = CARTESIAN_POINT ( 'NONE',  ( -3.149999999999999467, -0.6999999999999994005, -3.399999999999999911 ) ) ;
#6179 = AXIS2_PLACEMENT_3D ( 'NONE', #2097, #932, #856 ) ;
#6180 =( NAMED_UNIT ( * ) PLANE_ANGLE_UNIT ( ) SI_UNIT ( $, .RADIAN. ) );
#6181 = LINE ( 'NONE', #6327, #988 ) ;
#6182 = FACE_BOUND ( 'NONE', #4188, .T. ) ;
#6183 = STYLED_ITEM ( 'NONE', ( #1298 ), #5966 ) ;
#6184 = CARTESIAN_POINT ( 'NONE',  ( 0.4945127869873255921, 0.3517878570008554084, 0.01000000000000000021 ) ) ;
#6185 = ORIENTED_EDGE ( 'NONE', *, *, #2985, .T. ) ;
#6186 = LINE ( 'NONE', #4874, #507 ) ;
#6187 = CARTESIAN_POINT ( 'NONE',  ( 0.2254486417830609823, 0.3352441983450311080, 0.01000000000000000021 ) ) ;
#6188 = DIRECTION ( 'NONE',  ( -0.0000000000000000000, 0.0000000000000000000, 1.000000000000000000 ) ) ;
#6189 = PRESENTATION_STYLE_ASSIGNMENT (( #2556 ) ) ;
#6190 = ORIENTED_EDGE ( 'NONE', *, *, #1384, .F. ) ;
#6191 = MECHANICAL_DESIGN_GEOMETRIC_PRESENTATION_REPRESENTATION (  '', ( #5938 ), #6610 ) ;
#6192 = SURFACE_STYLE_USAGE ( .BOTH. , #6244 ) ;
#6193 = PLANE ( 'NONE',  #7347 ) ;
#6194 = SURFACE_STYLE_FILL_AREA ( #5156 ) ;
#6195 = PRESENTATION_STYLE_ASSIGNMENT (( #329 ) ) ;
#6196 = CARTESIAN_POINT ( 'NONE',  ( -4.450000000000001066, 1.749999999999999778, 5.799999999999999822 ) ) ;
#6197 = ORIENTED_EDGE ( 'NONE', *, *, #5576, .T. ) ;
#6198 = PLANE ( 'NONE',  #4942 ) ;
#6199 = AXIS2_PLACEMENT_3D ( 'NONE', #4136, #4708, #2252 ) ;
#6200 = CARTESIAN_POINT ( 'NONE',  ( 0.1783094146219041665, 0.2953628561172763622, 0.01000000000000000021 ) ) ;
#6201 = ORIENTED_EDGE ( 'NONE', *, *, #7173, .T. ) ;
#6202 = DIRECTION ( 'NONE',  ( 0.0000000000000000000, 0.0000000000000000000, -1.000000000000000000 ) ) ;
#6203 = ADVANCED_FACE ( 'NONE', ( #2135 ), #5365, .T. ) ;
#6204 = CARTESIAN_POINT ( 'NONE',  ( -0.4075709207439496273, 0.4510221548977642603, 0.01000000000000000021 ) ) ;
#6205 = ORIENTED_EDGE ( 'NONE', *, *, #4974, .T. ) ;
#6206 = EDGE_CURVE ( 'NONE', #849, #3732, #2313, .T. ) ;
#6207 = CARTESIAN_POINT ( 'NONE',  ( 3.250000000000000444, -0.2999999999999997669, 5.000000000000000888 ) ) ;
#6208 = VECTOR ( 'NONE', #1873, 1000.000000000000000 ) ;
#6209 = ORIENTED_EDGE ( 'NONE', *, *, #1696, .F. ) ;
#6210 = SURFACE_SIDE_STYLE ('',( #2842 ) ) ;
#6211 = CARTESIAN_POINT ( 'NONE',  ( 0.09364859145117249151, 0.5953628561172763511, 0.0000000000000000000 ) ) ;
#6212 = DIRECTION ( 'NONE',  ( 0.0000000000000000000, 1.000000000000000000, 0.0000000000000000000 ) ) ;
#6213 = LINE ( 'NONE', #1114, #5162 ) ;
#6214 = EDGE_CURVE ( 'NONE', #6224, #6275, #1196, .T. ) ;
#6215 =( NAMED_UNIT ( * ) PLANE_ANGLE_UNIT ( ) SI_UNIT ( $, .RADIAN. ) );
#6216 = ORIENTED_EDGE ( 'NONE', *, *, #3772, .T. ) ;
#6217 = UNCERTAINTY_MEASURE_WITH_UNIT (LENGTH_MEASURE( 1.000000000000000082E-05 ), #442, 'distance_accuracy_value', 'NONE');
#6218 = VECTOR ( 'NONE', #4975, 1000.000000000000000 ) ;
#6219 = EDGE_CURVE ( 'NONE', #1110, #4870, #1571, .T. ) ;
#6220 = ORIENTED_EDGE ( 'NONE', *, *, #4456, .F. ) ;
#6221 = CARTESIAN_POINT ( 'NONE',  ( -4.699999999999998401, -2.000000000000000000, 1.099999999999999423 ) ) ;
#6222 = PRESENTATION_STYLE_ASSIGNMENT (( #5800 ) ) ;
#6223 = DIRECTION ( 'NONE',  ( 0.0000000000000000000, 1.000000000000000000, -0.0000000000000000000 ) ) ;
#6224 = VERTEX_POINT ( 'NONE', #3370 ) ;
#6225 = SURFACE_STYLE_USAGE ( .BOTH. , #7418 ) ;
#6226 = DIRECTION ( 'NONE',  ( 0.3015113445777618528, 0.3015113445777618528, -0.9045340337332921088 ) ) ;
#6227 = VECTOR ( 'NONE', #997, 1000.000000000000000 ) ;
#6228 = VERTEX_POINT ( 'NONE', #4647 ) ;
#6229 = CARTESIAN_POINT ( 'NONE',  ( -0.2546555244024862330, 0.3246311488002033285, 0.01000000000000000021 ) ) ;
#6230 = CARTESIAN_POINT ( 'NONE',  ( -1.249999999999999778, -0.2999999999999997669, -3.099999999999996980 ) ) ;
#6231 = EDGE_LOOP ( 'NONE', ( #846, #7455, #3836, #5005 ) ) ;
#6232 = FILL_AREA_STYLE ('',( #1311 ) ) ;
#6233 = SURFACE_STYLE_USAGE ( .BOTH. , #6771 ) ;
#6234 = COLOUR_RGB ( '',0.9686274509803921573, 0.8784313725490195957, 0.5999999999999999778 ) ;
#6235 = ORIENTED_EDGE ( 'NONE', *, *, #334, .F. ) ;
#6236 = ORIENTED_EDGE ( 'NONE', *, *, #918, .T. ) ;
#6237 = PRESENTATION_LAYER_ASSIGNMENT (  '', '', ( #6387 ) ) ;
#6238 = CARTESIAN_POINT ( 'NONE',  ( 0.2948681036462944549, 0.4424474597758129568, 0.01000000000000000021 ) ) ;
#6239 = ORIENTED_EDGE ( 'NONE', *, *, #368, .T. ) ;
#6240 = UNCERTAINTY_MEASURE_WITH_UNIT (LENGTH_MEASURE( 1.000000000000000082E-05 ), #1527, 'distance_accuracy_value', 'NONE');
#6241 = CARTESIAN_POINT ( 'NONE',  ( 0.03511200608531873241, 0.5624360268489836390, 0.0000000000000000000 ) ) ;
#6242 = CARTESIAN_POINT ( 'NONE',  ( -0.4331806768415105147, 0.5624360268489836390, 0.0000000000000000000 ) ) ;
#6243 = EDGE_CURVE ( 'NONE', #7307, #4014, #1670, .T. ) ;
#6244 = SURFACE_SIDE_STYLE ('',( #137 ) ) ;
#6245 = SURFACE_SIDE_STYLE ('',( #3627 ) ) ;
#6246 = CYLINDRICAL_SURFACE ( 'NONE', #2163, 0.2500000000000002220 ) ;
#6247 = SURFACE_STYLE_USAGE ( .BOTH. , #1903 ) ;
#6248 = PRESENTATION_LAYER_ASSIGNMENT (  '', '', ( #4852 ) ) ;
#6249 =( NAMED_UNIT ( * ) SI_UNIT ( $, .STERADIAN. ) SOLID_ANGLE_UNIT ( ) );
#6250 = VERTEX_POINT ( 'NONE', #7881 ) ;
#6251 = PRESENTATION_LAYER_ASSIGNMENT (  '', '', ( #6405 ) ) ;
#6252 = B_SPLINE_SURFACE_WITH_KNOTS ( 'NONE', 3, 1, ( 
 ( #7195, #7746 ),
 ( #449, #6645 ),
 ( #4085, #470 ),
 ( #4763, #1070 ),
 ( #4714, #2844 ),
 ( #7169, #7349 ),
 ( #3625, #1190 ),
 ( #4815, #6131 ),
 ( #6053, #538 ),
 ( #1141, #4274 ),
 ( #3022, #2952 ),
 ( #2384, #1707 ),
 ( #6098, #7384 ),
 ( #5517, #6745 ),
 ( #617, #6721 ),
 ( #7904, #1785 ),
 ( #6671, #7266 ),
 ( #4892, #3655 ),
 ( #3569, #4224 ) ),
 .UNSPECIFIED., .F., .F., .F.,
 ( 4, 1, 1, 1, 1, 1, 1, 1, 1, 1, 1, 1, 1, 1, 1, 1, 4 ),
 ( 2, 2 ),
 ( 0.0000000000000000000, 0.07063773301117863557, 0.1382450011702477943, 0.2033468934001622930, 0.2662317646429687712, 0.3281106245739837113, 0.3887373469517427793, 0.4496058064250174624, 0.5110380842449879779, 0.5720950616662168198, 0.6318835811693597204, 0.6911433818761028025, 0.7503811812088846400, 0.8100489962335836180, 0.8713733501460633191, 0.9344326971469832932, 1.000000000000000000 ),
 ( 0.0000000000000000000, 1.000000000000000000 ),
 .UNSPECIFIED. ) ;
#6253 = CARTESIAN_POINT ( 'NONE',  ( 0.2790505807813844497, 0.3255654276565430605, 0.01000000000000000021 ) ) ;
#6254 = CARTESIAN_POINT ( 'NONE',  ( 0.2147660663326569075, 0.5582063381199359187, 0.01000000000000000021 ) ) ;
#6255 = EDGE_CURVE ( 'NONE', #3817, #273, #4397, .T. ) ;
#6256 = DIRECTION ( 'NONE',  ( -0.0000000000000000000, 0.0000000000000000000, 1.000000000000000000 ) ) ;
#6257 = FILL_AREA_STYLE_COLOUR ( '', #6577 ) ;
#6258 = FACE_OUTER_BOUND ( 'NONE', #7058, .T. ) ;
#6259 = EDGE_CURVE ( 'NONE', #3351, #2322, #4298, .T. ) ;
#6260 =( NAMED_UNIT ( * ) PLANE_ANGLE_UNIT ( ) SI_UNIT ( $, .RADIAN. ) );
#6261 = PLANE ( 'NONE',  #6763 ) ;
#6262 = CARTESIAN_POINT ( 'NONE',  ( -0.2838673539944090440, 0.5642856569160581426, 0.0000000000000000000 ) ) ;
#6263 = CARTESIAN_POINT ( 'NONE',  ( -0.1872152062691293251, 0.5813678505304393784, 0.0000000000000000000 ) ) ;
#6264 = CARTESIAN_POINT ( 'NONE',  ( 0.0000000000000000000, 0.5953628561172763511, 0.01000000000000000021 ) ) ;
#6265 = DIRECTION ( 'NONE',  ( 0.0000000000000000000, -1.000000000000000000, 0.0000000000000000000 ) ) ;
#6266 = CARTESIAN_POINT ( 'NONE',  ( 0.9136363636363634688, -0.6363636363636365756, -3.590909090909089940 ) ) ;
#6267 = ORIENTED_EDGE ( 'NONE', *, *, #861, .T. ) ;
#6268 = EDGE_CURVE ( 'NONE', #4415, #440, #5936, .T. ) ;
#6269 =( LENGTH_UNIT ( ) NAMED_UNIT ( * ) SI_UNIT ( .MILLI., .METRE. ) );
#6270 = SURFACE_STYLE_FILL_AREA ( #2454 ) ;
#6271 = LINE ( 'NONE', #7606, #5612 ) ;
#6272 = PLANE ( 'NONE',  #2170 ) ;
#6273 =( LENGTH_UNIT ( ) NAMED_UNIT ( * ) SI_UNIT ( .MILLI., .METRE. ) );
#6274 = DIRECTION ( 'NONE',  ( 0.0000000000000000000, 0.0000000000000000000, -1.000000000000000000 ) ) ;
#6275 = VERTEX_POINT ( 'NONE', #4861 ) ;
#6276 = ADVANCED_FACE ( 'NONE', ( #2407 ), #7822, .F. ) ;
#6277 = ORIENTED_EDGE ( 'NONE', *, *, #5188, .F. ) ;
#6278 = SURFACE_STYLE_USAGE ( .BOTH. , #1912 ) ;
#6279 = PRESENTATION_LAYER_ASSIGNMENT (  '', '', ( #4582 ) ) ;
#6280 = FILL_AREA_STYLE ('',( #613 ) ) ;
#6281 = FACE_OUTER_BOUND ( 'NONE', #2301, .T. ) ;
#6282 = LINE ( 'NONE', #5674, #1817 ) ;
#6283 = DIRECTION ( 'NONE',  ( 0.7071067811865505703, -9.523561594306649433E-17, 0.7071067811865444641 ) ) ;
#6284 = FILL_AREA_STYLE ('',( #6883 ) ) ;
#6285 = CARTESIAN_POINT ( 'NONE',  ( -4.650000000000003020, 1.950000000000002176, 6.000000000000000000 ) ) ;
#6286 = VERTEX_POINT ( 'NONE', #7851 ) ;
#6287 = CARTESIAN_POINT ( 'NONE',  ( 0.2948681036462944549, 0.4424474597758129568, 0.0000000000000000000 ) ) ;
#6288 = DIRECTION ( 'NONE',  ( 0.0000000000000000000, 1.000000000000000000, -0.0000000000000000000 ) ) ;
#6289 = CARTESIAN_POINT ( 'NONE',  ( 0.1338924938901968897, 0.5624360268489836390, 0.0000000000000000000 ) ) ;
#6290 = LINE ( 'NONE', #2712, #2196 ) ;
#6291 = MECHANICAL_DESIGN_GEOMETRIC_PRESENTATION_REPRESENTATION (  '', ( #5475 ), #4901 ) ;
#6292 = ORIENTED_EDGE ( 'NONE', *, *, #5699, .T. ) ;
#6293 = CARTESIAN_POINT ( 'NONE',  ( -4.950000000000000178, -2.250000000000000000, 1.099999999999999645 ) ) ;
#6294 = PRODUCT_DEFINITION_FORMATION_WITH_SPECIFIED_SOURCE ( 'ÈÎºÎ', '', #7061, .NOT_KNOWN. ) ;
#6295 =( LENGTH_UNIT ( ) NAMED_UNIT ( * ) SI_UNIT ( .MILLI., .METRE. ) );
#6296 = EDGE_LOOP ( 'NONE', ( #7364, #1161, #337, #7912, #1744 ) ) ;
#6297 =( NAMED_UNIT ( * ) SI_UNIT ( $, .STERADIAN. ) SOLID_ANGLE_UNIT ( ) );
#6298 = DIRECTION ( 'NONE',  ( 0.0000000000000000000, 1.000000000000000000, 0.0000000000000000000 ) ) ;
#6299 = CARTESIAN_POINT ( 'NONE',  ( -0.4331806768415105147, 0.5953628561172763511, 0.0000000000000000000 ) ) ;
#6300 = VECTOR ( 'NONE', #7590, 1000.000000000000000 ) ;
#6301 = FACE_OUTER_BOUND ( 'NONE', #4204, .T. ) ;
#6302 = ORIENTED_EDGE ( 'NONE', *, *, #2337, .T. ) ;
#6303 = LINE ( 'NONE', #689, #4667 ) ;
#6304 = VERTEX_POINT ( 'NONE', #1684 ) ;
#6305 = STYLED_ITEM ( 'NONE', ( #4564 ), #3648 ) ;
#6306 = DIRECTION ( 'NONE',  ( 1.000000000000000000, -0.0000000000000000000, 0.0000000000000000000 ) ) ;
#6307 = DIRECTION ( 'NONE',  ( -1.000000000000000000, 0.0000000000000000000, 0.0000000000000000000 ) ) ;
#6308 = CARTESIAN_POINT ( 'NONE',  ( 1.086363636363637086, -0.6363636363636365756, -3.590909090909089940 ) ) ;
#6309 = VECTOR ( 'NONE', #1775, 1000.000000000000000 ) ;
#6310 = DIRECTION ( 'NONE',  ( -0.0000000000000000000, 0.0000000000000000000, 1.000000000000000000 ) ) ;
#6311 = FACE_OUTER_BOUND ( 'NONE', #4230, .T. ) ;
#6312 = ORIENTED_EDGE ( 'NONE', *, *, #2440, .F. ) ;
#6313 = EDGE_CURVE ( 'NONE', #3054, #4655, #6797, .T. ) ;
#6314 =( NAMED_UNIT ( * ) SI_UNIT ( $, .STERADIAN. ) SOLID_ANGLE_UNIT ( ) );
#6315 = ORIENTED_EDGE ( 'NONE', *, *, #2349, .F. ) ;
#6316 = DIRECTION ( 'NONE',  ( -1.000000000000000000, 0.0000000000000000000, 0.0000000000000000000 ) ) ;
#6317 = VECTOR ( 'NONE', #3238, 1000.000000000000000 ) ;
#6318 = ORIENTED_EDGE ( 'NONE', *, *, #7183, .F. ) ;
#6319 = PRESENTATION_STYLE_ASSIGNMENT (( #4337 ) ) ;
#6320 = CARTESIAN_POINT ( 'NONE',  ( -0.2629043226538720912, 0.5989739915595246877, 0.01000000000000000021 ) ) ;
#6321 = ORIENTED_EDGE ( 'NONE', *, *, #4249, .T. ) ;
#6322 = EDGE_CURVE ( 'NONE', #307, #6852, #3694, .T. ) ;
#6323 = VECTOR ( 'NONE', #1862, 1000.000000000000000 ) ;
#6324 = CARTESIAN_POINT ( 'NONE',  ( 0.0000000000000000000, 0.3282896853855690744, 0.01000000000000000021 ) ) ;
#6325 = ORIENTED_EDGE ( 'NONE', *, *, #461, .F. ) ;
#6326 = DIRECTION ( 'NONE',  ( -1.000000000000000000, -0.0000000000000000000, -0.0000000000000000000 ) ) ;
#6327 = CARTESIAN_POINT ( 'NONE',  ( -2.000000000000000000, -0.2999999999999997669, 1.000000000000000000 ) ) ;
#6328 = DIRECTION ( 'NONE',  ( -1.000000000000000000, 0.0000000000000000000, 0.0000000000000000000 ) ) ;
#6329 = VECTOR ( 'NONE', #5737, 1000.000000000000000 ) ;
#6330 = CARTESIAN_POINT ( 'NONE',  ( -0.08561970123175441372, 0.4270701731904470999, 0.01000000000000000021 ) ) ;
#6331 = ORIENTED_EDGE ( 'NONE', *, *, #2985, .F. ) ;
#6332 = CARTESIAN_POINT ( 'NONE',  ( 0.4296051463292210881, 0.5112165146538617533, 0.0000000000000000000 ) ) ;
#6333 = MECHANICAL_DESIGN_GEOMETRIC_PRESENTATION_REPRESENTATION (  '', ( #6740 ), #4940 ) ;
#6334 = AXIS2_PLACEMENT_3D ( 'NONE', #3486, #5946, #2840 ) ;
#6335 = DIRECTION ( 'NONE',  ( -0.0000000000000000000, 0.0000000000000000000, 1.000000000000000000 ) ) ;
#6336 = VECTOR ( 'NONE', #2793, 1000.000000000000000 ) ;
#6337 = VECTOR ( 'NONE', #2442, 1000.000000000000000 ) ;
#6338 = ORIENTED_EDGE ( 'NONE', *, *, #3780, .T. ) ;
#6339 = DIRECTION ( 'NONE',  ( 1.000000000000000000, -0.0000000000000000000, 0.0000000000000000000 ) ) ;
#6340 = CARTESIAN_POINT ( 'NONE',  ( 4.450000000000001066, -1.749999999999999778, 5.800000000000001599 ) ) ;
#6341 = LINE ( 'NONE', #2228, #7010 ) ;
#6342 =( GEOMETRIC_REPRESENTATION_CONTEXT ( 3 ) GLOBAL_UNCERTAINTY_ASSIGNED_CONTEXT ( ( #5766 ) ) GLOBAL_UNIT_ASSIGNED_CONTEXT ( ( #4808, #5358, #7184 ) ) REPRESENTATION_CONTEXT ( 'NONE', 'WORKASPACE' ) );
#6343 = DIRECTION ( 'NONE',  ( 0.0000000000000000000, 1.000000000000000000, 0.0000000000000000000 ) ) ;
#6344 = VECTOR ( 'NONE', #4114, 1000.000000000000000 ) ;
#6345 =( GEOMETRIC_REPRESENTATION_CONTEXT ( 3 ) GLOBAL_UNCERTAINTY_ASSIGNED_CONTEXT ( ( #7672 ) ) GLOBAL_UNIT_ASSIGNED_CONTEXT ( ( #7472, #3177, #3227 ) ) REPRESENTATION_CONTEXT ( 'NONE', 'WORKASPACE' ) );
#6346 = CARTESIAN_POINT ( 'NONE',  ( 0.1338924938901968897, 0.3282896853855690189, 0.0000000000000000000 ) ) ;
#6347 = DIRECTION ( 'NONE',  ( 0.0000000000000000000, -0.7071067811865505703, 0.7071067811865444641 ) ) ;
#6348 = PLANE ( 'NONE',  #2956 ) ;
#6349 = LINE ( 'NONE', #2787, #579 ) ;
#6350 = DIRECTION ( 'NONE',  ( 0.0000000000000000000, 1.000000000000000000, 0.0000000000000000000 ) ) ;
#6351 = VERTEX_POINT ( 'NONE', #4811 ) ;
#6352 = CARTESIAN_POINT ( 'NONE',  ( -2.750000000000000000, -0.2999999999999997669, 5.000000000000000888 ) ) ;
#6353 = CARTESIAN_POINT ( 'NONE',  ( 2.750000000000000444, -0.7999999999999997113, 5.000000000000000888 ) ) ;
#6354 = STYLED_ITEM ( 'NONE', ( #2816 ), #3462 ) ;
#6355 = AXIS2_PLACEMENT_3D ( 'NONE', #7151, #4723, #1649 ) ;
#6356 = DIRECTION ( 'NONE',  ( -0.0000000000000000000, -1.000000000000000000, 0.0000000000000000000 ) ) ;
#6357 = UNCERTAINTY_MEASURE_WITH_UNIT (LENGTH_MEASURE( 1.000000000000000082E-05 ), #1273, 'distance_accuracy_value', 'NONE');
#6358 = DIRECTION ( 'NONE',  ( 1.000000000000000000, 0.0000000000000000000, 0.0000000000000000000 ) ) ;
#6359 = SURFACE_STYLE_FILL_AREA ( #2950 ) ;
#6360 = STYLED_ITEM ( 'NONE', ( #5126 ), #375 ) ;
#6361 = FACE_BOUND ( 'NONE', #156, .T. ) ;
#6362 = ORIENTED_EDGE ( 'NONE', *, *, #1570, .F. ) ;
#6363 = CARTESIAN_POINT ( 'NONE',  ( -4.450000000000001066, 1.749999999999999778, 5.799999999999999822 ) ) ;
#6364 = LINE ( 'NONE', #3197, #4153 ) ;
#6365 = DIRECTION ( 'NONE',  ( -0.0000000000000000000, 0.0000000000000000000, 1.000000000000000000 ) ) ;
#6366 = CARTESIAN_POINT ( 'NONE',  ( -0.08561970123175441372, 0.0000000000000000000, 0.01000000000000000021 ) ) ;
#6367 = ORIENTED_EDGE ( 'NONE', *, *, #4146, .T. ) ;
#6368 = EDGE_CURVE ( 'NONE', #5374, #7721, #1853, .T. ) ;
#6369 = DIRECTION ( 'NONE',  ( 0.0000000000000000000, 0.0000000000000000000, -1.000000000000000000 ) ) ;
#6370 = CARTESIAN_POINT ( 'NONE',  ( 0.4704778597438551979, 0.2953628561172763622, 0.0000000000000000000 ) ) ;
#6371 = FACE_BOUND ( 'NONE', #4778, .T. ) ;
#6372 = CARTESIAN_POINT ( 'NONE',  ( -0.4075709207439496273, 0.4510221548977642603, 0.0000000000000000000 ) ) ;
#6373 = CARTESIAN_POINT ( 'NONE',  ( 0.09364859145117249151, 0.2953628561172763622, 0.0000000000000000000 ) ) ;
#6374 = ORIENTED_EDGE ( 'NONE', *, *, #5644, .F. ) ;
#6375 =( NAMED_UNIT ( * ) PLANE_ANGLE_UNIT ( ) SI_UNIT ( $, .RADIAN. ) );
#6376 = CARTESIAN_POINT ( 'NONE',  ( -0.1844001890366325780, 0.5798140756294715148, 0.01000000000000000021 ) ) ;
#6377 = CARTESIAN_POINT ( 'NONE',  ( 0.3351120060853188254, 0.4415899902636178376, 0.0000000000000000000 ) ) ;
#6378 = DIRECTION ( 'NONE',  ( -1.000000000000000000, 0.0000000000000000000, -0.0000000000000000000 ) ) ;
#6379 = PRESENTATION_STYLE_ASSIGNMENT (( #3555 ) ) ;
#6380 = FACE_OUTER_BOUND ( 'NONE', #6469, .T. ) ;
#6381 = AXIS2_PLACEMENT_3D ( 'NONE', #2510, #2014, #1933 ) ;
#6382 = EDGE_LOOP ( 'NONE', ( #6129, #6816, #2484, #7623 ) ) ;
#6383 = CARTESIAN_POINT ( 'NONE',  ( 0.3179498358955349935, 0.3685061639349014873, 0.01000000000000000021 ) ) ;
#6384 = ORIENTED_EDGE ( 'NONE', *, *, #3275, .F. ) ;
#6385 = SURFACE_STYLE_USAGE ( .BOTH. , #2040 ) ;
#6386 = DIRECTION ( 'NONE',  ( -1.000000000000000000, 0.0000000000000000000, 0.0000000000000000000 ) ) ;
#6387 = STYLED_ITEM ( 'NONE', ( #871 ), #926 ) ;
#6388 =( NAMED_UNIT ( * ) SI_UNIT ( $, .STERADIAN. ) SOLID_ANGLE_UNIT ( ) );
#6389 = ORIENTED_EDGE ( 'NONE', *, *, #4094, .T. ) ;
#6390 = CARTESIAN_POINT ( 'NONE',  ( 0.4945127869873255921, 0.3517878570008554084, 0.0000000000000000000 ) ) ;
#6391 = VERTEX_POINT ( 'NONE', #6772 ) ;
#6392 = EDGE_CURVE ( 'NONE', #7637, #1552, #3795, .T. ) ;
#6393 = CARTESIAN_POINT ( 'NONE',  ( 0.6277949329145868784, 0.5953628561172763511, 0.01000000000000000021 ) ) ;
#6394 = ORIENTED_EDGE ( 'NONE', *, *, #5446, .T. ) ;
#6395 = DIRECTION ( 'NONE',  ( 1.000000000000000000, 0.0000000000000000000, 0.0000000000000000000 ) ) ;
#6396 = DIRECTION ( 'NONE',  ( -1.000000000000000000, 0.0000000000000000000, 0.0000000000000000000 ) ) ;
#6397 =( LENGTH_UNIT ( ) NAMED_UNIT ( * ) SI_UNIT ( .MILLI., .METRE. ) );
#6398 = AXIS2_PLACEMENT_3D ( 'NONE', #3428, #4086, #2236 ) ;
#6399 = B_SPLINE_CURVE_WITH_KNOTS ( 'NONE', 3,
 ( #7492, #2507, #4395, #5040, #714, #1929, #3173 ),
 .UNSPECIFIED., .F., .F.,
 ( 4, 1, 1, 1, 4 ),
 ( 0.0000000000000000000, 0.3005748677701817195, 0.5683474126119600900, 0.8000111549537399780, 1.000000000000000000 ),
 .UNSPECIFIED. ) ;
#6400 = CARTESIAN_POINT ( 'NONE',  ( 0.0000000000000000000, 0.5112165146538617533, 0.01000000000000000021 ) ) ;
#6401 = ADVANCED_FACE ( 'NONE', ( #734, #5065 ), #4270, .F. ) ;
#6402 = LINE ( 'NONE', #167, #6208 ) ;
#6403 = EDGE_LOOP ( 'NONE', ( #2606, #2940, #1836, #3078 ) ) ;
#6404 =( NAMED_UNIT ( * ) SI_UNIT ( $, .STERADIAN. ) SOLID_ANGLE_UNIT ( ) );
#6405 = STYLED_ITEM ( 'NONE', ( #3860 ), #4673 ) ;
#6406 = FACE_OUTER_BOUND ( 'NONE', #6426, .T. ) ;
#6407 =( NAMED_UNIT ( * ) PLANE_ANGLE_UNIT ( ) SI_UNIT ( $, .RADIAN. ) );
#6408 = VERTEX_POINT ( 'NONE', #7342 ) ;
#6409 = EDGE_CURVE ( 'NONE', #6451, #2111, #2502, .T. ) ;
#6410 = DIRECTION ( 'NONE',  ( 1.000000000000000000, 0.0000000000000000000, 0.0000000000000000000 ) ) ;
#6411 = ORIENTED_EDGE ( 'NONE', *, *, #1410, .F. ) ;
#6412 = VECTOR ( 'NONE', #3016, 1000.000000000000000 ) ;
#6413 = ORIENTED_EDGE ( 'NONE', *, *, #297, .T. ) ;
#6414 = EDGE_CURVE ( 'NONE', #2622, #7862, #74, .T. ) ;
#6415 = FILL_AREA_STYLE_COLOUR ( '', #1815 ) ;
#6416 = VERTEX_POINT ( 'NONE', #3714 ) ;
#6417 =( NAMED_UNIT ( * ) PLANE_ANGLE_UNIT ( ) SI_UNIT ( $, .RADIAN. ) );
#6418 = CARTESIAN_POINT ( 'NONE',  ( -0.2549985122073643029, 0.2917043195319106164, 0.01000000000000000021 ) ) ;
#6419 = DIRECTION ( 'NONE',  ( -0.0000000000000000000, -0.7071067811865444641, 0.7071067811865505703 ) ) ;
#6420 = EDGE_CURVE ( 'NONE', #7053, #543, #7452, .T. ) ;
#6421 = ORIENTED_EDGE ( 'NONE', *, *, #6984, .T. ) ;
#6422 = LINE ( 'NONE', #1556, #2316 ) ;
#6423 = CARTESIAN_POINT ( 'NONE',  ( -2.850000000000000089, 0.0000000000000000000, -3.399999999999999911 ) ) ;
#6424 = FILL_AREA_STYLE ('',( #5111 ) ) ;
#6425 = FACE_OUTER_BOUND ( 'NONE', #2965, .T. ) ;
#6426 = EDGE_LOOP ( 'NONE', ( #4200, #6937, #1925, #1653 ) ) ;
#6427 = DIRECTION ( 'NONE',  ( -0.0000000000000000000, -0.0000000000000000000, -1.000000000000000000 ) ) ;
#6428 = PRESENTATION_STYLE_ASSIGNMENT (( #1149 ) ) ;
#6429 = DIRECTION ( 'NONE',  ( -0.0000000000000000000, 0.0000000000000000000, -1.000000000000000000 ) ) ;
#6430 = FILL_AREA_STYLE_COLOUR ( '', #3804 ) ;
#6431 = ORIENTED_EDGE ( 'NONE', *, *, #7774, .F. ) ;
#6432 = EDGE_CURVE ( 'NONE', #610, #6351, #4970, .T. ) ;
#6433 = APPLICATION_PROTOCOL_DEFINITION ( 'draft international standard', 'automotive_design', 1998, #5858 ) ;
#6434 = DIRECTION ( 'NONE',  ( 1.000000000000000000, 0.0000000000000000000, 0.0000000000000000000 ) ) ;
#6435 = LINE ( 'NONE', #4396, #7388 ) ;
#6436 = VECTOR ( 'NONE', #4053, 1000.000000000000114 ) ;
#6437 = ORIENTED_EDGE ( 'NONE', *, *, #7680, .F. ) ;
#6438 = STYLED_ITEM ( 'NONE', ( #1421 ), #837 ) ;
#6439 = STYLED_ITEM ( 'NONE', ( #4205 ), #6174 ) ;
#6440 = SURFACE_STYLE_FILL_AREA ( #5713 ) ;
#6441 = CARTESIAN_POINT ( 'NONE',  ( 0.2906118898394136618, 0.4038941988270666195, 0.0000000000000000000 ) ) ;
#6442 = ADVANCED_FACE ( 'NONE', ( #6507 ), #3799, .F. ) ;
#6443 = CARTESIAN_POINT ( 'NONE',  ( -0.2721534344030960839, 0.5989046562830749876, 0.0000000000000000000 ) ) ;
#6444 = FILL_AREA_STYLE ('',( #1488 ) ) ;
#6445 = PLANE ( 'NONE',  #1605 ) ;
#6446 = EDGE_LOOP ( 'NONE', ( #4539, #7741, #715, #1087 ) ) ;
#6447 = AXIS2_PLACEMENT_3D ( 'NONE', #6144, #4342, #7921 ) ;
#6448 = DIRECTION ( 'NONE',  ( -0.9486832980505145452, -0.0000000000000000000, -0.3162277660168359428 ) ) ;
#6449 = CARTESIAN_POINT ( 'NONE',  ( 0.2828645061514497017, 0.5036114564615890021, 0.009999999999999995004 ) ) ;
#6450 = LINE ( 'NONE', #5925, #5010 ) ;
#6451 = VERTEX_POINT ( 'NONE', #7314 ) ;
#6452 = STYLED_ITEM ( 'NONE', ( #5516 ), #7706 ) ;
#6453 = CARTESIAN_POINT ( 'NONE',  ( 0.4844831951097088862, 0.3529848073367885530, 0.0000000000000000000 ) ) ;
#6454 = ADVANCED_FACE ( 'NONE', ( #1106 ), #4944, .F. ) ;
#6455 = ORIENTED_EDGE ( 'NONE', *, *, #1268, .T. ) ;
#6456 = DIRECTION ( 'NONE',  ( -0.0000000000000000000, 0.0000000000000000000, 1.000000000000000000 ) ) ;
#6457 = PRESENTATION_LAYER_ASSIGNMENT (  '', '', ( #3220 ) ) ;
#6458 = PLANE ( 'NONE',  #2379 ) ;
#6459 = B_SPLINE_CURVE_WITH_KNOTS ( 'NONE', 3,
 ( #6839, #4364, #179, #5600, #78, #7442, #1902, #1991, #2504, #3815, #133 ),
 .UNSPECIFIED., .F., .F.,
 ( 4, 1, 1, 1, 1, 1, 1, 1, 4 ),
 ( 0.0000000000000000000, 0.1451868664724690061, 0.2834426109197295540, 0.4165243659288286326, 0.5431811235350828548, 0.6651530826377135552, 0.7813602063127152997, 0.8927566556418089494, 1.000000000000000000 ),
 .UNSPECIFIED. ) ;
#6460 = LINE ( 'NONE', #2523, #5782 ) ;
#6461 = VECTOR ( 'NONE', #2386, 1000.000000000000000 ) ;
#6462 = CARTESIAN_POINT ( 'NONE',  ( -4.450000000000001066, 1.749999999999999778, 1.000000000000000000 ) ) ;
#6463 = CARTESIAN_POINT ( 'NONE',  ( -0.4331806768415105147, 0.5624360268489836390, 0.0000000000000000000 ) ) ;
#6464 = PRESENTATION_LAYER_ASSIGNMENT (  '', '', ( #6354 ) ) ;
#6465 = PRESENTATION_STYLE_ASSIGNMENT (( #3425 ) ) ;
#6466 = COLOUR_RGB ( '',0.9686274509803921573, 0.8784313725490195957, 0.5999999999999999778 ) ;
#6467 = EDGE_CURVE ( 'NONE', #3205, #4575, #642, .T. ) ;
#6468 = CARTESIAN_POINT ( 'NONE',  ( 0.2770321707299180369, 0.3729135077215696148, 0.009999999999999991535 ) ) ;
#6469 = EDGE_LOOP ( 'NONE', ( #2898, #4238, #5554, #7658, #2338, #5550, #1281, #2799 ) ) ;
#6470 = CARTESIAN_POINT ( 'NONE',  ( -0.3370410084134722872, 0.5834351084271011123, 0.0000000000000000000 ) ) ;
#6471 = FILL_AREA_STYLE_COLOUR ( '', #3640 ) ;
#6472 = EDGE_CURVE ( 'NONE', #7803, #2111, #2305, .T. ) ;
#6473 = VECTOR ( 'NONE', #5761, 1000.000000000000000 ) ;
#6474 = CARTESIAN_POINT ( 'NONE',  ( 0.3291400619987174259, 0.4899467256115611624, 0.01000000000000000194 ) ) ;
#6475 = UNCERTAINTY_MEASURE_WITH_UNIT (LENGTH_MEASURE( 1.000000000000000082E-05 ), #2764, 'distance_accuracy_value', 'NONE');
#6476 = FILL_AREA_STYLE_COLOUR ( '', #7560 ) ;
#6477 = CARTESIAN_POINT ( 'NONE',  ( 0.2026691511538326329, 0.5606330523045366387, 0.009999999999999995004 ) ) ;
#6478 = ORIENTED_EDGE ( 'NONE', *, *, #852, .F. ) ;
#6479 = EDGE_CURVE ( 'NONE', #2715, #365, #2703, .T. ) ;
#6480 = DIRECTION ( 'NONE',  ( 0.0000000000000000000, 0.0000000000000000000, -1.000000000000000000 ) ) ;
#6481 = VERTEX_POINT ( 'NONE', #3680 ) ;
#6482 = CARTESIAN_POINT ( 'NONE',  ( 1.250000000000000222, -0.2999999999999997669, 5.000000000000000888 ) ) ;
#6483 = SURFACE_STYLE_FILL_AREA ( #139 ) ;
#6484 = SURFACE_STYLE_FILL_AREA ( #170 ) ;
#6485 = DIRECTION ( 'NONE',  ( -0.0000000000000000000, -1.000000000000000000, 0.0000000000000000000 ) ) ;
#6486 = FILL_AREA_STYLE_COLOUR ( '', #786 ) ;
#6487 = ORIENTED_EDGE ( 'NONE', *, *, #7869, .F. ) ;
#6488 = SURFACE_STYLE_USAGE ( .BOTH. , #5923 ) ;
#6489 = VECTOR ( 'NONE', #4758, 1000.000000000000000 ) ;
#6490 = EDGE_LOOP ( 'NONE', ( #3266, #6833, #6077, #5252 ) ) ;
#6491 = UNCERTAINTY_MEASURE_WITH_UNIT (LENGTH_MEASURE( 1.000000000000000082E-05 ), #6547, 'distance_accuracy_value', 'NONE');
#6492 = VERTEX_POINT ( 'NONE', #6128 ) ;
#6493 = CARTESIAN_POINT ( 'NONE',  ( 0.2930894328771783131, 0.4159657668004689279, 0.0000000000000000000 ) ) ;
#6494 = DIRECTION ( 'NONE',  ( 0.0000000000000000000, 0.0000000000000000000, 1.000000000000000000 ) ) ;
#6495 = PRESENTATION_STYLE_ASSIGNMENT (( #6247 ) ) ;
#6496 = CARTESIAN_POINT ( 'NONE',  ( -0.2894620333182886251, 0.3290686859322594637, 0.0000000000000000000 ) ) ;
#6497 = VECTOR ( 'NONE', #966, 1000.000000000000000 ) ;
#6498 = CARTESIAN_POINT ( 'NONE',  ( 4.699999999999996625, -2.250000000000000000, 1.099999999999999645 ) ) ;
#6499 = CARTESIAN_POINT ( 'NONE',  ( 3.003586417958283405, -2.250000000000000000, 3.912701290971654089 ) ) ;
#6500 =( GEOMETRIC_REPRESENTATION_CONTEXT ( 3 ) GLOBAL_UNCERTAINTY_ASSIGNED_CONTEXT ( ( #6113 ) ) GLOBAL_UNIT_ASSIGNED_CONTEXT ( ( #3503, #550, #2855 ) ) REPRESENTATION_CONTEXT ( 'NONE', 'WORKASPACE' ) );
#6501 = EDGE_LOOP ( 'NONE', ( #2614, #6977, #895, #3674 ) ) ;
#6502 = AXIS2_PLACEMENT_3D ( 'NONE', #6640, #636, #2942 ) ;
#6503 = ORIENTED_EDGE ( 'NONE', *, *, #3667, .T. ) ;
#6504 =( NAMED_UNIT ( * ) PLANE_ANGLE_UNIT ( ) SI_UNIT ( $, .RADIAN. ) );
#6505 = CARTESIAN_POINT ( 'NONE',  ( -0.2007105353709034146, 0.3353552529332566867, 0.01000000000000000021 ) ) ;
#6506 = CARTESIAN_POINT ( 'NONE',  ( 0.2366774743390124003, 0.5503159000959710889, 0.0000000000000000000 ) ) ;
#6507 = FACE_OUTER_BOUND ( 'NONE', #5109, .T. ) ;
#6508 = ORIENTED_EDGE ( 'NONE', *, *, #4034, .T. ) ;
#6509 = B_SPLINE_SURFACE_WITH_KNOTS ( 'NONE', 3, 1, ( 
 ( #906, #2716 ),
 ( #965, #7654 ),
 ( #5850, #4612 ),
 ( #361, #936 ),
 ( #2122, #6474 ),
 ( #1253, #2376 ),
 ( #4328, #2437 ),
 ( #5510, #6124 ),
 ( #3366, #3021 ),
 ( #6159, #4891 ),
 ( #3654, #2415 ),
 ( #4948, #4356 ),
 ( #667, #1228 ),
 ( #1800, #3761 ),
 ( #581, #5 ),
 ( #2459, #1178 ),
 ( #4908, #2403 ),
 ( #6821, #5563 ),
 ( #4321, #6792 ) ),
 .UNSPECIFIED., .F., .F., .F.,
 ( 4, 1, 1, 1, 1, 1, 1, 1, 1, 1, 1, 1, 1, 1, 1, 1, 4 ),
 ( 2, 2 ),
 ( 0.0000000000000000000, 0.06807022544602457648, 0.1334304311243612595, 0.1961504414953039732, 0.2571279473187741416, 0.3168673125347745700, 0.3761731906999612463, 0.4359476605849034181, 0.4965239232888284393, 0.5574553990935476877, 0.6176782722867167896, 0.6779364036295143503, 0.7387994153869102965, 0.8009448638132561360, 0.8648116296622976318, 0.9310232311067553335, 1.000000000000000000 ),
 ( 0.0000000000000000000, 1.000000000000000000 ),
 .UNSPECIFIED. ) ;
#6510 = CARTESIAN_POINT ( 'NONE',  ( -4.950000000000000178, -0.2399999999999994083, 4.389999999999999680 ) ) ;
#6511 = VECTOR ( 'NONE', #3482, 1000.000000000000000 ) ;
#6512 = ORIENTED_EDGE ( 'NONE', *, *, #6243, .T. ) ;
#6513 = STYLED_ITEM ( 'NONE', ( #2332 ), #2880 ) ;
#6514 = B_SPLINE_CURVE_WITH_KNOTS ( 'NONE', 3,
 ( #6376, #2645, #7618, #264, #4542, #5183, #5783, #5889, #1586, #7141, #5974 ),
 .UNSPECIFIED., .F., .F.,
 ( 4, 1, 1, 1, 1, 1, 1, 1, 4 ),
 ( 0.0000000000000000000, 0.1124483899088013078, 0.2265276752126779980, 0.3444019493260279674, 0.4658649724874588949, 0.5916594493521167841, 0.7221684870248877841, 0.8586063875549270197, 1.000000000000000000 ),
 .UNSPECIFIED. ) ;
#6515 = DIRECTION ( 'NONE',  ( -1.000000000000000000, 0.0000000000000000000, 0.0000000000000000000 ) ) ;
#6516 = AXIS2_PLACEMENT_3D ( 'NONE', #339, #6456, #2028 ) ;
#6517 = ORIENTED_EDGE ( 'NONE', *, *, #1431, .T. ) ;
#6518 = SURFACE_STYLE_USAGE ( .BOTH. , #5182 ) ;
#6519 = SURFACE_STYLE_USAGE ( .BOTH. , #4651 ) ;
#6520 = DIRECTION ( 'NONE',  ( -1.000000000000000000, 0.0000000000000000000, 0.0000000000000000000 ) ) ;
#6521 = EDGE_LOOP ( 'NONE', ( #7552, #71, #2409, #6209 ) ) ;
#6522 = CARTESIAN_POINT ( 'NONE',  ( -0.4024605062861698612, 0.4973369030566412996, 0.0000000000000000000 ) ) ;
#6523 = STYLED_ITEM ( 'NONE', ( #885 ), #491 ) ;
#6524 = ORIENTED_EDGE ( 'NONE', *, *, #2801, .T. ) ;
#6525 = DIRECTION ( 'NONE',  ( 0.0000000000000000000, 0.0000000000000000000, -1.000000000000000000 ) ) ;
#6526 = VECTOR ( 'NONE', #1175, 1000.000000000000000 ) ;
#6527 = CARTESIAN_POINT ( 'NONE',  ( -4.950000000000000178, 2.000000000000000000, 6.000000000000000000 ) ) ;
#6528 = ORIENTED_EDGE ( 'NONE', *, *, #6567, .F. ) ;
#6529 = CARTESIAN_POINT ( 'NONE',  ( 0.2948681036462944549, 0.4424474597758129568, 0.0000000000000000000 ) ) ;
#6530 = EDGE_CURVE ( 'NONE', #2911, #422, #162, .T. ) ;
#6531 = CARTESIAN_POINT ( 'NONE',  ( 3.086363636363636864, -0.6363636363636365756, -3.590909090909089940 ) ) ;
#6532 = VECTOR ( 'NONE', #3132, 1000.000000000000000 ) ;
#6533 = ORIENTED_EDGE ( 'NONE', *, *, #5360, .T. ) ;
#6534 =( NAMED_UNIT ( * ) PLANE_ANGLE_UNIT ( ) SI_UNIT ( $, .RADIAN. ) );
#6535 = ADVANCED_FACE ( 'NONE', ( #2910 ), #4457, .T. ) ;
#6536 = CARTESIAN_POINT ( 'NONE',  ( 0.2905403466497580300, 0.3348241174246534002, 0.01000000000000000021 ) ) ;
#6537 = CARTESIAN_POINT ( 'NONE',  ( 0.5838924938901967066, 0.5953628561172763511, 0.01000000000000000021 ) ) ;
#6538 =( NAMED_UNIT ( * ) SI_UNIT ( $, .STERADIAN. ) SOLID_ANGLE_UNIT ( ) );
#6539 =( NAMED_UNIT ( * ) PLANE_ANGLE_UNIT ( ) SI_UNIT ( $, .RADIAN. ) );
#6540 = FILL_AREA_STYLE_COLOUR ( '', #2211 ) ;
#6541 = VERTEX_POINT ( 'NONE', #95 ) ;
#6542 = CARTESIAN_POINT ( 'NONE',  ( 0.4889450443906467325, 0.3340866375917590503, 0.01000000000000000021 ) ) ;
#6543 = VECTOR ( 'NONE', #3609, 1000.000000000000000 ) ;
#6544 = PRESENTATION_LAYER_ASSIGNMENT (  '', '', ( #5163 ) ) ;
#6545 = DIRECTION ( 'NONE',  ( 1.000000000000000000, 0.0000000000000000000, 0.0000000000000000000 ) ) ;
#6546 = DIRECTION ( 'NONE',  ( 0.0000000000000000000, 0.0000000000000000000, -1.000000000000000000 ) ) ;
#6547 =( LENGTH_UNIT ( ) NAMED_UNIT ( * ) SI_UNIT ( .MILLI., .METRE. ) );
#6548 = EDGE_CURVE ( 'NONE', #2885, #7073, #460, .T. ) ;
#6549 = SURFACE_STYLE_FILL_AREA ( #783 ) ;
#6550 = FILL_AREA_STYLE ('',( #3260 ) ) ;
#6551 = CARTESIAN_POINT ( 'NONE',  ( 0.2147660663326569075, 0.5582063381199359187, 0.009999999999999995004 ) ) ;
#6552 = DIRECTION ( 'NONE',  ( 0.0000000000000000000, 0.0000000000000000000, -1.000000000000000000 ) ) ;
#6553 = CARTESIAN_POINT ( 'NONE',  ( -0.5868392134268763938, 0.2953628561172763622, 0.0000000000000000000 ) ) ;
#6554 = UNCERTAINTY_MEASURE_WITH_UNIT (LENGTH_MEASURE( 1.000000000000000082E-05 ), #7382, 'distance_accuracy_value', 'NONE');
#6555 = CARTESIAN_POINT ( 'NONE',  ( 0.1783094146219041665, 0.2953628561172763622, 0.01000000000000000021 ) ) ;
#6556 =( GEOMETRIC_REPRESENTATION_CONTEXT ( 3 ) GLOBAL_UNCERTAINTY_ASSIGNED_CONTEXT ( ( #3566 ) ) GLOBAL_UNIT_ASSIGNED_CONTEXT ( ( #6397, #2664, #4643 ) ) REPRESENTATION_CONTEXT ( 'NONE', 'WORKASPACE' ) );
#6557 = LINE ( 'NONE', #3356, #4922 ) ;
#6558 = SURFACE_STYLE_USAGE ( .BOTH. , #1601 ) ;
#6559 = B_SPLINE_CURVE_WITH_KNOTS ( 'NONE', 3,
 ( #5036, #6263, #5681, #659, #1243, #6784, #3085, #3139, #1881, #1855, #2450 ),
 .UNSPECIFIED., .F., .F.,
 ( 4, 1, 1, 1, 1, 1, 1, 1, 4 ),
 ( 0.0000000000000000000, 0.1124483899088013078, 0.2265276752126779980, 0.3444019493260279674, 0.4658649724874588949, 0.5916594493521167841, 0.7221684870248877841, 0.8586063875549270197, 1.000000000000000000 ),
 .UNSPECIFIED. ) ;
#6560 = FILL_AREA_STYLE_COLOUR ( '', #3846 ) ;
#6561 = ORIENTED_EDGE ( 'NONE', *, *, #5606, .F. ) ;
#6562 = VECTOR ( 'NONE', #3240, 1000.000000000000000 ) ;
#6563 = DIRECTION ( 'NONE',  ( -0.0000000000000000000, -1.000000000000000000, -0.0000000000000000000 ) ) ;
#6564 =( NAMED_UNIT ( * ) SI_UNIT ( $, .STERADIAN. ) SOLID_ANGLE_UNIT ( ) );
#6565 = DIRECTION ( 'NONE',  ( -0.0000000000000000000, -1.000000000000000000, -0.0000000000000000000 ) ) ;
#6566 = CARTESIAN_POINT ( 'NONE',  ( -0.3361128859800862623, 0.3580438335455305987, 0.0000000000000000000 ) ) ;
#6567 = EDGE_CURVE ( 'NONE', #4562, #7721, #3487, .T. ) ;
#6568 = UNCERTAINTY_MEASURE_WITH_UNIT (LENGTH_MEASURE( 1.000000000000000082E-05 ), #996, 'distance_accuracy_value', 'NONE');
#6569 = ORIENTED_EDGE ( 'NONE', *, *, #4558, .F. ) ;
#6570 = VECTOR ( 'NONE', #1127, 1000.000000000000000 ) ;
#6571 = DIRECTION ( 'NONE',  ( 0.0000000000000000000, -1.000000000000000000, 0.0000000000000000000 ) ) ;
#6572 = ADVANCED_FACE ( 'NONE', ( #4384 ), #6613, .F. ) ;
#6573 = EDGE_CURVE ( 'NONE', #632, #5904, #6891, .T. ) ;
#6574 = LINE ( 'NONE', #5898, #1165 ) ;
#6575 = SURFACE_STYLE_USAGE ( .BOTH. , #4095 ) ;
#6576 = VECTOR ( 'NONE', #5325, 1000.000000000000000 ) ;
#6577 = COLOUR_RGB ( '',1.000000000000000000, 1.000000000000000000, 1.000000000000000000 ) ;
#6578 = DIRECTION ( 'NONE',  ( -0.0000000000000000000, 1.346834996876405774E-16, -1.000000000000000000 ) ) ;
#6579 = CARTESIAN_POINT ( 'NONE',  ( -0.3361128859800862623, 0.3580438335455305987, 0.0000000000000000000 ) ) ;
#6580 = DIRECTION ( 'NONE',  ( 0.0000000000000000000, -1.000000000000000000, -0.0000000000000000000 ) ) ;
#6581 = ORIENTED_EDGE ( 'NONE', *, *, #4772, .F. ) ;
#6582 = DIRECTION ( 'NONE',  ( 0.0000000000000000000, 0.0000000000000000000, -1.000000000000000000 ) ) ;
#6583 = LINE ( 'NONE', #3764, #4550 ) ;
#6584 = CARTESIAN_POINT ( 'NONE',  ( -0.2179367497826653621, 0.3293453112321247378, 0.01000000000000000021 ) ) ;
#6585 = VECTOR ( 'NONE', #5894, 1000.000000000000000 ) ;
#6586 = VERTEX_POINT ( 'NONE', #1502 ) ;
#6587 = CARTESIAN_POINT ( 'NONE',  ( 0.2261171330251723621, 0.5547818667535291404, 0.0000000000000000000 ) ) ;
#6588 = EDGE_CURVE ( 'NONE', #2381, #7643, #3100, .T. ) ;
#6589 =( NAMED_UNIT ( * ) PLANE_ANGLE_UNIT ( ) SI_UNIT ( $, .RADIAN. ) );
#6590 = ORIENTED_EDGE ( 'NONE', *, *, #2635, .T. ) ;
#6591 = CARTESIAN_POINT ( 'NONE',  ( -1.086363636363636642, -0.6363636363636365756, -3.590909090909089940 ) ) ;
#6592 =( NAMED_UNIT ( * ) SI_UNIT ( $, .STERADIAN. ) SOLID_ANGLE_UNIT ( ) );
#6593 = VECTOR ( 'NONE', #2593, 1000.000000000000000 ) ;
#6594 = SURFACE_SIDE_STYLE ('',( #6359 ) ) ;
#6595 = DIRECTION ( 'NONE',  ( 0.0000000000000000000, 0.0000000000000000000, -1.000000000000000000 ) ) ;
#6596 = LINE ( 'NONE', #7773, #1931 ) ;
#6597 = EDGE_LOOP ( 'NONE', ( #1558, #5341, #1973, #1377 ) ) ;
#6598 = CARTESIAN_POINT ( 'NONE',  ( -4.950000000000000178, -0.2599999999999966782, 4.000000000000000000 ) ) ;
#6599 =( GEOMETRIC_REPRESENTATION_CONTEXT ( 3 ) GLOBAL_UNCERTAINTY_ASSIGNED_CONTEXT ( ( #4606 ) ) GLOBAL_UNIT_ASSIGNED_CONTEXT ( ( #5131, #2044, #6388 ) ) REPRESENTATION_CONTEXT ( 'NONE', 'WORKASPACE' ) );
#6600 = FILL_AREA_STYLE_COLOUR ( '', #2636 ) ;
#6601 =( NAMED_UNIT ( * ) SI_UNIT ( $, .STERADIAN. ) SOLID_ANGLE_UNIT ( ) );
#6602 = ORIENTED_EDGE ( 'NONE', *, *, #2038, .F. ) ;
#6603 = FACE_OUTER_BOUND ( 'NONE', #6798, .T. ) ;
#6604 = VERTEX_POINT ( 'NONE', #6992 ) ;
#6605 =( NAMED_UNIT ( * ) PLANE_ANGLE_UNIT ( ) SI_UNIT ( $, .RADIAN. ) );
#6606 = EDGE_LOOP ( 'NONE', ( #3396, #366, #6923, #7333 ) ) ;
#6607 = CARTESIAN_POINT ( 'NONE',  ( 0.2825408130982729471, 0.3823827789989096559, 0.0000000000000000000 ) ) ;
#6608 = PRESENTATION_LAYER_ASSIGNMENT (  '', '', ( #3899 ) ) ;
#6609 = VERTEX_POINT ( 'NONE', #3185 ) ;
#6610 =( GEOMETRIC_REPRESENTATION_CONTEXT ( 3 ) GLOBAL_UNCERTAINTY_ASSIGNED_CONTEXT ( ( #2141 ) ) GLOBAL_UNIT_ASSIGNED_CONTEXT ( ( #3947, #6605, #2188 ) ) REPRESENTATION_CONTEXT ( 'NONE', 'WORKASPACE' ) );
#6611 = VECTOR ( 'NONE', #3749, 1000.000000000000000 ) ;
#6612 = ORIENTED_EDGE ( 'NONE', *, *, #3079, .T. ) ;
#6613 = B_SPLINE_SURFACE_WITH_KNOTS ( 'NONE', 3, 1, ( 
 ( #7478, #248 ),
 ( #7575, #5750 ),
 ( #3902, #4527 ),
 ( #857, #2657 ),
 ( #5164, #5770 ),
 ( #7008, #2632 ),
 ( #3281, #6985 ),
 ( #2030, #863 ),
 ( #818, #5780 ),
 ( #7038, #227 ),
 ( #2665, #3214 ) ),
 .UNSPECIFIED., .F., .F., .F.,
 ( 4, 1, 1, 1, 1, 1, 1, 1, 4 ),
 ( 2, 2 ),
 ( 0.0000000000000000000, 0.1451868664724690061, 0.2834426109197295540, 0.4165243659288286326, 0.5431811235350828548, 0.6651530826377135552, 0.7813602063127152997, 0.8927566556418089494, 1.000000000000000000 ),
 ( 0.0000000000000000000, 1.000000000000000000 ),
 .UNSPECIFIED. ) ;
#6614 = DIRECTION ( 'NONE',  ( 1.000000000000000000, 0.0000000000000000000, 0.0000000000000000000 ) ) ;
#6615 = ADVANCED_FACE ( 'NONE', ( #839 ), #887, .F. ) ;
#6616 = VERTEX_POINT ( 'NONE', #5833 ) ;
#6617 = FILL_AREA_STYLE_COLOUR ( '', #3481 ) ;
#6618 = CARTESIAN_POINT ( 'NONE',  ( 0.4397232865731235396, 0.4782896853855690411, 0.0000000000000000000 ) ) ;
#6619 = STYLED_ITEM ( 'NONE', ( #1659 ), #3603 ) ;
#6620 = SURFACE_STYLE_USAGE ( .BOTH. , #5993 ) ;
#6621 =( NAMED_UNIT ( * ) SI_UNIT ( $, .STERADIAN. ) SOLID_ANGLE_UNIT ( ) );
#6622 = ORIENTED_EDGE ( 'NONE', *, *, #5028, .T. ) ;
#6623 = SURFACE_STYLE_FILL_AREA ( #666 ) ;
#6624 = CARTESIAN_POINT ( 'NONE',  ( -0.3672436914298968236, 0.4529504472396573278, 0.01000000000000000021 ) ) ;
#6625 = EDGE_CURVE ( 'NONE', #7435, #7132, #7824, .T. ) ;
#6626 = LINE ( 'NONE', #6765, #3302 ) ;
#6627 = ORIENTED_EDGE ( 'NONE', *, *, #5543, .F. ) ;
#6628 = EDGE_CURVE ( 'NONE', #3497, #7593, #3318, .T. ) ;
#6629 = COLOUR_RGB ( '',1.000000000000000000, 1.000000000000000000, 1.000000000000000000 ) ;
#6630 = FILL_AREA_STYLE_COLOUR ( '', #2187 ) ;
#6631 = CARTESIAN_POINT ( 'NONE',  ( -0.3553438192569737253, 0.3865307560194733427, 0.01000000000000000021 ) ) ;
#6632 =( NAMED_UNIT ( * ) SI_UNIT ( $, .STERADIAN. ) SOLID_ANGLE_UNIT ( ) );
#6633 = PRESENTATION_STYLE_ASSIGNMENT (( #7339 ) ) ;
#6634 = LINE ( 'NONE', #1000, #6436 ) ;
#6635 = ORIENTED_EDGE ( 'NONE', *, *, #3492, .T. ) ;
#6636 = EDGE_CURVE ( 'NONE', #672, #307, #3379, .T. ) ;
#6637 = CARTESIAN_POINT ( 'NONE',  ( 0.4948871585243430071, 0.3529848073367886085, 0.01000000000000000021 ) ) ;
#6638 = UNCERTAINTY_MEASURE_WITH_UNIT (LENGTH_MEASURE( 1.000000000000000082E-05 ), #34, 'distance_accuracy_value', 'NONE');
#6639 = VECTOR ( 'NONE', #6949, 1000.000000000000000 ) ;
#6640 = CARTESIAN_POINT ( 'NONE',  ( -4.950000000000000178, 0.1500000000000004663, 4.390000000000003233 ) ) ;
#6641 = DIRECTION ( 'NONE',  ( 0.5773502691896273964, 0.5773502691896273964, 0.5773502691896224004 ) ) ;
#6642 =( LENGTH_UNIT ( ) NAMED_UNIT ( * ) SI_UNIT ( .MILLI., .METRE. ) );
#6643 = STYLED_ITEM ( 'NONE', ( #3617 ), #5575 ) ;
#6644 =( NAMED_UNIT ( * ) SI_UNIT ( $, .STERADIAN. ) SOLID_ANGLE_UNIT ( ) );
#6645 = CARTESIAN_POINT ( 'NONE',  ( -0.4074397223104475607, 0.4451856752492969749, 0.01000000000000000021 ) ) ;
#6646 = COLOUR_RGB ( '',1.000000000000000000, 1.000000000000000000, 1.000000000000000000 ) ;
#6647 = CARTESIAN_POINT ( 'NONE',  ( -0.3602307497345574872, 0.4969711792601141376, 0.0000000000000000000 ) ) ;
#6648 = DIRECTION ( 'NONE',  ( 0.0000000000000000000, 0.0000000000000000000, -1.000000000000000000 ) ) ;
#6649 = PRESENTATION_LAYER_ASSIGNMENT (  '', '', ( #6802 ) ) ;
#6650 = ADVANCED_FACE ( 'NONE', ( #1750 ), #6087, .F. ) ;
#6651 = PRESENTATION_LAYER_ASSIGNMENT (  '', '', ( #1564 ) ) ;
#6652 = CARTESIAN_POINT ( 'NONE',  ( 0.1783094146219041665, 0.2953628561172763622, 0.0000000000000000000 ) ) ;
#6653 = LINE ( 'NONE', #7848, #1799 ) ;
#6654 = DIRECTION ( 'NONE',  ( 1.000000000000000000, 0.0000000000000000000, 0.0000000000000000000 ) ) ;
#6655 = CARTESIAN_POINT ( 'NONE',  ( -0.3672233497452502271, 0.4439301762038284638, 0.0000000000000000000 ) ) ;
#6656 = CARTESIAN_POINT ( 'NONE',  ( 0.2261171330251723621, 0.5547818667535291404, 0.0000000000000000000 ) ) ;
#6657 = DIRECTION ( 'NONE',  ( 0.0000000000000000000, -1.000000000000000000, -0.0000000000000000000 ) ) ;
#6658 = EDGE_CURVE ( 'NONE', #5589, #6853, #5545, .T. ) ;
#6659 = UNCERTAINTY_MEASURE_WITH_UNIT (LENGTH_MEASURE( 1.000000000000000082E-05 ), #1227, 'distance_accuracy_value', 'NONE');
#6660 = FACE_OUTER_BOUND ( 'NONE', #2520, .T. ) ;
#6661 = LINE ( 'NONE', #6340, #5021 ) ;
#6662 = ADVANCED_FACE ( 'NONE', ( #631 ), #6509, .F. ) ;
#6663 = CARTESIAN_POINT ( 'NONE',  ( 0.4914404393415053307, 0.3385097900588647790, 0.01000000000000000021 ) ) ;
#6664 = AXIS2_PLACEMENT_3D ( 'NONE', #1025, #3400, #948 ) ;
#6665 = ORIENTED_EDGE ( 'NONE', *, *, #1232, .T. ) ;
#6666 = LINE ( 'NONE', #7391, #5025 ) ;
#6667 = B_SPLINE_SURFACE_WITH_KNOTS ( 'NONE', 3, 1, ( 
 ( #3253, #3149 ),
 ( #7522, #4422 ),
 ( #7571, #3844 ),
 ( #5102, #5046 ),
 ( #6953, #3896 ),
 ( #239, #853 ),
 ( #1426, #2090 ),
 ( #5845, #3330 ),
 ( #1456, #899 ),
 ( #2675, #351 ),
 ( #2116, #4003 ),
 ( #3977, #6468 ),
 ( #5263, #1512 ),
 ( #7076, #928 ),
 ( #6441, #3276 ),
 ( #6493, #979 ),
 ( #4630, #326 ),
 ( #959, #2167 ),
 ( #2707, #5235 ) ),
 .UNSPECIFIED., .F., .F., .F.,
 ( 4, 1, 1, 1, 1, 1, 1, 1, 1, 1, 1, 1, 1, 1, 1, 1, 4 ),
 ( 2, 2 ),
 ( 0.0000000000000000000, 0.06905207252007627972, 0.1347465263090331655, 0.1981262564911064894, 0.2590629770305133972, 0.3186738692911920134, 0.3768170599215832084, 0.4347542133424530109, 0.4923932805146836733, 0.5501211953540401378, 0.6076737513521421885, 0.6662171152667621943, 0.7267757507703777042, 0.7895196170547866821, 0.8556195004408324589, 0.9257029502726519254, 1.000000000000000000 ),
 ( 0.0000000000000000000, 1.000000000000000000 ),
 .UNSPECIFIED. ) ;
#6668 = CARTESIAN_POINT ( 'NONE',  ( 0.3241532922191202593, 0.3815483397660174858, 0.0000000000000000000 ) ) ;
#6669 = DIRECTION ( 'NONE',  ( 0.0000000000000000000, 0.0000000000000000000, -1.000000000000000000 ) ) ;
#6670 = ORIENTED_EDGE ( 'NONE', *, *, #5725, .T. ) ;
#6671 = CARTESIAN_POINT ( 'NONE',  ( -0.2710462516987122150, 0.2920778058621723017, 0.0000000000000000000 ) ) ;
#6672 =( NAMED_UNIT ( * ) PLANE_ANGLE_UNIT ( ) SI_UNIT ( $, .RADIAN. ) );
#6673 = EDGE_CURVE ( 'NONE', #5086, #2552, #2693, .T. ) ;
#6674 = FACE_OUTER_BOUND ( 'NONE', #1194, .T. ) ;
#6675 = ORIENTED_EDGE ( 'NONE', *, *, #6931, .F. ) ;
#6676 = VERTEX_POINT ( 'NONE', #1280 ) ;
#6677 = EDGE_CURVE ( 'NONE', #7533, #4933, #7247, .T. ) ;
#6678 = CARTESIAN_POINT ( 'NONE',  ( 1.149999999999999911, -0.6999999999999994005, -3.399999999999999911 ) ) ;
#6679 = VECTOR ( 'NONE', #4187, 1000.000000000000000 ) ;
#6680 = FILL_AREA_STYLE ('',( #2395 ) ) ;
#6681 = CARTESIAN_POINT ( 'NONE',  ( 0.3347551549196101095, 0.4583638879099980468, 0.0000000000000000000 ) ) ;
#6682 = FILL_AREA_STYLE ('',( #7868 ) ) ;
#6683 = VERTEX_POINT ( 'NONE', #4991 ) ;
#6684 = DIRECTION ( 'NONE',  ( 1.000000000000000000, 0.0000000000000000000, -0.0000000000000000000 ) ) ;
#6685 = VERTEX_POINT ( 'NONE', #2372 ) ;
#6686 = CARTESIAN_POINT ( 'NONE',  ( -2.750000000000000000, 0.0000000000000000000, 1.000000000000000000 ) ) ;
#6687 = LINE ( 'NONE', #893, #6104 ) ;
#6688 = FACE_OUTER_BOUND ( 'NONE', #4489, .T. ) ;
#6689 = EDGE_CURVE ( 'NONE', #2683, #1784, #6017, .T. ) ;
#6690 = VERTEX_POINT ( 'NONE', #5610 ) ;
#6691 = CARTESIAN_POINT ( 'NONE',  ( 0.0000000000000000000, -0.7000000000000002887, 5.000000000000000888 ) ) ;
#6692 = VECTOR ( 'NONE', #577, 1000.000000000000000 ) ;
#6693 = ORIENTED_EDGE ( 'NONE', *, *, #2098, .F. ) ;
#6694 = SURFACE_STYLE_FILL_AREA ( #551 ) ;
#6695 = ORIENTED_EDGE ( 'NONE', *, *, #1652, .T. ) ;
#6696 = CARTESIAN_POINT ( 'NONE',  ( -0.7499999999999997780, -0.2999999999999997669, 0.0000000000000000000 ) ) ;
#6697 = CARTESIAN_POINT ( 'NONE',  ( -0.3306305075098958102, 0.5418333713789006412, 0.01000000000000000021 ) ) ;
#6698 = CARTESIAN_POINT ( 'NONE',  ( -0.3042828852253639527, 0.5583496845817160770, 0.01000000000000000021 ) ) ;
#6699 = FACE_OUTER_BOUND ( 'NONE', #6296, .T. ) ;
#6700 = ORIENTED_EDGE ( 'NONE', *, *, #6880, .F. ) ;
#6701 = EDGE_CURVE ( 'NONE', #4547, #2570, #3885, .T. ) ;
#6702 = VECTOR ( 'NONE', #1549, 1000.000000000000000 ) ;
#6703 = ORIENTED_EDGE ( 'NONE', *, *, #5910, .T. ) ;
#6704 = CARTESIAN_POINT ( 'NONE',  ( 0.1838209575254421413, 0.2954857345164334514, 0.0000000000000000000 ) ) ;
#6705 = LINE ( 'NONE', #450, #7462 ) ;
#6706 = CARTESIAN_POINT ( 'NONE',  ( -3.250000000000000000, -0.2999999999999997669, -3.099999999999996980 ) ) ;
#6707 = VERTEX_POINT ( 'NONE', #5530 ) ;
#6708 = CARTESIAN_POINT ( 'NONE',  ( 0.3241654024538777046, 0.5044043704267723305, 0.0000000000000000000 ) ) ;
#6709 = AXIS2_PLACEMENT_3D ( 'NONE', #2063, #4568, #3998 ) ;
#6710 = CARTESIAN_POINT ( 'NONE',  ( -0.2549985122073643029, 0.2917043195319106164, 0.0000000000000000000 ) ) ;
#6711 = MECHANICAL_DESIGN_GEOMETRIC_PRESENTATION_REPRESENTATION (  '', ( #1418 ), #7659 ) ;
#6712 = PRESENTATION_STYLE_ASSIGNMENT (( #787 ) ) ;
#6713 = MECHANICAL_DESIGN_GEOMETRIC_PRESENTATION_REPRESENTATION (  '', ( #5068 ), #6556 ) ;
#6714 = ORIENTED_EDGE ( 'NONE', *, *, #5657, .T. ) ;
#6715 = UNCERTAINTY_MEASURE_WITH_UNIT (LENGTH_MEASURE( 1.000000000000000082E-05 ), #4619, 'distance_accuracy_value', 'NONE');
#6716 = CARTESIAN_POINT ( 'NONE',  ( 0.3347598229505520662, 0.4255177457217264592, 0.0000000000000000000 ) ) ;
#6717 = CARTESIAN_POINT ( 'NONE',  ( 0.4925383745257224666, 0.3443398856526283525, 0.0000000000000000000 ) ) ;
#6718 = VECTOR ( 'NONE', #6846, 1000.000000000000000 ) ;
#6719 = LINE ( 'NONE', #2051, #6922 ) ;
#6720 = ORIENTED_EDGE ( 'NONE', *, *, #1333, .T. ) ;
#6721 = CARTESIAN_POINT ( 'NONE',  ( -0.3014628283565002898, 0.2976056888963213298, 0.01000000000000000021 ) ) ;
#6722 = PLANE ( 'NONE',  #7574 ) ;
#6723 = DIRECTION ( 'NONE',  ( -1.000000000000000000, -0.0000000000000000000, -0.0000000000000000000 ) ) ;
#6724 = EDGE_CURVE ( 'NONE', #3072, #4840, #1366, .T. ) ;
#6725 = FACE_OUTER_BOUND ( 'NONE', #1854, .T. ) ;
#6726 = CARTESIAN_POINT ( 'NONE',  ( 4.450000000000001954, -0.2599999999999995093, 4.389999999999999680 ) ) ;
#6727 = SURFACE_STYLE_FILL_AREA ( #5594 ) ;
#6728 = CARTESIAN_POINT ( 'NONE',  ( 0.2789891262356493651, 0.5633206544745645861, 0.01000000000000000021 ) ) ;
#6729 = VECTOR ( 'NONE', #2281, 1000.000000000000000 ) ;
#6730 = DIRECTION ( 'NONE',  ( 1.000000000000000000, -0.0000000000000000000, -0.0000000000000000000 ) ) ;
#6731 = CARTESIAN_POINT ( 'NONE',  ( 0.2948681036462944549, 0.4424474597758129568, 0.01000000000000000021 ) ) ;
#6732 = CARTESIAN_POINT ( 'NONE',  ( -0.3784162500952775177, 0.5480280951175795501, 0.0000000000000000000 ) ) ;
#6733 = DIRECTION ( 'NONE',  ( -1.000000000000000000, 0.0000000000000000000, 0.0000000000000000000 ) ) ;
#6734 = UNCERTAINTY_MEASURE_WITH_UNIT (LENGTH_MEASURE( 1.000000000000000082E-05 ), #4730, 'distance_accuracy_value', 'NONE');
#6735 = LINE ( 'NONE', #3377, #6065 ) ;
#6736 = EDGE_CURVE ( 'NONE', #2073, #4361, #3966, .T. ) ;
#6737 = EDGE_LOOP ( 'NONE', ( #1455, #2505, #5347, #7510 ) ) ;
#6738 = CARTESIAN_POINT ( 'NONE',  ( 0.1338924938901968897, 0.5624360268489836390, 0.0000000000000000000 ) ) ;
#6739 = CARTESIAN_POINT ( 'NONE',  ( -0.2514898854896595037, 0.3246790109791049539, 0.01000000000000000021 ) ) ;
#6740 = STYLED_ITEM ( 'NONE', ( #5882 ), #517 ) ;
#6741 = PLANE ( 'NONE',  #3549 ) ;
#6742 = MECHANICAL_DESIGN_GEOMETRIC_PRESENTATION_REPRESENTATION (  '', ( #5868 ), #4119 ) ;
#6743 = CARTESIAN_POINT ( 'NONE',  ( 4.700000000000000178, -2.000000000000000444, 1.099999999999999423 ) ) ;
#6744 = FACE_OUTER_BOUND ( 'NONE', #6597, .T. ) ;
#6745 = CARTESIAN_POINT ( 'NONE',  ( -0.3156076185099179754, 0.3023502238923864716, 0.01000000000000000021 ) ) ;
#6746 = ADVANCED_FACE ( 'NONE', ( #2806 ), #1262, .F. ) ;
#6747 =( LENGTH_UNIT ( ) NAMED_UNIT ( * ) SI_UNIT ( .MILLI., .METRE. ) );
#6748 = DIRECTION ( 'NONE',  ( 1.000000000000000000, -0.0000000000000000000, 0.0000000000000000000 ) ) ;
#6749 = CARTESIAN_POINT ( 'NONE',  ( 0.0000000000000000000, -0.6999999999999994005, -3.399999999999999911 ) ) ;
#6750 = VECTOR ( 'NONE', #5198, 1000.000000000000000 ) ;
#6751 = DIRECTION ( 'NONE',  ( 0.0000000000000000000, -1.000000000000000000, 0.0000000000000000000 ) ) ;
#6752 = ORIENTED_EDGE ( 'NONE', *, *, #2398, .T. ) ;
#6753 = AXIS2_PLACEMENT_3D ( 'NONE', #7526, #6956, #6386 ) ;
#6754 = MECHANICAL_DESIGN_GEOMETRIC_PRESENTATION_REPRESENTATION (  '', ( #3264 ), #4433 ) ;
#6755 = CARTESIAN_POINT ( 'NONE',  ( 1.250000000000000222, -0.7999999999999997113, 4.699999999999997513 ) ) ;
#6756 = DIRECTION ( 'NONE',  ( 0.0000000000000000000, 1.000000000000000000, 3.614007241618350250E-16 ) ) ;
#6757 = CARTESIAN_POINT ( 'NONE',  ( -0.1916567793017142363, 0.3006489534587448165, 0.0000000000000000000 ) ) ;
#6758 = VERTEX_POINT ( 'NONE', #606 ) ;
#6759 = COLOUR_RGB ( '',0.9686274509803921573, 0.8784313725490195957, 0.5999999999999999778 ) ;
#6760 = CARTESIAN_POINT ( 'NONE',  ( -0.3099200500701488892, 0.3375143844141929583, 0.01000000000000000021 ) ) ;
#6761 = VECTOR ( 'NONE', #457, 1000.000000000000000 ) ;
#6762 = CARTESIAN_POINT ( 'NONE',  ( 4.450000000000001066, -0.6499999999999991340, 1.000000000000000222 ) ) ;
#6763 = AXIS2_PLACEMENT_3D ( 'NONE', #5679, #5063, #3781 ) ;
#6764 = VECTOR ( 'NONE', #2026, 1000.000000000000000 ) ;
#6765 = CARTESIAN_POINT ( 'NONE',  ( -4.950000000000000178, -1.849999999999999867, 0.5000000000000000000 ) ) ;
#6766 = UNCERTAINTY_MEASURE_WITH_UNIT (LENGTH_MEASURE( 1.000000000000000082E-05 ), #3192, 'distance_accuracy_value', 'NONE');
#6767 = PLANE ( 'NONE',  #2315 ) ;
#6768 = DIRECTION ( 'NONE',  ( 1.000000000000000000, 0.0000000000000000000, 0.0000000000000000000 ) ) ;
#6769 = VERTEX_POINT ( 'NONE', #5524 ) ;
#6770 = MECHANICAL_DESIGN_GEOMETRIC_PRESENTATION_REPRESENTATION (  '', ( #3322 ), #494 ) ;
#6771 = SURFACE_SIDE_STYLE ('',( #2380 ) ) ;
#6772 = CARTESIAN_POINT ( 'NONE',  ( 2.000000000000000000, -2.250000000000000000, 6.000000000000000000 ) ) ;
#6773 = VECTOR ( 'NONE', #4694, 1000.000000000000000 ) ;
#6774 = ORIENTED_EDGE ( 'NONE', *, *, #1967, .F. ) ;
#6775 = CARTESIAN_POINT ( 'NONE',  ( 4.650000000000001243, -1.749999999999999778, 6.000000000000000000 ) ) ;
#6776 = VERTEX_POINT ( 'NONE', #4287 ) ;
#6777 = CARTESIAN_POINT ( 'NONE',  ( -0.7954545454545440819, -0.3454545454545439043, 4.836363636363632423 ) ) ;
#6778 = ADVANCED_FACE ( 'NONE', ( #6603 ), #1907, .F. ) ;
#6779 = DIRECTION ( 'NONE',  ( 0.0000000000000000000, 1.084202172485504828E-15, 1.000000000000000000 ) ) ;
#6780 = LINE ( 'NONE', #5906, #6497 ) ;
#6781 = LINE ( 'NONE', #5779, #3271 ) ;
#6782 = ORIENTED_EDGE ( 'NONE', *, *, #5192, .F. ) ;
#6783 = EDGE_CURVE ( 'NONE', #2422, #7222, #5157, .T. ) ;
#6784 = CARTESIAN_POINT ( 'NONE',  ( -0.2215976313069238091, 0.5943479699941848216, 0.0000000000000000000 ) ) ;
#6785 = ORIENTED_EDGE ( 'NONE', *, *, #3325, .F. ) ;
#6786 = CARTESIAN_POINT ( 'NONE',  ( -0.1867882260898287849, 0.3026252065450876771, 0.0000000000000000000 ) ) ;
#6787 = FILL_AREA_STYLE_COLOUR ( '', #5701 ) ;
#6788 = SURFACE_SIDE_STYLE ('',( #5399 ) ) ;
#6789 = VERTEX_POINT ( 'NONE', #5997 ) ;
#6790 = FILL_AREA_STYLE_COLOUR ( '', #3990 ) ;
#6791 = CARTESIAN_POINT ( 'NONE',  ( -0.3631481427501517256, 0.4092912953401452447, 0.01000000000000000021 ) ) ;
#6792 = CARTESIAN_POINT ( 'NONE',  ( 0.1752225243780017594, 0.5953628561172764622, 0.01000000000000000194 ) ) ;
#6793 = VERTEX_POINT ( 'NONE', #6051 ) ;
#6794 = CARTESIAN_POINT ( 'NONE',  ( 0.09364859145117249151, 0.5953628561172763511, 0.0000000000000000000 ) ) ;
#6795 = CARTESIAN_POINT ( 'NONE',  ( -0.4053933620001731741, 0.4826183667282198941, 0.01000000000000000021 ) ) ;
#6796 = VERTEX_POINT ( 'NONE', #2414 ) ;
#6797 = LINE ( 'NONE', #1116, #3584 ) ;
#6798 = EDGE_LOOP ( 'NONE', ( #3003, #1030, #2487, #1687 ) ) ;
#6799 = CARTESIAN_POINT ( 'NONE',  ( -0.4051580114327344995, 0.4170575865815700500, 0.01000000000000000021 ) ) ;
#6800 = DIRECTION ( 'NONE',  ( -0.3222024856061132536, 0.9466707760722532505, 0.0000000000000000000 ) ) ;
#6801 = ORIENTED_EDGE ( 'NONE', *, *, #3079, .F. ) ;
#6802 = STYLED_ITEM ( 'NONE', ( #2077 ), #1154 ) ;
#6803 = FILL_AREA_STYLE ('',( #1847 ) ) ;
#6804 = VECTOR ( 'NONE', #150, 1000.000000000000000 ) ;
#6805 = ORIENTED_EDGE ( 'NONE', *, *, #453, .F. ) ;
#6806 = SURFACE_SIDE_STYLE ('',( #7495 ) ) ;
#6807 = ORIENTED_EDGE ( 'NONE', *, *, #3510, .F. ) ;
#6808 = EDGE_CURVE ( 'NONE', #403, #1267, #5927, .T. ) ;
#6809 = ADVANCED_FACE ( 'NONE', ( #1844 ), #5491, .F. ) ;
#6810 = SURFACE_STYLE_FILL_AREA ( #3652 ) ;
#6811 = DIRECTION ( 'NONE',  ( -1.000000000000000000, 0.0000000000000000000, 0.0000000000000000000 ) ) ;
#6812 = SURFACE_STYLE_USAGE ( .BOTH. , #6788 ) ;
#6813 = VECTOR ( 'NONE', #6933, 1000.000000000000000 ) ;
#6814 = MECHANICAL_DESIGN_GEOMETRIC_PRESENTATION_REPRESENTATION (  '', ( #5429 ), #2324 ) ;
#6815 = DIRECTION ( 'NONE',  ( -1.000000000000000000, -0.0000000000000000000, -0.0000000000000000000 ) ) ;
#6816 = ORIENTED_EDGE ( 'NONE', *, *, #1424, .T. ) ;
#6817 = PLANE ( 'NONE',  #6381 ) ;
#6818 = EDGE_LOOP ( 'NONE', ( #7781, #641, #5191, #4747 ) ) ;
#6819 = SURFACE_STYLE_USAGE ( .BOTH. , #4261 ) ;
#6820 = LINE ( 'NONE', #3782, #5193 ) ;
#6821 = CARTESIAN_POINT ( 'NONE',  ( 0.1809647394880342097, 0.5952589645115443640, 0.0000000000000000000 ) ) ;
#6822 = EDGE_CURVE ( 'NONE', #2622, #4014, #7538, .T. ) ;
#6823 =( LENGTH_UNIT ( ) NAMED_UNIT ( * ) SI_UNIT ( .MILLI., .METRE. ) );
#6824 = COLOUR_RGB ( '',1.000000000000000000, 1.000000000000000000, 1.000000000000000000 ) ;
#6825 =( NAMED_UNIT ( * ) SI_UNIT ( $, .STERADIAN. ) SOLID_ANGLE_UNIT ( ) );
#6826 = FACE_BOUND ( 'NONE', #6231, .T. ) ;
#6827 = ORIENTED_EDGE ( 'NONE', *, *, #6268, .T. ) ;
#6828 = EDGE_CURVE ( 'NONE', #2225, #7230, #443, .T. ) ;
#6829 = CARTESIAN_POINT ( 'NONE',  ( 0.4936582169164962508, 0.3490556035247848188, 0.01000000000000000021 ) ) ;
#6830 = LINE ( 'NONE', #6553, #3619 ) ;
#6831 = SURFACE_SIDE_STYLE ('',( #7693 ) ) ;
#6832 = LINE ( 'NONE', #3375, #3321 ) ;
#6833 = ORIENTED_EDGE ( 'NONE', *, *, #7280, .F. ) ;
#6834 = EDGE_CURVE ( 'NONE', #4706, #3282, #2902, .T. ) ;
#6835 = VECTOR ( 'NONE', #5422, 1000.000000000000000 ) ;
#6836 = CARTESIAN_POINT ( 'NONE',  ( -0.08561970123175441372, 0.4599970024587397566, 0.01000000000000000021 ) ) ;
#6837 = ORIENTED_EDGE ( 'NONE', *, *, #4029, .T. ) ;
#6838 = FILL_AREA_STYLE ('',( #2478 ) ) ;
#6839 = CARTESIAN_POINT ( 'NONE',  ( -0.2549985122073643029, 0.2917043195319106164, 0.01000000000000000021 ) ) ;
#6840 = FILL_AREA_STYLE_COLOUR ( '', #7147 ) ;
#6841 = EDGE_CURVE ( 'NONE', #3072, #6250, #4290, .T. ) ;
#6842 = CARTESIAN_POINT ( 'NONE',  ( 0.4892850243780015873, 0.3319482219709348758, 0.0000000000000000000 ) ) ;
#6843 = VECTOR ( 'NONE', #3265, 1000.000000000000000 ) ;
#6844 =( NAMED_UNIT ( * ) PLANE_ANGLE_UNIT ( ) SI_UNIT ( $, .RADIAN. ) );
#6845 = VECTOR ( 'NONE', #5146, 1000.000000000000000 ) ;
#6846 = DIRECTION ( 'NONE',  ( -1.000000000000000000, 0.0000000000000000000, 0.0000000000000000000 ) ) ;
#6847 = AXIS2_PLACEMENT_3D ( 'NONE', #7553, #3208, #1331 ) ;
#6848 = FILL_AREA_STYLE_COLOUR ( '', #3938 ) ;
#6849 = LINE ( 'NONE', #5827, #5984 ) ;
#6850 = VECTOR ( 'NONE', #4752, 1000.000000000000000 ) ;
#6851 =( GEOMETRIC_REPRESENTATION_CONTEXT ( 3 ) GLOBAL_UNCERTAINTY_ASSIGNED_CONTEXT ( ( #3682 ) ) GLOBAL_UNIT_ASSIGNED_CONTEXT ( ( #1632, #4786, #6644 ) ) REPRESENTATION_CONTEXT ( 'NONE', 'WORKASPACE' ) );
#6852 = VERTEX_POINT ( 'NONE', #3802 ) ;
#6853 = VERTEX_POINT ( 'NONE', #7433 ) ;
#6854 = PLANE ( 'NONE',  #7202 ) ;
#6855 = CARTESIAN_POINT ( 'NONE',  ( -4.449999999999999289, -1.749999999999999778, 5.799999999999999822 ) ) ;
#6856 = PLANE ( 'NONE',  #2287 ) ;
#6857 = SURFACE_SIDE_STYLE ('',( #7312 ) ) ;
#6858 = VECTOR ( 'NONE', #2594, 1000.000000000000000 ) ;
#6859 = FACE_OUTER_BOUND ( 'NONE', #4782, .T. ) ;
#6860 =( LENGTH_UNIT ( ) NAMED_UNIT ( * ) SI_UNIT ( .MILLI., .METRE. ) );
#6861 =( GEOMETRIC_REPRESENTATION_CONTEXT ( 3 ) GLOBAL_UNCERTAINTY_ASSIGNED_CONTEXT ( ( #4090 ) ) GLOBAL_UNIT_ASSIGNED_CONTEXT ( ( #4088, #7722, #4028 ) ) REPRESENTATION_CONTEXT ( 'NONE', 'WORKASPACE' ) );
#6862 = ORIENTED_EDGE ( 'NONE', *, *, #3329, .F. ) ;
#6863 = MECHANICAL_DESIGN_GEOMETRIC_PRESENTATION_REPRESENTATION (  '', ( #5217 ), #5631 ) ;
#6864 = CARTESIAN_POINT ( 'NONE',  ( -4.950000000000000178, -0.6499999999999993561, 4.390000000000003233 ) ) ;
#6865 = AXIS2_PLACEMENT_3D ( 'NONE', #3430, #3324, #5862 ) ;
#6866 = DIRECTION ( 'NONE',  ( -1.000000000000000000, 0.0000000000000000000, 0.0000000000000000000 ) ) ;
#6867 = PLANE ( 'NONE',  #340 ) ;
#6868 = VECTOR ( 'NONE', #7374, 1000.000000000000000 ) ;
#6869 = PLANE ( 'NONE',  #5180 ) ;
#6870 = COLOUR_RGB ( '',0.9686274509803921573, 0.8784313725490195957, 0.5999999999999999778 ) ;
#6871 = VERTEX_POINT ( 'NONE', #3826 ) ;
#6872 =( NAMED_UNIT ( * ) SI_UNIT ( $, .STERADIAN. ) SOLID_ANGLE_UNIT ( ) );
#6873 = ORIENTED_EDGE ( 'NONE', *, *, #6162, .F. ) ;
#6874 = AXIS2_PLACEMENT_3D ( 'NONE', #5140, #5250, #1469 ) ;
#6875 = ORIENTED_EDGE ( 'NONE', *, *, #1819, .T. ) ;
#6876 = COLOUR_RGB ( '',0.9686274509803921573, 0.8784313725490195957, 0.5999999999999999778 ) ;
#6877 = ORIENTED_EDGE ( 'NONE', *, *, #7620, .F. ) ;
#6878 = DIRECTION ( 'NONE',  ( 0.3015113445777618528, 0.3015113445777618528, 0.9045340337332921088 ) ) ;
#6879 = ORIENTED_EDGE ( 'NONE', *, *, #484, .T. ) ;
#6880 = EDGE_CURVE ( 'NONE', #327, #4950, #5732, .T. ) ;
#6881 = UNCERTAINTY_MEASURE_WITH_UNIT (LENGTH_MEASURE( 1.000000000000000082E-05 ), #3441, 'distance_accuracy_value', 'NONE');
#6882 = VERTEX_POINT ( 'NONE', #6910 ) ;
#6883 = FILL_AREA_STYLE_COLOUR ( '', #107 ) ;
#6884 =( LENGTH_UNIT ( ) NAMED_UNIT ( * ) SI_UNIT ( .MILLI., .METRE. ) );
#6885 = PLANE ( 'NONE',  #1454 ) ;
#6886 = ORIENTED_EDGE ( 'NONE', *, *, #3434, .F. ) ;
#6887 =( NAMED_UNIT ( * ) SI_UNIT ( $, .STERADIAN. ) SOLID_ANGLE_UNIT ( ) );
#6888 = CARTESIAN_POINT ( 'NONE',  ( -0.7499999999999997780, -0.7999999999999997113, 5.000000000000000888 ) ) ;
#6889 = EDGE_LOOP ( 'NONE', ( #5669, #315, #5633, #1641 ) ) ;
#6890 = CARTESIAN_POINT ( 'NONE',  ( -0.3224153060279746352, 0.5483368076113085410, 0.01000000000000000021 ) ) ;
#6891 = LINE ( 'NONE', #6373, #5261 ) ;
#6892 = EDGE_CURVE ( 'NONE', #2736, #1285, #6402, .T. ) ;
#6893 = ORIENTED_EDGE ( 'NONE', *, *, #852, .T. ) ;
#6894 =( NAMED_UNIT ( * ) PLANE_ANGLE_UNIT ( ) SI_UNIT ( $, .RADIAN. ) );
#6895 = UNCERTAINTY_MEASURE_WITH_UNIT (LENGTH_MEASURE( 1.000000000000000082E-05 ), #2181, 'distance_accuracy_value', 'NONE');
#6896 = SURFACE_STYLE_USAGE ( .BOTH. , #3727 ) ;
#6897 = FILL_AREA_STYLE_COLOUR ( '', #1123 ) ;
#6898 = CARTESIAN_POINT ( 'NONE',  ( 4.052040639368927444, -1.749999999999999778, 3.912701290971654089 ) ) ;
#6899 = EDGE_LOOP ( 'NONE', ( #1580, #108, #3359, #2120 ) ) ;
#6900 = SURFACE_STYLE_USAGE ( .BOTH. , #824 ) ;
#6901 =( NAMED_UNIT ( * ) PLANE_ANGLE_UNIT ( ) SI_UNIT ( $, .RADIAN. ) );
#6902 = ORIENTED_EDGE ( 'NONE', *, *, #4916, .T. ) ;
#6903 = LINE ( 'NONE', #2759, #935 ) ;
#6904 = MECHANICAL_DESIGN_GEOMETRIC_PRESENTATION_REPRESENTATION (  '', ( #3148 ), #3404 ) ;
#6905 = DIRECTION ( 'NONE',  ( 0.0000000000000000000, 1.000000000000000000, 0.0000000000000000000 ) ) ;
#6906 = ORIENTED_EDGE ( 'NONE', *, *, #6322, .T. ) ;
#6907 = FILL_AREA_STYLE_COLOUR ( '', #5959 ) ;
#6908 = VECTOR ( 'NONE', #5608, 1000.000000000000000 ) ;
#6909 = ORIENTED_EDGE ( 'NONE', *, *, #6172, .T. ) ;
#6910 = CARTESIAN_POINT ( 'NONE',  ( -4.949999999999998401, -2.000000000000000444, 0.0000000000000000000 ) ) ;
#6911 = ORIENTED_EDGE ( 'NONE', *, *, #3976, .T. ) ;
#6912 = SURFACE_STYLE_USAGE ( .BOTH. , #3158 ) ;
#6913 = DIRECTION ( 'NONE',  ( -0.0000000000000000000, 1.000000000000000000, -0.0000000000000000000 ) ) ;
#6914 =( GEOMETRIC_REPRESENTATION_CONTEXT ( 3 ) GLOBAL_UNCERTAINTY_ASSIGNED_CONTEXT ( ( #898 ) ) GLOBAL_UNIT_ASSIGNED_CONTEXT ( ( #3553, #3587, #6538 ) ) REPRESENTATION_CONTEXT ( 'NONE', 'WORKASPACE' ) );
#6915 = VECTOR ( 'NONE', #6226, 1000.000000000000000 ) ;
#6916 = SURFACE_STYLE_USAGE ( .BOTH. , #1337 ) ;
#6917 = VECTOR ( 'NONE', #1974, 1000.000000000000000 ) ;
#6918 = CARTESIAN_POINT ( 'NONE',  ( -0.2321877772008160701, 0.5964828947189113606, 0.0000000000000000000 ) ) ;
#6919 = CARTESIAN_POINT ( 'NONE',  ( 0.4009656646219040277, 0.5953628561172763511, 0.01000000000000000021 ) ) ;
#6920 = CARTESIAN_POINT ( 'NONE',  ( -0.2943731810943861493, 0.5618422502610651570, 0.01000000000000000021 ) ) ;
#6921 = VECTOR ( 'NONE', #4423, 1000.000000000000000 ) ;
#6922 = VECTOR ( 'NONE', #4487, 1000.000000000000114 ) ;
#6923 = ORIENTED_EDGE ( 'NONE', *, *, #5423, .T. ) ;
#6924 = CARTESIAN_POINT ( 'NONE',  ( 0.1783094146219041665, 0.2953628561172763622, 0.01000000000000000021 ) ) ;
#6925 = LINE ( 'NONE', #923, #2941 ) ;
#6926 = PRESENTATION_LAYER_ASSIGNMENT (  '', '', ( #886 ) ) ;
#6927 = DIRECTION ( 'NONE',  ( 1.000000000000000000, 0.0000000000000000000, 0.0000000000000000000 ) ) ;
#6928 = VECTOR ( 'NONE', #5072, 1000.000000000000114 ) ;
#6929 = MECHANICAL_DESIGN_GEOMETRIC_PRESENTATION_REPRESENTATION (  '', ( #83 ), #4713 ) ;
#6930 = ORIENTED_EDGE ( 'NONE', *, *, #6313, .T. ) ;
#6931 = EDGE_CURVE ( 'NONE', #6304, #4575, #3091, .T. ) ;
#6932 = CARTESIAN_POINT ( 'NONE',  ( 3.149999999999999911, -0.7999999999999997113, -3.399999999999999911 ) ) ;
#6933 = DIRECTION ( 'NONE',  ( -0.0000000000000000000, -0.0000000000000000000, 1.000000000000000000 ) ) ;
#6934 = ADVANCED_FACE ( 'NONE', ( #7813 ), #6854, .F. ) ;
#6935 = FACE_OUTER_BOUND ( 'NONE', #2482, .T. ) ;
#6936 = DIRECTION ( 'NONE',  ( 0.0000000000000000000, 1.000000000000000000, 0.0000000000000000000 ) ) ;
#6937 = ORIENTED_EDGE ( 'NONE', *, *, #5823, .F. ) ;
#6938 =( GEOMETRIC_REPRESENTATION_CONTEXT ( 3 ) GLOBAL_UNCERTAINTY_ASSIGNED_CONTEXT ( ( #6638 ) ) GLOBAL_UNIT_ASSIGNED_CONTEXT ( ( #34, #6180, #1231 ) ) REPRESENTATION_CONTEXT ( 'NONE', 'WORKASPACE' ) );
#6939 =( NAMED_UNIT ( * ) PLANE_ANGLE_UNIT ( ) SI_UNIT ( $, .RADIAN. ) );
#6940 = DIRECTION ( 'NONE',  ( 0.3015113445777592993, 0.3015113445777592993, 0.9045340337332937741 ) ) ;
#6941 = EDGE_CURVE ( 'NONE', #6604, #7467, #3874, .T. ) ;
#6942 =( LENGTH_UNIT ( ) NAMED_UNIT ( * ) SI_UNIT ( .MILLI., .METRE. ) );
#6943 = CARTESIAN_POINT ( 'NONE',  ( -0.2433241999714204074, 0.5979289557349410922, 0.0000000000000000000 ) ) ;
#6944 = CARTESIAN_POINT ( 'NONE',  ( -4.450000000000001066, 1.749999999999999778, 4.000000000000000000 ) ) ;
#6945 = CARTESIAN_POINT ( 'NONE',  ( 0.5400472194999527131, 0.4782896853855690411, 0.0000000000000000000 ) ) ;
#6946 = VECTOR ( 'NONE', #2662, 1000.000000000000000 ) ;
#6947 = CARTESIAN_POINT ( 'NONE',  ( 2.850000000000000533, -0.6999999999999994005, -3.399999999999999911 ) ) ;
#6948 = LINE ( 'NONE', #669, #3335 ) ;
#6949 = DIRECTION ( 'NONE',  ( -0.0000000000000000000, -1.000000000000000000, -0.0000000000000000000 ) ) ;
#6950 = UNCERTAINTY_MEASURE_WITH_UNIT (LENGTH_MEASURE( 1.000000000000000082E-05 ), #5311, 'distance_accuracy_value', 'NONE');
#6951 = ORIENTED_EDGE ( 'NONE', *, *, #7493, .F. ) ;
#6952 = LINE ( 'NONE', #6531, #705 ) ;
#6953 = CARTESIAN_POINT ( 'NONE',  ( 0.2145032091406301189, 0.3320804515889795305, 0.0000000000000000000 ) ) ;
#6954 = CARTESIAN_POINT ( 'NONE',  ( -0.1844001890366325780, 0.3035945634343496513, 0.01000000000000000021 ) ) ;
#6955 = ORIENTED_EDGE ( 'NONE', *, *, #5349, .F. ) ;
#6956 = DIRECTION ( 'NONE',  ( 0.0000000000000000000, 1.000000000000000000, 0.0000000000000000000 ) ) ;
#6957 = CARTESIAN_POINT ( 'NONE',  ( 4.700000000000000178, -2.000000000000000444, 0.5000000000000004441 ) ) ;
#6958 =( LENGTH_UNIT ( ) NAMED_UNIT ( * ) SI_UNIT ( .MILLI., .METRE. ) );
#6959 = LINE ( 'NONE', #5088, #1915 ) ;
#6960 = UNCERTAINTY_MEASURE_WITH_UNIT (LENGTH_MEASURE( 1.000000000000000082E-05 ), #2467, 'distance_accuracy_value', 'NONE');
#6961 = EDGE_CURVE ( 'NONE', #3965, #6609, #7805, .T. ) ;
#6962 = DIRECTION ( 'NONE',  ( -1.000000000000000000, 0.0000000000000000000, 0.0000000000000000000 ) ) ;
#6963 =( NAMED_UNIT ( * ) SI_UNIT ( $, .STERADIAN. ) SOLID_ANGLE_UNIT ( ) );
#6964 = UNCERTAINTY_MEASURE_WITH_UNIT (LENGTH_MEASURE( 1.000000000000000082E-05 ), #3116, 'distance_accuracy_value', 'NONE');
#6965 = EDGE_LOOP ( 'NONE', ( #698, #235, #7445, #4559 ) ) ;
#6966 = LINE ( 'NONE', #3710, #5808 ) ;
#6967 = ORIENTED_EDGE ( 'NONE', *, *, #2875, .T. ) ;
#6968 = MECHANICAL_DESIGN_GEOMETRIC_PRESENTATION_REPRESENTATION (  '', ( #4386 ), #4903 ) ;
#6969 = DIRECTION ( 'NONE',  ( 0.0000000000000000000, 0.0000000000000000000, -1.000000000000000000 ) ) ;
#6970 = ORIENTED_EDGE ( 'NONE', *, *, #1896, .T. ) ;
#6971 =( GEOMETRIC_REPRESENTATION_CONTEXT ( 3 ) GLOBAL_UNCERTAINTY_ASSIGNED_CONTEXT ( ( #1645 ) ) GLOBAL_UNIT_ASSIGNED_CONTEXT ( ( #3628, #3167, #1320 ) ) REPRESENTATION_CONTEXT ( 'NONE', 'WORKASPACE' ) );
#6972 = CARTESIAN_POINT ( 'NONE',  ( -4.000000000000000000, -0.2999999999999997669, 0.0000000000000000000 ) ) ;
#6973 =( NAMED_UNIT ( * ) SI_UNIT ( $, .STERADIAN. ) SOLID_ANGLE_UNIT ( ) );
#6974 = LINE ( 'NONE', #4444, #6593 ) ;
#6975 = VECTOR ( 'NONE', #4529, 1000.000000000000000 ) ;
#6976 = PRESENTATION_STYLE_ASSIGNMENT (( #7242 ) ) ;
#6977 = ORIENTED_EDGE ( 'NONE', *, *, #2098, .T. ) ;
#6978 = SURFACE_SIDE_STYLE ('',( #3221 ) ) ;
#6979 = CARTESIAN_POINT ( 'NONE',  ( -0.2359259438829877931, 0.3257459780919068071, 0.0000000000000000000 ) ) ;
#6980 = ORIENTED_EDGE ( 'NONE', *, *, #6689, .F. ) ;
#6981 = EDGE_CURVE ( 'NONE', #6416, #266, #1582, .T. ) ;
#6982 = LINE ( 'NONE', #4055, #5636 ) ;
#6983 = ORIENTED_EDGE ( 'NONE', *, *, #5595, .T. ) ;
#6984 = EDGE_CURVE ( 'NONE', #7432, #1367, #7714, .T. ) ;
#6985 = CARTESIAN_POINT ( 'NONE',  ( -0.2074944222903829516, 0.2962101826155247863, 0.01000000000000000021 ) ) ;
#6986 = ORIENTED_EDGE ( 'NONE', *, *, #7121, .T. ) ;
#6987 = DIRECTION ( 'NONE',  ( 0.0000000000000000000, 1.000000000000000000, 0.0000000000000000000 ) ) ;
#6988 = EDGE_LOOP ( 'NONE', ( #1539, #6983, #3012, #5324 ) ) ;
#6989 = CARTESIAN_POINT ( 'NONE',  ( -0.1258636036707787842, 0.2953628561172763622, 0.0000000000000000000 ) ) ;
#6990 = DIRECTION ( 'NONE',  ( 0.0000000000000000000, 1.000000000000000000, 0.0000000000000000000 ) ) ;
#6991 = ORIENTED_EDGE ( 'NONE', *, *, #7777, .F. ) ;
#6992 = CARTESIAN_POINT ( 'NONE',  ( 3.003586417958283405, -2.250000000000000000, 2.116552042568997649 ) ) ;
#6993 = DIRECTION ( 'NONE',  ( 1.000000000000000000, 0.0000000000000000000, 0.0000000000000000000 ) ) ;
#6994 = EDGE_CURVE ( 'NONE', #241, #2920, #1550, .T. ) ;
#6995 = CARTESIAN_POINT ( 'NONE',  ( -2.000000000000000000, -2.250000000000000000, 2.000000000000000000 ) ) ;
#6996 = VERTEX_POINT ( 'NONE', #835 ) ;
#6997 = CARTESIAN_POINT ( 'NONE',  ( 3.003586417958283405, -1.749999999999999778, 3.912701290971654089 ) ) ;
#6998 = CARTESIAN_POINT ( 'NONE',  ( 0.8499999999999996447, -0.7000000000000002887, 5.000000000000000888 ) ) ;
#6999 = ORIENTED_EDGE ( 'NONE', *, *, #262, .F. ) ;
#7000 =( GEOMETRIC_REPRESENTATION_CONTEXT ( 3 ) GLOBAL_UNCERTAINTY_ASSIGNED_CONTEXT ( ( #3387 ) ) GLOBAL_UNIT_ASSIGNED_CONTEXT ( ( #2419, #6215, #4277 ) ) REPRESENTATION_CONTEXT ( 'NONE', 'WORKASPACE' ) );
#7001 = CARTESIAN_POINT ( 'NONE',  ( -0.3245825436581721291, 0.5891804209091522360, 0.0000000000000000000 ) ) ;
#7002 = LINE ( 'NONE', #1940, #96 ) ;
#7003 =( LENGTH_UNIT ( ) NAMED_UNIT ( * ) SI_UNIT ( .MILLI., .METRE. ) );
#7004 = ADVANCED_FACE ( 'NONE', ( #6301 ), #3927, .T. ) ;
#7005 = ORIENTED_EDGE ( 'NONE', *, *, #7075, .T. ) ;
#7006 =( NAMED_UNIT ( * ) PLANE_ANGLE_UNIT ( ) SI_UNIT ( $, .RADIAN. ) );
#7007 = FILL_AREA_STYLE_COLOUR ( '', #28 ) ;
#7008 = CARTESIAN_POINT ( 'NONE',  ( -0.2161145231346344453, 0.2946043547979605992, 0.0000000000000000000 ) ) ;
#7009 = DIRECTION ( 'NONE',  ( 0.0000000000000000000, 1.000000000000000000, 0.0000000000000000000 ) ) ;
#7010 = VECTOR ( 'NONE', #4076, 1000.000000000000114 ) ;
#7011 = STYLED_ITEM ( 'NONE', ( #5497 ), #2041 ) ;
#7012 = CARTESIAN_POINT ( 'NONE',  ( 4.450000000000001066, -1.749999999999999778, 1.000000000000000000 ) ) ;
#7013 = DIRECTION ( 'NONE',  ( -0.0000000000000000000, 0.0000000000000000000, 1.000000000000000000 ) ) ;
#7014 = CARTESIAN_POINT ( 'NONE',  ( -0.4051580114327344995, 0.4170575865815700500, 0.0000000000000000000 ) ) ;
#7015 = CARTESIAN_POINT ( 'NONE',  ( -2.750000000000000000, -0.7999999999999997113, 5.000000000000000888 ) ) ;
#7016 = SURFACE_STYLE_FILL_AREA ( #1555 ) ;
#7017 = CARTESIAN_POINT ( 'NONE',  ( 3.149999999999999911, 0.0000000000000000000, -3.399999999999999911 ) ) ;
#7018 = AXIS2_PLACEMENT_3D ( 'NONE', #3700, #6265, #3755 ) ;
#7019 = DIRECTION ( 'NONE',  ( -0.0000000000000000000, -1.000000000000000000, 0.0000000000000000000 ) ) ;
#7020 = LINE ( 'NONE', #4125, #2255 ) ;
#7021 = EDGE_LOOP ( 'NONE', ( #6714, #6302, #3290, #7370 ) ) ;
#7022 = VECTOR ( 'NONE', #7328, 1000.000000000000000 ) ;
#7023 = EDGE_CURVE ( 'NONE', #1270, #1252, #3574, .T. ) ;
#7024 = SURFACE_STYLE_USAGE ( .BOTH. , #2068 ) ;
#7025 = CARTESIAN_POINT ( 'NONE',  ( -0.3245825436581721291, 0.5891804209091522360, 0.0000000000000000000 ) ) ;
#7026 = CARTESIAN_POINT ( 'NONE',  ( -0.08561970123175441372, 0.3282896853855690189, 0.0000000000000000000 ) ) ;
#7027 = FILL_AREA_STYLE_COLOUR ( '', #4724 ) ;
#7028 = EDGE_CURVE ( 'NONE', #4665, #136, #2794, .T. ) ;
#7029 = PRESENTATION_STYLE_ASSIGNMENT (( #1382 ) ) ;
#7030 = FACE_OUTER_BOUND ( 'NONE', #6965, .T. ) ;
#7031 = VECTOR ( 'NONE', #975, 1000.000000000000000 ) ;
#7032 = SURFACE_SIDE_STYLE ('',( #5668 ) ) ;
#7033 = CARTESIAN_POINT ( 'NONE',  ( -0.2669459207439496828, 0.5990213927026423191, 0.01000000000000000021 ) ) ;
#7034 = EDGE_CURVE ( 'NONE', #7268, #2688, #446, .T. ) ;
#7035 = DIRECTION ( 'NONE',  ( 1.000000000000000000, -0.0000000000000000000, -0.0000000000000000000 ) ) ;
#7036 = COLOUR_RGB ( '',0.9686274509803921573, 0.8784313725490195957, 0.5999999999999999778 ) ;
#7037 =( LENGTH_UNIT ( ) NAMED_UNIT ( * ) SI_UNIT ( .MILLI., .METRE. ) );
#7038 = CARTESIAN_POINT ( 'NONE',  ( -0.1867882260898287849, 0.3026252065450876771, 0.0000000000000000000 ) ) ;
#7039 = CARTESIAN_POINT ( 'NONE',  ( -0.1871578880752834961, 0.5484405126145901477, 0.01000000000000000021 ) ) ;
#7040 = ORIENTED_EDGE ( 'NONE', *, *, #1445, .F. ) ;
#7041 = APPLICATION_CONTEXT ( 'automotive_design' ) ;
#7042 = CARTESIAN_POINT ( 'NONE',  ( 4.052040639368927444, -2.250000000000000000, 3.912701290971654089 ) ) ;
#7043 = CARTESIAN_POINT ( 'NONE',  ( -4.950000000000000178, 0.1500000000000004663, 4.390000000000003233 ) ) ;
#7044 = PLANE ( 'NONE',  #4235 ) ;
#7045 = AXIS2_PLACEMENT_3D ( 'NONE', #6094, #7315, #614 ) ;
#7046 = ORIENTED_EDGE ( 'NONE', *, *, #4819, .F. ) ;
#7047 = ADVANCED_FACE ( 'NONE', ( #4660 ), #2022, .F. ) ;
#7048 = ORIENTED_EDGE ( 'NONE', *, *, #7224, .F. ) ;
#7049 = CARTESIAN_POINT ( 'NONE',  ( -0.2666929624618614159, 0.3248882218589836945, 0.0000000000000000000 ) ) ;
#7050 = CARTESIAN_POINT ( 'NONE',  ( -0.3862403492984643472, 0.5365941101836531058, 0.0000000000000000000 ) ) ;
#7051 = AXIS2_PLACEMENT_3D ( 'NONE', #4389, #3753, #4316 ) ;
#7052 = CARTESIAN_POINT ( 'NONE',  ( 0.7500000000000002220, -0.2999999999999997669, 1.000000000000000000 ) ) ;
#7053 = VERTEX_POINT ( 'NONE', #2123 ) ;
#7054 = LINE ( 'NONE', #7071, #7621 ) ;
#7055 = DIRECTION ( 'NONE',  ( 0.9486832980505145452, 0.0000000000000000000, -0.3162277660168359428 ) ) ;
#7056 = ORIENTED_EDGE ( 'NONE', *, *, #3772, .F. ) ;
#7057 = EDGE_CURVE ( 'NONE', #6690, #5926, #5339, .T. ) ;
#7058 = EDGE_LOOP ( 'NONE', ( #7105, #1565, #1741, #956 ) ) ;
#7059 = CARTESIAN_POINT ( 'NONE',  ( 4.950000000000000178, -2.250000000000000000, 0.5000000000000004441 ) ) ;
#7060 = AXIS2_PLACEMENT_3D ( 'NONE', #679, #19, #1852 ) ;
#7061 = PRODUCT ( 'CONN-TH_B4B-PH-K-S-GW', 'CONN-TH_B4B-PH-K-S-GW', '', ( #316 ) ) ;
#7062 = CARTESIAN_POINT ( 'NONE',  ( 1.250000000000000222, -0.2999999999999997669, 5.000000000000000888 ) ) ;
#7063 = SURFACE_STYLE_FILL_AREA ( #3657 ) ;
#7064 = ORIENTED_EDGE ( 'NONE', *, *, #7387, .T. ) ;
#7065 = STYLED_ITEM ( 'NONE', ( #1530 ), #4912 ) ;
#7066 = PRESENTATION_STYLE_ASSIGNMENT (( #1927 ) ) ;
#7067 = FILL_AREA_STYLE ('',( #2699 ) ) ;
#7068 = EDGE_LOOP ( 'NONE', ( #1671, #2869, #5528, #247, #2598, #3685, #3386, #7269, #1019, #2136 ) ) ;
#7069 = DIRECTION ( 'NONE',  ( 0.0000000000000000000, 1.000000000000000000, 0.0000000000000000000 ) ) ;
#7070 = EDGE_CURVE ( 'NONE', #6541, #3094, #6780, .T. ) ;
#7071 = CARTESIAN_POINT ( 'NONE',  ( 0.1338924938901968897, 0.5624360268489836390, 0.0000000000000000000 ) ) ;
#7072 = COLOUR_RGB ( '',1.000000000000000000, 1.000000000000000000, 1.000000000000000000 ) ;
#7073 = VERTEX_POINT ( 'NONE', #5357 ) ;
#7074 = CARTESIAN_POINT ( 'NONE',  ( -0.3486985542262592275, 0.5763988482645292510, 0.01000000000000000021 ) ) ;
#7075 = EDGE_CURVE ( 'NONE', #7453, #6228, #5055, .T. ) ;
#7076 = CARTESIAN_POINT ( 'NONE',  ( 0.2870354054381020759, 0.3927159638495213434, 0.0000000000000000000 ) ) ;
#7077 = ORIENTED_EDGE ( 'NONE', *, *, #6121, .T. ) ;
#7078 = CARTESIAN_POINT ( 'NONE',  ( 0.6277949329145868784, 0.5953628561172763511, 0.0000000000000000000 ) ) ;
#7079 = SURFACE_STYLE_USAGE ( .BOTH. , #3256 ) ;
#7080 = EDGE_CURVE ( 'NONE', #4553, #2526, #5832, .T. ) ;
#7081 = VERTEX_POINT ( 'NONE', #4157 ) ;
#7082 = ORIENTED_EDGE ( 'NONE', *, *, #732, .F. ) ;
#7083 = CARTESIAN_POINT ( 'NONE',  ( 0.2637379732408435262, 0.5309769271943530766, 0.009999999999999995004 ) ) ;
#7084 = ADVANCED_FACE ( 'NONE', ( #6688 ), #678, .T. ) ;
#7085 = VECTOR ( 'NONE', #3856, 1000.000000000000000 ) ;
#7086 = ORIENTED_EDGE ( 'NONE', *, *, #861, .F. ) ;
#7087 = DIRECTION ( 'NONE',  ( -0.3393303772748776370, -0.9406672605435404400, 0.0000000000000000000 ) ) ;
#7088 = CARTESIAN_POINT ( 'NONE',  ( -0.2105835148775653254, 0.5587415475420023370, 0.0000000000000000000 ) ) ;
#7089 = ORIENTED_EDGE ( 'NONE', *, *, #3976, .F. ) ;
#7090 = EDGE_CURVE ( 'NONE', #4655, #3421, #7054, .T. ) ;
#7091 = CARTESIAN_POINT ( 'NONE',  ( 0.5107217621828796794, 0.2953628561172763622, 0.01000000000000000021 ) ) ;
#7092 = LINE ( 'NONE', #281, #4504 ) ;
#7093 = ORIENTED_EDGE ( 'NONE', *, *, #3925, .F. ) ;
#7094 =( GEOMETRIC_REPRESENTATION_CONTEXT ( 3 ) GLOBAL_UNCERTAINTY_ASSIGNED_CONTEXT ( ( #5205 ) ) GLOBAL_UNIT_ASSIGNED_CONTEXT ( ( #4064, #7146, #7228 ) ) REPRESENTATION_CONTEXT ( 'NONE', 'WORKASPACE' ) );
#7095 = AXIS2_PLACEMENT_3D ( 'NONE', #6064, #1105, #6684 ) ;
#7096 = VECTOR ( 'NONE', #3943, 1000.000000000000000 ) ;
#7097 = SURFACE_STYLE_USAGE ( .BOTH. , #5789 ) ;
#7098 = CARTESIAN_POINT ( 'NONE',  ( 0.2870354054381020759, 0.3927159638495213434, 0.0000000000000000000 ) ) ;
#7099 = EDGE_CURVE ( 'NONE', #5376, #17, #4182, .T. ) ;
#7100 = ORIENTED_EDGE ( 'NONE', *, *, #7843, .F. ) ;
#7101 = MECHANICAL_DESIGN_GEOMETRIC_PRESENTATION_REPRESENTATION (  '', ( #5330 ), #5580 ) ;
#7102 = ADVANCED_FACE ( 'NONE', ( #2982 ), #5130, .F. ) ;
#7103 = PRESENTATION_STYLE_ASSIGNMENT (( #373 ) ) ;
#7104 = PRESENTATION_LAYER_ASSIGNMENT (  '', '', ( #5217 ) ) ;
#7105 = ORIENTED_EDGE ( 'NONE', *, *, #7028, .T. ) ;
#7106 = CARTESIAN_POINT ( 'NONE',  ( 0.2905403466497580300, 0.3348241174246534002, 0.0000000000000000000 ) ) ;
#7107 = MECHANICAL_DESIGN_GEOMETRIC_PRESENTATION_REPRESENTATION (  '', ( #1830 ), #1579 ) ;
#7108 = DIRECTION ( 'NONE',  ( -1.000000000000000000, 0.0000000000000000000, 0.0000000000000000000 ) ) ;
#7109 = DIRECTION ( 'NONE',  ( 0.0000000000000000000, -1.000000000000000000, 0.0000000000000000000 ) ) ;
#7110 = B_SPLINE_CURVE_WITH_KNOTS ( 'NONE', 3,
 ( #3521, #3500, #7840, #4183, #5421, #6656, #2937, #4392, #1607, #1415, #2992, #2828, #5499, #1992, #954, #2094, #382, #7126, #6529 ),
 .UNSPECIFIED., .F., .F.,
 ( 4, 1, 1, 1, 1, 1, 1, 1, 1, 1, 1, 1, 1, 1, 1, 1, 4 ),
 ( 0.0000000000000000000, 0.07082642719843189327, 0.1381687497167491119, 0.2024749159955608613, 0.2639732126625838338, 0.3236544888807538212, 0.3818108019687181387, 0.4394031355784567827, 0.4973374405450619040, 0.5550967670692509293, 0.6130048974764323866, 0.6715395104890309330, 0.7316562728107192104, 0.7942982337746835597, 0.8594824933627508434, 0.9276814738717479303, 0.9999999999999998890 ),
 .UNSPECIFIED. ) ;
#7111 = SURFACE_SIDE_STYLE ('',( #1756 ) ) ;
#7112 = CARTESIAN_POINT ( 'NONE',  ( -0.2200705930708662383, 0.5614103483970013242, 0.01000000000000000021 ) ) ;
#7113 =( NAMED_UNIT ( * ) PLANE_ANGLE_UNIT ( ) SI_UNIT ( $, .RADIAN. ) );
#7114 = COLOUR_RGB ( '',0.9686274509803921573, 0.8784313725490195957, 0.5999999999999999778 ) ;
#7115 = CARTESIAN_POINT ( 'NONE',  ( 4.950000000000000178, -2.000000000000000444, 1.099999999999999867 ) ) ;
#7116 = FACE_OUTER_BOUND ( 'NONE', #2930, .T. ) ;
#7117 = STYLED_ITEM ( 'NONE', ( #456 ), #3656 ) ;
#7118 = LINE ( 'NONE', #3887, #7300 ) ;
#7119 = CARTESIAN_POINT ( 'NONE',  ( 0.4883021870966009481, 0.3381300993562126322, 0.0000000000000000000 ) ) ;
#7120 = LINE ( 'NONE', #2147, #1072 ) ;
#7121 = EDGE_CURVE ( 'NONE', #4575, #1823, #1350, .T. ) ;
#7122 = CARTESIAN_POINT ( 'NONE',  ( -0.08561970123175441372, 0.4599970024587397566, 0.0000000000000000000 ) ) ;
#7123 = CARTESIAN_POINT ( 'NONE',  ( -0.2999442839804061789, 0.3328631228833017763, 0.01000000000000000021 ) ) ;
#7124 = ORIENTED_EDGE ( 'NONE', *, *, #3334, .T. ) ;
#7125 = CARTESIAN_POINT ( 'NONE',  ( 0.03511200608531873241, 0.5953628561172763511, 0.01000000000000000021 ) ) ;
#7126 = CARTESIAN_POINT ( 'NONE',  ( 0.2947645973002682163, 0.4470622390335093344, 0.0000000000000000000 ) ) ;
#7127 =( NAMED_UNIT ( * ) SI_UNIT ( $, .STERADIAN. ) SOLID_ANGLE_UNIT ( ) );
#7128 = VECTOR ( 'NONE', #1921, 1000.000000000000000 ) ;
#7129 = LINE ( 'NONE', #7782, #597 ) ;
#7130 = SURFACE_SIDE_STYLE ('',( #4473 ) ) ;
#7131 = DIRECTION ( 'NONE',  ( 0.0000000000000000000, 0.0000000000000000000, -1.000000000000000000 ) ) ;
#7132 = VERTEX_POINT ( 'NONE', #2106 ) ;
#7133 = VECTOR ( 'NONE', #7887, 1000.000000000000000 ) ;
#7134 = EDGE_CURVE ( 'NONE', #3778, #5035, #6966, .T. ) ;
#7135 = DIRECTION ( 'NONE',  ( 1.000000000000000000, 0.0000000000000000000, 0.0000000000000000000 ) ) ;
#7136 = LINE ( 'NONE', #3850, #2977 ) ;
#7137 = FILL_AREA_STYLE_COLOUR ( '', #3592 ) ;
#7138 = PLANE ( 'NONE',  #3946 ) ;
#7139 = SURFACE_SIDE_STYLE ('',( #26 ) ) ;
#7140 = ORIENTED_EDGE ( 'NONE', *, *, #1096, .T. ) ;
#7141 = CARTESIAN_POINT ( 'NONE',  ( -0.2629043226538720912, 0.5989739915595246877, 0.01000000000000000021 ) ) ;
#7142 = PLANE ( 'NONE',  #6865 ) ;
#7143 = CARTESIAN_POINT ( 'NONE',  ( -0.3631481427501517256, 0.4092912953401452447, 0.0000000000000000000 ) ) ;
#7144 = ORIENTED_EDGE ( 'NONE', *, *, #6243, .F. ) ;
#7145 = ORIENTED_EDGE ( 'NONE', *, *, #6479, .T. ) ;
#7146 =( NAMED_UNIT ( * ) PLANE_ANGLE_UNIT ( ) SI_UNIT ( $, .RADIAN. ) );
#7147 = COLOUR_RGB ( '',1.000000000000000000, 1.000000000000000000, 1.000000000000000000 ) ;
#7148 = CARTESIAN_POINT ( 'NONE',  ( 0.3570632255975138003, 0.5953628561172763511, 0.0000000000000000000 ) ) ;
#7149 = VECTOR ( 'NONE', #7009, 1000.000000000000000 ) ;
#7150 = DIRECTION ( 'NONE',  ( -0.0000000000000000000, -1.000000000000000000, -0.0000000000000000000 ) ) ;
#7151 = CARTESIAN_POINT ( 'NONE',  ( 0.5107217621828796794, 0.2953628561172763622, 0.0000000000000000000 ) ) ;
#7152 = FACE_OUTER_BOUND ( 'NONE', #2815, .T. ) ;
#7153 = PRESENTATION_LAYER_ASSIGNMENT (  '', '', ( #1221 ) ) ;
#7154 = ORIENTED_EDGE ( 'NONE', *, *, #2088, .F. ) ;
#7155 = FILL_AREA_STYLE ('',( #7675 ) ) ;
#7156 = MECHANICAL_DESIGN_GEOMETRIC_PRESENTATION_REPRESENTATION (  '', ( #4957 ), #3415 ) ;
#7157 = ORIENTED_EDGE ( 'NONE', *, *, #1860, .F. ) ;
#7158 = CARTESIAN_POINT ( 'NONE',  ( 0.1898187077310512227, 0.5621479394344983671, 0.0000000000000000000 ) ) ;
#7159 = DIRECTION ( 'NONE',  ( 0.0000000000000000000, 0.9486832980505155444, -0.3162277660168330562 ) ) ;
#7160 = ORIENTED_EDGE ( 'NONE', *, *, #1038, .T. ) ;
#7161 = DIRECTION ( 'NONE',  ( 0.0000000000000000000, -1.000000000000000000, 0.0000000000000000000 ) ) ;
#7162 = ADVANCED_FACE ( 'NONE', ( #1265 ), #601, .F. ) ;
#7163 = DIRECTION ( 'NONE',  ( -1.000000000000000000, 0.0000000000000000000, 0.0000000000000000000 ) ) ;
#7164 = ORIENTED_EDGE ( 'NONE', *, *, #5788, .T. ) ;
#7165 =( LENGTH_UNIT ( ) NAMED_UNIT ( * ) SI_UNIT ( .MILLI., .METRE. ) );
#7166 = VECTOR ( 'NONE', #4304, 1000.000000000000000 ) ;
#7167 = MECHANICAL_DESIGN_GEOMETRIC_PRESENTATION_REPRESENTATION (  '', ( #4597 ), #183 ) ;
#7168 = ORIENTED_EDGE ( 'NONE', *, *, #2656, .T. ) ;
#7169 = CARTESIAN_POINT ( 'NONE',  ( -0.3971161630311314528, 0.3862346841169082556, 0.0000000000000000000 ) ) ;
#7170 = CARTESIAN_POINT ( 'NONE',  ( 3.003586417958283405, -1.749999999999999778, 2.116552042568997649 ) ) ;
#7171 = FILL_AREA_STYLE_COLOUR ( '', #3469 ) ;
#7172 = FILL_AREA_STYLE_COLOUR ( '', #4813 ) ;
#7173 = EDGE_CURVE ( 'NONE', #7475, #4860, #5242, .T. ) ;
#7174 = ORIENTED_EDGE ( 'NONE', *, *, #2440, .T. ) ;
#7175 = LINE ( 'NONE', #3641, #2820 ) ;
#7176 = ORIENTED_EDGE ( 'NONE', *, *, #5910, .F. ) ;
#7177 = DIRECTION ( 'NONE',  ( 0.9486832980505155444, 0.0000000000000000000, -0.3162277660168330562 ) ) ;
#7178 = LINE ( 'NONE', #3243, #4691 ) ;
#7179 = CARTESIAN_POINT ( 'NONE',  ( -0.3280126714152256096, 0.3501843477395589765, 0.01000000000000000021 ) ) ;
#7180 = SURFACE_SIDE_STYLE ('',( #2587 ) ) ;
#7181 = ORIENTED_EDGE ( 'NONE', *, *, #103, .T. ) ;
#7182 = CARTESIAN_POINT ( 'NONE',  ( -2.850000000000000089, -0.7999999999999997113, -3.399999999999999911 ) ) ;
#7183 = EDGE_CURVE ( 'NONE', #7825, #2234, #2195, .T. ) ;
#7184 =( NAMED_UNIT ( * ) SI_UNIT ( $, .STERADIAN. ) SOLID_ANGLE_UNIT ( ) );
#7185 =( NAMED_UNIT ( * ) SI_UNIT ( $, .STERADIAN. ) SOLID_ANGLE_UNIT ( ) );
#7186 = ORIENTED_EDGE ( 'NONE', *, *, #2007, .T. ) ;
#7187 = ORIENTED_EDGE ( 'NONE', *, *, #7090, .F. ) ;
#7188 = FILL_AREA_STYLE_COLOUR ( '', #3724 ) ;
#7189 = CARTESIAN_POINT ( 'NONE',  ( 0.2537701977118715924, 0.3106093143829819492, 0.01000000000000000021 ) ) ;
#7190 = FILL_AREA_STYLE ('',( #6617 ) ) ;
#7191 = PRESENTATION_LAYER_ASSIGNMENT (  '', '', ( #6643 ) ) ;
#7192 = DIRECTION ( 'NONE',  ( 0.0000000000000000000, 1.000000000000000000, 0.0000000000000000000 ) ) ;
#7193 = LINE ( 'NONE', #5922, #6729 ) ;
#7194 = DIRECTION ( 'NONE',  ( 0.0000000000000000000, 1.000000000000000000, 0.0000000000000000000 ) ) ;
#7195 = CARTESIAN_POINT ( 'NONE',  ( -0.4075709207439496273, 0.4510221548977642603, 0.0000000000000000000 ) ) ;
#7196 = CARTESIAN_POINT ( 'NONE',  ( -0.3099200500701488892, 0.3375143844141929583, 0.0000000000000000000 ) ) ;
#7197 = FACE_OUTER_BOUND ( 'NONE', #5262, .T. ) ;
#7198 = STYLED_ITEM ( 'NONE', ( #2743 ), #1264 ) ;
#7199 = ADVANCED_FACE ( 'NONE', ( #2680 ), #7336, .F. ) ;
#7200 = VECTOR ( 'NONE', #4960, 1000.000000000000000 ) ;
#7201 = ORIENTED_EDGE ( 'NONE', *, *, #4657, .F. ) ;
#7202 = AXIS2_PLACEMENT_3D ( 'NONE', #5056, #4458, #699 ) ;
#7203 = FILL_AREA_STYLE ('',( #405 ) ) ;
#7204 = CARTESIAN_POINT ( 'NONE',  ( 0.2145032091406301189, 0.3320804515889795305, 0.0000000000000000000 ) ) ;
#7205 = CARTESIAN_POINT ( 'NONE',  ( -0.3434964087590390847, 0.3667319280159819228, 0.0000000000000000000 ) ) ;
#7206 = CARTESIAN_POINT ( 'NONE',  ( -2.750000000000000000, -0.7999999999999997113, 5.000000000000000888 ) ) ;
#7207 = SURFACE_SIDE_STYLE ('',( #41 ) ) ;
#7208 = DIRECTION ( 'NONE',  ( 1.000000000000000000, 0.0000000000000000000, 0.0000000000000000000 ) ) ;
#7209 = EDGE_CURVE ( 'NONE', #4495, #2907, #1640, .T. ) ;
#7210 = ORIENTED_EDGE ( 'NONE', *, *, #2610, .F. ) ;
#7211 = COLOUR_RGB ( '',0.9686274509803921573, 0.8784313725490195957, 0.5999999999999999778 ) ;
#7212 =( GEOMETRIC_REPRESENTATION_CONTEXT ( 3 ) GLOBAL_UNCERTAINTY_ASSIGNED_CONTEXT ( ( #2067 ) ) GLOBAL_UNIT_ASSIGNED_CONTEXT ( ( #1867, #7404, #3709 ) ) REPRESENTATION_CONTEXT ( 'NONE', 'WORKASPACE' ) );
#7213 = CARTESIAN_POINT ( 'NONE',  ( -0.3646718179068173527, 0.3352758183967293748, 0.01000000000000000021 ) ) ;
#7214 = PRESENTATION_STYLE_ASSIGNMENT (( #2278 ) ) ;
#7215 = CARTESIAN_POINT ( 'NONE',  ( -4.950000000000000178, 0.1500000000000004663, 4.390000000000003233 ) ) ;
#7216 = CARTESIAN_POINT ( 'NONE',  ( -4.449999999999999289, -1.749999999999999778, 1.000000000000000000 ) ) ;
#7217 = EDGE_CURVE ( 'NONE', #1226, #5749, #435, .T. ) ;
#7218 =( LENGTH_UNIT ( ) NAMED_UNIT ( * ) SI_UNIT ( .MILLI., .METRE. ) );
#7219 = COLOUR_RGB ( '',1.000000000000000000, 1.000000000000000000, 1.000000000000000000 ) ;
#7220 = CARTESIAN_POINT ( 'NONE',  ( -0.2838673539944090440, 0.5642856569160581426, 0.01000000000000000021 ) ) ;
#7221 = EDGE_CURVE ( 'NONE', #7243, #4213, #6583, .T. ) ;
#7222 = VERTEX_POINT ( 'NONE', #2434 ) ;
#7223 = VECTOR ( 'NONE', #3580, 1000.000000000000000 ) ;
#7224 = EDGE_CURVE ( 'NONE', #834, #1310, #6003, .T. ) ;
#7225 = PLANE ( 'NONE',  #5178 ) ;
#7226 = LINE ( 'NONE', #6063, #2275 ) ;
#7227 = COLOUR_RGB ( '',0.9686274509803921573, 0.8784313725490195957, 0.5999999999999999778 ) ;
#7228 =( NAMED_UNIT ( * ) SI_UNIT ( $, .STERADIAN. ) SOLID_ANGLE_UNIT ( ) );
#7229 = DIRECTION ( 'NONE',  ( -1.000000000000000000, 0.0000000000000000000, 0.0000000000000000000 ) ) ;
#7230 = VERTEX_POINT ( 'NONE', #4372 ) ;
#7231 = VECTOR ( 'NONE', #694, 1000.000000000000000 ) ;
#7232 = LINE ( 'NONE', #2418, #4645 ) ;
#7233 = ORIENTED_EDGE ( 'NONE', *, *, #5345, .T. ) ;
#7234 = EDGE_CURVE ( 'NONE', #6481, #327, #4173, .T. ) ;
#7235 = ADVANCED_FACE ( 'NONE', ( #6089, #6674 ), #6767, .F. ) ;
#7236 = ORIENTED_EDGE ( 'NONE', *, *, #1038, .F. ) ;
#7237 = CARTESIAN_POINT ( 'NONE',  ( -2.000000000000000000, -1.749999999999999778, 2.000000000000000000 ) ) ;
#7238 =( NAMED_UNIT ( * ) SI_UNIT ( $, .STERADIAN. ) SOLID_ANGLE_UNIT ( ) );
#7239 = ORIENTED_EDGE ( 'NONE', *, *, #7280, .T. ) ;
#7240 = STYLED_ITEM ( 'NONE', ( #3333 ), #535 ) ;
#7241 = CARTESIAN_POINT ( 'NONE',  ( 0.4844831951097088862, 0.3529848073367885530, 0.01000000000000000021 ) ) ;
#7242 = SURFACE_STYLE_USAGE ( .BOTH. , #4201 ) ;
#7243 = VERTEX_POINT ( 'NONE', #668 ) ;
#7244 = DIRECTION ( 'NONE',  ( 1.000000000000000000, 0.0000000000000000000, 0.0000000000000000000 ) ) ;
#7245 = STYLED_ITEM ( 'NONE', ( #4789 ), #5930 ) ;
#7246 = CARTESIAN_POINT ( 'NONE',  ( -3.250000000000000000, -0.7999999999999997113, -3.099999999999996980 ) ) ;
#7247 = LINE ( 'NONE', #3124, #3683 ) ;
#7248 = ORIENTED_EDGE ( 'NONE', *, *, #4780, .F. ) ;
#7249 = SURFACE_STYLE_FILL_AREA ( #3182 ) ;
#7250 = CARTESIAN_POINT ( 'NONE',  ( -4.950000000000000178, -1.850000000000000089, 1.099999999999999867 ) ) ;
#7251 = EDGE_LOOP ( 'NONE', ( #1197, #296, #7056, #6785 ) ) ;
#7252 = FILL_AREA_STYLE ('',( #1719 ) ) ;
#7253 = DIRECTION ( 'NONE',  ( 0.0000000000000000000, 0.0000000000000000000, -1.000000000000000000 ) ) ;
#7254 = STYLED_ITEM ( 'NONE', ( #7103 ), #2272 ) ;
#7255 = ORIENTED_EDGE ( 'NONE', *, *, #2921, .F. ) ;
#7256 = STYLED_ITEM ( 'NONE', ( #6465 ), #4112 ) ;
#7257 = ADVANCED_FACE ( 'NONE', ( #7431 ), #56, .T. ) ;
#7258 = PRESENTATION_LAYER_ASSIGNMENT (  '', '', ( #4756 ) ) ;
#7259 = ORIENTED_EDGE ( 'NONE', *, *, #6420, .F. ) ;
#7260 = CARTESIAN_POINT ( 'NONE',  ( -0.2179367497826653621, 0.3293453112321247378, 0.0000000000000000000 ) ) ;
#7261 = CARTESIAN_POINT ( 'NONE',  ( 3.250000000000000444, -0.2999999999999997669, 5.000000000000000888 ) ) ;
#7262 = ORIENTED_EDGE ( 'NONE', *, *, #93, .T. ) ;
#7263 = LINE ( 'NONE', #7170, #5839 ) ;
#7264 = PRESENTATION_LAYER_ASSIGNMENT (  '', '', ( #1229 ) ) ;
#7265 = EDGE_LOOP ( 'NONE', ( #7160, #7691, #4491, #7783 ) ) ;
#7266 = CARTESIAN_POINT ( 'NONE',  ( -0.2710462516987122150, 0.2920778058621723017, 0.01000000000000000021 ) ) ;
#7267 = EDGE_CURVE ( 'NONE', #7802, #5368, #4594, .T. ) ;
#7268 = VERTEX_POINT ( 'NONE', #6230 ) ;
#7269 = ORIENTED_EDGE ( 'NONE', *, *, #484, .F. ) ;
#7270 = ADVANCED_FACE ( 'NONE', ( #1728 ), #6272, .F. ) ;
#7271 = LINE ( 'NONE', #3614, #1876 ) ;
#7272 = DIRECTION ( 'NONE',  ( 0.0000000000000000000, 1.000000000000000000, 0.0000000000000000000 ) ) ;
#7273 = LINE ( 'NONE', #7896, #761 ) ;
#7274 = DIRECTION ( 'NONE',  ( 1.000000000000000000, 0.0000000000000000000, 0.0000000000000000000 ) ) ;
#7275 =( NAMED_UNIT ( * ) PLANE_ANGLE_UNIT ( ) SI_UNIT ( $, .RADIAN. ) );
#7276 = UNCERTAINTY_MEASURE_WITH_UNIT (LENGTH_MEASURE( 1.000000000000000082E-05 ), #7588, 'distance_accuracy_value', 'NONE');
#7277 = SURFACE_SIDE_STYLE ('',( #1888 ) ) ;
#7278 = LINE ( 'NONE', #2271, #1877 ) ;
#7279 = ORIENTED_EDGE ( 'NONE', *, *, #5167, .F. ) ;
#7280 = EDGE_CURVE ( 'NONE', #1474, #3121, #5346, .T. ) ;
#7281 = UNCERTAINTY_MEASURE_WITH_UNIT (LENGTH_MEASURE( 1.000000000000000082E-05 ), #5658, 'distance_accuracy_value', 'NONE');
#7282 =( LENGTH_UNIT ( ) NAMED_UNIT ( * ) SI_UNIT ( .MILLI., .METRE. ) );
#7283 = FILL_AREA_STYLE ('',( #7188 ) ) ;
#7284 = LINE ( 'NONE', #628, #7482 ) ;
#7285 = CARTESIAN_POINT ( 'NONE',  ( 0.3291413831829349546, 0.3953371787117997971, 0.0000000000000000000 ) ) ;
#7286 = ADVANCED_FACE ( 'NONE', ( #1441 ), #4501, .F. ) ;
#7287 = STYLED_ITEM ( 'NONE', ( #737 ), #5485 ) ;
#7288 = DIRECTION ( 'NONE',  ( -1.000000000000000000, -4.956352788505164254E-16, -0.0000000000000000000 ) ) ;
#7289 = UNCERTAINTY_MEASURE_WITH_UNIT (LENGTH_MEASURE( 1.000000000000000082E-05 ), #4721, 'distance_accuracy_value', 'NONE');
#7290 = VECTOR ( 'NONE', #6723, 1000.000000000000000 ) ;
#7291 = ADVANCED_FACE ( 'NONE', ( #5427 ), #3819, .F. ) ;
#7292 = ORIENTED_EDGE ( 'NONE', *, *, #4310, .F. ) ;
#7293 = CARTESIAN_POINT ( 'NONE',  ( 0.0000000000000000000, 0.5953628561172763511, 0.01000000000000000021 ) ) ;
#7294 = MECHANICAL_DESIGN_GEOMETRIC_PRESENTATION_REPRESENTATION (  '', ( #169 ), #1768 ) ;
#7295 = DIRECTION ( 'NONE',  ( 0.0000000000000000000, 0.0000000000000000000, -1.000000000000000000 ) ) ;
#7296 = DIRECTION ( 'NONE',  ( 1.000000000000000000, 0.0000000000000000000, 0.0000000000000000000 ) ) ;
#7297 = FILL_AREA_STYLE_COLOUR ( '', #754 ) ;
#7298 = CARTESIAN_POINT ( 'NONE',  ( 0.02779493291458703941, 0.3282896853855690189, 0.0000000000000000000 ) ) ;
#7299 = PLANE ( 'NONE',  #5122 ) ;
#7300 = VECTOR ( 'NONE', #4541, 999.9999999999998863 ) ;
#7301 = SURFACE_STYLE_USAGE ( .BOTH. , #486 ) ;
#7302 = VERTEX_POINT ( 'NONE', #1329 ) ;
#7303 = LINE ( 'NONE', #911, #4352 ) ;
#7304 = PRESENTATION_STYLE_ASSIGNMENT (( #7079 ) ) ;
#7305 = SURFACE_STYLE_FILL_AREA ( #5666 ) ;
#7306 =( GEOMETRIC_REPRESENTATION_CONTEXT ( 3 ) GLOBAL_UNCERTAINTY_ASSIGNED_CONTEXT ( ( #6895 ) ) GLOBAL_UNIT_ASSIGNED_CONTEXT ( ( #2181, #6539, #6564 ) ) REPRESENTATION_CONTEXT ( 'NONE', 'WORKASPACE' ) );
#7307 = VERTEX_POINT ( 'NONE', #801 ) ;
#7308 = CARTESIAN_POINT ( 'NONE',  ( 0.8500000000000005329, 0.0000000000000000000, -3.399999999999999911 ) ) ;
#7309 = DIRECTION ( 'NONE',  ( -1.000000000000000000, 0.0000000000000000000, 0.0000000000000000000 ) ) ;
#7310 = ADVANCED_FACE ( 'NONE', ( #7893 ), #160, .F. ) ;
#7311 = AXIS2_PLACEMENT_3D ( 'NONE', #3830, #5626, #1898 ) ;
#7312 = SURFACE_STYLE_FILL_AREA ( #5139 ) ;
#7313 = EDGE_CURVE ( 'NONE', #6043, #5853, #2105, .T. ) ;
#7314 = CARTESIAN_POINT ( 'NONE',  ( 0.03511200608531873241, 0.5624360268489836390, 0.0000000000000000000 ) ) ;
#7315 = DIRECTION ( 'NONE',  ( 0.0000000000000000000, 1.000000000000000000, 0.0000000000000000000 ) ) ;
#7316 = ORIENTED_EDGE ( 'NONE', *, *, #3763, .F. ) ;
#7317 = SURFACE_SIDE_STYLE ('',( #2285 ) ) ;
#7318 = CARTESIAN_POINT ( 'NONE',  ( -0.2652549711508307428, 0.5659952618503106825, 0.01000000000000000021 ) ) ;
#7319 = PLANE ( 'NONE',  #3910 ) ;
#7320 = EDGE_CURVE ( 'NONE', #7535, #5079, #3774, .T. ) ;
#7321 = FACE_OUTER_BOUND ( 'NONE', #3263, .T. ) ;
#7322 = ADVANCED_FACE ( 'NONE', ( #5142 ), #6667, .F. ) ;
#7323 = VECTOR ( 'NONE', #3144, 1000.000000000000000 ) ;
#7324 = CARTESIAN_POINT ( 'NONE',  ( -0.1928860683408610555, 0.5844979355090283990, 0.0000000000000000000 ) ) ;
#7325 = ORIENTED_EDGE ( 'NONE', *, *, #5500, .F. ) ;
#7326 = EDGE_CURVE ( 'NONE', #829, #3108, #5234, .T. ) ;
#7327 = CARTESIAN_POINT ( 'NONE',  ( -4.949999999999998401, -2.250000000000000000, 6.000000000000000000 ) ) ;
#7328 = DIRECTION ( 'NONE',  ( 0.3015113445777618528, 0.3015113445777618528, 0.9045340337332921088 ) ) ;
#7329 = CARTESIAN_POINT ( 'NONE',  ( 3.250000000000000444, -0.7999999999999997113, 5.000000000000000888 ) ) ;
#7330 = CARTESIAN_POINT ( 'NONE',  ( 0.3179736270435553624, 0.5180784173692071226, 0.0000000000000000000 ) ) ;
#7331 = ORIENTED_EDGE ( 'NONE', *, *, #1242, .T. ) ;
#7332 = ADVANCED_FACE ( 'NONE', ( #6281 ), #7647, .T. ) ;
#7333 = ORIENTED_EDGE ( 'NONE', *, *, #7581, .T. ) ;
#7334 = DIRECTION ( 'NONE',  ( 0.0000000000000000000, -1.000000000000000000, 0.0000000000000000000 ) ) ;
#7335 = DIRECTION ( 'NONE',  ( -0.0000000000000000000, -1.000000000000000000, -0.0000000000000000000 ) ) ;
#7336 = PLANE ( 'NONE',  #4533 ) ;
#7337 = FACE_OUTER_BOUND ( 'NONE', #3525, .T. ) ;
#7338 = ORIENTED_EDGE ( 'NONE', *, *, #5345, .F. ) ;
#7339 = SURFACE_STYLE_USAGE ( .BOTH. , #2350 ) ;
#7340 = DIRECTION ( 'NONE',  ( 0.0000000000000000000, -1.084202172485504828E-15, -1.000000000000000000 ) ) ;
#7341 = ORIENTED_EDGE ( 'NONE', *, *, #306, .F. ) ;
#7342 = CARTESIAN_POINT ( 'NONE',  ( 3.003586417958283405, -1.749999999999999778, 2.116552042568997649 ) ) ;
#7343 = PLANE ( 'NONE',  #3516 ) ;
#7344 = VECTOR ( 'NONE', #1162, 1000.000000000000000 ) ;
#7345 = CARTESIAN_POINT ( 'NONE',  ( -0.3602307497345574872, 0.4969711792601141376, 0.0000000000000000000 ) ) ;
#7346 = VECTOR ( 'NONE', #2161, 1000.000000000000000 ) ;
#7347 = AXIS2_PLACEMENT_3D ( 'NONE', #7490, #4496, #2008 ) ;
#7348 = ORIENTED_EDGE ( 'NONE', *, *, #752, .T. ) ;
#7349 = CARTESIAN_POINT ( 'NONE',  ( -0.3971161630311314528, 0.3862346841169082556, 0.01000000000000000021 ) ) ;
#7350 = PLANE ( 'NONE',  #4079 ) ;
#7351 = MECHANICAL_DESIGN_GEOMETRIC_PRESENTATION_REPRESENTATION (  '', ( #4582 ), #7753 ) ;
#7352 = ORIENTED_EDGE ( 'NONE', *, *, #3988, .T. ) ;
#7353 = CARTESIAN_POINT ( 'NONE',  ( -0.2019549676862398835, 0.5883601625426860826, 0.01000000000000000021 ) ) ;
#7354 = EDGE_LOOP ( 'NONE', ( #4757, #2629, #3200, #2811 ) ) ;
#7355 = UNCERTAINTY_MEASURE_WITH_UNIT (LENGTH_MEASURE( 1.000000000000000082E-05 ), #5625, 'distance_accuracy_value', 'NONE');
#7356 = EDGE_CURVE ( 'NONE', #1036, #458, #6574, .T. ) ;
#7357 = PLANE ( 'NONE',  #4793 ) ;
#7358 = ADVANCED_FACE ( 'NONE', ( #2472, #5133, #7321 ), #3353, .F. ) ;
#7359 = SURFACE_STYLE_FILL_AREA ( #1705 ) ;
#7360 = ORIENTED_EDGE ( 'NONE', *, *, #142, .F. ) ;
#7361 = CARTESIAN_POINT ( 'NONE',  ( 0.3351120060853188254, 0.4415899902636178376, 0.0000000000000000000 ) ) ;
#7362 = FACE_OUTER_BOUND ( 'NONE', #5454, .T. ) ;
#7363 = FILL_AREA_STYLE ('',( #79 ) ) ;
#7364 = ORIENTED_EDGE ( 'NONE', *, *, #6636, .F. ) ;
#7365 = FILL_AREA_STYLE ('',( #6036 ) ) ;
#7366 = AXIS2_PLACEMENT_3D ( 'NONE', #2927, #3571, #7858 ) ;
#7367 = STYLED_ITEM ( 'NONE', ( #604 ), #7405 ) ;
#7368 = SURFACE_STYLE_FILL_AREA ( #4 ) ;
#7369 = PRESENTATION_LAYER_ASSIGNMENT (  '', '', ( #5337 ) ) ;
#7370 = ORIENTED_EDGE ( 'NONE', *, *, #7173, .F. ) ;
#7371 = CARTESIAN_POINT ( 'NONE',  ( -0.3192278285452049835, 0.3433832727924456263, 0.01000000000000000021 ) ) ;
#7372 = ADVANCED_FACE ( 'NONE', ( #4742 ), #2652, .F. ) ;
#7373 = CARTESIAN_POINT ( 'NONE',  ( -0.1870643047249602731, 0.3422904139759304076, 0.0000000000000000000 ) ) ;
#7374 = DIRECTION ( 'NONE',  ( -0.0000000000000000000, -1.000000000000000000, -0.0000000000000000000 ) ) ;
#7375 = EDGE_LOOP ( 'NONE', ( #5432, #7460, #4272, #2892 ) ) ;
#7376 = DIRECTION ( 'NONE',  ( 1.000000000000000000, 0.0000000000000000000, 0.0000000000000000000 ) ) ;
#7377 = DIRECTION ( 'NONE',  ( 0.0000000000000000000, 0.0000000000000000000, -1.000000000000000000 ) ) ;
#7378 = VECTOR ( 'NONE', #6095, 1000.000000000000114 ) ;
#7379 = EDGE_CURVE ( 'NONE', #2661, #1108, #892, .T. ) ;
#7380 = VECTOR ( 'NONE', #1678, 1000.000000000000000 ) ;
#7381 = CARTESIAN_POINT ( 'NONE',  ( 0.4936582169164962508, 0.3490556035247848188, 0.0000000000000000000 ) ) ;
#7382 =( LENGTH_UNIT ( ) NAMED_UNIT ( * ) SI_UNIT ( .MILLI., .METRE. ) );
#7383 = CARTESIAN_POINT ( 'NONE',  ( 0.02779493291458703941, 0.0000000000000000000, 0.01000000000000000021 ) ) ;
#7384 = CARTESIAN_POINT ( 'NONE',  ( -0.3289625695878341527, 0.3085947746779639789, 0.01000000000000000021 ) ) ;
#7385 = DIRECTION ( 'NONE',  ( 1.000000000000000000, -0.0000000000000000000, 0.0000000000000000000 ) ) ;
#7386 =( NAMED_UNIT ( * ) PLANE_ANGLE_UNIT ( ) SI_UNIT ( $, .RADIAN. ) );
#7387 = EDGE_CURVE ( 'NONE', #4361, #5926, #2879, .T. ) ;
#7388 = VECTOR ( 'NONE', #6571, 1000.000000000000000 ) ;
#7389 = FILL_AREA_STYLE ('',( #3166 ) ) ;
#7390 = FACE_OUTER_BOUND ( 'NONE', #2102, .T. ) ;
#7391 = CARTESIAN_POINT ( 'NONE',  ( 0.0000000000000000000, 0.5953628561172763511, 0.01000000000000000021 ) ) ;
#7392 =( NAMED_UNIT ( * ) PLANE_ANGLE_UNIT ( ) SI_UNIT ( $, .RADIAN. ) );
#7393 = CARTESIAN_POINT ( 'NONE',  ( -0.4074770262310938862, 0.4564585410051049119, 0.0000000000000000000 ) ) ;
#7394 = DIRECTION ( 'NONE',  ( 0.0000000000000000000, 1.000000000000000000, 0.0000000000000000000 ) ) ;
#7395 = DIRECTION ( 'NONE',  ( 0.0000000000000000000, -1.000000000000000000, 0.0000000000000000000 ) ) ;
#7396 = VECTOR ( 'NONE', #5287, 1000.000000000000000 ) ;
#7397 = EDGE_CURVE ( 'NONE', #6043, #5356, #4543, .T. ) ;
#7398 = DIRECTION ( 'NONE',  ( 1.000000000000000000, 0.0000000000000000000, 0.0000000000000000000 ) ) ;
#7399 = FACE_OUTER_BOUND ( 'NONE', #238, .T. ) ;
#7400 = EDGE_LOOP ( 'NONE', ( #813, #4398, #374, #252 ) ) ;
#7401 = DIRECTION ( 'NONE',  ( 0.0000000000000000000, -0.0000000000000000000, 1.000000000000000000 ) ) ;
#7402 = PLANE ( 'NONE',  #6753 ) ;
#7403 = DIRECTION ( 'NONE',  ( -0.0000000000000000000, 0.0000000000000000000, 1.000000000000000000 ) ) ;
#7404 =( NAMED_UNIT ( * ) PLANE_ANGLE_UNIT ( ) SI_UNIT ( $, .RADIAN. ) );
#7405 = ADVANCED_FACE ( 'NONE', ( #1432 ), #7730, .T. ) ;
#7406 = CIRCLE ( 'NONE', #1878, 0.2500000000000002220 ) ;
#7407 = LINE ( 'NONE', #2189, #4427 ) ;
#7408 = AXIS2_PLACEMENT_3D ( 'NONE', #112, #7395, #3703 ) ;
#7409 = CARTESIAN_POINT ( 'NONE',  ( 0.4902568231584893965, 0.3319482219709348758, 0.01000000000000000021 ) ) ;
#7410 = CARTESIAN_POINT ( 'NONE',  ( 3.250000000000000444, -0.7999999999999997113, 4.699999999999997513 ) ) ;
#7411 = DIRECTION ( 'NONE',  ( -0.7071067811865444641, 0.0000000000000000000, 0.7071067811865505703 ) ) ;
#7412 = LINE ( 'NONE', #774, #5408 ) ;
#7413 = ADVANCED_FACE ( 'NONE', ( #806 ), #7225, .F. ) ;
#7414 = LINE ( 'NONE', #4387, #4051 ) ;
#7415 = AXIS2_PLACEMENT_3D ( 'NONE', #6855, #1948, #3776 ) ;
#7416 = DIRECTION ( 'NONE',  ( -3.854941057726238097E-16, 1.000000000000000000, 0.0000000000000000000 ) ) ;
#7417 = PRESENTATION_STYLE_ASSIGNMENT (( #2922 ) ) ;
#7418 = SURFACE_SIDE_STYLE ('',( #5856 ) ) ;
#7419 = CARTESIAN_POINT ( 'NONE',  ( 0.1752225243780017316, 0.5953628561172763511, 0.0000000000000000000 ) ) ;
#7420 = ORIENTED_EDGE ( 'NONE', *, *, #6121, .F. ) ;
#7421 = FILL_AREA_STYLE ('',( #6790 ) ) ;
#7422 = ADVANCED_FACE ( 'NONE', ( #1430 ), #5398, .F. ) ;
#7423 = DIRECTION ( 'NONE',  ( -0.9486832980505155444, -0.0000000000000000000, -0.3162277660168330562 ) ) ;
#7424 = PRESENTATION_LAYER_ASSIGNMENT (  '', '', ( #5785 ) ) ;
#7425 = FACE_OUTER_BOUND ( 'NONE', #2142, .T. ) ;
#7426 = CARTESIAN_POINT ( 'NONE',  ( -6.000000000000000000, -0.6999999999999994005, -3.399999999999999911 ) ) ;
#7427 = ORIENTED_EDGE ( 'NONE', *, *, #747, .T. ) ;
#7428 = CARTESIAN_POINT ( 'NONE',  ( 1.250000000000000222, -0.7999999999999997113, 5.000000000000000888 ) ) ;
#7429 = DIRECTION ( 'NONE',  ( 3.854941057726238097E-16, -1.000000000000000000, 0.0000000000000000000 ) ) ;
#7430 = EDGE_CURVE ( 'NONE', #3183, #6408, #5417, .T. ) ;
#7431 = FACE_OUTER_BOUND ( 'NONE', #2512, .T. ) ;
#7432 = VERTEX_POINT ( 'NONE', #4690 ) ;
#7433 = CARTESIAN_POINT ( 'NONE',  ( -4.052040639368925667, -1.749999999999999778, 3.912701290971654089 ) ) ;
#7434 = FILL_AREA_STYLE ('',( #6257 ) ) ;
#7435 = VERTEX_POINT ( 'NONE', #2852 ) ;
#7436 = MECHANICAL_DESIGN_GEOMETRIC_PRESENTATION_REPRESENTATION (  '', ( #1006 ), #194 ) ;
#7437 = CARTESIAN_POINT ( 'NONE',  ( -4.699999999999998401, -2.250000000000000000, 6.000000000000000000 ) ) ;
#7438 = ORIENTED_EDGE ( 'NONE', *, *, #4249, .F. ) ;
#7439 = EDGE_CURVE ( 'NONE', #1650, #7535, #4540, .T. ) ;
#7440 = DIRECTION ( 'NONE',  ( -0.0000000000000000000, 5.421010862427526114E-16, -1.000000000000000000 ) ) ;
#7441 = ORIENTED_EDGE ( 'NONE', *, *, #3601, .F. ) ;
#7442 = CARTESIAN_POINT ( 'NONE',  ( -0.2161145231346344453, 0.2946043547979605992, 0.01000000000000000021 ) ) ;
#7443 = CARTESIAN_POINT ( 'NONE',  ( 3.250000000000000444, -0.7999999999999997113, 4.699999999999997513 ) ) ;
#7444 = VERTEX_POINT ( 'NONE', #4150 ) ;
#7445 = ORIENTED_EDGE ( 'NONE', *, *, #5744, .F. ) ;
#7446 = VECTOR ( 'NONE', #6169, 1000.000000000000000 ) ;
#7447 =( NAMED_UNIT ( * ) SI_UNIT ( $, .STERADIAN. ) SOLID_ANGLE_UNIT ( ) );
#7448 = CARTESIAN_POINT ( 'NONE',  ( -0.08561970123175441372, 0.4270701731904470999, 0.0000000000000000000 ) ) ;
#7449 = ORIENTED_EDGE ( 'NONE', *, *, #3286, .F. ) ;
#7450 = STYLED_ITEM ( 'NONE', ( #2359 ), #5280 ) ;
#7451 = DIRECTION ( 'NONE',  ( 1.000000000000000000, 0.0000000000000000000, 0.0000000000000000000 ) ) ;
#7452 = LINE ( 'NONE', #5570, #3893 ) ;
#7453 = VERTEX_POINT ( 'NONE', #6033 ) ;
#7454 = SURFACE_STYLE_FILL_AREA ( #7608 ) ;
#7455 = ORIENTED_EDGE ( 'NONE', *, *, #7075, .F. ) ;
#7456 = UNCERTAINTY_MEASURE_WITH_UNIT (LENGTH_MEASURE( 1.000000000000000082E-05 ), #3229, 'distance_accuracy_value', 'NONE');
#7457 = MECHANICAL_DESIGN_GEOMETRIC_PRESENTATION_REPRESENTATION (  '', ( #7860 ), #2212 ) ;
#7458 = SURFACE_SIDE_STYLE ('',( #6484 ) ) ;
#7459 = VECTOR ( 'NONE', #5388, 1000.000000000000000 ) ;
#7460 = ORIENTED_EDGE ( 'NONE', *, *, #645, .F. ) ;
#7461 =( GEOMETRIC_REPRESENTATION_CONTEXT ( 3 ) GLOBAL_UNCERTAINTY_ASSIGNED_CONTEXT ( ( #3518 ) ) GLOBAL_UNIT_ASSIGNED_CONTEXT ( ( #2830, #4102, #1012 ) ) REPRESENTATION_CONTEXT ( 'NONE', 'WORKASPACE' ) );
#7462 = VECTOR ( 'NONE', #2785, 1000.000000000000000 ) ;
#7463 = ORIENTED_EDGE ( 'NONE', *, *, #6322, .F. ) ;
#7464 = EDGE_CURVE ( 'NONE', #4121, #2092, #7784, .T. ) ;
#7465 = SURFACE_STYLE_USAGE ( .BOTH. , #2537 ) ;
#7466 = UNCERTAINTY_MEASURE_WITH_UNIT (LENGTH_MEASURE( 1.000000000000000082E-05 ), #7919, 'distance_accuracy_value', 'NONE');
#7467 = VERTEX_POINT ( 'NONE', #2243 ) ;
#7468 = CARTESIAN_POINT ( 'NONE',  ( 0.5400472194999528242, 0.4782896853855690411, 0.0000000000000000000 ) ) ;
#7469 =( LENGTH_UNIT ( ) NAMED_UNIT ( * ) SI_UNIT ( .MILLI., .METRE. ) );
#7470 = ORIENTED_EDGE ( 'NONE', *, *, #1652, .F. ) ;
#7471 = AXIS2_PLACEMENT_3D ( 'NONE', #5709, #3890, #5740 ) ;
#7472 =( LENGTH_UNIT ( ) NAMED_UNIT ( * ) SI_UNIT ( .MILLI., .METRE. ) );
#7473 = CARTESIAN_POINT ( 'NONE',  ( 3.250000000000000444, -0.2999999999999997669, -3.099999999999996980 ) ) ;
#7474 = COLOUR_RGB ( '',0.9686274509803921573, 0.8784313725490195957, 0.5999999999999999778 ) ;
#7475 = VERTEX_POINT ( 'NONE', #7122 ) ;
#7476 =( NAMED_UNIT ( * ) PLANE_ANGLE_UNIT ( ) SI_UNIT ( $, .RADIAN. ) );
#7477 = EDGE_CURVE ( 'NONE', #1584, #6796, #2270, .T. ) ;
#7478 = CARTESIAN_POINT ( 'NONE',  ( -0.2549985122073643029, 0.2917043195319106164, 0.0000000000000000000 ) ) ;
#7479 = VECTOR ( 'NONE', #656, 1000.000000000000000 ) ;
#7480 = COLOUR_RGB ( '',1.000000000000000000, 1.000000000000000000, 1.000000000000000000 ) ;
#7481 =( NAMED_UNIT ( * ) SI_UNIT ( $, .STERADIAN. ) SOLID_ANGLE_UNIT ( ) );
#7482 = VECTOR ( 'NONE', #710, 1000.000000000000000 ) ;
#7483 = CARTESIAN_POINT ( 'NONE',  ( 0.2906118898394136618, 0.4038941988270666195, 0.0000000000000000000 ) ) ;
#7484 = EDGE_CURVE ( 'NONE', #1937, #2217, #3255, .T. ) ;
#7485 = CARTESIAN_POINT ( 'NONE',  ( 0.02779493291458703941, 0.3282896853855690189, 0.01000000000000000021 ) ) ;
#7486 = UNCERTAINTY_MEASURE_WITH_UNIT (LENGTH_MEASURE( 1.000000000000000082E-05 ), #4800, 'distance_accuracy_value', 'NONE');
#7487 = ORIENTED_EDGE ( 'NONE', *, *, #6108, .F. ) ;
#7488 =( NAMED_UNIT ( * ) SI_UNIT ( $, .STERADIAN. ) SOLID_ANGLE_UNIT ( ) );
#7489 = LINE ( 'NONE', #1745, #6543 ) ;
#7490 = CARTESIAN_POINT ( 'NONE',  ( -2.750000000000000000, -0.7999999999999997113, 5.000000000000000888 ) ) ;
#7491 = DIRECTION ( 'NONE',  ( 1.000000000000000000, 0.0000000000000000000, 0.0000000000000000000 ) ) ;
#7492 = CARTESIAN_POINT ( 'NONE',  ( 0.4892850243780015873, 0.3319482219709348758, 0.0000000000000000000 ) ) ;
#7493 = EDGE_CURVE ( 'NONE', #7307, #1474, #230, .T. ) ;
#7494 = CARTESIAN_POINT ( 'NONE',  ( -2.000000000000000000, -1.749999999999999778, 5.799999999999999822 ) ) ;
#7495 = SURFACE_STYLE_FILL_AREA ( #7155 ) ;
#7496 = CARTESIAN_POINT ( 'NONE',  ( 0.3291413831829349546, 0.3953371787117997971, 0.01000000000000000021 ) ) ;
#7497 = PRESENTATION_LAYER_ASSIGNMENT (  '', '', ( #5720 ) ) ;
#7498 = ORIENTED_EDGE ( 'NONE', *, *, #7387, .F. ) ;
#7499 = VECTOR ( 'NONE', #6936, 1000.000000000000000 ) ;
#7500 = VECTOR ( 'NONE', #4322, 1000.000000000000000 ) ;
#7501 = ORIENTED_EDGE ( 'NONE', *, *, #4899, .T. ) ;
#7502 = FACE_OUTER_BOUND ( 'NONE', #602, .T. ) ;
#7503 = EDGE_CURVE ( 'NONE', #1429, #7268, #2877, .T. ) ;
#7504 = SURFACE_STYLE_USAGE ( .BOTH. , #7032 ) ;
#7505 = DIRECTION ( 'NONE',  ( -0.0000000000000000000, 0.0000000000000000000, 1.000000000000000000 ) ) ;
#7506 = LINE ( 'NONE', #5678, #1717 ) ;
#7507 = CARTESIAN_POINT ( 'NONE',  ( -0.2838673539944090440, 0.5642856569160581426, 0.01000000000000000021 ) ) ;
#7508 = AXIS2_PLACEMENT_3D ( 'NONE', #2183, #5891, #1608 ) ;
#7509 = FILL_AREA_STYLE ('',( #3195 ) ) ;
#7510 = ORIENTED_EDGE ( 'NONE', *, *, #7356, .F. ) ;
#7511 = CARTESIAN_POINT ( 'NONE',  ( -4.950000000000000178, -2.000000000000000000, 1.099999999999999867 ) ) ;
#7512 = STYLED_ITEM ( 'NONE', ( #1266 ), #4351 ) ;
#7513 = CARTESIAN_POINT ( 'NONE',  ( -0.7499999999999997780, -0.7999999999999997113, 4.699999999999997513 ) ) ;
#7514 = FILL_AREA_STYLE_COLOUR ( '', #1033 ) ;
#7515 = COLOUR_RGB ( '',1.000000000000000000, 1.000000000000000000, 1.000000000000000000 ) ;
#7516 = DIRECTION ( 'NONE',  ( 0.0000000000000000000, 1.000000000000000000, 0.0000000000000000000 ) ) ;
#7517 = PLANE ( 'NONE',  #5629 ) ;
#7518 = ORIENTED_EDGE ( 'NONE', *, *, #6214, .F. ) ;
#7519 = CARTESIAN_POINT ( 'NONE',  ( -0.2007105353709034146, 0.3353552529332566867, 0.0000000000000000000 ) ) ;
#7520 =( GEOMETRIC_REPRESENTATION_CONTEXT ( 3 ) GLOBAL_UNCERTAINTY_ASSIGNED_CONTEXT ( ( #4466 ) ) GLOBAL_UNIT_ASSIGNED_CONTEXT ( ( #3534, #2353, #7879 ) ) REPRESENTATION_CONTEXT ( 'NONE', 'WORKASPACE' ) );
#7521 = ORIENTED_EDGE ( 'NONE', *, *, #3659, .F. ) ;
#7522 = CARTESIAN_POINT ( 'NONE',  ( 0.1824097071338485476, 0.3283775780992860827, 0.0000000000000000000 ) ) ;
#7523 = UNCERTAINTY_MEASURE_WITH_UNIT (LENGTH_MEASURE( 1.000000000000000082E-05 ), #891, 'distance_accuracy_value', 'NONE');
#7524 = ORIENTED_EDGE ( 'NONE', *, *, #7529, .F. ) ;
#7525 = CARTESIAN_POINT ( 'NONE',  ( 0.2366774743390124003, 0.5503159000959710889, 0.01000000000000000021 ) ) ;
#7526 = CARTESIAN_POINT ( 'NONE',  ( 0.03511200608531873241, 0.5953628561172763511, 0.0000000000000000000 ) ) ;
#7527 = DIRECTION ( 'NONE',  ( 1.000000000000000000, 0.0000000000000000000, 0.0000000000000000000 ) ) ;
#7528 = ORIENTED_EDGE ( 'NONE', *, *, #1597, .T. ) ;
#7529 = EDGE_CURVE ( 'NONE', #7535, #5181, #6186, .T. ) ;
#7530 = VECTOR ( 'NONE', #111, 1000.000000000000000 ) ;
#7531 = CARTESIAN_POINT ( 'NONE',  ( -0.2728208780868150440, 0.5658003208382740290, 0.0000000000000000000 ) ) ;
#7532 = VECTOR ( 'NONE', #3909, 1000.000000000000000 ) ;
#7533 = VERTEX_POINT ( 'NONE', #3005 ) ;
#7534 = UNCERTAINTY_MEASURE_WITH_UNIT (LENGTH_MEASURE( 1.000000000000000082E-05 ), #2871, 'distance_accuracy_value', 'NONE');
#7535 = VERTEX_POINT ( 'NONE', #6755 ) ;
#7536 = CARTESIAN_POINT ( 'NONE',  ( -4.699999999999998401, -2.250000000000000000, 6.000000000000000000 ) ) ;
#7537 = DIRECTION ( 'NONE',  ( -1.000000000000000000, -0.0000000000000000000, -0.0000000000000000000 ) ) ;
#7538 = LINE ( 'NONE', #7410, #3980 ) ;
#7539 = EDGE_CURVE ( 'NONE', #6133, #3001, #3063, .T. ) ;
#7540 = ORIENTED_EDGE ( 'NONE', *, *, #6892, .T. ) ;
#7541 = DIRECTION ( 'NONE',  ( -0.0000000000000000000, 0.0000000000000000000, 1.000000000000000000 ) ) ;
#7542 = VECTOR ( 'NONE', #843, 1000.000000000000000 ) ;
#7543 = FILL_AREA_STYLE ('',( #7514 ) ) ;
#7544 = DIRECTION ( 'NONE',  ( 0.0000000000000000000, 1.000000000000000000, 0.0000000000000000000 ) ) ;
#7545 = ORIENTED_EDGE ( 'NONE', *, *, #1683, .T. ) ;
#7546 =( LENGTH_UNIT ( ) NAMED_UNIT ( * ) SI_UNIT ( .MILLI., .METRE. ) );
#7547 = VECTOR ( 'NONE', #5308, 1000.000000000000114 ) ;
#7548 = AXIS2_PLACEMENT_3D ( 'NONE', #301, #5212, #7602 ) ;
#7549 = ORIENTED_EDGE ( 'NONE', *, *, #3028, .F. ) ;
#7550 = MECHANICAL_DESIGN_GEOMETRIC_PRESENTATION_REPRESENTATION (  '', ( #7245 ), #3252 ) ;
#7551 = DIRECTION ( 'NONE',  ( -1.000000000000000000, 0.0000000000000000000, 0.0000000000000000000 ) ) ;
#7552 = ORIENTED_EDGE ( 'NONE', *, *, #3226, .F. ) ;
#7553 = CARTESIAN_POINT ( 'NONE',  ( 0.5400472194999528242, 0.4782896853855690411, 0.0000000000000000000 ) ) ;
#7554 = LINE ( 'NONE', #6944, #5942 ) ;
#7555 = ORIENTED_EDGE ( 'NONE', *, *, #4587, .F. ) ;
#7556 = PLANE ( 'NONE',  #2856 ) ;
#7557 = PLANE ( 'NONE',  #5694 ) ;
#7558 = STYLED_ITEM ( 'NONE', ( #3352 ), #7257 ) ;
#7559 = PLANE ( 'NONE',  #7311 ) ;
#7560 = COLOUR_RGB ( '',1.000000000000000000, 1.000000000000000000, 1.000000000000000000 ) ;
#7561 =( LENGTH_UNIT ( ) NAMED_UNIT ( * ) SI_UNIT ( .MILLI., .METRE. ) );
#7562 = DIRECTION ( 'NONE',  ( 0.0000000000000000000, 0.0000000000000000000, -1.000000000000000000 ) ) ;
#7563 = CARTESIAN_POINT ( 'NONE',  ( -0.1844001890366325780, 0.3035945634343496513, 0.0000000000000000000 ) ) ;
#7564 = ORIENTED_EDGE ( 'NONE', *, *, #1639, .T. ) ;
#7565 = DIRECTION ( 'NONE',  ( -1.000000000000000000, 0.0000000000000000000, -0.0000000000000000000 ) ) ;
#7566 = CARTESIAN_POINT ( 'NONE',  ( 2.750000000000000444, -0.2999999999999997669, 5.000000000000000888 ) ) ;
#7567 =( GEOMETRIC_REPRESENTATION_CONTEXT ( 3 ) GLOBAL_UNCERTAINTY_ASSIGNED_CONTEXT ( ( #1027 ) ) GLOBAL_UNIT_ASSIGNED_CONTEXT ( ( #7003, #6417, #3277 ) ) REPRESENTATION_CONTEXT ( 'NONE', 'WORKASPACE' ) );
#7568 = LINE ( 'NONE', #1066, #4710 ) ;
#7569 = LINE ( 'NONE', #2334, #5762 ) ;
#7570 = EDGE_CURVE ( 'NONE', #1316, #5403, #3951, .T. ) ;
#7571 = CARTESIAN_POINT ( 'NONE',  ( 0.1907455667172799629, 0.3285490897922595521, 0.0000000000000000000 ) ) ;
#7572 = CARTESIAN_POINT ( 'NONE',  ( 0.2261171330251723621, 0.5547818667535291404, 0.01000000000000000021 ) ) ;
#7573 = FACE_OUTER_BOUND ( 'NONE', #1918, .T. ) ;
#7574 = AXIS2_PLACEMENT_3D ( 'NONE', #2998, #3626, #7936 ) ;
#7575 = CARTESIAN_POINT ( 'NONE',  ( -0.2515104540202179328, 0.2917293228625931212, 0.0000000000000000000 ) ) ;
#7576 = UNCERTAINTY_MEASURE_WITH_UNIT (LENGTH_MEASURE( 1.000000000000000082E-05 ), #7218, 'distance_accuracy_value', 'NONE');
#7577 = DIRECTION ( 'NONE',  ( -0.5773502691896275074, 0.5773502691896272854, 0.5773502691896222894 ) ) ;
#7578 = CARTESIAN_POINT ( 'NONE',  ( 0.5400472194999528242, 0.4782896853855690411, 0.01000000000000000021 ) ) ;
#7579 = DIRECTION ( 'NONE',  ( -0.0000000000000000000, 0.0000000000000000000, 1.000000000000000000 ) ) ;
#7580 = LINE ( 'NONE', #4037, #683 ) ;
#7581 = EDGE_CURVE ( 'NONE', #523, #2683, #4355, .T. ) ;
#7582 =( NAMED_UNIT ( * ) PLANE_ANGLE_UNIT ( ) SI_UNIT ( $, .RADIAN. ) );
#7583 = FILL_AREA_STYLE ('',( #1440 ) ) ;
#7584 = CARTESIAN_POINT ( 'NONE',  ( -0.4075709207439496273, 0.4510221548977642603, 0.0000000000000000000 ) ) ;
#7585 = CARTESIAN_POINT ( 'NONE',  ( -4.950000000000000178, 0.1500000000000002720, 6.000000000000000000 ) ) ;
#7586 = DIRECTION ( 'NONE',  ( 0.0000000000000000000, 0.0000000000000000000, -1.000000000000000000 ) ) ;
#7587 = COLOUR_RGB ( '',0.9686274509803921573, 0.8784313725490195957, 0.5999999999999999778 ) ;
#7588 =( LENGTH_UNIT ( ) NAMED_UNIT ( * ) SI_UNIT ( .MILLI., .METRE. ) );
#7589 = SURFACE_STYLE_FILL_AREA ( #2775 ) ;
#7590 = DIRECTION ( 'NONE',  ( 0.0000000000000000000, 0.0000000000000000000, -1.000000000000000000 ) ) ;
#7591 = CARTESIAN_POINT ( 'NONE',  ( -0.2783362722100509723, 0.3265794651113075320, 0.0000000000000000000 ) ) ;
#7592 =( GEOMETRIC_REPRESENTATION_CONTEXT ( 3 ) GLOBAL_UNCERTAINTY_ASSIGNED_CONTEXT ( ( #2829 ) ) GLOBAL_UNIT_ASSIGNED_CONTEXT ( ( #3406, #7725, #2239 ) ) REPRESENTATION_CONTEXT ( 'NONE', 'WORKASPACE' ) );
#7593 = VERTEX_POINT ( 'NONE', #4900 ) ;
#7594 = LINE ( 'NONE', #5799, #5881 ) ;
#7595 = VECTOR ( 'NONE', #1838, 1000.000000000000000 ) ;
#7596 =( NAMED_UNIT ( * ) SI_UNIT ( $, .STERADIAN. ) SOLID_ANGLE_UNIT ( ) );
#7597 = ORIENTED_EDGE ( 'NONE', *, *, #4872, .T. ) ;
#7598 = ORIENTED_EDGE ( 'NONE', *, *, #142, .T. ) ;
#7599 = CARTESIAN_POINT ( 'NONE',  ( -0.2823373122808700564, 0.5986763651025663879, 0.0000000000000000000 ) ) ;
#7600 = VECTOR ( 'NONE', #5447, 1000.000000000000000 ) ;
#7601 = MECHANICAL_DESIGN_GEOMETRIC_PRESENTATION_REPRESENTATION (  '', ( #214 ), #3050 ) ;
#7602 = DIRECTION ( 'NONE',  ( 1.000000000000000000, 0.0000000000000000000, 0.0000000000000000000 ) ) ;
#7603 = FACE_OUTER_BOUND ( 'NONE', #1387, .T. ) ;
#7604 = EDGE_CURVE ( 'NONE', #4571, #1462, #423, .T. ) ;
#7605 = DIRECTION ( 'NONE',  ( 0.3015113445777618528, 0.3015113445777618528, 0.9045340337332921088 ) ) ;
#7606 = CARTESIAN_POINT ( 'NONE',  ( 0.1338924938901968897, 0.3282896853855690189, 0.0000000000000000000 ) ) ;
#7607 = ORIENTED_EDGE ( 'NONE', *, *, #5095, .T. ) ;
#7608 = FILL_AREA_STYLE ('',( #5222 ) ) ;
#7609 = VERTEX_POINT ( 'NONE', #6059 ) ;
#7610 = LINE ( 'NONE', #2795, #6773 ) ;
#7611 = AXIS2_PLACEMENT_3D ( 'NONE', #4286, #6756, #22 ) ;
#7612 = ORIENTED_EDGE ( 'NONE', *, *, #7356, .T. ) ;
#7613 =( LENGTH_UNIT ( ) NAMED_UNIT ( * ) SI_UNIT ( .MILLI., .METRE. ) );
#7614 = CARTESIAN_POINT ( 'NONE',  ( 4.052040639368927444, -1.749999999999999778, 2.116552042568997649 ) ) ;
#7615 = ORIENTED_EDGE ( 'NONE', *, *, #2821, .T. ) ;
#7616 = STYLED_ITEM ( 'NONE', ( #6379 ), #4717 ) ;
#7617 = CARTESIAN_POINT ( 'NONE',  ( -4.650000000000002132, -0.6499999999999998002, 6.000000000000000000 ) ) ;
#7618 = CARTESIAN_POINT ( 'NONE',  ( -0.1928860683408610555, 0.5844979355090283990, 0.01000000000000000021 ) ) ;
#7619 = CARTESIAN_POINT ( 'NONE',  ( 4.052040639368927444, -1.749999999999999778, 2.116552042568997649 ) ) ;
#7620 = EDGE_CURVE ( 'NONE', #6391, #1823, #889, .T. ) ;
#7621 = VECTOR ( 'NONE', #2961, 1000.000000000000000 ) ;
#7622 = ORIENTED_EDGE ( 'NONE', *, *, #1900, .T. ) ;
#7623 = ORIENTED_EDGE ( 'NONE', *, *, #2475, .F. ) ;
#7624 = EDGE_CURVE ( 'NONE', #4567, #3086, #38, .T. ) ;
#7625 = SURFACE_STYLE_USAGE ( .BOTH. , #2739 ) ;
#7626 = FILL_AREA_STYLE_COLOUR ( '', #6870 ) ;
#7627 = FACE_OUTER_BOUND ( 'NONE', #122, .T. ) ;
#7628 = EDGE_LOOP ( 'NONE', ( #7427, #5790, #6807, #5066 ) ) ;
#7629 = SURFACE_STYLE_FILL_AREA ( #4676 ) ;
#7630 = EDGE_CURVE ( 'NONE', #5904, #7631, #5116, .T. ) ;
#7631 = VERTEX_POINT ( 'NONE', #7361 ) ;
#7632 = DIRECTION ( 'NONE',  ( 0.0000000000000000000, 1.000000000000000000, 0.0000000000000000000 ) ) ;
#7633 = CARTESIAN_POINT ( 'NONE',  ( 0.02779493291458703941, 0.2953628561172763622, 0.01000000000000000021 ) ) ;
#7634 = VERTEX_POINT ( 'NONE', #6678 ) ;
#7635 = CARTESIAN_POINT ( 'NONE',  ( -0.4075709207439496273, 0.4510221548977642603, 0.0000000000000000000 ) ) ;
#7636 = VECTOR ( 'NONE', #224, 1000.000000000000000 ) ;
#7637 = VERTEX_POINT ( 'NONE', #5498 ) ;
#7638 = EDGE_CURVE ( 'NONE', #6304, #7899, #1077, .T. ) ;
#7639 = SURFACE_SIDE_STYLE ('',( #2173 ) ) ;
#7640 = ORIENTED_EDGE ( 'NONE', *, *, #6530, .T. ) ;
#7641 = PLANE ( 'NONE',  #836 ) ;
#7642 = FACE_OUTER_BOUND ( 'NONE', #609, .T. ) ;
#7643 = VERTEX_POINT ( 'NONE', #4254 ) ;
#7644 =( GEOMETRIC_REPRESENTATION_CONTEXT ( 3 ) GLOBAL_UNCERTAINTY_ASSIGNED_CONTEXT ( ( #7456 ) ) GLOBAL_UNIT_ASSIGNED_CONTEXT ( ( #3229, #4374, #720 ) ) REPRESENTATION_CONTEXT ( 'NONE', 'WORKASPACE' ) );
#7645 = VERTEX_POINT ( 'NONE', #1223 ) ;
#7646 = AXIS2_PLACEMENT_3D ( 'NONE', #85, #7423, #7334 ) ;
#7647 = PLANE ( 'NONE',  #2424 ) ;
#7648 = VECTOR ( 'NONE', #4418, 1000.000000000000000 ) ;
#7649 = CARTESIAN_POINT ( 'NONE',  ( -0.2666929624618614159, 0.3248882218589836945, 0.01000000000000000021 ) ) ;
#7650 = CARTESIAN_POINT ( 'NONE',  ( -0.4053933620001731741, 0.4826183667282198941, 0.0000000000000000000 ) ) ;
#7651 = EDGE_LOOP ( 'NONE', ( #2000, #2993, #1788, #2986 ) ) ;
#7652 = SURFACE_STYLE_USAGE ( .BOTH. , #905 ) ;
#7653 = VECTOR ( 'NONE', #1619, 1000.000000000000000 ) ;
#7654 = CARTESIAN_POINT ( 'NONE',  ( 0.3349914559108732037, 0.4472564879010526573, 0.01000000000000000194 ) ) ;
#7655 = LINE ( 'NONE', #4326, #4994 ) ;
#7656 =( NAMED_UNIT ( * ) PLANE_ANGLE_UNIT ( ) SI_UNIT ( $, .RADIAN. ) );
#7657 = CARTESIAN_POINT ( 'NONE',  ( -3.003586417958281629, -2.250000000000000000, 2.116552042568997649 ) ) ;
#7658 = ORIENTED_EDGE ( 'NONE', *, *, #3544, .T. ) ;
#7659 =( GEOMETRIC_REPRESENTATION_CONTEXT ( 3 ) GLOBAL_UNCERTAINTY_ASSIGNED_CONTEXT ( ( #5867 ) ) GLOBAL_UNIT_ASSIGNED_CONTEXT ( ( #4983, #6894, #3169 ) ) REPRESENTATION_CONTEXT ( 'NONE', 'WORKASPACE' ) );
#7660 = DIRECTION ( 'NONE',  ( 0.0000000000000000000, 1.000000000000000000, 0.0000000000000000000 ) ) ;
#7661 = CARTESIAN_POINT ( 'NONE',  ( 4.700000000000000178, -2.250000000000000000, 6.000000000000000000 ) ) ;
#7662 = VECTOR ( 'NONE', #6614, 1000.000000000000000 ) ;
#7663 = VERTEX_POINT ( 'NONE', #4841 ) ;
#7664 =( NAMED_UNIT ( * ) SI_UNIT ( $, .STERADIAN. ) SOLID_ANGLE_UNIT ( ) );
#7665 = VECTOR ( 'NONE', #847, 1000.000000000000000 ) ;
#7666 =( NAMED_UNIT ( * ) SI_UNIT ( $, .STERADIAN. ) SOLID_ANGLE_UNIT ( ) );
#7667 = CARTESIAN_POINT ( 'NONE',  ( 0.5838924938901967066, 0.5953628561172763511, 0.0000000000000000000 ) ) ;
#7668 = DIRECTION ( 'NONE',  ( 0.0000000000000000000, -1.000000000000000000, 0.0000000000000000000 ) ) ;
#7669 = FACE_OUTER_BOUND ( 'NONE', #5844, .T. ) ;
#7670 = ADVANCED_FACE ( 'NONE', ( #1906 ), #2477, .F. ) ;
#7671 = EDGE_CURVE ( 'NONE', #365, #755, #5226, .T. ) ;
#7672 = UNCERTAINTY_MEASURE_WITH_UNIT (LENGTH_MEASURE( 1.000000000000000082E-05 ), #7472, 'distance_accuracy_value', 'NONE');
#7673 = CARTESIAN_POINT ( 'NONE',  ( -0.4075709207439496273, 0.4510221548977642603, 0.0000000000000000000 ) ) ;
#7674 = CARTESIAN_POINT ( 'NONE',  ( 4.950000000000000178, 0.1500000000000004663, 4.390000000000003233 ) ) ;
#7675 = FILL_AREA_STYLE_COLOUR ( '', #2757 ) ;
#7676 = LINE ( 'NONE', #6777, #2760 ) ;
#7677 = CARTESIAN_POINT ( 'NONE',  ( -0.2092135083161893450, 0.3320132114810299684, 0.01000000000000000021 ) ) ;
#7678 = VECTOR ( 'NONE', #3915, 1000.000000000000114 ) ;
#7679 = CARTESIAN_POINT ( 'NONE',  ( 2.850000000000000533, 0.0000000000000000000, -3.399999999999999911 ) ) ;
#7680 = EDGE_CURVE ( 'NONE', #4586, #5376, #6666, .T. ) ;
#7681 = PRESENTATION_STYLE_ASSIGNMENT (( #1982 ) ) ;
#7682 = CARTESIAN_POINT ( 'NONE',  ( -0.2298988183269511376, 0.5635423628135854957, 0.0000000000000000000 ) ) ;
#7683 = VERTEX_POINT ( 'NONE', #3697 ) ;
#7684 = UNCERTAINTY_MEASURE_WITH_UNIT (LENGTH_MEASURE( 1.000000000000000082E-05 ), #6126, 'distance_accuracy_value', 'NONE');
#7685 = CARTESIAN_POINT ( 'NONE',  ( 0.0000000000000000000, 0.0000000000000000000, 0.0000000000000000000 ) ) ;
#7686 =( LENGTH_UNIT ( ) NAMED_UNIT ( * ) SI_UNIT ( .MILLI., .METRE. ) );
#7687 = DIRECTION ( 'NONE',  ( -0.0000000000000000000, -0.0000000000000000000, 1.000000000000000000 ) ) ;
#7688 = FILL_AREA_STYLE ('',( #2761 ) ) ;
#7689 = CARTESIAN_POINT ( 'NONE',  ( -0.3553438192569737253, 0.3865307560194733427, 0.0000000000000000000 ) ) ;
#7690 = VECTOR ( 'NONE', #3906, 1000.000000000000000 ) ;
#7691 = ORIENTED_EDGE ( 'NONE', *, *, #4314, .T. ) ;
#7692 = CARTESIAN_POINT ( 'NONE',  ( -4.949999999999998401, -2.250000000000000000, 6.000000000000000000 ) ) ;
#7693 = SURFACE_STYLE_FILL_AREA ( #7434 ) ;
#7694 = CARTESIAN_POINT ( 'NONE',  ( 0.2770321707299180369, 0.3729135077215696148, 0.0000000000000000000 ) ) ;
#7695 = DIRECTION ( 'NONE',  ( 0.5773502691896272854, 0.5773502691896275074, -0.5773502691896225114 ) ) ;
#7696 = CARTESIAN_POINT ( 'NONE',  ( -0.7499999999999997780, -0.7999999999999997113, 5.000000000000000888 ) ) ;
#7697 =( GEOMETRIC_REPRESENTATION_CONTEXT ( 3 ) GLOBAL_UNCERTAINTY_ASSIGNED_CONTEXT ( ( #5539 ) ) GLOBAL_UNIT_ASSIGNED_CONTEXT ( ( #3745, #5573, #2470 ) ) REPRESENTATION_CONTEXT ( 'NONE', 'WORKASPACE' ) );
#7698 = DIRECTION ( 'NONE',  ( 1.000000000000000000, 0.0000000000000000000, -0.0000000000000000000 ) ) ;
#7699 = EDGE_LOOP ( 'NONE', ( #1802, #3784, #4751, #6097, #2774, #2834 ) ) ;
#7700 = PRESENTATION_LAYER_ASSIGNMENT (  '', '', ( #841 ) ) ;
#7701 = FILL_AREA_STYLE_COLOUR ( '', #317 ) ;
#7702 = CARTESIAN_POINT ( 'NONE',  ( -0.1923683058867636242, 0.3392083897610858600, 0.01000000000000000021 ) ) ;
#7703 = VERTEX_POINT ( 'NONE', #4362 ) ;
#7704 = CARTESIAN_POINT ( 'NONE',  ( 0.1338924938901968897, 0.3282896853855690189, 0.0000000000000000000 ) ) ;
#7705 =( LENGTH_UNIT ( ) NAMED_UNIT ( * ) SI_UNIT ( .MILLI., .METRE. ) );
#7706 = ADVANCED_FACE ( 'NONE', ( #331 ), #5632, .T. ) ;
#7707 = ORIENTED_EDGE ( 'NONE', *, *, #1790, .F. ) ;
#7708 = CARTESIAN_POINT ( 'NONE',  ( 0.3010079103533195855, 0.3451281757144222806, 0.01000000000000000021 ) ) ;
#7709 = PLANE ( 'NONE',  #3972 ) ;
#7710 = MECHANICAL_DESIGN_GEOMETRIC_PRESENTATION_REPRESENTATION (  '', ( #2176 ), #3756 ) ;
#7711 = B_SPLINE_CURVE_WITH_KNOTS ( 'NONE', 3,
 ( #4368, #6171, #7775, #1742, #2339, #4871, #2957, #1195, #4283, #7861, #6728, #3026, #625, #2931, #3056, #128, #3693, #2031, #175 ),
 .UNSPECIFIED., .F., .F.,
 ( 4, 1, 1, 1, 1, 1, 1, 1, 1, 1, 1, 1, 1, 1, 1, 1, 4 ),
 ( 0.0000000000000000000, 0.06807022544602457648, 0.1334304311243612595, 0.1961504414953039732, 0.2571279473187741416, 0.3168673125347745700, 0.3761731906999612463, 0.4359476605849034181, 0.4965239232888284393, 0.5574553990935476877, 0.6176782722867167896, 0.6779364036295143503, 0.7387994153869102965, 0.8009448638132561360, 0.8648116296622976318, 0.9310232311067553335, 1.000000000000000000 ),
 .UNSPECIFIED. ) ;
#7712 = VECTOR ( 'NONE', #3941, 1000.000000000000000 ) ;
#7713 = CARTESIAN_POINT ( 'NONE',  ( -3.250000000000000000, -0.7999999999999997113, 5.000000000000000888 ) ) ;
#7714 = LINE ( 'NONE', #2659, #7149 ) ;
#7715 = ORIENTED_EDGE ( 'NONE', *, *, #5848, .T. ) ;
#7716 = CARTESIAN_POINT ( 'NONE',  ( 0.03511200608531873241, 0.5953628561172763511, 0.0000000000000000000 ) ) ;
#7717 = AXIS2_PLACEMENT_3D ( 'NONE', #4461, #2003, #5031 ) ;
#7718 = LINE ( 'NONE', #7298, #4381 ) ;
#7719 = DIRECTION ( 'NONE',  ( 1.000000000000000000, -0.0000000000000000000, -0.0000000000000000000 ) ) ;
#7720 = CARTESIAN_POINT ( 'NONE',  ( -0.7499999999999997780, -0.7999999999999997113, 5.000000000000000888 ) ) ;
#7721 = VERTEX_POINT ( 'NONE', #709 ) ;
#7722 =( NAMED_UNIT ( * ) PLANE_ANGLE_UNIT ( ) SI_UNIT ( $, .RADIAN. ) );
#7723 = EDGE_CURVE ( 'NONE', #2727, #37, #6559, .T. ) ;
#7724 = UNCERTAINTY_MEASURE_WITH_UNIT (LENGTH_MEASURE( 1.000000000000000082E-05 ), #1062, 'distance_accuracy_value', 'NONE');
#7725 =( NAMED_UNIT ( * ) PLANE_ANGLE_UNIT ( ) SI_UNIT ( $, .RADIAN. ) );
#7726 = VECTOR ( 'NONE', #3310, 1000.000000000000000 ) ;
#7727 = VECTOR ( 'NONE', #7748, 1000.000000000000000 ) ;
#7728 = ORIENTED_EDGE ( 'NONE', *, *, #7057, .T. ) ;
#7729 = EDGE_CURVE ( 'NONE', #7634, #735, #2363, .T. ) ;
#7730 = PLANE ( 'NONE',  #4753 ) ;
#7731 = ORIENTED_EDGE ( 'NONE', *, *, #4186, .T. ) ;
#7732 = CARTESIAN_POINT ( 'NONE',  ( -4.950000000000000178, -0.2400000000000021838, 4.000000000000000000 ) ) ;
#7733 = CARTESIAN_POINT ( 'NONE',  ( -0.3099200500701488892, 0.3375143844141929583, 0.01000000000000000021 ) ) ;
#7734 = CARTESIAN_POINT ( 'NONE',  ( 0.03511200608531873241, 0.5624360268489836390, 0.01000000000000000021 ) ) ;
#7735 = CARTESIAN_POINT ( 'NONE',  ( -0.2298988183269511376, 0.5635423628135854957, 0.01000000000000000021 ) ) ;
#7736 = PRESENTATION_STYLE_ASSIGNMENT (( #3423 ) ) ;
#7737 = EDGE_CURVE ( 'NONE', #7862, #523, #7414, .T. ) ;
#7738 = ORIENTED_EDGE ( 'NONE', *, *, #7503, .F. ) ;
#7739 = VECTOR ( 'NONE', #862, 1000.000000000000000 ) ;
#7740 = DIRECTION ( 'NONE',  ( 0.0000000000000000000, 0.0000000000000000000, -1.000000000000000000 ) ) ;
#7741 = ORIENTED_EDGE ( 'NONE', *, *, #3605, .F. ) ;
#7742 = LINE ( 'NONE', #3577, #5272 ) ;
#7743 = DIRECTION ( 'NONE',  ( 0.3015113445777618528, 0.3015113445777618528, -0.9045340337332921088 ) ) ;
#7744 = ORIENTED_EDGE ( 'NONE', *, *, #3239, .T. ) ;
#7745 = CARTESIAN_POINT ( 'NONE',  ( -0.2577783250620275246, 0.5660470012701234177, 0.0000000000000000000 ) ) ;
#7746 = CARTESIAN_POINT ( 'NONE',  ( -0.4075709207439496273, 0.4510221548977642603, 0.01000000000000000021 ) ) ;
#7747 = CARTESIAN_POINT ( 'NONE',  ( -4.950000000000000178, -1.849999999999999867, 0.5000000000000000000 ) ) ;
#7748 = DIRECTION ( 'NONE',  ( 1.000000000000000000, -0.0000000000000000000, -0.0000000000000000000 ) ) ;
#7749 = FILL_AREA_STYLE ('',( #7172 ) ) ;
#7750 = VERTEX_POINT ( 'NONE', #6836 ) ;
#7751 = AXIS2_PLACEMENT_3D ( 'NONE', #4774, #7838, #2934 ) ;
#7752 = ADVANCED_FACE ( 'NONE', ( #4530 ), #766, .F. ) ;
#7753 =( GEOMETRIC_REPRESENTATION_CONTEXT ( 3 ) GLOBAL_UNCERTAINTY_ASSIGNED_CONTEXT ( ( #3224 ) ) GLOBAL_UNIT_ASSIGNED_CONTEXT ( ( #4211, #7923, #5476 ) ) REPRESENTATION_CONTEXT ( 'NONE', 'WORKASPACE' ) );
#7754 = VECTOR ( 'NONE', #5415, 1000.000000000000000 ) ;
#7755 =( NAMED_UNIT ( * ) SI_UNIT ( $, .STERADIAN. ) SOLID_ANGLE_UNIT ( ) );
#7756 = CARTESIAN_POINT ( 'NONE',  ( 0.2254486417830609823, 0.3352441983450311080, 0.0000000000000000000 ) ) ;
#7757 = SURFACE_STYLE_USAGE ( .BOTH. , #5934 ) ;
#7758 = SURFACE_STYLE_FILL_AREA ( #5912 ) ;
#7759 = EDGE_CURVE ( 'NONE', #3778, #4665, #5887, .T. ) ;
#7760 = UNCERTAINTY_MEASURE_WITH_UNIT (LENGTH_MEASURE( 1.000000000000000082E-05 ), #4142, 'distance_accuracy_value', 'NONE');
#7761 = STYLED_ITEM ( 'NONE', ( #1776 ), #2402 ) ;
#7762 =( LENGTH_UNIT ( ) NAMED_UNIT ( * ) SI_UNIT ( .MILLI., .METRE. ) );
#7763 = CYLINDRICAL_SURFACE ( 'NONE', #4383, 0.2500000000000002220 ) ;
#7764 =( GEOMETRIC_REPRESENTATION_CONTEXT ( 3 ) GLOBAL_UNCERTAINTY_ASSIGNED_CONTEXT ( ( #7289 ) ) GLOBAL_UNIT_ASSIGNED_CONTEXT ( ( #4721, #7836, #7755 ) ) REPRESENTATION_CONTEXT ( 'NONE', 'WORKASPACE' ) );
#7765 = SURFACE_STYLE_FILL_AREA ( #2137 ) ;
#7766 = B_SPLINE_CURVE_WITH_KNOTS ( 'NONE', 3,
 ( #6287, #2557, #3160, #146, #7483, #7098, #6607, #7694, #5956, #2853, #1566, #2765, #406, #7756, #7204, #5870, #5932, #1614, #3499 ),
 .UNSPECIFIED., .F., .F.,
 ( 4, 1, 1, 1, 1, 1, 1, 1, 1, 1, 1, 1, 1, 1, 1, 1, 4 ),
 ( 0.0000000000000000000, 0.07429704972734811619, 0.1443804995591675966, 0.2104803829452133734, 0.2732242492296222958, 0.3337828847332377502, 0.3923262486478577560, 0.4498788046459598067, 0.5076067194853163267, 0.5652457866575469891, 0.6231829400784167916, 0.6813261307088079866, 0.7409370229694866028, 0.8018737435088935106, 0.8652534736909668345, 0.9309479274799237203, 1.000000000000000000 ),
 .UNSPECIFIED. ) ;
#7767 = CARTESIAN_POINT ( 'NONE',  ( 1.250000000000000222, -0.2999999999999997669, 5.000000000000000888 ) ) ;
#7768 = CARTESIAN_POINT ( 'NONE',  ( 3.250000000000000444, -0.7999999999999997113, 5.000000000000000888 ) ) ;
#7769 = UNCERTAINTY_MEASURE_WITH_UNIT (LENGTH_MEASURE( 1.000000000000000082E-05 ), #1434, 'distance_accuracy_value', 'NONE');
#7770 = FACE_OUTER_BOUND ( 'NONE', #6054, .T. ) ;
#7771 = VECTOR ( 'NONE', #4745, 1000.000000000000000 ) ;
#7772 = CARTESIAN_POINT ( 'NONE',  ( 0.7500000000000002220, -0.7999999999999997113, 4.699999999999997513 ) ) ;
#7773 = CARTESIAN_POINT ( 'NONE',  ( -4.950000000000000178, 2.250000000000000000, 6.000000000000000000 ) ) ;
#7774 = EDGE_CURVE ( 'NONE', #1650, #615, #3848, .T. ) ;
#7775 = CARTESIAN_POINT ( 'NONE',  ( 0.3347551549196101095, 0.4583638879099980468, 0.01000000000000000021 ) ) ;
#7776 = SURFACE_STYLE_FILL_AREA ( #1573 ) ;
#7777 = EDGE_CURVE ( 'NONE', #1252, #5696, #985, .T. ) ;
#7778 = DIRECTION ( 'NONE',  ( 1.000000000000000000, -0.0000000000000000000, 0.0000000000000000000 ) ) ;
#7779 = LINE ( 'NONE', #5776, #6750 ) ;
#7780 = CARTESIAN_POINT ( 'NONE',  ( 0.0000000000000000000, 0.4270701731904470999, 0.01000000000000000021 ) ) ;
#7781 = ORIENTED_EDGE ( 'NONE', *, *, #4369, .T. ) ;
#7782 = CARTESIAN_POINT ( 'NONE',  ( 0.0000000000000000000, 0.2953628561172763622, 0.01000000000000000021 ) ) ;
#7783 = ORIENTED_EDGE ( 'NONE', *, *, #4725, .F. ) ;
#7784 = LINE ( 'NONE', #3409, #2095 ) ;
#7785 = EDGE_CURVE ( 'NONE', #3140, #3054, #1526, .T. ) ;
#7786 = DIRECTION ( 'NONE',  ( 1.000000000000000000, 0.0000000000000000000, 0.0000000000000000000 ) ) ;
#7787 = ADVANCED_FACE ( 'NONE', ( #2462 ), #289, .F. ) ;
#7788 = SURFACE_SIDE_STYLE ('',( #2809 ) ) ;
#7789 = VECTOR ( 'NONE', #5297, 1000.000000000000000 ) ;
#7790 = FACE_BOUND ( 'NONE', #4072, .T. ) ;
#7791 = CARTESIAN_POINT ( 'NONE',  ( -4.950000000000000178, -0.2400000000000021838, 4.000000000000000000 ) ) ;
#7792 = SURFACE_STYLE_USAGE ( .BOTH. , #1604 ) ;
#7793 = ORIENTED_EDGE ( 'NONE', *, *, #6002, .F. ) ;
#7794 = FILL_AREA_STYLE_COLOUR ( '', #717 ) ;
#7795 = PRESENTATION_LAYER_ASSIGNMENT (  '', '', ( #5616 ) ) ;
#7796 = CARTESIAN_POINT ( 'NONE',  ( -1.249999999999999778, -0.7999999999999997113, 4.699999999999997513 ) ) ;
#7797 = CARTESIAN_POINT ( 'NONE',  ( -1.249999999999999778, -0.7999999999999997113, 5.000000000000000888 ) ) ;
#7798 = CARTESIAN_POINT ( 'NONE',  ( -0.3673270183049252569, 0.4485640756294715925, 0.0000000000000000000 ) ) ;
#7799 = STYLED_ITEM ( 'NONE', ( #1126 ), #5841 ) ;
#7800 = UNCERTAINTY_MEASURE_WITH_UNIT (LENGTH_MEASURE( 1.000000000000000082E-05 ), #5836, 'distance_accuracy_value', 'NONE');
#7801 = VECTOR ( 'NONE', #7695, 1000.000000000000000 ) ;
#7802 = VERTEX_POINT ( 'NONE', #6924 ) ;
#7803 = VERTEX_POINT ( 'NONE', #1988 ) ;
#7804 = CARTESIAN_POINT ( 'NONE',  ( 1.250000000000000222, -0.7999999999999997113, 4.699999999999997513 ) ) ;
#7805 = LINE ( 'NONE', #5591, #1450 ) ;
#7806 = VECTOR ( 'NONE', #4137, 1000.000000000000114 ) ;
#7807 = PRESENTATION_LAYER_ASSIGNMENT (  '', '', ( #7011 ) ) ;
#7808 = ORIENTED_EDGE ( 'NONE', *, *, #2448, .F. ) ;
#7809 = PRESENTATION_LAYER_ASSIGNMENT (  '', '', ( #3696 ) ) ;
#7810 = VERTEX_POINT ( 'NONE', #1473 ) ;
#7811 = DIRECTION ( 'NONE',  ( -0.0000000000000000000, -0.0000000000000000000, -1.000000000000000000 ) ) ;
#7812 = FILL_AREA_STYLE_COLOUR ( '', #7036 ) ;
#7813 = FACE_OUTER_BOUND ( 'NONE', #1084, .T. ) ;
#7814 = LINE ( 'NONE', #2207, #917 ) ;
#7815 = ORIENTED_EDGE ( 'NONE', *, *, #6066, .T. ) ;
#7816 = DIRECTION ( 'NONE',  ( 0.0000000000000000000, -3.614007241618349264E-16, 1.000000000000000000 ) ) ;
#7817 = CARTESIAN_POINT ( 'NONE',  ( 0.2537701977118715924, 0.3106093143829819492, 0.0000000000000000000 ) ) ;
#7818 = VECTOR ( 'NONE', #7013, 1000.000000000000000 ) ;
#7819 = CARTESIAN_POINT ( 'NONE',  ( -4.950000000000000178, 2.250000000000000000, 6.000000000000000000 ) ) ;
#7820 = VERTEX_POINT ( 'NONE', #6945 ) ;
#7821 = MECHANICAL_DESIGN_GEOMETRIC_PRESENTATION_REPRESENTATION (  '', ( #5785 ), #292 ) ;
#7822 = PLANE ( 'NONE',  #4741 ) ;
#7823 = DIRECTION ( 'NONE',  ( 0.0000000000000000000, -1.000000000000000000, -0.0000000000000000000 ) ) ;
#7824 = LINE ( 'NONE', #7536, #1284 ) ;
#7825 = VERTEX_POINT ( 'NONE', #2566 ) ;
#7826 = CARTESIAN_POINT ( 'NONE',  ( 3.150000000000000799, -0.3999999999999991340, 5.000000000000000888 ) ) ;
#7827 = CARTESIAN_POINT ( 'NONE',  ( -0.3673270183049252569, 0.4485640756294715925, 0.0000000000000000000 ) ) ;
#7828 = CARTESIAN_POINT ( 'NONE',  ( -0.3306305075098958102, 0.5418333713789006412, 0.01000000000000000021 ) ) ;
#7829 = SURFACE_STYLE_FILL_AREA ( #5172 ) ;
#7830 = EDGE_CURVE ( 'NONE', #1459, #2439, #6364, .T. ) ;
#7831 = ORIENTED_EDGE ( 'NONE', *, *, #7099, .F. ) ;
#7832 = ADVANCED_FACE ( 'NONE', ( #7502 ), #2669, .T. ) ;
#7833 = LINE ( 'NONE', #5177, #6317 ) ;
#7834 =( GEOMETRIC_REPRESENTATION_CONTEXT ( 3 ) GLOBAL_UNCERTAINTY_ASSIGNED_CONTEXT ( ( #5456 ) ) GLOBAL_UNIT_ASSIGNED_CONTEXT ( ( #5593, #144, #729 ) ) REPRESENTATION_CONTEXT ( 'NONE', 'WORKASPACE' ) );
#7835 = ORIENTED_EDGE ( 'NONE', *, *, #4935, .T. ) ;
#7836 =( NAMED_UNIT ( * ) PLANE_ANGLE_UNIT ( ) SI_UNIT ( $, .RADIAN. ) );
#7837 = FACE_OUTER_BOUND ( 'NONE', #4468, .T. ) ;
#7838 = DIRECTION ( 'NONE',  ( -1.000000000000000000, 0.0000000000000000000, 0.0000000000000000000 ) ) ;
#7839 = CARTESIAN_POINT ( 'NONE',  ( -0.3498306130947761439, 0.3763110765024019755, 0.01000000000000000021 ) ) ;
#7840 = CARTESIAN_POINT ( 'NONE',  ( 0.1898187077310512227, 0.5621479394344983671, 0.0000000000000000000 ) ) ;
#7841 = ORIENTED_EDGE ( 'NONE', *, *, #7638, .T. ) ;
#7842 = CARTESIAN_POINT ( 'NONE',  ( -0.2604168425964847877, 0.2918304227961285302, 0.0000000000000000000 ) ) ;
#7843 = EDGE_CURVE ( 'NONE', #3559, #2172, #7118, .T. ) ;
#7844 = ORIENTED_EDGE ( 'NONE', *, *, #958, .F. ) ;
#7845 = PRESENTATION_STYLE_ASSIGNMENT (( #5037 ) ) ;
#7846 = CARTESIAN_POINT ( 'NONE',  ( 4.950000000000000178, -2.000000000000000444, 0.0000000000000000000 ) ) ;
#7847 = VERTEX_POINT ( 'NONE', #6995 ) ;
#7848 = CARTESIAN_POINT ( 'NONE',  ( 4.950000000000000178, 2.250000000000000000, 0.0000000000000000000 ) ) ;
#7849 = CARTESIAN_POINT ( 'NONE',  ( 0.03511200608531873241, 0.5953628561172763511, 0.0000000000000000000 ) ) ;
#7850 =( GEOMETRIC_REPRESENTATION_CONTEXT ( 3 ) GLOBAL_UNCERTAINTY_ASSIGNED_CONTEXT ( ( #1050 ) ) GLOBAL_UNIT_ASSIGNED_CONTEXT ( ( #2991, #1703, #3564 ) ) REPRESENTATION_CONTEXT ( 'NONE', 'WORKASPACE' ) );
#7851 = CARTESIAN_POINT ( 'NONE',  ( 4.950000000000000178, -0.6499999999999993561, 4.390000000000003233 ) ) ;
#7852 = DIRECTION ( 'NONE',  ( 0.0000000000000000000, 0.0000000000000000000, -1.000000000000000000 ) ) ;
#7853 = FILL_AREA_STYLE_COLOUR ( '', #3504 ) ;
#7854 = PRESENTATION_STYLE_ASSIGNMENT (( #3530 ) ) ;
#7855 = SURFACE_STYLE_FILL_AREA ( #6284 ) ;
#7856 = CLOSED_SHELL ( 'NONE', ( #535, #7257, #4267, #4589, #7004, #6934, #2978, #4627, #3561, #7405, #1154, #2158, #6174, #517, #7199, #2129, #3462, #4673, #2391, #3030, #2819, #1780, #6006, #2687, #7752, #7358, #4965, #18, #1485, #5930, #7372, #1578, #4192, #4359, #6276, #5597, #612, #5575, #338, #4796, #7787, #5834, #3920, #455, #6099, #3036, #5485, #2041, #2447, #1044, #7102, #3656, #2880, #4829, #7047, #1657, #3689, #2164, #5335, #204, #4148, #5501, #654, #5280, #7084, #3767, #2402, #7706, #5841, #2762, #7332, #4240, #7270, #4912, #3845, #3109, #3603, #1297, #1769, #682, #1112, #4717, #4538, #6203, #5406, #8, #915, #837, #569, #3591, #5351, #491, #4424, #4231, #7413, #7162, #4334, #6650, #692, #1365, #375, #665, #2272, #6778, #3648, #3339, #926, #414, #4292, #7832, #1264, #5878, #3057, #7935, #5966, #4351, #6401, #3099, #3632, #6454, #1693, #3420, #3810, #4754, #7670, #6442, #1533, #6028, #6615, #2351, #528, #1330, #5247, #6662, #3548, #91, #7235, #5609, #362, #7322, #594, #4956, #2564, #3511, #7310, #5375, #7291, #7914, #803, #7422, #5291, #2200, #970, #2005, #6079, #6746, #1499, #6572, #4278, #2776, #3014, #4285, #6148, #4838, #3383, #7286, #5519, #5755, #6809, #2946, #2241, #2369, #2312, #3216, #5496, #1609, #1182, #5872, #6535, #955, #605, #5445 ) ) ;
#7857 = CARTESIAN_POINT ( 'NONE',  ( -0.3560974243474088197, 0.5073898897163993116, 0.0000000000000000000 ) ) ;
#7858 = DIRECTION ( 'NONE',  ( -1.000000000000000000, 0.0000000000000000000, 0.0000000000000000000 ) ) ;
#7859 = VECTOR ( 'NONE', #6657, 1000.000000000000000 ) ;
#7860 = STYLED_ITEM ( 'NONE', ( #1148 ), #1044 ) ;
#7861 = CARTESIAN_POINT ( 'NONE',  ( 0.2905683126020848217, 0.5535627416406200263, 0.01000000000000000021 ) ) ;
#7862 = VERTEX_POINT ( 'NONE', #4563 ) ;
#7863 =( GEOMETRIC_REPRESENTATION_CONTEXT ( 3 ) GLOBAL_UNCERTAINTY_ASSIGNED_CONTEXT ( ( #6715 ) ) GLOBAL_UNIT_ASSIGNED_CONTEXT ( ( #4619, #2203, #4678 ) ) REPRESENTATION_CONTEXT ( 'NONE', 'WORKASPACE' ) );
#7864 = CARTESIAN_POINT ( 'NONE',  ( 0.3291413831829349546, 0.3953371787117997971, 0.0000000000000000000 ) ) ;
#7865 = FILL_AREA_STYLE ('',( #7 ) ) ;
#7866 = CARTESIAN_POINT ( 'NONE',  ( 0.8136363636363644902, -0.3636363636363640350, -3.290909090909091450 ) ) ;
#7867 = DIRECTION ( 'NONE',  ( 0.0000000000000000000, -0.0000000000000000000, -1.000000000000000000 ) ) ;
#7868 = FILL_AREA_STYLE_COLOUR ( '', #976 ) ;
#7869 = EDGE_CURVE ( 'NONE', #3108, #5356, #3049, .T. ) ;
#7870 = SURFACE_SIDE_STYLE ('',( #6694 ) ) ;
#7871 = DIRECTION ( 'NONE',  ( 0.3015113445777592993, -0.3015113445777592993, 0.9045340337332937741 ) ) ;
#7872 = ORIENTED_EDGE ( 'NONE', *, *, #6259, .F. ) ;
#7873 = FACE_OUTER_BOUND ( 'NONE', #1076, .T. ) ;
#7874 = ORIENTED_EDGE ( 'NONE', *, *, #1341, .F. ) ;
#7875 = PRESENTATION_LAYER_ASSIGNMENT (  '', '', ( #1524 ) ) ;
#7876 = CARTESIAN_POINT ( 'NONE',  ( 4.650000000000000355, 0.1500000000000002720, 6.000000000000000000 ) ) ;
#7877 = DIRECTION ( 'NONE',  ( 0.0000000000000000000, 1.000000000000000000, 0.0000000000000000000 ) ) ;
#7878 = PRESENTATION_LAYER_ASSIGNMENT (  '', '', ( #7065 ) ) ;
#7879 =( NAMED_UNIT ( * ) SI_UNIT ( $, .STERADIAN. ) SOLID_ANGLE_UNIT ( ) );
#7880 = PLANE ( 'NONE',  #4906 ) ;
#7881 = CARTESIAN_POINT ( 'NONE',  ( 4.649999999999996803, -0.6499999999999998002, 6.000000000000000000 ) ) ;
#7882 = DIRECTION ( 'NONE',  ( -1.000000000000000000, 0.0000000000000000000, -0.0000000000000000000 ) ) ;
#7883 = VERTEX_POINT ( 'NONE', #5759 ) ;
#7884 = EDGE_CURVE ( 'NONE', #43, #6683, #4042, .T. ) ;
#7885 = ORIENTED_EDGE ( 'NONE', *, *, #7539, .T. ) ;
#7886 = EDGE_CURVE ( 'NONE', #4567, #1406, #5318, .T. ) ;
#7887 = DIRECTION ( 'NONE',  ( 0.0000000000000000000, -1.000000000000000000, 0.0000000000000000000 ) ) ;
#7888 = LINE ( 'NONE', #267, #6473 ) ;
#7889 = LINE ( 'NONE', #1435, #3762 ) ;
#7890 = SURFACE_STYLE_USAGE ( .BOTH. , #7277 ) ;
#7891 = CARTESIAN_POINT ( 'NONE',  ( -2.750000000000000000, -0.2999999999999997669, 4.699999999999997513 ) ) ;
#7892 = VERTEX_POINT ( 'NONE', #3937 ) ;
#7893 = FACE_OUTER_BOUND ( 'NONE', #5506, .T. ) ;
#7894 = FACE_OUTER_BOUND ( 'NONE', #1354, .T. ) ;
#7895 = VECTOR ( 'NONE', #4977, 1000.000000000000000 ) ;
#7896 = CARTESIAN_POINT ( 'NONE',  ( 0.7500000000000002220, 0.0000000000000000000, 1.000000000000000000 ) ) ;
#7897 = EDGE_CURVE ( 'NONE', #1552, #6043, #3237, .T. ) ;
#7898 = CARTESIAN_POINT ( 'NONE',  ( -0.2669459207439496828, 0.5990213927026423191, 0.01000000000000000021 ) ) ;
#7899 = VERTEX_POINT ( 'NONE', #7511 ) ;
#7900 = VECTOR ( 'NONE', #2192, 1000.000000000000000 ) ;
#7901 = ORIENTED_EDGE ( 'NONE', *, *, #7843, .T. ) ;
#7902 = CARTESIAN_POINT ( 'NONE',  ( -0.5465953109878519678, 0.2953628561172763622, 0.0000000000000000000 ) ) ;
#7903 = PRESENTATION_LAYER_ASSIGNMENT (  '', '', ( #5001 ) ) ;
#7904 = CARTESIAN_POINT ( 'NONE',  ( -0.2866283624289827636, 0.2941916782744092296, 0.0000000000000000000 ) ) ;
#7905 = CARTESIAN_POINT ( 'NONE',  ( -0.2652549711508307428, 0.5659952618503106825, 0.0000000000000000000 ) ) ;
#7906 = ORIENTED_EDGE ( 'NONE', *, *, #1938, .T. ) ;
#7907 = CARTESIAN_POINT ( 'NONE',  ( -0.3673270183049252569, 0.4485640756294715925, 0.01000000000000000021 ) ) ;
#7908 = MECHANICAL_DESIGN_GEOMETRIC_PRESENTATION_REPRESENTATION (  '', ( #6439 ), #5820 ) ;
#7909 = FACE_OUTER_BOUND ( 'NONE', #2576, .T. ) ;
#7910 = VECTOR ( 'NONE', #1492, 1000.000000000000000 ) ;
#7911 = PRESENTATION_STYLE_ASSIGNMENT (( #259 ) ) ;
#7912 = ORIENTED_EDGE ( 'NONE', *, *, #7604, .F. ) ;
#7913 = EDGE_CURVE ( 'NONE', #4446, #4121, #695, .T. ) ;
#7914 = ADVANCED_FACE ( 'NONE', ( #6744 ), #5920, .F. ) ;
#7915 = COLOUR_RGB ( '',1.000000000000000000, 1.000000000000000000, 1.000000000000000000 ) ;
#7916 = CARTESIAN_POINT ( 'NONE',  ( 0.3347598229505520662, 0.4255177457217264592, 0.0000000000000000000 ) ) ;
#7917 = ORIENTED_EDGE ( 'NONE', *, *, #1232, .F. ) ;
#7918 = PLANE ( 'NONE',  #5977 ) ;
#7919 =( LENGTH_UNIT ( ) NAMED_UNIT ( * ) SI_UNIT ( .MILLI., .METRE. ) );
#7920 = CARTESIAN_POINT ( 'NONE',  ( -4.949999999999998401, -2.250000000000000000, 6.000000000000000000 ) ) ;
#7921 = DIRECTION ( 'NONE',  ( 0.0000000000000000000, -1.000000000000000000, 0.0000000000000000000 ) ) ;
#7922 = MECHANICAL_DESIGN_GEOMETRIC_PRESENTATION_REPRESENTATION (  '', ( #522 ), #4750 ) ;
#7923 =( NAMED_UNIT ( * ) PLANE_ANGLE_UNIT ( ) SI_UNIT ( $, .RADIAN. ) );
#7924 = ORIENTED_EDGE ( 'NONE', *, *, #6828, .F. ) ;
#7925 = PRESENTATION_LAYER_ASSIGNMENT (  '', '', ( #634 ) ) ;
#7926 = VERTEX_POINT ( 'NONE', #1506 ) ;
#7927 = CARTESIAN_POINT ( 'NONE',  ( -0.1844001890366325780, 0.5468872463611789136, 0.0000000000000000000 ) ) ;
#7928 = CARTESIAN_POINT ( 'NONE',  ( -0.1844001890366325780, 0.3438384658733740773, 0.0000000000000000000 ) ) ;
#7929 = VECTOR ( 'NONE', #5803, 1000.000000000000000 ) ;
#7930 = ORIENTED_EDGE ( 'NONE', *, *, #6677, .F. ) ;
#7931 = CIRCLE ( 'NONE', #5831, 0.2500000000000002220 ) ;
#7932 = PRESENTATION_LAYER_ASSIGNMENT (  '', '', ( #1328 ) ) ;
#7933 = CARTESIAN_POINT ( 'NONE',  ( 0.4914404393415053307, 0.3385097900588647790, 0.0000000000000000000 ) ) ;
#7934 = ORIENTED_EDGE ( 'NONE', *, *, #5553, .T. ) ;
#7935 = ADVANCED_FACE ( 'NONE', ( #2263 ), #4648, .F. ) ;
#7936 = DIRECTION ( 'NONE',  ( 0.0000000000000000000, 1.000000000000000000, 0.0000000000000000000 ) ) ;
#7937 =( NAMED_UNIT ( * ) PLANE_ANGLE_UNIT ( ) SI_UNIT ( $, .RADIAN. ) );
#7938 = EDGE_CURVE ( 'NONE', #2526, #2109, #3432, .T. ) ;
#7939 = ORIENTED_EDGE ( 'NONE', *, *, #7774, .T. ) ;
#7940 = SURFACE_STYLE_USAGE ( .BOTH. , #6806 ) ;
#7941 = LINE ( 'NONE', #1370, #6329 ) ;
#7942 = ORIENTED_EDGE ( 'NONE', *, *, #346, .T. ) ;
#7943 = DIRECTION ( 'NONE',  ( 0.3015113445777618528, 0.3015113445777618528, -0.9045340337332921088 ) ) ;
#7944 = CARTESIAN_POINT ( 'NONE',  ( -4.950000000000000178, -0.2599999999999966782, 4.000000000000000000 ) ) ;
ENDSEC;
END-ISO-10303-21;
