ISO-10303-21;
HEADER;
FILE_DESCRIPTION(('Open CASCADE Model'),'2;1');
FILE_NAME('Open CASCADE Shape Model','2026-05-07T09:27:44',('Author'),(
    'Open CASCADE'),'Open CASCADE STEP processor 7.8','Open CASCADE 7.8'
  ,'Unknown');
FILE_SCHEMA(('AUTOMOTIVE_DESIGN { 1 0 10303 214 1 1 1 1 }'));
ENDSEC;
DATA;
#1 = APPLICATION_PROTOCOL_DEFINITION('international standard',
  'automotive_design',2000,#2);
#2 = APPLICATION_CONTEXT(
  'core data for automotive mechanical design processes');
#3 = SHAPE_DEFINITION_REPRESENTATION(#4,#10);
#4 = PRODUCT_DEFINITION_SHAPE('','',#5);
#5 = PRODUCT_DEFINITION('design','',#6,#9);
#6 = PRODUCT_DEFINITION_FORMATION('','',#7);
#7 = PRODUCT('SOLID','SOLID','',(#8));
#8 = PRODUCT_CONTEXT('',#2,'mechanical');
#9 = PRODUCT_DEFINITION_CONTEXT('part definition',#2,'design');
#10 = ADVANCED_BREP_SHAPE_REPRESENTATION('',(#11,#15),#8267);
#11 = AXIS2_PLACEMENT_3D('',#12,#13,#14);
#12 = CARTESIAN_POINT('',(0.,0.,0.));
#13 = DIRECTION('',(0.,0.,1.));
#14 = DIRECTION('',(1.,0.,-0.));
#15 = MANIFOLD_SOLID_BREP('',#16);
#16 = CLOSED_SHELL('',(#17,#1436,#1560,#1608,#1656,#1692,#1712,#1740,
    #1768,#1810,#1852,#1894,#1916,#1938,#1957,#1982,#2001,#2023,#2044,
    #2065,#2087,#2106,#2125,#2144,#2163,#2184,#2205,#2220,#2248,#2278,
    #2308,#2324,#2340,#2352,#2380,#2408,#2432,#2454,#2472,#2484,#2512,
    #2534,#2556,#2578,#2600,#2616,#2630,#2664,#2686,#2714,#2742,#2770,
    #2798,#2826,#2854,#2876,#2904,#2932,#2960,#2988,#3010,#3032,#3060,
    #3082,#3104,#3126,#3148,#3170,#3192,#3214,#3236,#3258,#3280,#3296,
    #3316,#3440,#3460,#3480,#3500,#3520,#3540,#3556,#3568,#3596,#3618,
    #3640,#3668,#3696,#3724,#3746,#3761,#3873,#3893,#3909,#3925,#3941,
    #3957,#3973,#3989,#4001,#4029,#4051,#4079,#4101,#4129,#4145,#4159,
    #4187,#4209,#4231,#4253,#4275,#4297,#4319,#4341,#4363,#4385,#4407,
    #4423,#4443,#4635,#4659,#4675,#4695,#4715,#4731,#4751,#4771,#4791,
    #4811,#4827,#4843,#4859,#4875,#4891,#4925,#4953,#4981,#5009,#5037,
    #5065,#5087,#5103,#5119,#5153,#5175,#5203,#5231,#5259,#5287,#5315,
    #5343,#5371,#5399,#5427,#5455,#5477,#5505,#5533,#5561,#5589,#5617,
    #5645,#5673,#5695,#5724,#5752,#5774,#5802,#5824,#5846,#5868,#5890,
    #5912,#5934,#5962,#5990,#6012,#6040,#6068,#6084,#6107,#6135,#6157,
    #6179,#6201,#6223,#6245,#6267,#6289,#6311,#6333,#6355,#6371,#6391,
    #6515,#6535,#6555,#6575,#6595,#6615,#6631,#6643,#6671,#6693,#6715,
    #6743,#6771,#6799,#6821,#6836,#6948,#6968,#6984,#7000,#7016,#7032,
    #7048,#7064,#7076,#7104,#7126,#7154,#7176,#7204,#7220,#7234,#7554,
    #7578,#7598,#7618,#7638,#7658,#7678,#7698,#7718,#7738,#7758,#7778,
    #7798,#7814,#7830,#7846,#7862,#7882,#7902,#7922,#7942,#7962,#7982,
    #8002,#8018,#8038,#8058,#8074,#8094,#8114,#8134,#8150,#8170,#8186,
    #8229,#8257));
#17 = ADVANCED_FACE('',(#18,#307,#366,#553,#669,#728,#852,#896,#940,
    #1026,#1084,#1170,#1287,#1373),#1431,.F.);
#18 = FACE_BOUND('',#19,.T.);
#19 = EDGE_LOOP('',(#20,#31,#40,#49,#56,#65,#74,#83,#90,#99,#108,#117,
    #126,#135,#144,#153,#162,#171,#180,#187,#194,#201,#210,#219,#228,
    #237,#246,#255,#264,#273,#282,#291,#300));
#20 = ORIENTED_EDGE('',*,*,#21,.F.);
#21 = EDGE_CURVE('',#22,#24,#26,.T.);
#22 = VERTEX_POINT('',#23);
#23 = CARTESIAN_POINT('',(3.167032889232E-02,0.374225072825,
    0.391975278714));
#24 = VERTEX_POINT('',#25);
#25 = CARTESIAN_POINT('',(7.421202862995E-02,0.367916072256,
    0.448756284911));
#26 = B_SPLINE_CURVE_WITH_KNOTS('',3,(#27,#28,#29,#30),.UNSPECIFIED.,.F.
  ,.F.,(4,4),(35.,36.),.PIECEWISE_BEZIER_KNOTS.);
#27 = CARTESIAN_POINT('',(3.167032889232E-02,0.374225072825,
    0.391975278714));
#28 = CARTESIAN_POINT('',(3.191951404757E-02,0.371350520937,
    0.417846245703));
#29 = CARTESIAN_POINT('',(4.954166116708E-02,0.368797701657,
    0.440821619226));
#30 = CARTESIAN_POINT('',(7.421202862995E-02,0.367916072256,
    0.448756284911));
#31 = ORIENTED_EDGE('',*,*,#32,.F.);
#32 = EDGE_CURVE('',#33,#22,#35,.T.);
#33 = VERTEX_POINT('',#34);
#34 = CARTESIAN_POINT('',(4.801265930474E-02,0.378763341008,
    0.351130866143));
#35 = B_SPLINE_CURVE_WITH_KNOTS('',3,(#36,#37,#38,#39),.UNSPECIFIED.,.F.
  ,.F.,(4,4),(34.,35.),.PIECEWISE_BEZIER_KNOTS.);
#36 = CARTESIAN_POINT('',(4.801265930474E-02,0.378763341008,
    0.351130866143));
#37 = CARTESIAN_POINT('',(3.75218163885E-02,0.377526002886,
    0.362266908167));
#38 = CARTESIAN_POINT('',(3.177800848326E-02,0.375901697641,
    0.376885655366));
#39 = CARTESIAN_POINT('',(3.167032889232E-02,0.374225072825,
    0.391975278714));
#40 = ORIENTED_EDGE('',*,*,#41,.F.);
#41 = EDGE_CURVE('',#42,#33,#44,.T.);
#42 = VERTEX_POINT('',#43);
#43 = CARTESIAN_POINT('',(8.762555483019E-02,0.380888084316,
    0.332008176376));
#44 = B_SPLINE_CURVE_WITH_KNOTS('',3,(#45,#46,#47,#48),.UNSPECIFIED.,.F.
  ,.F.,(4,4),(33.,34.),.PIECEWISE_BEZIER_KNOTS.);
#45 = CARTESIAN_POINT('',(8.762555483019E-02,0.380888084316,
    0.332008176376));
#46 = CARTESIAN_POINT('',(7.243384172992E-02,0.380756265086,
    0.333194548367));
#47 = CARTESIAN_POINT('',(5.850348567296E-02,0.380000678907,
    0.339994823976));
#48 = CARTESIAN_POINT('',(4.801265930474E-02,0.378763341008,
    0.351130866143));
#49 = ORIENTED_EDGE('',*,*,#50,.F.);
#50 = EDGE_CURVE('',#51,#42,#53,.T.);
#51 = VERTEX_POINT('',#52);
#52 = CARTESIAN_POINT('',(0.113218874137,0.380868039121,0.332188583125)
  );
#53 = B_SPLINE_CURVE_WITH_KNOTS('',1,(#54,#55),.UNSPECIFIED.,.F.,.F.,(2,
    2),(-2.429257784641E-02,1.301385144039E-03),
  .PIECEWISE_BEZIER_KNOTS.);
#54 = CARTESIAN_POINT('',(0.113218874137,0.380868039003,0.332188583112)
  );
#55 = CARTESIAN_POINT('',(8.762555483019E-02,0.380888084197,
    0.332008176363));
#56 = ORIENTED_EDGE('',*,*,#57,.F.);
#57 = EDGE_CURVE('',#58,#51,#60,.T.);
#58 = VERTEX_POINT('',#59);
#59 = CARTESIAN_POINT('',(0.125703279448,0.379373176569,0.345642346096)
  );
#60 = B_SPLINE_CURVE_WITH_KNOTS('',3,(#61,#62,#63,#64),.UNSPECIFIED.,.F.
  ,.F.,(4,4),(28.,29.),.PIECEWISE_BEZIER_KNOTS.);
#61 = CARTESIAN_POINT('',(0.125703279448,0.379373176569,0.345642346096)
  );
#62 = CARTESIAN_POINT('',(0.125752504357,0.380139632779,0.338744239131)
  );
#63 = CARTESIAN_POINT('',(0.120156371414,0.380814700173,0.332668632582)
  );
#64 = CARTESIAN_POINT('',(0.113218874137,0.380868039121,0.332188583125)
  );
#65 = ORIENTED_EDGE('',*,*,#66,.F.);
#66 = EDGE_CURVE('',#67,#58,#69,.T.);
#67 = VERTEX_POINT('',#68);
#68 = CARTESIAN_POINT('',(0.112160570283,0.377898698968,0.358912644506)
  );
#69 = B_SPLINE_CURVE_WITH_KNOTS('',3,(#70,#71,#72,#73),.UNSPECIFIED.,.F.
  ,.F.,(4,4),(27.,28.),.PIECEWISE_BEZIER_KNOTS.);
#70 = CARTESIAN_POINT('',(0.112160570283,0.377898698968,0.358912644506)
  );
#71 = CARTESIAN_POINT('',(0.119534922694,0.377892923111,0.358964626142)
  );
#72 = CARTESIAN_POINT('',(0.125650978027,0.378558817287,0.352971578552)
  );
#73 = CARTESIAN_POINT('',(0.125703279448,0.379373176569,0.345642346096)
  );
#74 = ORIENTED_EDGE('',*,*,#75,.F.);
#75 = EDGE_CURVE('',#76,#67,#78,.T.);
#76 = VERTEX_POINT('',#77);
#77 = CARTESIAN_POINT('',(0.109560941967,0.377948640293,0.35846317258));
#78 = B_SPLINE_CURVE_WITH_KNOTS('',3,(#79,#80,#81,#82),.UNSPECIFIED.,.F.
  ,.F.,(4,4),(26.,27.),.PIECEWISE_BEZIER_KNOTS.);
#79 = CARTESIAN_POINT('',(0.109560941967,0.377948640293,0.35846317258));
#80 = CARTESIAN_POINT('',(0.110428515759,0.377947960674,0.358469288075)
  );
#81 = CARTESIAN_POINT('',(0.111293013038,0.377899378337,0.358906529101)
  );
#82 = CARTESIAN_POINT('',(0.112160570283,0.377898698968,0.358912644506)
  );
#83 = ORIENTED_EDGE('',*,*,#84,.F.);
#84 = EDGE_CURVE('',#85,#76,#87,.T.);
#85 = VERTEX_POINT('',#86);
#86 = CARTESIAN_POINT('',(9.00406061092E-02,0.377963929007,
    0.358325574159));
#87 = B_SPLINE_CURVE_WITH_KNOTS('',1,(#88,#89),.UNSPECIFIED.,.F.,.F.,(2,
    2),(1.357310452095E-17,1.952082680275E-02),
  .PIECEWISE_BEZIER_KNOTS.);
#88 = CARTESIAN_POINT('',(9.00406061092E-02,0.377963928888,
    0.358325574146));
#89 = CARTESIAN_POINT('',(0.109560941967,0.377948640175,0.358463172567)
  );
#90 = ORIENTED_EDGE('',*,*,#91,.F.);
#91 = EDGE_CURVE('',#92,#85,#94,.T.);
#92 = VERTEX_POINT('',#93);
#93 = CARTESIAN_POINT('',(5.856809379134E-02,0.374251913154,
    0.391733716834));
#94 = B_SPLINE_CURVE_WITH_KNOTS('',3,(#95,#96,#97,#98),.UNSPECIFIED.,.F.
  ,.F.,(4,4),(24.,25.),.PIECEWISE_BEZIER_KNOTS.);
#95 = CARTESIAN_POINT('',(5.856809379134E-02,0.374251913154,
    0.391733716834));
#96 = CARTESIAN_POINT('',(5.869423275247E-02,0.376215959432,
    0.374057299254));
#97 = CARTESIAN_POINT('',(7.224617163266E-02,0.377834148279,
    0.359493599623));
#98 = CARTESIAN_POINT('',(9.00406061092E-02,0.377963929007,
    0.358325574159));
#99 = ORIENTED_EDGE('',*,*,#100,.F.);
#100 = EDGE_CURVE('',#101,#92,#103,.T.);
#101 = VERTEX_POINT('',#102);
#102 = CARTESIAN_POINT('',(9.216336766522E-02,0.370488934923,
    0.425600520911));
#103 = B_SPLINE_CURVE_WITH_KNOTS('',3,(#104,#105,#106,#107),
  .UNSPECIFIED.,.F.,.F.,(4,4),(23.,24.),.PIECEWISE_BEZIER_KNOTS.);
#104 = CARTESIAN_POINT('',(9.216336766522E-02,0.370488934923,
    0.425600520911));
#105 = CARTESIAN_POINT('',(7.351060559973E-02,0.370503544017,
    0.425469037986));
#106 = CARTESIAN_POINT('',(5.843580174595E-02,0.372192060055,
    0.410272393644));
#107 = CARTESIAN_POINT('',(5.856809379134E-02,0.374251913154,
    0.391733716834));
#108 = ORIENTED_EDGE('',*,*,#109,.F.);
#109 = EDGE_CURVE('',#110,#101,#112,.T.);
#110 = VERTEX_POINT('',#111);
#111 = CARTESIAN_POINT('',(9.5633646286E-02,0.370486216932,
    0.425624982829));
#112 = B_SPLINE_CURVE_WITH_KNOTS('',3,(#113,#114,#115,#116),
  .UNSPECIFIED.,.F.,.F.,(4,4),(22.,23.),.PIECEWISE_BEZIER_KNOTS.);
#113 = CARTESIAN_POINT('',(9.5633646286E-02,0.370486216932,
    0.425624982829));
#114 = CARTESIAN_POINT('',(9.433229387176E-02,0.370487236059,
    0.425615809611));
#115 = CARTESIAN_POINT('',(9.346472007967E-02,0.370487915559,
    0.425609694103));
#116 = CARTESIAN_POINT('',(9.216336766522E-02,0.370488934923,
    0.425600520911));
#117 = ORIENTED_EDGE('',*,*,#118,.F.);
#118 = EDGE_CURVE('',#119,#110,#121,.T.);
#119 = VERTEX_POINT('',#120);
#120 = CARTESIAN_POINT('',(0.155979010097,0.364450706273,0.479944578761)
  );
#121 = B_SPLINE_CURVE_WITH_KNOTS('',3,(#122,#123,#124,#125),
  .UNSPECIFIED.,.F.,.F.,(4,4),(21.,22.),.PIECEWISE_BEZIER_KNOTS.);
#122 = CARTESIAN_POINT('',(0.155979010097,0.364450706273,0.479944578761)
  );
#123 = CARTESIAN_POINT('',(0.124746469416,0.364475168099,0.479724421251)
  );
#124 = CARTESIAN_POINT('',(9.88885657249E-02,0.36713024919,
    0.455828691429));
#125 = CARTESIAN_POINT('',(9.5633646286E-02,0.370486216932,
    0.425624982829));
#126 = ORIENTED_EDGE('',*,*,#127,.F.);
#127 = EDGE_CURVE('',#128,#119,#130,.T.);
#128 = VERTEX_POINT('',#129);
#129 = CARTESIAN_POINT('',(0.214401572071,0.369003919685,0.438965658053)
  );
#130 = B_SPLINE_CURVE_WITH_KNOTS('',3,(#131,#132,#133,#134),
  .UNSPECIFIED.,.F.,.F.,(4,4),(20.,21.),.PIECEWISE_BEZIER_KNOTS.);
#131 = CARTESIAN_POINT('',(0.214401572071,0.369003919685,0.438965658053)
  );
#132 = CARTESIAN_POINT('',(0.205987375234,0.366327777645,0.463050935331)
  );
#133 = CARTESIAN_POINT('',(0.183307476989,0.364429301958,0.480137216514)
  );
#134 = CARTESIAN_POINT('',(0.155979010097,0.364450706273,0.479944578761)
  );
#135 = ORIENTED_EDGE('',*,*,#136,.F.);
#136 = EDGE_CURVE('',#137,#128,#139,.T.);
#137 = VERTEX_POINT('',#138);
#138 = CARTESIAN_POINT('',(0.237346038154,0.368267359488,0.445594699827)
  );
#139 = B_SPLINE_CURVE_WITH_KNOTS('',3,(#140,#141,#142,#143),
  .UNSPECIFIED.,.F.,.F.,(4,4),(19.,20.),.PIECEWISE_BEZIER_KNOTS.);
#140 = CARTESIAN_POINT('',(0.237346038154,0.368267359488,0.445594699827)
  );
#141 = CARTESIAN_POINT('',(0.229104120224,0.368273814603,0.445536602715)
  );
#142 = CARTESIAN_POINT('',(0.220880661664,0.368567691416,0.442891711397)
  );
#143 = CARTESIAN_POINT('',(0.214401572071,0.369003919685,0.438965658053)
  );
#144 = ORIENTED_EDGE('',*,*,#145,.F.);
#145 = EDGE_CURVE('',#146,#137,#148,.T.);
#146 = VERTEX_POINT('',#147);
#147 = CARTESIAN_POINT('',(0.281032218255,0.373023741187,0.402787264531)
  );
#148 = B_SPLINE_CURVE_WITH_KNOTS('',3,(#149,#150,#151,#152),
  .UNSPECIFIED.,.F.,.F.,(4,4),(18.,19.),.PIECEWISE_BEZIER_KNOTS.);
#149 = CARTESIAN_POINT('',(0.281032218255,0.373023741187,0.402787264531)
  );
#150 = CARTESIAN_POINT('',(0.28086300747,0.370389044929,0.426499529779)
  );
#151 = CARTESIAN_POINT('',(0.261204226424,0.368248673164,0.445762875662)
  );
#152 = CARTESIAN_POINT('',(0.237346038154,0.368267359488,0.445594699827)
  );
#153 = ORIENTED_EDGE('',*,*,#154,.F.);
#154 = EDGE_CURVE('',#155,#146,#157,.T.);
#155 = VERTEX_POINT('',#156);
#156 = CARTESIAN_POINT('',(0.255288147298,0.377451254593,0.362939643881)
  );
#157 = B_SPLINE_CURVE_WITH_KNOTS('',3,(#158,#159,#160,#161),
  .UNSPECIFIED.,.F.,.F.,(4,4),(17.,18.),.PIECEWISE_BEZIER_KNOTS.);
#158 = CARTESIAN_POINT('',(0.255288147298,0.377451254593,0.362939643881)
  );
#159 = CARTESIAN_POINT('',(0.270421405775,0.376672906011,0.369944780037)
  );
#160 = CARTESIAN_POINT('',(0.281158357217,0.374987787465,0.385110846951)
  );
#161 = CARTESIAN_POINT('',(0.281032218255,0.373023741187,0.402787264531)
  );
#162 = ORIENTED_EDGE('',*,*,#163,.F.);
#163 = EDGE_CURVE('',#164,#155,#166,.T.);
#164 = VERTEX_POINT('',#165);
#165 = CARTESIAN_POINT('',(0.214309283318,0.374321555464,0.391106936038)
  );
#166 = B_SPLINE_CURVE_WITH_KNOTS('',3,(#167,#168,#169,#170),
  .UNSPECIFIED.,.F.,.F.,(4,4),(16.,17.),.PIECEWISE_BEZIER_KNOTS.);
#167 = CARTESIAN_POINT('',(0.214309283318,0.374321555464,0.391106936038)
  );
#168 = CARTESIAN_POINT('',(0.232962053657,0.374306946127,0.391238418995)
  );
#169 = CARTESIAN_POINT('',(0.24909824627,0.375635674899,0.379279860051)
  );
#170 = CARTESIAN_POINT('',(0.255288147298,0.377451254593,0.362939643881)
  );
#171 = ORIENTED_EDGE('',*,*,#172,.F.);
#172 = EDGE_CURVE('',#173,#164,#175,.T.);
#173 = VERTEX_POINT('',#174);
#174 = CARTESIAN_POINT('',(0.181879993242,0.375975757721,0.376219115729)
  );
#175 = B_SPLINE_CURVE_WITH_KNOTS('',3,(#176,#177,#178,#179),
  .UNSPECIFIED.,.F.,.F.,(4,4),(15.,16.),.PIECEWISE_BEZIER_KNOTS.);
#176 = CARTESIAN_POINT('',(0.181879993242,0.375975757721,0.376219115729)
  );
#177 = CARTESIAN_POINT('',(0.189623516509,0.374963667047,0.385327930714)
  );
#178 = CARTESIAN_POINT('',(0.20129572608,0.374331747822,0.391015203744)
  );
#179 = CARTESIAN_POINT('',(0.214309283318,0.374321555464,0.391106936038)
  );
#180 = ORIENTED_EDGE('',*,*,#181,.F.);
#181 = EDGE_CURVE('',#182,#173,#184,.T.);
#182 = VERTEX_POINT('',#183);
#183 = CARTESIAN_POINT('',(0.123537413383,0.372668034478,0.405988624916)
  );
#184 = B_SPLINE_CURVE_WITH_KNOTS('',1,(#185,#186),.UNSPECIFIED.,.F.,.F.,
  (2,2),(-8.399334286015E-18,6.558217238577E-02),
  .PIECEWISE_BEZIER_KNOTS.);
#185 = CARTESIAN_POINT('',(0.123537413383,0.372668034359,0.405988624903)
  );
#186 = CARTESIAN_POINT('',(0.181879993242,0.375975757602,0.376219115716)
  );
#187 = ORIENTED_EDGE('',*,*,#188,.F.);
#188 = EDGE_CURVE('',#189,#182,#191,.T.);
#189 = VERTEX_POINT('',#190);
#190 = CARTESIAN_POINT('',(0.110253135216,0.375217456255,0.383043828923)
  );
#191 = B_SPLINE_CURVE_WITH_KNOTS('',1,(#192,#193),.UNSPECIFIED.,.F.,.F.,
  (2,2),(-1.529277077519E-11,2.663522592649E-02),
  .PIECEWISE_BEZIER_KNOTS.);
#192 = CARTESIAN_POINT('',(0.110253135216,0.375217456136,0.38304382891)
  );
#193 = CARTESIAN_POINT('',(0.123537413383,0.372668034359,0.405988624903)
  );
#194 = ORIENTED_EDGE('',*,*,#195,.F.);
#195 = EDGE_CURVE('',#196,#189,#198,.T.);
#196 = VERTEX_POINT('',#197);
#197 = CARTESIAN_POINT('',(0.171210734412,0.378714755082,0.351568139479)
  );
#198 = B_SPLINE_CURVE_WITH_KNOTS('',1,(#199,#200),.UNSPECIFIED.,.F.,.F.,
  (2,2),(-6.984864210299E-17,6.869336958389E-02),
  .PIECEWISE_BEZIER_KNOTS.);
#199 = CARTESIAN_POINT('',(0.171210734412,0.378714754964,0.351568139466)
  );
#200 = CARTESIAN_POINT('',(0.110253135223,0.375217456135,0.383043828923)
  );
#201 = ORIENTED_EDGE('',*,*,#202,.F.);
#202 = EDGE_CURVE('',#203,#196,#205,.T.);
#203 = VERTEX_POINT('',#204);
#204 = CARTESIAN_POINT('',(0.17124150001,0.379193790745,0.347256818509)
  );
#205 = B_SPLINE_CURVE_WITH_KNOTS('',3,(#206,#207,#208,#209),
  .UNSPECIFIED.,.F.,.F.,(4,4),(11.,12.),.PIECEWISE_BEZIER_KNOTS.);
#206 = CARTESIAN_POINT('',(0.17124150001,0.379193790745,0.347256818509)
  );
#207 = CARTESIAN_POINT('',(0.171232270354,0.379050080292,0.348550211507)
  );
#208 = CARTESIAN_POINT('',(0.171223040698,0.378906369959,0.349843604504)
  );
#209 = CARTESIAN_POINT('',(0.171210734412,0.378714755082,0.351568139479)
  );
#210 = ORIENTED_EDGE('',*,*,#211,.F.);
#211 = EDGE_CURVE('',#212,#203,#214,.T.);
#212 = VERTEX_POINT('',#213);
#213 = CARTESIAN_POINT('',(0.214927680112,0.383950172444,0.304449383226)
  );
#214 = B_SPLINE_CURVE_WITH_KNOTS('',3,(#215,#216,#217,#218),
  .UNSPECIFIED.,.F.,.F.,(4,4),(10.,11.),.PIECEWISE_BEZIER_KNOTS.);
#215 = CARTESIAN_POINT('',(0.214927680112,0.383950172444,0.304449383226)
  );
#216 = CARTESIAN_POINT('',(0.191069491841,0.38396885853,0.304281207365)
  );
#217 = CARTESIAN_POINT('',(0.171410710795,0.381828486766,0.323544553248)
  );
#218 = CARTESIAN_POINT('',(0.17124150001,0.379193790745,0.347256818509)
  );
#219 = ORIENTED_EDGE('',*,*,#220,.F.);
#220 = EDGE_CURVE('',#221,#212,#223,.T.);
#221 = VERTEX_POINT('',#222);
#222 = CARTESIAN_POINT('',(0.255928076131,0.380660454133,0.334056848025)
  );
#223 = B_SPLINE_CURVE_WITH_KNOTS('',3,(#224,#225,#226,#227),
  .UNSPECIFIED.,.F.,.F.,(4,4),(9.,10.),.PIECEWISE_BEZIER_KNOTS.);
#224 = CARTESIAN_POINT('',(0.255928076131,0.380660454133,0.334056848025)
  );
#225 = CARTESIAN_POINT('',(0.250411929557,0.382581013401,0.316771813525)
  );
#226 = CARTESIAN_POINT('',(0.234014237347,0.383935223356,0.304583923937)
  );
#227 = CARTESIAN_POINT('',(0.214927680112,0.383950172444,0.304449383226)
  );
#228 = ORIENTED_EDGE('',*,*,#229,.F.);
#229 = EDGE_CURVE('',#230,#221,#232,.T.);
#230 = VERTEX_POINT('',#231);
#231 = CARTESIAN_POINT('',(0.290483220589,0.378333903386,0.354995804742)
  );
#232 = B_SPLINE_CURVE_WITH_KNOTS('',3,(#233,#234,#235,#236),
  .UNSPECIFIED.,.F.,.F.,(4,4),(8.,9.),.PIECEWISE_BEZIER_KNOTS.);
#233 = CARTESIAN_POINT('',(0.290483220589,0.378333903386,0.354995804742)
  );
#234 = CARTESIAN_POINT('',(0.28101378359,0.379491064069,0.344581357521)
  );
#235 = CARTESIAN_POINT('',(0.269350803674,0.380266693627,0.337600691494)
  );
#236 = CARTESIAN_POINT('',(0.255928076131,0.380660454133,0.334056848025)
  );
#237 = ORIENTED_EDGE('',*,*,#238,.F.);
#238 = EDGE_CURVE('',#239,#230,#241,.T.);
#239 = VERTEX_POINT('',#240);
#240 = CARTESIAN_POINT('',(0.308366854954,0.373098146303,0.402117618487)
  );
#241 = B_SPLINE_CURVE_WITH_KNOTS('',3,(#242,#243,#244,#245),
  .UNSPECIFIED.,.F.,.F.,(4,4),(7.,8.),.PIECEWISE_BEZIER_KNOTS.);
#242 = CARTESIAN_POINT('',(0.308366854954,0.373098146303,0.402117618487)
  );
#243 = CARTESIAN_POINT('',(0.308489917344,0.375014288832,0.384872334647)
  );
#244 = CARTESIAN_POINT('',(0.302103124602,0.376887624882,0.368012310198)
  );
#245 = CARTESIAN_POINT('',(0.290483220589,0.378333903386,0.354995804742)
  );
#246 = ORIENTED_EDGE('',*,*,#247,.F.);
#247 = EDGE_CURVE('',#248,#239,#250,.T.);
#248 = VERTEX_POINT('',#249);
#249 = CARTESIAN_POINT('',(0.287628209262,0.367653108619,0.451122957646)
  );
#250 = B_SPLINE_CURVE_WITH_KNOTS('',3,(#251,#252,#253,#254),
  .UNSPECIFIED.,.F.,.F.,(4,4),(6.,7.),.PIECEWISE_BEZIER_KNOTS.);
#251 = CARTESIAN_POINT('',(0.287628209262,0.367653108619,0.451122957646)
  );
#252 = CARTESIAN_POINT('',(0.300734074639,0.369080022545,0.438280731236)
  );
#253 = CARTESIAN_POINT('',(0.308234562909,0.371038293205,0.420656295297)
  );
#254 = CARTESIAN_POINT('',(0.308366854954,0.373098146303,0.402117618487)
  );
#255 = ORIENTED_EDGE('',*,*,#256,.F.);
#256 = EDGE_CURVE('',#257,#248,#259,.T.);
#257 = VERTEX_POINT('',#258);
#258 = CARTESIAN_POINT('',(0.237595231641,0.365392808507,0.471465658651)
  );
#259 = B_SPLINE_CURVE_WITH_KNOTS('',3,(#260,#261,#262,#263),
  .UNSPECIFIED.,.F.,.F.,(4,4),(5.,6.),.PIECEWISE_BEZIER_KNOTS.);
#260 = CARTESIAN_POINT('',(0.237595231641,0.365392808507,0.471465658651)
  );
#261 = CARTESIAN_POINT('',(0.256247997843,0.365378199173,0.471597141579)
  );
#262 = CARTESIAN_POINT('',(0.274085491763,0.366178629992,0.464393264208)
  );
#263 = CARTESIAN_POINT('',(0.287628209262,0.367653108619,0.451122957646)
  );
#264 = ORIENTED_EDGE('',*,*,#265,.F.);
#265 = EDGE_CURVE('',#266,#257,#268,.T.);
#266 = VERTEX_POINT('',#267);
#267 = CARTESIAN_POINT('',(0.227624327515,0.365496429777,0.470533067224)
  );
#268 = B_SPLINE_CURVE_WITH_KNOTS('',3,(#269,#270,#271,#272),
  .UNSPECIFIED.,.F.,.F.,(4,4),(4.,5.),.PIECEWISE_BEZIER_KNOTS.);
#269 = CARTESIAN_POINT('',(0.227624327515,0.365496429777,0.470533067224)
  );
#270 = CARTESIAN_POINT('',(0.231091529564,0.365445807919,0.470988662869)
  );
#271 = CARTESIAN_POINT('',(0.23412495302,0.36539552638,0.47144119672));
#272 = CARTESIAN_POINT('',(0.237595231641,0.365392808507,0.471465658651)
  );
#273 = ORIENTED_EDGE('',*,*,#274,.F.);
#274 = EDGE_CURVE('',#275,#266,#277,.T.);
#275 = VERTEX_POINT('',#276);
#276 = CARTESIAN_POINT('',(0.208402409922,0.363403621782,0.489368339177)
  );
#277 = B_SPLINE_CURVE_WITH_KNOTS('',3,(#278,#279,#280,#281),
  .UNSPECIFIED.,.F.,.F.,(4,4),(3.,4.),.PIECEWISE_BEZIER_KNOTS.);
#278 = CARTESIAN_POINT('',(0.208402409922,0.363403621782,0.489368339177)
  );
#279 = CARTESIAN_POINT('',(0.215813681059,0.363972688856,0.484246734431)
  );
#280 = CARTESIAN_POINT('',(0.221932821178,0.364686485862,0.477822561383)
  );
#281 = CARTESIAN_POINT('',(0.227624327515,0.365496429777,0.470533067224)
  );
#282 = ORIENTED_EDGE('',*,*,#283,.F.);
#283 = EDGE_CURVE('',#284,#275,#286,.T.);
#284 = VERTEX_POINT('',#285);
#285 = CARTESIAN_POINT('',(0.156228195135,0.361576152558,0.505815562196)
  );
#286 = B_SPLINE_CURVE_WITH_KNOTS('',3,(#287,#288,#289,#290),
  .UNSPECIFIED.,.F.,.F.,(4,4),(2.,3.),.PIECEWISE_BEZIER_KNOTS.);
#287 = CARTESIAN_POINT('',(0.156228195135,0.361576152558,0.505815562196)
  );
#288 = CARTESIAN_POINT('',(0.175314744097,0.361561203476,0.505950102849)
  );
#289 = CARTESIAN_POINT('',(0.19314301248,0.362217923674,0.500039621075)
  );
#290 = CARTESIAN_POINT('',(0.208402409922,0.363403621782,0.489368339177)
  );
#291 = ORIENTED_EDGE('',*,*,#292,.F.);
#292 = EDGE_CURVE('',#293,#284,#295,.T.);
#293 = VERTEX_POINT('',#294);
#294 = CARTESIAN_POINT('',(9.739339005557E-02,0.364113344021,
    0.48298083903));
#295 = B_SPLINE_CURVE_WITH_KNOTS('',3,(#296,#297,#298,#299),
  .UNSPECIFIED.,.F.,.F.,(4,4),(1.,2.),.PIECEWISE_BEZIER_KNOTS.);
#296 = CARTESIAN_POINT('',(9.739339005557E-02,0.364113344021,
    0.48298083903));
#297 = CARTESIAN_POINT('',(0.113775699434,0.362519615603,0.497324393709)
  );
#298 = CARTESIAN_POINT('',(0.134538933071,0.361593139899,0.505662675049)
  );
#299 = CARTESIAN_POINT('',(0.156228195135,0.361576152558,0.505815562196)
  );
#300 = ORIENTED_EDGE('',*,*,#301,.F.);
#301 = EDGE_CURVE('',#24,#293,#302,.T.);
#302 = B_SPLINE_CURVE_WITH_KNOTS('',3,(#303,#304,#305,#306),
  .UNSPECIFIED.,.F.,.F.,(4,4),(0.,1.),.PIECEWISE_BEZIER_KNOTS.);
#303 = CARTESIAN_POINT('',(7.421202862995E-02,0.367916072256,
    0.448756284911));
#304 = CARTESIAN_POINT('',(7.889136287273E-02,0.366475227916,
    0.46172388289));
#305 = CARTESIAN_POINT('',(8.705022196897E-02,0.365175376481,
    0.473422545808));
#306 = CARTESIAN_POINT('',(9.739339005557E-02,0.364113344021,
    0.48298083903));
#307 = FACE_BOUND('',#308,.T.);
#308 = EDGE_LOOP('',(#309,#320,#327,#334,#341,#350,#359));
#309 = ORIENTED_EDGE('',*,*,#310,.F.);
#310 = EDGE_CURVE('',#311,#313,#315,.T.);
#311 = VERTEX_POINT('',#312);
#312 = CARTESIAN_POINT('',(-0.247955097151,0.381127549373,0.329852989783
    ));
#313 = VERTEX_POINT('',#314);
#314 = CARTESIAN_POINT('',(-0.271706000956,0.380202290533,0.338180319337
    ));
#315 = B_SPLINE_CURVE_WITH_KNOTS('',3,(#316,#317,#318,#319),
  .UNSPECIFIED.,.F.,.F.,(4,4),(5.,6.),.PIECEWISE_BEZIER_KNOTS.);
#316 = CARTESIAN_POINT('',(-0.247955097151,0.381127549373,0.329852989783
    ));
#317 = CARTESIAN_POINT('',(-0.257609006604,0.381135110506,0.329784939587
    ));
#318 = CARTESIAN_POINT('',(-0.265536298115,0.380827847228,0.332550309089
    ));
#319 = CARTESIAN_POINT('',(-0.271706000956,0.380202290533,0.338180319337
    ));
#320 = ORIENTED_EDGE('',*,*,#321,.F.);
#321 = EDGE_CURVE('',#322,#311,#324,.T.);
#322 = VERTEX_POINT('',#323);
#323 = CARTESIAN_POINT('',(-0.231173826438,0.381114405949,0.329971280594
    ));
#324 = B_SPLINE_CURVE_WITH_KNOTS('',1,(#325,#326),.UNSPECIFIED.,.F.,.F.,
  (2,2),(-1.678169276936E-02,-5.511846808533E-17),
  .PIECEWISE_BEZIER_KNOTS.);
#325 = CARTESIAN_POINT('',(-0.231173826438,0.381114405949,0.329971280594
    ));
#326 = CARTESIAN_POINT('',(-0.247955097151,0.381127549373,0.329852989783
    ));
#327 = ORIENTED_EDGE('',*,*,#328,.F.);
#328 = EDGE_CURVE('',#329,#322,#331,.T.);
#329 = VERTEX_POINT('',#330);
#330 = CARTESIAN_POINT('',(-0.231606541487,0.374376817425,0.390609578393
    ));
#331 = B_SPLINE_CURVE_WITH_KNOTS('',1,(#332,#333),.UNSPECIFIED.,.F.,.F.,
  (2,2),(-6.10129945294E-02,0.),.PIECEWISE_BEZIER_KNOTS.);
#332 = CARTESIAN_POINT('',(-0.231606541487,0.374376817306,0.39060957838)
  );
#333 = CARTESIAN_POINT('',(-0.231173826438,0.381114405949,0.329971280594
    ));
#334 = ORIENTED_EDGE('',*,*,#335,.F.);
#335 = EDGE_CURVE('',#336,#329,#338,.T.);
#336 = VERTEX_POINT('',#337);
#337 = CARTESIAN_POINT('',(-0.24901165126,0.374390449333,0.390486890142)
  );
#338 = B_SPLINE_CURVE_WITH_KNOTS('',1,(#339,#340),.UNSPECIFIED.,.F.,.F.,
  (2,2),(-1.740554751886E-02,-2.762444859218E-17),
  .PIECEWISE_BEZIER_KNOTS.);
#339 = CARTESIAN_POINT('',(-0.24901165126,0.374390449333,0.390486890142)
  );
#340 = CARTESIAN_POINT('',(-0.231606541487,0.374376817306,0.39060957838)
  );
#341 = ORIENTED_EDGE('',*,*,#342,.F.);
#342 = EDGE_CURVE('',#343,#336,#345,.T.);
#343 = VERTEX_POINT('',#344);
#344 = CARTESIAN_POINT('',(-0.272020803366,0.37530066035,0.382294990988)
  );
#345 = B_SPLINE_CURVE_WITH_KNOTS('',3,(#346,#347,#348,#349),
  .UNSPECIFIED.,.F.,.F.,(4,4),(2.,3.),.PIECEWISE_BEZIER_KNOTS.);
#346 = CARTESIAN_POINT('',(-0.272020803366,0.37530066035,0.382294990988)
  );
#347 = CARTESIAN_POINT('',(-0.265929856434,0.374699948355,0.387701398947
    ));
#348 = CARTESIAN_POINT('',(-0.258260065323,0.374397692874,0.390421698273
    ));
#349 = CARTESIAN_POINT('',(-0.24901165126,0.374390449333,0.390486890142)
  );
#350 = ORIENTED_EDGE('',*,*,#351,.F.);
#351 = EDGE_CURVE('',#352,#343,#354,.T.);
#352 = VERTEX_POINT('',#353);
#353 = CARTESIAN_POINT('',(-0.281068899723,0.377698402275,0.360715313659
    ));
#354 = B_SPLINE_CURVE_WITH_KNOTS('',3,(#355,#356,#357,#358),
  .UNSPECIFIED.,.F.,.F.,(4,4),(3.,4.),.PIECEWISE_BEZIER_KNOTS.);
#355 = CARTESIAN_POINT('',(-0.281068899723,0.377698402275,0.360715313659
    ));
#356 = CARTESIAN_POINT('',(-0.281133054818,0.376699475534,0.369705654333
    ));
#357 = CARTESIAN_POINT('',(-0.278111750298,0.375901372345,0.376888583029
    ));
#358 = CARTESIAN_POINT('',(-0.272020803366,0.37530066035,0.382294990988)
  );
#359 = ORIENTED_EDGE('',*,*,#360,.F.);
#360 = EDGE_CURVE('',#313,#352,#361,.T.);
#361 = B_SPLINE_CURVE_WITH_KNOTS('',3,(#362,#363,#364,#365),
  .UNSPECIFIED.,.F.,.F.,(4,4),(4.,5.),.PIECEWISE_BEZIER_KNOTS.);
#362 = CARTESIAN_POINT('',(-0.271706000956,0.380202290533,0.338180319337
    ));
#363 = CARTESIAN_POINT('',(-0.277875703796,0.379576733839,0.343810329585
    ));
#364 = CARTESIAN_POINT('',(-0.281001868711,0.378742108492,0.351321957713
    ));
#365 = CARTESIAN_POINT('',(-0.281068899723,0.377698402275,0.360715313659
    ));
#366 = FACE_BOUND('',#367,.T.);
#367 = EDGE_LOOP('',(#368,#379,#388,#397,#406,#415,#424,#433,#442,#451,
    #458,#467,#476,#485,#494,#503,#512,#521,#530,#539,#548));
#368 = ORIENTED_EDGE('',*,*,#369,.F.);
#369 = EDGE_CURVE('',#370,#372,#374,.T.);
#370 = VERTEX_POINT('',#371);
#371 = CARTESIAN_POINT('',(-0.115972100572,0.380448904722,0.335960791644
    ));
#372 = VERTEX_POINT('',#373);
#373 = CARTESIAN_POINT('',(-0.103431608817,0.379974041867,0.340234558418
    ));
#374 = B_SPLINE_CURVE_WITH_KNOTS('',3,(#375,#376,#377,#378),
  .UNSPECIFIED.,.F.,.F.,(4,4),(0.,1.),.PIECEWISE_BEZIER_KNOTS.);
#375 = CARTESIAN_POINT('',(-0.115972100572,0.380448904722,0.335960791644
    ));
#376 = CARTESIAN_POINT('',(-0.111480459341,0.380445386779,0.335992453125
    ));
#377 = CARTESIAN_POINT('',(-0.10731069274,0.380287107265,0.337416968755)
  );
#378 = CARTESIAN_POINT('',(-0.103431608817,0.379974041867,0.340234558418
    ));
#379 = ORIENTED_EDGE('',*,*,#380,.F.);
#380 = EDGE_CURVE('',#381,#370,#383,.T.);
#381 = VERTEX_POINT('',#382);
#382 = CARTESIAN_POINT('',(-0.125028386412,0.379804940485,0.341756470849
    ));
#383 = B_SPLINE_CURVE_WITH_KNOTS('',3,(#384,#385,#386,#387),
  .UNSPECIFIED.,.F.,.F.,(4,4),(1.,2.),.PIECEWISE_BEZIER_KNOTS.);
#384 = CARTESIAN_POINT('',(-0.125028386412,0.379804940485,0.341756470849
    ));
#385 = CARTESIAN_POINT('',(-0.12500051213,0.380238956813,0.337850322819)
  );
#386 = CARTESIAN_POINT('',(-0.121976551524,0.380453607526,0.3359184664)
  );
#387 = CARTESIAN_POINT('',(-0.115972100572,0.380448904722,0.335960791644
    ));
#388 = ORIENTED_EDGE('',*,*,#389,.F.);
#389 = EDGE_CURVE('',#390,#381,#392,.T.);
#390 = VERTEX_POINT('',#391);
#391 = CARTESIAN_POINT('',(-0.123092716227,0.379345272915,0.345893478987
    ));
#392 = B_SPLINE_CURVE_WITH_KNOTS('',3,(#393,#394,#395,#396),
  .UNSPECIFIED.,.F.,.F.,(4,4),(2.,3.),.PIECEWISE_BEZIER_KNOTS.);
#393 = CARTESIAN_POINT('',(-0.123092716227,0.379345272915,0.345893478987
    ));
#394 = CARTESIAN_POINT('',(-0.124395035397,0.379466858987,0.344799203259
    ));
#395 = CARTESIAN_POINT('',(-0.125040332533,0.379618933318,0.343430534272
    ));
#396 = CARTESIAN_POINT('',(-0.125028386412,0.379804940485,0.341756470849
    ));
#397 = ORIENTED_EDGE('',*,*,#398,.F.);
#398 = EDGE_CURVE('',#399,#390,#401,.T.);
#399 = VERTEX_POINT('',#400);
#400 = CARTESIAN_POINT('',(-0.115119633341,0.378908434708,0.349825022842
    ));
#401 = B_SPLINE_CURVE_WITH_KNOTS('',3,(#402,#403,#404,#405),
  .UNSPECIFIED.,.F.,.F.,(4,4),(3.,4.),.PIECEWISE_BEZIER_KNOTS.);
#402 = CARTESIAN_POINT('',(-0.115119633341,0.378908434708,0.349825022842
    ));
#403 = CARTESIAN_POINT('',(-0.119132776503,0.379076925678,0.348308603031
    ));
#404 = CARTESIAN_POINT('',(-0.121790397057,0.379223686606,0.346987754688
    ));
#405 = CARTESIAN_POINT('',(-0.123092716227,0.379345272915,0.345893478987
    ));
#406 = ORIENTED_EDGE('',*,*,#407,.F.);
#407 = EDGE_CURVE('',#408,#399,#410,.T.);
#408 = VERTEX_POINT('',#409);
#409 = CARTESIAN_POINT('',(-0.105756186037,0.378263822647,0.355626531394
    ));
#410 = B_SPLINE_CURVE_WITH_KNOTS('',3,(#411,#412,#413,#414),
  .UNSPECIFIED.,.F.,.F.,(4,4),(4.,5.),.PIECEWISE_BEZIER_KNOTS.);
#411 = CARTESIAN_POINT('',(-0.105756186037,0.378263822647,0.355626531394
    ));
#412 = CARTESIAN_POINT('',(-0.107177521183,0.378475065389,0.353725345638
    ));
#413 = CARTESIAN_POINT('',(-0.110314192519,0.378691096483,0.351781065793
    ));
#414 = CARTESIAN_POINT('',(-0.115119633341,0.378908434708,0.349825022842
    ));
#415 = ORIENTED_EDGE('',*,*,#416,.F.);
#416 = EDGE_CURVE('',#417,#408,#419,.T.);
#417 = VERTEX_POINT('',#418);
#418 = CARTESIAN_POINT('',(-0.10363723591,0.377500873683,0.362493072073)
  );
#419 = B_SPLINE_CURVE_WITH_KNOTS('',3,(#420,#421,#422,#423),
  .UNSPECIFIED.,.F.,.F.,(4,4),(5.,6.),.PIECEWISE_BEZIER_KNOTS.);
#420 = CARTESIAN_POINT('',(-0.10363723591,0.377500873683,0.362493072073)
  );
#421 = CARTESIAN_POINT('',(-0.103618210606,0.377797107012,0.359826971032
    ));
#422 = CARTESIAN_POINT('',(-0.104319254915,0.378052567453,0.35752782706)
  );
#423 = CARTESIAN_POINT('',(-0.105756186037,0.378263822647,0.355626531394
    ));
#424 = ORIENTED_EDGE('',*,*,#425,.F.);
#425 = EDGE_CURVE('',#426,#417,#428,.T.);
#426 = VERTEX_POINT('',#427);
#427 = CARTESIAN_POINT('',(-0.108600297421,0.376478225876,0.371696902336
    ));
#428 = B_SPLINE_CURVE_WITH_KNOTS('',3,(#429,#430,#431,#432),
  .UNSPECIFIED.,.F.,.F.,(4,4),(6.,7.),.PIECEWISE_BEZIER_KNOTS.);
#429 = CARTESIAN_POINT('',(-0.108600297421,0.376478225876,0.371696902336
    ));
#430 = CARTESIAN_POINT('',(-0.105324146498,0.376734015929,0.369394790778
    ));
#431 = CARTESIAN_POINT('',(-0.103664667743,0.377073746268,0.366337217727
    ));
#432 = CARTESIAN_POINT('',(-0.10363723591,0.377500873683,0.362493072073)
  );
#433 = ORIENTED_EDGE('',*,*,#434,.F.);
#434 = EDGE_CURVE('',#435,#426,#437,.T.);
#435 = VERTEX_POINT('',#436);
#436 = CARTESIAN_POINT('',(-0.120696139146,0.376105332524,0.375052942502
    ));
#437 = B_SPLINE_CURVE_WITH_KNOTS('',3,(#438,#439,#440,#441),
  .UNSPECIFIED.,.F.,.F.,(4,4),(7.,8.),.PIECEWISE_BEZIER_KNOTS.);
#438 = CARTESIAN_POINT('',(-0.120696139146,0.376105332524,0.375052942502
    ));
#439 = CARTESIAN_POINT('',(-0.115923770337,0.376101594592,0.375086582812
    ));
#440 = CARTESIAN_POINT('',(-0.111891823096,0.376225892376,0.373967902757
    ));
#441 = CARTESIAN_POINT('',(-0.108600297421,0.376478225876,0.371696902336
    ));
#442 = ORIENTED_EDGE('',*,*,#443,.F.);
#443 = EDGE_CURVE('',#444,#435,#446,.T.);
#444 = VERTEX_POINT('',#445);
#445 = CARTESIAN_POINT('',(-0.131006959672,0.376326982554,0.373058092236
    ));
#446 = B_SPLINE_CURVE_WITH_KNOTS('',3,(#447,#448,#449,#450),
  .UNSPECIFIED.,.F.,.F.,(4,4),(8.,9.),.PIECEWISE_BEZIER_KNOTS.);
#447 = CARTESIAN_POINT('',(-0.131006959672,0.376326982554,0.373058092236
    ));
#448 = CARTESIAN_POINT('',(-0.127834671893,0.37617981841,0.374382568444)
  );
#449 = CARTESIAN_POINT('',(-0.124407981553,0.376108239594,0.375026777793
    ));
#450 = CARTESIAN_POINT('',(-0.120696139146,0.376105332524,0.375052942502
    ));
#451 = ORIENTED_EDGE('',*,*,#452,.F.);
#452 = EDGE_CURVE('',#453,#444,#455,.T.);
#453 = VERTEX_POINT('',#454);
#454 = CARTESIAN_POINT('',(-0.13095430825,0.377146791398,0.365679812635)
  );
#455 = B_SPLINE_CURVE_WITH_KNOTS('',1,(#456,#457),.UNSPECIFIED.,.F.,.F.,
  (2,2),(-7.423871535614E-03,1.819323438072E-17),
  .PIECEWISE_BEZIER_KNOTS.);
#456 = CARTESIAN_POINT('',(-0.13095430825,0.37714679128,0.365679812622)
  );
#457 = CARTESIAN_POINT('',(-0.131006959672,0.376326982435,0.373058092223
    ));
#458 = ORIENTED_EDGE('',*,*,#459,.F.);
#459 = EDGE_CURVE('',#460,#453,#462,.T.);
#460 = VERTEX_POINT('',#461);
#461 = CARTESIAN_POINT('',(-0.119903508606,0.37679021662,0.368888985642)
  );
#462 = B_SPLINE_CURVE_WITH_KNOTS('',3,(#463,#464,#465,#466),
  .UNSPECIFIED.,.F.,.F.,(4,4),(10.,11.),.PIECEWISE_BEZIER_KNOTS.);
#463 = CARTESIAN_POINT('',(-0.119903508606,0.37679021662,0.368888985642)
  );
#464 = CARTESIAN_POINT('',(-0.124036442378,0.376793453496,0.368859852669
    ));
#465 = CARTESIAN_POINT('',(-0.1277095712,0.376913451804,0.367779867904)
  );
#466 = CARTESIAN_POINT('',(-0.13095430825,0.377146791398,0.365679812635)
  );
#467 = ORIENTED_EDGE('',*,*,#468,.F.);
#468 = EDGE_CURVE('',#469,#460,#471,.T.);
#469 = VERTEX_POINT('',#470);
#470 = CARTESIAN_POINT('',(-0.113871958005,0.376964619498,0.367319359735
    ));
#471 = B_SPLINE_CURVE_WITH_KNOTS('',3,(#472,#473,#474,#475),
  .UNSPECIFIED.,.F.,.F.,(4,4),(11.,12.),.PIECEWISE_BEZIER_KNOTS.);
#472 = CARTESIAN_POINT('',(-0.113871958005,0.376964619498,0.367319359735
    ));
#473 = CARTESIAN_POINT('',(-0.115423702535,0.376845268548,0.368393517204
    ));
#474 = CARTESIAN_POINT('',(-0.117439344319,0.376788286519,0.368906355469
    ));
#475 = CARTESIAN_POINT('',(-0.119903508606,0.37679021662,0.368888985642)
  );
#476 = ORIENTED_EDGE('',*,*,#477,.F.);
#477 = EDGE_CURVE('',#478,#469,#480,.T.);
#478 = VERTEX_POINT('',#479);
#479 = CARTESIAN_POINT('',(-0.11151807098,0.377431261648,0.36311958039)
  );
#480 = B_SPLINE_CURVE_WITH_KNOTS('',3,(#481,#482,#483,#484),
  .UNSPECIFIED.,.F.,.F.,(4,4),(12.,13.),.PIECEWISE_BEZIER_KNOTS.);
#481 = CARTESIAN_POINT('',(-0.11151807098,0.377431261648,0.36311958039)
  );
#482 = CARTESIAN_POINT('',(-0.11153045955,0.377238365331,0.364855646162)
  );
#483 = CARTESIAN_POINT('',(-0.1123204347,0.377080525636,0.366276203415)
  );
#484 = CARTESIAN_POINT('',(-0.113871958005,0.376964619498,0.367319359735
    ));
#485 = ORIENTED_EDGE('',*,*,#486,.F.);
#486 = EDGE_CURVE('',#487,#478,#489,.T.);
#487 = VERTEX_POINT('',#488);
#488 = CARTESIAN_POINT('',(-0.113158081285,0.377880363407,0.359077664555
    ));
#489 = B_SPLINE_CURVE_WITH_KNOTS('',3,(#490,#491,#492,#493),
  .UNSPECIFIED.,.F.,.F.,(4,4),(13.,14.),.PIECEWISE_BEZIER_KNOTS.);
#490 = CARTESIAN_POINT('',(-0.113158081285,0.377880363407,0.359077664555
    ));
#491 = CARTESIAN_POINT('',(-0.112057624912,0.377772714194,0.360046506393
    ));
#492 = CARTESIAN_POINT('',(-0.11150568241,0.377624157727,0.361383514591)
  );
#493 = CARTESIAN_POINT('',(-0.11151807098,0.377431261648,0.36311958039)
  );
#494 = ORIENTED_EDGE('',*,*,#495,.F.);
#495 = EDGE_CURVE('',#496,#487,#498,.T.);
#496 = VERTEX_POINT('',#497);
#497 = CARTESIAN_POINT('',(-0.120555219164,0.37829952678,0.355305194194)
  );
#498 = B_SPLINE_CURVE_WITH_KNOTS('',3,(#499,#500,#501,#502),
  .UNSPECIFIED.,.F.,.F.,(4,4),(14.,15.),.PIECEWISE_BEZIER_KNOTS.);
#499 = CARTESIAN_POINT('',(-0.120555219164,0.37829952678,0.355305194194)
  );
#500 = CARTESIAN_POINT('',(-0.116729227719,0.378131182154,0.35682029475)
  );
#501 = CARTESIAN_POINT('',(-0.114273912411,0.377991469173,0.358077711579
    ));
#502 = CARTESIAN_POINT('',(-0.113158081285,0.377880363407,0.359077664555
    ));
#503 = ORIENTED_EDGE('',*,*,#504,.F.);
#504 = EDGE_CURVE('',#505,#496,#507,.T.);
#505 = VERTEX_POINT('',#506);
#506 = CARTESIAN_POINT('',(-0.130371834683,0.378930714779,0.349624502206
    ));
#507 = B_SPLINE_CURVE_WITH_KNOTS('',3,(#508,#509,#510,#511),
  .UNSPECIFIED.,.F.,.F.,(4,4),(15.,16.),.PIECEWISE_BEZIER_KNOTS.);
#508 = CARTESIAN_POINT('',(-0.130371834683,0.378930714779,0.349624502206
    ));
#509 = CARTESIAN_POINT('',(-0.128669993185,0.378715807354,0.351558667953
    ));
#510 = CARTESIAN_POINT('',(-0.125408332812,0.378503123114,0.353472826108
    ));
#511 = CARTESIAN_POINT('',(-0.120555219164,0.37829952678,0.355305194194)
  );
#512 = ORIENTED_EDGE('',*,*,#513,.F.);
#513 = EDGE_CURVE('',#514,#505,#516,.T.);
#514 = VERTEX_POINT('',#515);
#515 = CARTESIAN_POINT('',(-0.132878471978,0.37972841487,0.342445201387)
  );
#516 = B_SPLINE_CURVE_WITH_KNOTS('',3,(#517,#518,#519,#520),
  .UNSPECIFIED.,.F.,.F.,(4,4),(16.,17.),.PIECEWISE_BEZIER_KNOTS.);
#517 = CARTESIAN_POINT('',(-0.132878471978,0.37972841487,0.342445201387)
  );
#518 = CARTESIAN_POINT('',(-0.132898824629,0.379411513854,0.34529730945)
  );
#519 = CARTESIAN_POINT('',(-0.132058080205,0.379145609752,0.347690446368
    ));
#520 = CARTESIAN_POINT('',(-0.130371834683,0.378930714779,0.349624502206
    ));
#521 = ORIENTED_EDGE('',*,*,#522,.F.);
#522 = EDGE_CURVE('',#523,#514,#525,.T.);
#523 = VERTEX_POINT('',#524);
#524 = CARTESIAN_POINT('',(-0.127898929593,0.380764828762,0.333117476361
    ));
#525 = B_SPLINE_CURVE_WITH_KNOTS('',3,(#526,#527,#528,#529),
  .UNSPECIFIED.,.F.,.F.,(4,4),(17.,18.),.PIECEWISE_BEZIER_KNOTS.);
#526 = CARTESIAN_POINT('',(-0.127898929593,0.380764828762,0.333117476361
    ));
#527 = CARTESIAN_POINT('',(-0.131190234044,0.380515939837,0.335357475607
    ));
#528 = CARTESIAN_POINT('',(-0.132850155247,0.380169320348,0.338477051007
    ));
#529 = CARTESIAN_POINT('',(-0.132878471978,0.37972841487,0.342445201387)
  );
#530 = ORIENTED_EDGE('',*,*,#531,.F.);
#531 = EDGE_CURVE('',#532,#523,#534,.T.);
#532 = VERTEX_POINT('',#533);
#533 = CARTESIAN_POINT('',(-0.115179248808,0.381137233511,0.329765833623
    ));
#534 = B_SPLINE_CURVE_WITH_KNOTS('',3,(#535,#536,#537,#538),
  .UNSPECIFIED.,.F.,.F.,(4,4),(18.,19.),.PIECEWISE_BEZIER_KNOTS.);
#535 = CARTESIAN_POINT('',(-0.115179248808,0.381137233511,0.329765833623
    ));
#536 = CARTESIAN_POINT('',(-0.120372708982,0.381141301013,0.329729225022
    ));
#537 = CARTESIAN_POINT('',(-0.124622999895,0.38101717424,0.330846365978)
  );
#538 = CARTESIAN_POINT('',(-0.127898929593,0.380764828762,0.333117476361
    ));
#539 = ORIENTED_EDGE('',*,*,#540,.F.);
#540 = EDGE_CURVE('',#541,#532,#543,.T.);
#541 = VERTEX_POINT('',#542);
#542 = CARTESIAN_POINT('',(-0.103375639028,0.380845519334,0.33239126121)
  );
#543 = B_SPLINE_CURVE_WITH_KNOTS('',3,(#544,#545,#546,#547),
  .UNSPECIFIED.,.F.,.F.,(4,4),(19.,20.),.PIECEWISE_BEZIER_KNOTS.);
#544 = CARTESIAN_POINT('',(-0.103375639028,0.380845519334,0.33239126121)
  );
#545 = CARTESIAN_POINT('',(-0.10673242383,0.381034164721,0.33069345165)
  );
#546 = CARTESIAN_POINT('',(-0.110656415623,0.38113369102,0.329797714962)
  );
#547 = CARTESIAN_POINT('',(-0.115179248808,0.381137233511,0.329765833623
    ));
#548 = ORIENTED_EDGE('',*,*,#549,.F.);
#549 = EDGE_CURVE('',#372,#541,#550,.T.);
#550 = B_SPLINE_CURVE_WITH_KNOTS('',1,(#551,#552),.UNSPECIFIED.,.F.,.F.,
  (2,2),(-7.891762584584E-03,-7.978877537802E-17),
  .PIECEWISE_BEZIER_KNOTS.);
#551 = CARTESIAN_POINT('',(-0.103431608817,0.379974041748,0.340234558405
    ));
#552 = CARTESIAN_POINT('',(-0.103375639028,0.380845519216,0.332391261197
    ));
#553 = FACE_BOUND('',#554,.T.);
#554 = EDGE_LOOP('',(#555,#566,#575,#582,#589,#596,#603,#612,#621,#630,
    #639,#646,#655,#664));
#555 = ORIENTED_EDGE('',*,*,#556,.F.);
#556 = EDGE_CURVE('',#557,#559,#561,.T.);
#557 = VERTEX_POINT('',#558);
#558 = CARTESIAN_POINT('',(-7.757326412652E-02,0.376071557716,
    0.375356914692));
#559 = VERTEX_POINT('',#560);
#560 = CARTESIAN_POINT('',(-6.254117555422E-02,0.376507601676,
    0.37143252013));
#561 = B_SPLINE_CURVE_WITH_KNOTS('',3,(#562,#563,#564,#565),
  .UNSPECIFIED.,.F.,.F.,(4,4),(0.,1.),.PIECEWISE_BEZIER_KNOTS.);
#562 = CARTESIAN_POINT('',(-7.757326412652E-02,0.376071557716,
    0.375356914692));
#563 = CARTESIAN_POINT('',(-7.189632868091E-02,0.376067111428,
    0.375396931286));
#564 = CARTESIAN_POINT('',(-6.688050757273E-02,0.376211307112,
    0.374099170131));
#565 = CARTESIAN_POINT('',(-6.254117555422E-02,0.376507601676,
    0.37143252013));
#566 = ORIENTED_EDGE('',*,*,#567,.F.);
#567 = EDGE_CURVE('',#568,#557,#570,.T.);
#568 = VERTEX_POINT('',#569);
#569 = CARTESIAN_POINT('',(-9.320795142529E-02,0.377909519798,
    0.35881525704));
#570 = B_SPLINE_CURVE_WITH_KNOTS('',3,(#571,#572,#573,#574),
  .UNSPECIFIED.,.F.,.F.,(4,4),(1.,2.),.PIECEWISE_BEZIER_KNOTS.);
#571 = CARTESIAN_POINT('',(-9.320795142529E-02,0.377909519798,
    0.35881525704));
#572 = CARTESIAN_POINT('',(-9.328626488502E-02,0.376690140139,
    0.369789672884));
#573 = CARTESIAN_POINT('',(-8.806935631022E-02,0.376079778463,
    0.375282927968));
#574 = CARTESIAN_POINT('',(-7.757326412652E-02,0.376071557716,
    0.375356914692));
#575 = ORIENTED_EDGE('',*,*,#576,.F.);
#576 = EDGE_CURVE('',#577,#568,#579,.T.);
#577 = VERTEX_POINT('',#578);
#578 = CARTESIAN_POINT('',(-9.300907063342E-02,0.381006192698,
    0.330945200938));
#579 = B_SPLINE_CURVE_WITH_KNOTS('',1,(#580,#581),.UNSPECIFIED.,.F.,.F.,
  (2,2),(-2.804227101597E-02,1.839008124428E-17),
  .PIECEWISE_BEZIER_KNOTS.);
#580 = CARTESIAN_POINT('',(-9.300907063342E-02,0.381006192579,
    0.330945200925));
#581 = CARTESIAN_POINT('',(-9.320795142529E-02,0.377909519679,
    0.358815257027));
#582 = ORIENTED_EDGE('',*,*,#583,.F.);
#583 = EDGE_CURVE('',#584,#577,#586,.T.);
#584 = VERTEX_POINT('',#585);
#585 = CARTESIAN_POINT('',(-8.536704214899E-02,0.381000207308,
    0.330999069443));
#586 = B_SPLINE_CURVE_WITH_KNOTS('',1,(#587,#588),.UNSPECIFIED.,.F.,.F.,
  (2,2),(-7.642220684954E-03,1.460368588832E-17),
  .PIECEWISE_BEZIER_KNOTS.);
#587 = CARTESIAN_POINT('',(-8.536704214899E-02,0.38100020719,
    0.33099906943));
#588 = CARTESIAN_POINT('',(-9.300907063352E-02,0.381006192578,
    0.330945200938));
#589 = ORIENTED_EDGE('',*,*,#590,.F.);
#590 = EDGE_CURVE('',#591,#584,#593,.T.);
#591 = VERTEX_POINT('',#592);
#592 = CARTESIAN_POINT('',(-8.541482663289E-02,0.380256179115,
    0.337695323186));
#593 = B_SPLINE_CURVE_WITH_KNOTS('',1,(#594,#595),.UNSPECIFIED.,.F.,.F.,
  (2,2),(-6.737631297541E-03,-1.83900813396E-17),
  .PIECEWISE_BEZIER_KNOTS.);
#594 = CARTESIAN_POINT('',(-8.541482663289E-02,0.380256178996,
    0.337695323173));
#595 = CARTESIAN_POINT('',(-8.536704214899E-02,0.38100020719,
    0.33099906943));
#596 = ORIENTED_EDGE('',*,*,#597,.F.);
#597 = EDGE_CURVE('',#598,#591,#600,.T.);
#598 = VERTEX_POINT('',#599);
#599 = CARTESIAN_POINT('',(-8.521207893843E-02,0.380256020319,
    0.33769675235));
#600 = B_SPLINE_CURVE_WITH_KNOTS('',1,(#601,#602),.UNSPECIFIED.,.F.,.F.,
  (2,2),(-2.027527936582E-04,1.043439180078E-18),
  .PIECEWISE_BEZIER_KNOTS.);
#601 = CARTESIAN_POINT('',(-8.521207893843E-02,0.3802560202,
    0.337696752337));
#602 = CARTESIAN_POINT('',(-8.541482663289E-02,0.380256178996,
    0.337695323173));
#603 = ORIENTED_EDGE('',*,*,#604,.F.);
#604 = EDGE_CURVE('',#605,#598,#607,.T.);
#605 = VERTEX_POINT('',#606);
#606 = CARTESIAN_POINT('',(-7.180683816418E-02,0.38110326338,
    0.330071564798));
#607 = B_SPLINE_CURVE_WITH_KNOTS('',3,(#608,#609,#610,#611),
  .UNSPECIFIED.,.F.,.F.,(4,4),(6.,7.),.PIECEWISE_BEZIER_KNOTS.);
#608 = CARTESIAN_POINT('',(-7.180683816418E-02,0.38110326338,
    0.330071564798));
#609 = CARTESIAN_POINT('',(-7.768652130424E-02,0.381107868346,
    0.330030119027));
#610 = CARTESIAN_POINT('',(-8.216533221345E-02,0.380825462135,
    0.33257177492));
#611 = CARTESIAN_POINT('',(-8.521207893843E-02,0.380256020319,
    0.33769675235));
#612 = ORIENTED_EDGE('',*,*,#613,.F.);
#613 = EDGE_CURVE('',#614,#605,#616,.T.);
#614 = VERTEX_POINT('',#615);
#615 = CARTESIAN_POINT('',(-6.175617203676E-02,0.380716469193,
    0.333552712479));
#616 = B_SPLINE_CURVE_WITH_KNOTS('',3,(#617,#618,#619,#620),
  .UNSPECIFIED.,.F.,.F.,(4,4),(7.,8.),.PIECEWISE_BEZIER_KNOTS.);
#617 = CARTESIAN_POINT('',(-6.175617203676E-02,0.380716469193,
    0.333552712479));
#618 = CARTESIAN_POINT('',(-6.423537889069E-02,0.38096987746,
    0.331272036999));
#619 = CARTESIAN_POINT('',(-6.758032853299E-02,0.381099952975,
    0.330101357358));
#620 = CARTESIAN_POINT('',(-7.180683816418E-02,0.38110326338,
    0.330071564798));
#621 = ORIENTED_EDGE('',*,*,#622,.F.);
#622 = EDGE_CURVE('',#623,#614,#625,.T.);
#623 = VERTEX_POINT('',#624);
#624 = CARTESIAN_POINT('',(-5.807884134226E-02,0.379690498808,
    0.342786445944));
#625 = B_SPLINE_CURVE_WITH_KNOTS('',3,(#626,#627,#628,#629),
  .UNSPECIFIED.,.F.,.F.,(4,4),(8.,9.),.PIECEWISE_BEZIER_KNOTS.);
#626 = CARTESIAN_POINT('',(-5.807884134226E-02,0.379690498808,
    0.342786445944));
#627 = CARTESIAN_POINT('',(-5.805118828445E-02,0.380121070561,
    0.338911299088));
#628 = CARTESIAN_POINT('',(-5.927696518261E-02,0.380463060689,
    0.335833387933));
#629 = CARTESIAN_POINT('',(-6.175617203676E-02,0.380716469193,
    0.333552712479));
#630 = ORIENTED_EDGE('',*,*,#631,.F.);
#631 = EDGE_CURVE('',#632,#623,#634,.T.);
#632 = VERTEX_POINT('',#633);
#633 = CARTESIAN_POINT('',(-7.263718991166E-02,0.378131095998,
    0.356821071233));
#634 = B_SPLINE_CURVE_WITH_KNOTS('',3,(#635,#636,#637,#638),
  .UNSPECIFIED.,.F.,.F.,(4,4),(9.,10.),.PIECEWISE_BEZIER_KNOTS.);
#635 = CARTESIAN_POINT('',(-7.263718991166E-02,0.378131095998,
    0.356821071233));
#636 = CARTESIAN_POINT('',(-6.298936378358E-02,0.378271663686,
    0.355555960967));
#637 = CARTESIAN_POINT('',(-5.813658092697E-02,0.378791464622,
    0.350877752537));
#638 = CARTESIAN_POINT('',(-5.807884134226E-02,0.379690498808,
    0.342786445944));
#639 = ORIENTED_EDGE('',*,*,#640,.F.);
#640 = EDGE_CURVE('',#641,#632,#643,.T.);
#641 = VERTEX_POINT('',#642);
#642 = CARTESIAN_POINT('',(-8.556348947169E-02,0.377941424734,
    0.35852811261));
#643 = B_SPLINE_CURVE_WITH_KNOTS('',1,(#644,#645),.UNSPECIFIED.,.F.,.F.,
  (2,2),(-1.303990742941E-02,1.133457643522E-17),
  .PIECEWISE_BEZIER_KNOTS.);
#644 = CARTESIAN_POINT('',(-8.556348947169E-02,0.377941424616,
    0.358528112597));
#645 = CARTESIAN_POINT('',(-7.263718991166E-02,0.37813109588,
    0.356821071219));
#646 = ORIENTED_EDGE('',*,*,#647,.F.);
#647 = EDGE_CURVE('',#648,#641,#650,.T.);
#648 = VERTEX_POINT('',#649);
#649 = CARTESIAN_POINT('',(-7.681182553951E-02,0.37675646636,
    0.369192737975));
#650 = B_SPLINE_CURVE_WITH_KNOTS('',3,(#651,#652,#653,#654),
  .UNSPECIFIED.,.F.,.F.,(4,4),(11.,12.),.PIECEWISE_BEZIER_KNOTS.);
#651 = CARTESIAN_POINT('',(-7.681182553951E-02,0.37675646636,
    0.369192737975));
#652 = CARTESIAN_POINT('',(-8.269150867958E-02,0.376761071326,
    0.369151292204));
#653 = CARTESIAN_POINT('',(-8.561392864913E-02,0.377156061522,
    0.365596380437));
#654 = CARTESIAN_POINT('',(-8.556348947169E-02,0.377941424734,
    0.35852811261));
#655 = ORIENTED_EDGE('',*,*,#656,.F.);
#656 = EDGE_CURVE('',#657,#648,#659,.T.);
#657 = VERTEX_POINT('',#658);
#658 = CARTESIAN_POINT('',(-6.248852413214E-02,0.377327410519,
    0.364054240543));
#659 = B_SPLINE_CURVE_WITH_KNOTS('',3,(#660,#661,#662,#663),
  .UNSPECIFIED.,.F.,.F.,(4,4),(12.,13.),.PIECEWISE_BEZIER_KNOTS.);
#660 = CARTESIAN_POINT('',(-6.248852413214E-02,0.377327410519,
    0.364054240543));
#661 = CARTESIAN_POINT('',(-6.681779078574E-02,0.376944989366,
    0.367496029848));
#662 = CARTESIAN_POINT('',(-7.158717341228E-02,0.376752374191,
    0.36922956642));
#663 = CARTESIAN_POINT('',(-7.681182553951E-02,0.37675646636,
    0.369192737975));
#664 = ORIENTED_EDGE('',*,*,#665,.F.);
#665 = EDGE_CURVE('',#559,#657,#666,.T.);
#666 = B_SPLINE_CURVE_WITH_KNOTS('',1,(#667,#668),.UNSPECIFIED.,.F.,.F.,
  (2,2),(-7.423871522777E-03,3.66817381787E-17),
  .PIECEWISE_BEZIER_KNOTS.);
#667 = CARTESIAN_POINT('',(-6.254117555422E-02,0.376507601558,
    0.371432520117));
#668 = CARTESIAN_POINT('',(-6.248852413214E-02,0.377327410401,
    0.36405424053));
#669 = FACE_BOUND('',#670,.T.);
#670 = EDGE_LOOP('',(#671,#682,#689,#696,#703,#712,#721));
#671 = ORIENTED_EDGE('',*,*,#672,.F.);
#672 = EDGE_CURVE('',#673,#675,#677,.T.);
#673 = VERTEX_POINT('',#674);
#674 = CARTESIAN_POINT('',(-0.17223686779,0.370379191574,0.426588209975)
  );
#675 = VERTEX_POINT('',#676);
#676 = CARTESIAN_POINT('',(-0.195987771594,0.369453932734,0.434915539529
    ));
#677 = B_SPLINE_CURVE_WITH_KNOTS('',3,(#678,#679,#680,#681),
  .UNSPECIFIED.,.F.,.F.,(4,4),(5.,6.),.PIECEWISE_BEZIER_KNOTS.);
#678 = CARTESIAN_POINT('',(-0.17223686779,0.370379191574,0.426588209975)
  );
#679 = CARTESIAN_POINT('',(-0.181890777242,0.370386752707,0.426520159779
    ));
#680 = CARTESIAN_POINT('',(-0.189818068753,0.370079489429,0.429285529281
    ));
#681 = CARTESIAN_POINT('',(-0.195987771594,0.369453932734,0.434915539529
    ));
#682 = ORIENTED_EDGE('',*,*,#683,.F.);
#683 = EDGE_CURVE('',#684,#673,#686,.T.);
#684 = VERTEX_POINT('',#685);
#685 = CARTESIAN_POINT('',(-0.155455597077,0.37036604815,0.426706500786)
  );
#686 = B_SPLINE_CURVE_WITH_KNOTS('',1,(#687,#688),.UNSPECIFIED.,.F.,.F.,
  (2,2),(-1.678169276936E-02,-2.779835390703E-17),
  .PIECEWISE_BEZIER_KNOTS.);
#687 = CARTESIAN_POINT('',(-0.155455597077,0.37036604815,0.426706500786)
  );
#688 = CARTESIAN_POINT('',(-0.17223686779,0.370379191574,0.426588209975)
  );
#689 = ORIENTED_EDGE('',*,*,#690,.F.);
#690 = EDGE_CURVE('',#691,#684,#693,.T.);
#691 = VERTEX_POINT('',#692);
#692 = CARTESIAN_POINT('',(-0.155888312125,0.363628459626,0.487344798585
    ));
#693 = B_SPLINE_CURVE_WITH_KNOTS('',1,(#694,#695),.UNSPECIFIED.,.F.,.F.,
  (2,2),(-6.10129945294E-02,0.),.PIECEWISE_BEZIER_KNOTS.);
#694 = CARTESIAN_POINT('',(-0.155888312125,0.363628459507,0.487344798572
    ));
#695 = CARTESIAN_POINT('',(-0.155455597077,0.37036604815,0.426706500786)
  );
#696 = ORIENTED_EDGE('',*,*,#697,.F.);
#697 = EDGE_CURVE('',#698,#691,#700,.T.);
#698 = VERTEX_POINT('',#699);
#699 = CARTESIAN_POINT('',(-0.173293421898,0.363642091534,0.487222110334
    ));
#700 = B_SPLINE_CURVE_WITH_KNOTS('',1,(#701,#702),.UNSPECIFIED.,.F.,.F.,
  (2,2),(-1.740554751927E-02,8.695263692074E-20),
  .PIECEWISE_BEZIER_KNOTS.);
#701 = CARTESIAN_POINT('',(-0.173293421898,0.363642091534,0.487222110334
    ));
#702 = CARTESIAN_POINT('',(-0.155888312125,0.363628459507,0.487344798572
    ));
#703 = ORIENTED_EDGE('',*,*,#704,.F.);
#704 = EDGE_CURVE('',#705,#698,#707,.T.);
#705 = VERTEX_POINT('',#706);
#706 = CARTESIAN_POINT('',(-0.196302574004,0.364552302551,0.47903021118)
  );
#707 = B_SPLINE_CURVE_WITH_KNOTS('',3,(#708,#709,#710,#711),
  .UNSPECIFIED.,.F.,.F.,(4,4),(2.,3.),.PIECEWISE_BEZIER_KNOTS.);
#708 = CARTESIAN_POINT('',(-0.196302574004,0.364552302551,0.47903021118)
  );
#709 = CARTESIAN_POINT('',(-0.190211627072,0.363951590555,0.484436619139
    ));
#710 = CARTESIAN_POINT('',(-0.182541835962,0.363649335075,0.487156918465
    ));
#711 = CARTESIAN_POINT('',(-0.173293421898,0.363642091534,0.487222110334
    ));
#712 = ORIENTED_EDGE('',*,*,#713,.F.);
#713 = EDGE_CURVE('',#714,#705,#716,.T.);
#714 = VERTEX_POINT('',#715);
#715 = CARTESIAN_POINT('',(-0.205350670362,0.366950044476,0.457450533851
    ));
#716 = B_SPLINE_CURVE_WITH_KNOTS('',3,(#717,#718,#719,#720),
  .UNSPECIFIED.,.F.,.F.,(4,4),(3.,4.),.PIECEWISE_BEZIER_KNOTS.);
#717 = CARTESIAN_POINT('',(-0.205350670362,0.366950044476,0.457450533851
    ));
#718 = CARTESIAN_POINT('',(-0.205414825456,0.365951117735,0.466440874525
    ));
#719 = CARTESIAN_POINT('',(-0.202393520937,0.365153014546,0.473623803221
    ));
#720 = CARTESIAN_POINT('',(-0.196302574004,0.364552302551,0.47903021118)
  );
#721 = ORIENTED_EDGE('',*,*,#722,.F.);
#722 = EDGE_CURVE('',#675,#714,#723,.T.);
#723 = B_SPLINE_CURVE_WITH_KNOTS('',3,(#724,#725,#726,#727),
  .UNSPECIFIED.,.F.,.F.,(4,4),(4.,5.),.PIECEWISE_BEZIER_KNOTS.);
#724 = CARTESIAN_POINT('',(-0.195987771594,0.369453932734,0.434915539529
    ));
#725 = CARTESIAN_POINT('',(-0.202157474435,0.36882837604,0.440545549777)
  );
#726 = CARTESIAN_POINT('',(-0.20528363935,0.367993750692,0.448057177906)
  );
#727 = CARTESIAN_POINT('',(-0.205350670362,0.366950044476,0.457450533851
    ));
#728 = FACE_BOUND('',#729,.T.);
#729 = EDGE_LOOP('',(#730,#741,#750,#759,#768,#777,#786,#793,#802,#811,
    #820,#829,#838,#847));
#730 = ORIENTED_EDGE('',*,*,#731,.F.);
#731 = EDGE_CURVE('',#732,#734,#736,.T.);
#732 = VERTEX_POINT('',#733);
#733 = CARTESIAN_POINT('',(-8.200684333563E-02,0.370422198324,
    0.426201149219));
#734 = VERTEX_POINT('',#735);
#735 = CARTESIAN_POINT('',(-9.892250547274E-02,0.370042745827,
    0.429616222779));
#736 = B_SPLINE_CURVE_WITH_KNOTS('',3,(#737,#738,#739,#740),
  .UNSPECIFIED.,.F.,.F.,(4,4),(0.,1.),.PIECEWISE_BEZIER_KNOTS.);
#737 = CARTESIAN_POINT('',(-8.200684333563E-02,0.370422198324,
    0.426201149219));
#738 = CARTESIAN_POINT('',(-8.877549713617E-02,0.370427499668,
    0.426153437126));
#739 = CARTESIAN_POINT('',(-9.44140511819E-02,0.370301015462,
    0.427291794979));
#740 = CARTESIAN_POINT('',(-9.892250547274E-02,0.370042745827,
    0.429616222779));
#741 = ORIENTED_EDGE('',*,*,#742,.F.);
#742 = EDGE_CURVE('',#743,#732,#745,.T.);
#743 = VERTEX_POINT('',#744);
#744 = CARTESIAN_POINT('',(-6.110491785246E-02,0.369486079862,
    0.434626216465));
#745 = B_SPLINE_CURVE_WITH_KNOTS('',3,(#746,#747,#748,#749),
  .UNSPECIFIED.,.F.,.F.,(4,4),(1.,2.),.PIECEWISE_BEZIER_KNOTS.);
#746 = CARTESIAN_POINT('',(-6.110491785246E-02,0.369486079862,
    0.434626216465));
#747 = CARTESIAN_POINT('',(-6.629019202538E-02,0.370103306139,
    0.42907117889));
#748 = CARTESIAN_POINT('',(-7.325750051969E-02,0.370415345666,
    0.426262823145));
#749 = CARTESIAN_POINT('',(-8.200684333563E-02,0.370422198324,
    0.426201149219));
#750 = ORIENTED_EDGE('',*,*,#751,.F.);
#751 = EDGE_CURVE('',#752,#743,#754,.T.);
#752 = VERTEX_POINT('',#753);
#753 = CARTESIAN_POINT('',(-5.343214334494E-02,0.367044633388,
    0.456599234724));
#754 = B_SPLINE_CURVE_WITH_KNOTS('',3,(#755,#756,#757,#758),
  .UNSPECIFIED.,.F.,.F.,(4,4),(2.,3.),.PIECEWISE_BEZIER_KNOTS.);
#755 = CARTESIAN_POINT('',(-5.343214334494E-02,0.367044633388,
    0.456599234724));
#756 = CARTESIAN_POINT('',(-5.336732457743E-02,0.368053893736,
    0.447515890513));
#757 = CARTESIAN_POINT('',(-5.591964367955E-02,0.368868853347,
    0.440181254013));
#758 = CARTESIAN_POINT('',(-6.110491785246E-02,0.369486079862,
    0.434626216465));
#759 = ORIENTED_EDGE('',*,*,#760,.F.);
#760 = EDGE_CURVE('',#761,#752,#763,.T.);
#761 = VERTEX_POINT('',#762);
#762 = CARTESIAN_POINT('',(-6.241200065829E-02,0.364433657929,
    0.480098013855));
#763 = B_SPLINE_CURVE_WITH_KNOTS('',3,(#764,#765,#766,#767),
  .UNSPECIFIED.,.F.,.F.,(4,4),(3.,4.),.PIECEWISE_BEZIER_KNOTS.);
#764 = CARTESIAN_POINT('',(-6.241200065829E-02,0.364433657929,
    0.480098013855));
#765 = CARTESIAN_POINT('',(-5.648984242143E-02,0.365090411121,
    0.474187234051));
#766 = CARTESIAN_POINT('',(-5.350182905062E-02,0.365959592154,
    0.466364604753));
#767 = CARTESIAN_POINT('',(-5.343214334494E-02,0.367044633388,
    0.456599234724));
#768 = ORIENTED_EDGE('',*,*,#769,.F.);
#769 = EDGE_CURVE('',#770,#761,#772,.T.);
#770 = VERTEX_POINT('',#771);
#771 = CARTESIAN_POINT('',(-8.488713153256E-02,0.363459173404,
    0.488868374582));
#772 = B_SPLINE_CURVE_WITH_KNOTS('',3,(#773,#774,#775,#776),
  .UNSPECIFIED.,.F.,.F.,(4,4),(4.,5.),.PIECEWISE_BEZIER_KNOTS.);
#773 = CARTESIAN_POINT('',(-8.488713153256E-02,0.363459173404,
    0.488868374582));
#774 = CARTESIAN_POINT('',(-7.582586918679E-02,0.363452076325,
    0.488932247209));
#775 = CARTESIAN_POINT('',(-6.833415889537E-02,0.3637769045,
    0.486008793634));
#776 = CARTESIAN_POINT('',(-6.241200065829E-02,0.364433657929,
    0.480098013855));
#777 = ORIENTED_EDGE('',*,*,#778,.F.);
#778 = EDGE_CURVE('',#779,#770,#781,.T.);
#779 = VERTEX_POINT('',#780);
#780 = CARTESIAN_POINT('',(-9.932690379027E-02,0.363746062778,
    0.486286370212));
#781 = B_SPLINE_CURVE_WITH_KNOTS('',3,(#782,#783,#784,#785),
  .UNSPECIFIED.,.F.,.F.,(4,4),(5.,6.),.PIECEWISE_BEZIER_KNOTS.);
#782 = CARTESIAN_POINT('',(-9.932690379027E-02,0.363746062778,
    0.486286370212));
#783 = CARTESIAN_POINT('',(-9.5533210421E-02,0.363560519708,
    0.48795625677));
#784 = CARTESIAN_POINT('',(-9.072002674318E-02,0.363463741724,
    0.488827258618));
#785 = CARTESIAN_POINT('',(-8.488713153256E-02,0.363459173404,
    0.488868374582));
#786 = ORIENTED_EDGE('',*,*,#787,.F.);
#787 = EDGE_CURVE('',#788,#779,#790,.T.);
#788 = VERTEX_POINT('',#789);
#789 = CARTESIAN_POINT('',(-9.926850053208E-02,0.364655430572,
    0.478102060068));
#790 = B_SPLINE_CURVE_WITH_KNOTS('',1,(#791,#792),.UNSPECIFIED.,.F.,.F.,
  (2,2),(-8.23488271025E-03,-3.668173764718E-17),
  .PIECEWISE_BEZIER_KNOTS.);
#791 = CARTESIAN_POINT('',(-9.926850053208E-02,0.364655430454,
    0.478102060055));
#792 = CARTESIAN_POINT('',(-9.932690379027E-02,0.36374606266,
    0.486286370199));
#793 = ORIENTED_EDGE('',*,*,#794,.F.);
#794 = EDGE_CURVE('',#795,#788,#797,.T.);
#795 = VERTEX_POINT('',#796);
#796 = CARTESIAN_POINT('',(-8.491467223772E-02,0.364244597573,
    0.481799557064));
#797 = B_SPLINE_CURVE_WITH_KNOTS('',3,(#798,#799,#800,#801),
  .UNSPECIFIED.,.F.,.F.,(4,4),(7.,8.),.PIECEWISE_BEZIER_KNOTS.);
#798 = CARTESIAN_POINT('',(-8.491467223772E-02,0.364244597573,
    0.481799557064));
#799 = CARTESIAN_POINT('',(-9.013932436475E-02,0.364248689505,
    0.481762728592));
#800 = CARTESIAN_POINT('',(-9.491888262052E-02,0.364383333383,
    0.480550933693));
#801 = CARTESIAN_POINT('',(-9.926850053208E-02,0.364655430572,
    0.478102060068));
#802 = ORIENTED_EDGE('',*,*,#803,.F.);
#803 = EDGE_CURVE('',#804,#795,#806,.T.);
#804 = VERTEX_POINT('',#805);
#805 = CARTESIAN_POINT('',(-6.824135558148E-02,0.364979049069,
    0.475189493599));
#806 = B_SPLINE_CURVE_WITH_KNOTS('',3,(#807,#808,#809,#810),
  .UNSPECIFIED.,.F.,.F.,(4,4),(8.,9.),.PIECEWISE_BEZIER_KNOTS.);
#807 = CARTESIAN_POINT('',(-6.824135558148E-02,0.364979049069,
    0.475189493599));
#808 = CARTESIAN_POINT('',(-7.256232666565E-02,0.364482944726,
    0.479654431606));
#809 = CARTESIAN_POINT('',(-7.811482648422E-02,0.36423927168,
    0.481847489014));
#810 = CARTESIAN_POINT('',(-8.491467223772E-02,0.364244597573,
    0.481799557064));
#811 = ORIENTED_EDGE('',*,*,#812,.F.);
#812 = EDGE_CURVE('',#813,#804,#815,.T.);
#813 = VERTEX_POINT('',#814);
#814 = CARTESIAN_POINT('',(-6.170132925648E-02,0.366999438755,
    0.457005986426));
#815 = B_SPLINE_CURVE_WITH_KNOTS('',3,(#816,#817,#818,#819),
  .UNSPECIFIED.,.F.,.F.,(4,4),(9.,10.),.PIECEWISE_BEZIER_KNOTS.);
#816 = CARTESIAN_POINT('',(-6.170132925648E-02,0.366999438755,
    0.457005986426));
#817 = CARTESIAN_POINT('',(-6.175575047425E-02,0.366152073193,
    0.464632275398));
#818 = CARTESIAN_POINT('',(-6.393575924911E-02,0.365478609965,
    0.470693444455));
#819 = CARTESIAN_POINT('',(-6.824135558148E-02,0.364979049069,
    0.475189493599));
#820 = ORIENTED_EDGE('',*,*,#821,.F.);
#821 = EDGE_CURVE('',#822,#813,#824,.T.);
#822 = VERTEX_POINT('',#823);
#823 = CARTESIAN_POINT('',(-6.756674098185E-02,0.368926202178,
    0.439665115614));
#824 = B_SPLINE_CURVE_WITH_KNOTS('',3,(#825,#826,#827,#828),
  .UNSPECIFIED.,.F.,.F.,(4,4),(10.,11.),.PIECEWISE_BEZIER_KNOTS.);
#825 = CARTESIAN_POINT('',(-6.756674098185E-02,0.368926202178,
    0.439665115614));
#826 = CARTESIAN_POINT('',(-6.360469997391E-02,0.368447723654,
    0.443971421253));
#827 = CARTESIAN_POINT('',(-6.164956273226E-02,0.367805469179,
    0.449751711524));
#828 = CARTESIAN_POINT('',(-6.170132925648E-02,0.366999438755,
    0.457005986426));
#829 = ORIENTED_EDGE('',*,*,#830,.F.);
#830 = EDGE_CURVE('',#831,#822,#833,.T.);
#831 = VERTEX_POINT('',#832);
#832 = CARTESIAN_POINT('',(-8.319512512406E-02,0.369648060775,
    0.433168388242));
#833 = B_SPLINE_CURVE_WITH_KNOTS('',3,(#834,#835,#836,#837),
  .UNSPECIFIED.,.F.,.F.,(4,4),(11.,12.),.PIECEWISE_BEZIER_KNOTS.);
#834 = CARTESIAN_POINT('',(-8.319512512406E-02,0.369648060775,
    0.433168388242));
#835 = CARTESIAN_POINT('',(-7.673839085357E-02,0.369643003614,
    0.433213901608));
#836 = CARTESIAN_POINT('',(-7.152900321425E-02,0.369401235891,
    0.435389811123));
#837 = CARTESIAN_POINT('',(-6.756674098185E-02,0.368926202178,
    0.439665115614));
#838 = ORIENTED_EDGE('',*,*,#839,.F.);
#839 = EDGE_CURVE('',#840,#831,#842,.T.);
#840 = VERTEX_POINT('',#841);
#841 = CARTESIAN_POINT('',(-9.897604179276E-02,0.369209158682,
    0.437118507079));
#842 = B_SPLINE_CURVE_WITH_KNOTS('',3,(#843,#844,#845,#846),
  .UNSPECIFIED.,.F.,.F.,(4,4),(12.,13.),.PIECEWISE_BEZIER_KNOTS.);
#843 = CARTESIAN_POINT('',(-9.897604179276E-02,0.369209158682,
    0.437118507079));
#844 = CARTESIAN_POINT('',(-9.44963459857E-02,0.369505343074,
    0.434452846472));
#845 = CARTESIAN_POINT('',(-8.923076802915E-02,0.369652787892,
    0.433125843114));
#846 = CARTESIAN_POINT('',(-8.319512512406E-02,0.369648060775,
    0.433168388242));
#847 = ORIENTED_EDGE('',*,*,#848,.F.);
#848 = EDGE_CURVE('',#734,#840,#849,.T.);
#849 = B_SPLINE_CURVE_WITH_KNOTS('',1,(#850,#851),.UNSPECIFIED.,.F.,.F.,
  (2,2),(-7.548642485847E-03,-4.281176457997E-17),
  .PIECEWISE_BEZIER_KNOTS.);
#850 = CARTESIAN_POINT('',(-9.892250547274E-02,0.370042745708,
    0.429616222766));
#851 = CARTESIAN_POINT('',(-9.897604179276E-02,0.369209158564,
    0.437118507065));
#852 = FACE_BOUND('',#853,.T.);
#853 = EDGE_LOOP('',(#854,#863,#870,#877,#884,#891));
#854 = ORIENTED_EDGE('',*,*,#855,.F.);
#855 = EDGE_CURVE('',#856,#858,#860,.T.);
#856 = VERTEX_POINT('',#857);
#857 = CARTESIAN_POINT('',(-0.550305813266,0.4,0.160000935218));
#858 = VERTEX_POINT('',#859);
#859 = CARTESIAN_POINT('',(-0.55,0.4,0.160000935218));
#860 = B_SPLINE_CURVE_WITH_KNOTS('',1,(#861,#862),.UNSPECIFIED.,.F.,.F.,
  (2,2),(4.969418673368E-02,5.E-02),.PIECEWISE_BEZIER_KNOTS.);
#861 = CARTESIAN_POINT('',(-0.550305813266,0.4,0.160000935218));
#862 = CARTESIAN_POINT('',(-0.55,0.4,0.160000935218));
#863 = ORIENTED_EDGE('',*,*,#864,.T.);
#864 = EDGE_CURVE('',#856,#865,#867,.T.);
#865 = VERTEX_POINT('',#866);
#866 = CARTESIAN_POINT('',(-0.505247860344,0.354942047077,0.565522511522
    ));
#867 = B_SPLINE_CURVE_WITH_KNOTS('',1,(#868,#869),.UNSPECIFIED.,.F.,.F.,
  (2,2),(-0.510437376319,-9.993988900503E-02),.PIECEWISE_BEZIER_KNOTS.);
#868 = CARTESIAN_POINT('',(-0.550305813266,0.4,0.160000935218));
#869 = CARTESIAN_POINT('',(-0.505247860344,0.354942047077,0.565522511522
    ));
#870 = ORIENTED_EDGE('',*,*,#871,.T.);
#871 = EDGE_CURVE('',#865,#872,#874,.T.);
#872 = VERTEX_POINT('',#873);
#873 = CARTESIAN_POINT('',(0.505247860344,0.354942047077,0.565522511522)
  );
#874 = B_SPLINE_CURVE_WITH_KNOTS('',1,(#875,#876),.UNSPECIFIED.,.F.,.F.,
  (2,2),(-1.055247860344,-4.475213965632E-02),.PIECEWISE_BEZIER_KNOTS.);
#875 = CARTESIAN_POINT('',(-0.505247860344,0.354942047077,0.565522511522
    ));
#876 = CARTESIAN_POINT('',(0.505247860344,0.354942047077,0.565522511522)
  );
#877 = ORIENTED_EDGE('',*,*,#878,.T.);
#878 = EDGE_CURVE('',#872,#879,#881,.T.);
#879 = VERTEX_POINT('',#880);
#880 = CARTESIAN_POINT('',(0.550305813266,0.4,0.160000935218));
#881 = B_SPLINE_CURVE_WITH_KNOTS('',1,(#882,#883),.UNSPECIFIED.,.F.,.F.,
  (2,2),(9.993988900503E-02,0.510437376319),.PIECEWISE_BEZIER_KNOTS.);
#882 = CARTESIAN_POINT('',(0.505247860344,0.354942047077,0.565522511522)
  );
#883 = CARTESIAN_POINT('',(0.550305813266,0.4,0.160000935218));
#884 = ORIENTED_EDGE('',*,*,#885,.F.);
#885 = EDGE_CURVE('',#886,#879,#888,.T.);
#886 = VERTEX_POINT('',#887);
#887 = CARTESIAN_POINT('',(0.55,0.4,0.160000935218));
#888 = B_SPLINE_CURVE_WITH_KNOTS('',1,(#889,#890),.UNSPECIFIED.,.F.,.F.,
  (2,2),(1.15,1.150305813266),.PIECEWISE_BEZIER_KNOTS.);
#889 = CARTESIAN_POINT('',(0.55,0.4,0.160000935218));
#890 = CARTESIAN_POINT('',(0.550305813266,0.4,0.160000935218));
#891 = ORIENTED_EDGE('',*,*,#892,.F.);
#892 = EDGE_CURVE('',#858,#886,#893,.T.);
#893 = B_SPLINE_CURVE_WITH_KNOTS('',1,(#894,#895),.UNSPECIFIED.,.F.,.F.,
  (2,2),(5.E-02,1.15),.PIECEWISE_BEZIER_KNOTS.);
#894 = CARTESIAN_POINT('',(-0.55,0.4,0.160000935218));
#895 = CARTESIAN_POINT('',(0.55,0.4,0.160000935218));
#896 = FACE_BOUND('',#897,.T.);
#897 = EDGE_LOOP('',(#898,#907,#914,#921,#928,#935));
#898 = ORIENTED_EDGE('',*,*,#899,.F.);
#899 = EDGE_CURVE('',#900,#902,#904,.T.);
#900 = VERTEX_POINT('',#901);
#901 = CARTESIAN_POINT('',(-5.077794794118E-02,0.369515883686,
    0.434357980961));
#902 = VERTEX_POINT('',#903);
#903 = CARTESIAN_POINT('',(-2.64794165556E-02,0.369496852596,
    0.434529260778));
#904 = B_SPLINE_CURVE_WITH_KNOTS('',1,(#905,#906),.UNSPECIFIED.,.F.,.F.,
  (2,2),(-2.42991425045E-02,0.),.PIECEWISE_BEZIER_KNOTS.);
#905 = CARTESIAN_POINT('',(-5.077794794118E-02,0.369515883686,
    0.434357980961));
#906 = CARTESIAN_POINT('',(-2.64794165556E-02,0.369496852596,
    0.434529260778));
#907 = ORIENTED_EDGE('',*,*,#908,.F.);
#908 = EDGE_CURVE('',#909,#900,#911,.T.);
#909 = VERTEX_POINT('',#910);
#910 = CARTESIAN_POINT('',(-5.072861488604E-02,0.370284023905,
    0.427444718995));
#911 = B_SPLINE_CURVE_WITH_KNOTS('',1,(#912,#913),.UNSPECIFIED.,.F.,.F.,
  (2,2),(-6.955980460135E-03,0.),.PIECEWISE_BEZIER_KNOTS.);
#912 = CARTESIAN_POINT('',(-5.072861488604E-02,0.370284023905,
    0.427444718995));
#913 = CARTESIAN_POINT('',(-5.077794794118E-02,0.369515883686,
    0.434357980961));
#914 = ORIENTED_EDGE('',*,*,#915,.F.);
#915 = EDGE_CURVE('',#916,#909,#918,.T.);
#916 = VERTEX_POINT('',#917);
#917 = CARTESIAN_POINT('',(-1.855411536851E-02,0.370258824318,
    0.427671516352));
#918 = B_SPLINE_CURVE_WITH_KNOTS('',1,(#919,#920),.UNSPECIFIED.,.F.,.F.,
  (2,2),(-3.217530872057E-02,0.),.PIECEWISE_BEZIER_KNOTS.);
#919 = CARTESIAN_POINT('',(-1.855411536851E-02,0.3702588242,
    0.427671516338));
#920 = CARTESIAN_POINT('',(-5.072861488604E-02,0.370284023905,
    0.427444718995));
#921 = ORIENTED_EDGE('',*,*,#922,.F.);
#922 = EDGE_CURVE('',#923,#916,#925,.T.);
#923 = VERTEX_POINT('',#924);
#924 = CARTESIAN_POINT('',(-1.898683041714E-02,0.363521235557,
    0.488309814125));
#925 = B_SPLINE_CURVE_WITH_KNOTS('',1,(#926,#927),.UNSPECIFIED.,.F.,.F.,
  (2,2),(-6.10129945294E-02,3.678016150304E-17),
  .PIECEWISE_BEZIER_KNOTS.);
#926 = CARTESIAN_POINT('',(-1.898683041714E-02,0.363521235557,
    0.488309814125));
#927 = CARTESIAN_POINT('',(-1.855411536851E-02,0.3702588242,
    0.427671516338));
#928 = ORIENTED_EDGE('',*,*,#929,.F.);
#929 = EDGE_CURVE('',#930,#923,#932,.T.);
#930 = VERTEX_POINT('',#931);
#931 = CARTESIAN_POINT('',(-2.686279854909E-02,0.363527404171,
    0.488254296597));
#932 = B_SPLINE_CURVE_WITH_KNOTS('',1,(#933,#934),.UNSPECIFIED.,.F.,.F.,
  (2,2),(-7.876166216068E-03,0.),.PIECEWISE_BEZIER_KNOTS.);
#933 = CARTESIAN_POINT('',(-2.686279854909E-02,0.363527404171,
    0.488254296597));
#934 = CARTESIAN_POINT('',(-1.898683041714E-02,0.363521235557,
    0.488309814125));
#935 = ORIENTED_EDGE('',*,*,#936,.F.);
#936 = EDGE_CURVE('',#902,#930,#937,.T.);
#937 = B_SPLINE_CURVE_WITH_KNOTS('',1,(#938,#939),.UNSPECIFIED.,.F.,.F.,
  (2,2),(-5.405701406927E-02,0.),.PIECEWISE_BEZIER_KNOTS.);
#938 = CARTESIAN_POINT('',(-2.64794165556E-02,0.369496852596,
    0.434529260778));
#939 = CARTESIAN_POINT('',(-2.686279854909E-02,0.363527404171,
    0.488254296597));
#940 = FACE_BOUND('',#941,.T.);
#941 = EDGE_LOOP('',(#942,#951,#958,#965,#972,#979,#986,#993,#1000,#1007
    ,#1014,#1021));
#942 = ORIENTED_EDGE('',*,*,#943,.F.);
#943 = EDGE_CURVE('',#944,#946,#948,.T.);
#944 = VERTEX_POINT('',#945);
#945 = CARTESIAN_POINT('',(-0.143979503499,0.369588880989,0.433701005233
    ));
#946 = VERTEX_POINT('',#947);
#947 = CARTESIAN_POINT('',(-0.119041537077,0.369569349081,0.433876792413
    ));
#948 = B_SPLINE_CURVE_WITH_KNOTS('',1,(#949,#950),.UNSPECIFIED.,.F.,.F.,
  (2,2),(-2.493859362272E-02,0.),.PIECEWISE_BEZIER_KNOTS.);
#949 = CARTESIAN_POINT('',(-0.143979503499,0.369588880989,0.433701005233
    ));
#950 = CARTESIAN_POINT('',(-0.119041537077,0.369569349081,0.433876792413
    ));
#951 = ORIENTED_EDGE('',*,*,#952,.F.);
#952 = EDGE_CURVE('',#953,#944,#955,.T.);
#953 = VERTEX_POINT('',#954);
#954 = CARTESIAN_POINT('',(-0.143930170444,0.370357021208,0.426787743266
    ));
#955 = B_SPLINE_CURVE_WITH_KNOTS('',1,(#956,#957),.UNSPECIFIED.,.F.,.F.,
  (2,2),(-6.955980460135E-03,0.),.PIECEWISE_BEZIER_KNOTS.);
#956 = CARTESIAN_POINT('',(-0.143930170444,0.370357021208,0.426787743266
    ));
#957 = CARTESIAN_POINT('',(-0.143979503499,0.369588880989,0.433701005233
    ));
#958 = ORIENTED_EDGE('',*,*,#959,.F.);
#959 = EDGE_CURVE('',#960,#953,#962,.T.);
#960 = VERTEX_POINT('',#961);
#961 = CARTESIAN_POINT('',(-0.11111623589,0.370331320803,0.427019047987)
  );
#962 = B_SPLINE_CURVE_WITH_KNOTS('',1,(#963,#964),.UNSPECIFIED.,.F.,.F.,
  (2,2),(-3.281475983879E-02,0.),.PIECEWISE_BEZIER_KNOTS.);
#963 = CARTESIAN_POINT('',(-0.11111623589,0.370331320685,0.427019047974)
  );
#964 = CARTESIAN_POINT('',(-0.143930170444,0.370357021208,0.426787743266
    ));
#965 = ORIENTED_EDGE('',*,*,#966,.F.);
#966 = EDGE_CURVE('',#967,#960,#969,.T.);
#967 = VERTEX_POINT('',#968);
#968 = CARTESIAN_POINT('',(-0.111548950939,0.363593732042,0.48765734576)
  );
#969 = B_SPLINE_CURVE_WITH_KNOTS('',1,(#970,#971),.UNSPECIFIED.,.F.,.F.,
  (2,2),(-6.10129945294E-02,4.29101883809E-17),
  .PIECEWISE_BEZIER_KNOTS.);
#970 = CARTESIAN_POINT('',(-0.111548950939,0.363593732042,0.48765734576)
  );
#971 = CARTESIAN_POINT('',(-0.11111623589,0.370331320685,0.427019047974)
  );
#972 = ORIENTED_EDGE('',*,*,#973,.F.);
#973 = EDGE_CURVE('',#974,#967,#976,.T.);
#974 = VERTEX_POINT('',#975);
#975 = CARTESIAN_POINT('',(-0.142974843584,0.363618345423,0.48743582533)
  );
#976 = B_SPLINE_CURVE_WITH_KNOTS('',1,(#977,#978),.UNSPECIFIED.,.F.,.F.,
  (2,2),(-3.142668302063E-02,0.),.PIECEWISE_BEZIER_KNOTS.);
#977 = CARTESIAN_POINT('',(-0.142974843584,0.363618345423,0.48743582533)
  );
#978 = CARTESIAN_POINT('',(-0.111548950939,0.363593732042,0.48765734576)
  );
#979 = ORIENTED_EDGE('',*,*,#980,.F.);
#980 = EDGE_CURVE('',#981,#974,#983,.T.);
#981 = VERTEX_POINT('',#982);
#982 = CARTESIAN_POINT('',(-0.14292506808,0.364393374792,0.480460561014)
  );
#983 = B_SPLINE_CURVE_WITH_KNOTS('',1,(#984,#985),.UNSPECIFIED.,.F.,.F.,
  (2,2),(-7.018365935043E-03,0.),.PIECEWISE_BEZIER_KNOTS.);
#984 = CARTESIAN_POINT('',(-0.14292506808,0.364393374792,0.480460561014)
  );
#985 = CARTESIAN_POINT('',(-0.142974843584,0.363618345423,0.48743582533)
  );
#986 = ORIENTED_EDGE('',*,*,#987,.F.);
#987 = EDGE_CURVE('',#988,#981,#990,.T.);
#988 = VERTEX_POINT('',#989);
#989 = CARTESIAN_POINT('',(-0.119375143567,0.364374930025,0.480626563917
    ));
#990 = B_SPLINE_CURVE_WITH_KNOTS('',1,(#991,#992),.UNSPECIFIED.,.F.,.F.,
  (2,2),(-2.355051680457E-02,0.),.PIECEWISE_BEZIER_KNOTS.);
#991 = CARTESIAN_POINT('',(-0.119375143567,0.364374930025,0.480626563917
    ));
#992 = CARTESIAN_POINT('',(-0.14292506808,0.364393374792,0.480460561014)
  );
#993 = ORIENTED_EDGE('',*,*,#994,.F.);
#994 = EDGE_CURVE('',#995,#988,#997,.T.);
#995 = VERTEX_POINT('',#996);
#996 = CARTESIAN_POINT('',(-0.119236657053,0.366531233956,0.461219828531
    ));
#997 = B_SPLINE_CURVE_WITH_KNOTS('',1,(#998,#999),.UNSPECIFIED.,.F.,.F.,
  (2,2),(-1.952665366864E-02,0.),.PIECEWISE_BEZIER_KNOTS.);
#998 = CARTESIAN_POINT('',(-0.119236657053,0.366531233956,0.461219828531
    ));
#999 = CARTESIAN_POINT('',(-0.119375143567,0.364374930025,0.480626563917
    ));
#1000 = ORIENTED_EDGE('',*,*,#1001,.F.);
#1001 = EDGE_CURVE('',#1002,#995,#1004,.T.);
#1002 = VERTEX_POINT('',#1003);
#1003 = CARTESIAN_POINT('',(-0.141055428175,0.36654832285,0.46106602849)
  );
#1004 = B_SPLINE_CURVE_WITH_KNOTS('',1,(#1005,#1006),.UNSPECIFIED.,.F.,
  .F.,(2,2),(-2.181931987379E-02,0.),.PIECEWISE_BEZIER_KNOTS.);
#1005 = CARTESIAN_POINT('',(-0.141055428175,0.36654832285,0.46106602849)
  );
#1006 = CARTESIAN_POINT('',(-0.119236657053,0.366531233956,
    0.461219828531));
#1007 = ORIENTED_EDGE('',*,*,#1008,.F.);
#1008 = EDGE_CURVE('',#1009,#1002,#1011,.T.);
#1009 = VERTEX_POINT('',#1010);
#1010 = CARTESIAN_POINT('',(-0.141005873895,0.367319907643,
    0.454121765349));
#1011 = B_SPLINE_CURVE_WITH_KNOTS('',1,(#1012,#1013),.UNSPECIFIED.,.F.,
  .F.,(2,2),(-6.987173197589E-03,0.),.PIECEWISE_BEZIER_KNOTS.);
#1012 = CARTESIAN_POINT('',(-0.141005873895,0.367319907643,
    0.454121765349));
#1013 = CARTESIAN_POINT('',(-0.141055428175,0.36654832285,0.46106602849)
  );
#1014 = ORIENTED_EDGE('',*,*,#1015,.F.);
#1015 = EDGE_CURVE('',#1016,#1009,#1018,.T.);
#1016 = VERTEX_POINT('',#1017);
#1017 = CARTESIAN_POINT('',(-0.119187102773,0.36730281875,0.45427556539)
  );
#1018 = B_SPLINE_CURVE_WITH_KNOTS('',1,(#1019,#1020),.UNSPECIFIED.,.F.,
  .F.,(2,2),(-2.181931987379E-02,0.),.PIECEWISE_BEZIER_KNOTS.);
#1019 = CARTESIAN_POINT('',(-0.119187102773,0.36730281875,0.45427556539)
  );
#1020 = CARTESIAN_POINT('',(-0.141005873895,0.367319907643,
    0.454121765349));
#1021 = ORIENTED_EDGE('',*,*,#1022,.F.);
#1022 = EDGE_CURVE('',#946,#1016,#1023,.T.);
#1023 = B_SPLINE_CURVE_WITH_KNOTS('',1,(#1024,#1025),.UNSPECIFIED.,.F.,
  .F.,(2,2),(-2.0524821268E-02,0.),.PIECEWISE_BEZIER_KNOTS.);
#1024 = CARTESIAN_POINT('',(-0.119041537077,0.369569349081,
    0.433876792413));
#1025 = CARTESIAN_POINT('',(-0.119187102773,0.36730281875,0.45427556539)
  );
#1026 = FACE_BOUND('',#1027,.T.);
#1027 = EDGE_LOOP('',(#1028,#1037,#1044,#1051,#1058,#1065,#1072,#1079));
#1028 = ORIENTED_EDGE('',*,*,#1029,.F.);
#1029 = EDGE_CURVE('',#1030,#1032,#1034,.T.);
#1030 = VERTEX_POINT('',#1031);
#1031 = CARTESIAN_POINT('',(-0.240605656468,0.363694811808,
    0.486747627863));
#1032 = VERTEX_POINT('',#1033);
#1033 = CARTESIAN_POINT('',(-0.232183829158,0.363688215666,0.48680699314
    ));
#1034 = B_SPLINE_CURVE_WITH_KNOTS('',1,(#1035,#1036),.UNSPECIFIED.,.F.,
  .F.,(2,2),(-8.422039122135E-03,0.),.PIECEWISE_BEZIER_KNOTS.);
#1035 = CARTESIAN_POINT('',(-0.240605656468,0.363694811808,
    0.486747627863));
#1036 = CARTESIAN_POINT('',(-0.232183829158,0.363688215666,0.48680699314
    ));
#1037 = ORIENTED_EDGE('',*,*,#1038,.F.);
#1038 = EDGE_CURVE('',#1039,#1030,#1041,.T.);
#1039 = VERTEX_POINT('',#1040);
#1040 = CARTESIAN_POINT('',(-0.263410946403,0.370450600917,
    0.425945525888));
#1041 = B_SPLINE_CURVE_WITH_KNOTS('',1,(#1042,#1043),.UNSPECIFIED.,.F.,
  .F.,(2,2),(-6.528872444865E-02,0.),.PIECEWISE_BEZIER_KNOTS.);
#1042 = CARTESIAN_POINT('',(-0.263410946403,0.370450600917,
    0.425945525888));
#1043 = CARTESIAN_POINT('',(-0.240605656468,0.363694811808,
    0.486747627863));
#1044 = ORIENTED_EDGE('',*,*,#1045,.F.);
#1045 = EDGE_CURVE('',#1046,#1039,#1048,.T.);
#1046 = VERTEX_POINT('',#1047);
#1047 = CARTESIAN_POINT('',(-0.254708391516,0.370443785022,0.42600687002
    ));
#1048 = B_SPLINE_CURVE_WITH_KNOTS('',1,(#1049,#1050),.UNSPECIFIED.,.F.,
  .F.,(2,2),(-8.702773759636E-03,0.),.PIECEWISE_BEZIER_KNOTS.);
#1049 = CARTESIAN_POINT('',(-0.254708391516,0.370443784903,
    0.426006870007));
#1050 = CARTESIAN_POINT('',(-0.263410946403,0.370450600917,
    0.425945525888));
#1051 = ORIENTED_EDGE('',*,*,#1052,.F.);
#1052 = EDGE_CURVE('',#1053,#1046,#1055,.T.);
#1053 = VERTEX_POINT('',#1054);
#1054 = CARTESIAN_POINT('',(-0.248603951981,0.368596063478,
    0.442636362835));
#1055 = B_SPLINE_CURVE_WITH_KNOTS('',1,(#1056,#1057),.UNSPECIFIED.,.F.,
  .F.,(2,2),(-1.781062290385E-02,7.50822552873E-18),
  .PIECEWISE_BEZIER_KNOTS.);
#1056 = CARTESIAN_POINT('',(-0.248603951981,0.368596063478,
    0.442636362835));
#1057 = CARTESIAN_POINT('',(-0.254708391516,0.370443784903,
    0.426006870007));
#1058 = ORIENTED_EDGE('',*,*,#1059,.F.);
#1059 = EDGE_CURVE('',#1060,#1053,#1062,.T.);
#1060 = VERTEX_POINT('',#1061);
#1061 = CARTESIAN_POINT('',(-0.223198106264,0.368576165117,
    0.442815448086));
#1062 = B_SPLINE_CURVE_WITH_KNOTS('',1,(#1063,#1064),.UNSPECIFIED.,.F.,
  .F.,(2,2),(-2.540648468536E-02,0.),.PIECEWISE_BEZIER_KNOTS.);
#1063 = CARTESIAN_POINT('',(-0.223198106264,0.368576165117,
    0.442815448086));
#1064 = CARTESIAN_POINT('',(-0.248603951981,0.368596063478,
    0.442636362835));
#1065 = ORIENTED_EDGE('',*,*,#1066,.F.);
#1066 = EDGE_CURVE('',#1067,#1060,#1069,.T.);
#1067 = VERTEX_POINT('',#1068);
#1068 = CARTESIAN_POINT('',(-0.217215664013,0.370414419857,
    0.426271155424));
#1069 = B_SPLINE_CURVE_WITH_KNOTS('',1,(#1070,#1071),.UNSPECIFIED.,.F.,
  .F.,(2,2),(-1.768848256562E-02,0.),.PIECEWISE_BEZIER_KNOTS.);
#1070 = CARTESIAN_POINT('',(-0.217215664013,0.370414419857,
    0.426271155424));
#1071 = CARTESIAN_POINT('',(-0.223198106264,0.368576165117,
    0.442815448086));
#1072 = ORIENTED_EDGE('',*,*,#1073,.F.);
#1073 = EDGE_CURVE('',#1074,#1067,#1076,.T.);
#1074 = VERTEX_POINT('',#1075);
#1075 = CARTESIAN_POINT('',(-0.208513109126,0.370407603844,
    0.426332499543));
#1076 = B_SPLINE_CURVE_WITH_KNOTS('',1,(#1077,#1078),.UNSPECIFIED.,.F.,
  .F.,(2,2),(-8.70277375922E-03,0.),.PIECEWISE_BEZIER_KNOTS.);
#1077 = CARTESIAN_POINT('',(-0.208513109126,0.370407603844,
    0.426332499543));
#1078 = CARTESIAN_POINT('',(-0.217215664013,0.370414419857,
    0.426271155424));
#1079 = ORIENTED_EDGE('',*,*,#1080,.F.);
#1080 = EDGE_CURVE('',#1032,#1074,#1081,.T.);
#1081 = B_SPLINE_CURVE_WITH_KNOTS('',1,(#1082,#1083),.UNSPECIFIED.,.F.,
  .F.,(2,2),(-6.528872444851E-02,0.),.PIECEWISE_BEZIER_KNOTS.);
#1082 = CARTESIAN_POINT('',(-0.232183829158,0.363688215666,0.48680699314
    ));
#1083 = CARTESIAN_POINT('',(-0.208513109126,0.370407603844,
    0.426332499543));
#1084 = FACE_BOUND('',#1085,.T.);
#1085 = EDGE_LOOP('',(#1086,#1095,#1102,#1109,#1116,#1123,#1130,#1137,
    #1144,#1151,#1158,#1165));
#1086 = ORIENTED_EDGE('',*,*,#1087,.F.);
#1087 = EDGE_CURVE('',#1088,#1090,#1092,.T.);
#1088 = VERTEX_POINT('',#1089);
#1089 = CARTESIAN_POINT('',(-5.073092347042E-02,0.380204900639,
    0.338156828387));
#1090 = VERTEX_POINT('',#1091);
#1091 = CARTESIAN_POINT('',(-2.579295704849E-02,0.38018536873,
    0.338332615568));
#1092 = B_SPLINE_CURVE_WITH_KNOTS('',1,(#1093,#1094),.UNSPECIFIED.,.F.,
  .F.,(2,2),(-2.493859362293E-02,0.),.PIECEWISE_BEZIER_KNOTS.);
#1093 = CARTESIAN_POINT('',(-5.073092347042E-02,0.380204900639,
    0.338156828387));
#1094 = CARTESIAN_POINT('',(-2.579295704849E-02,0.38018536873,
    0.338332615568));
#1095 = ORIENTED_EDGE('',*,*,#1096,.F.);
#1096 = EDGE_CURVE('',#1097,#1088,#1099,.T.);
#1097 = VERTEX_POINT('',#1098);
#1098 = CARTESIAN_POINT('',(-5.068159041529E-02,0.380973040857,
    0.331243566421));
#1099 = B_SPLINE_CURVE_WITH_KNOTS('',1,(#1100,#1101),.UNSPECIFIED.,.F.,
  .F.,(2,2),(-6.955980460136E-03,0.),.PIECEWISE_BEZIER_KNOTS.);
#1100 = CARTESIAN_POINT('',(-5.068159041529E-02,0.380973040857,
    0.331243566421));
#1101 = CARTESIAN_POINT('',(-5.073092347042E-02,0.380204900639,
    0.338156828387));
#1102 = ORIENTED_EDGE('',*,*,#1103,.F.);
#1103 = EDGE_CURVE('',#1104,#1097,#1106,.T.);
#1104 = VERTEX_POINT('',#1105);
#1105 = CARTESIAN_POINT('',(-1.786765586141E-02,0.380947340453,
    0.331474871142));
#1106 = B_SPLINE_CURVE_WITH_KNOTS('',1,(#1107,#1108),.UNSPECIFIED.,.F.,
  .F.,(2,2),(-3.2814759839E-02,0.),.PIECEWISE_BEZIER_KNOTS.);
#1107 = CARTESIAN_POINT('',(-1.786765586141E-02,0.380947340334,
    0.331474871129));
#1108 = CARTESIAN_POINT('',(-5.068159041529E-02,0.380973040857,
    0.331243566421));
#1109 = ORIENTED_EDGE('',*,*,#1110,.F.);
#1110 = EDGE_CURVE('',#1111,#1104,#1113,.T.);
#1111 = VERTEX_POINT('',#1112);
#1112 = CARTESIAN_POINT('',(-1.830037091004E-02,0.374209751691,
    0.392113168915));
#1113 = B_SPLINE_CURVE_WITH_KNOTS('',1,(#1114,#1115),.UNSPECIFIED.,.F.,
  .F.,(2,2),(-6.10129945294E-02,-2.452010822715E-17),
  .PIECEWISE_BEZIER_KNOTS.);
#1114 = CARTESIAN_POINT('',(-1.830037091004E-02,0.374209751691,
    0.392113168915));
#1115 = CARTESIAN_POINT('',(-1.786765586141E-02,0.380947340334,
    0.331474871129));
#1116 = ORIENTED_EDGE('',*,*,#1117,.F.);
#1117 = EDGE_CURVE('',#1118,#1111,#1120,.T.);
#1118 = VERTEX_POINT('',#1119);
#1119 = CARTESIAN_POINT('',(-4.972626355543E-02,0.374234365073,
    0.391891648484));
#1120 = B_SPLINE_CURVE_WITH_KNOTS('',1,(#1121,#1122),.UNSPECIFIED.,.F.,
  .F.,(2,2),(-3.142668302063E-02,0.),.PIECEWISE_BEZIER_KNOTS.);
#1121 = CARTESIAN_POINT('',(-4.972626355543E-02,0.374234365073,
    0.391891648484));
#1122 = CARTESIAN_POINT('',(-1.830037091004E-02,0.374209751691,
    0.392113168915));
#1123 = ORIENTED_EDGE('',*,*,#1124,.F.);
#1124 = EDGE_CURVE('',#1125,#1118,#1127,.T.);
#1125 = VERTEX_POINT('',#1126);
#1126 = CARTESIAN_POINT('',(-4.967648805137E-02,0.375009394441,
    0.384916384168));
#1127 = B_SPLINE_CURVE_WITH_KNOTS('',1,(#1128,#1129),.UNSPECIFIED.,.F.,
  .F.,(2,2),(-7.018365935043E-03,0.),.PIECEWISE_BEZIER_KNOTS.);
#1128 = CARTESIAN_POINT('',(-4.967648805137E-02,0.375009394441,
    0.384916384168));
#1129 = CARTESIAN_POINT('',(-4.972626355543E-02,0.374234365073,
    0.391891648484));
#1130 = ORIENTED_EDGE('',*,*,#1131,.F.);
#1131 = EDGE_CURVE('',#1132,#1125,#1134,.T.);
#1132 = VERTEX_POINT('',#1133);
#1133 = CARTESIAN_POINT('',(-2.612656353793E-02,0.374990949674,
    0.385082387072));
#1134 = B_SPLINE_CURVE_WITH_KNOTS('',1,(#1135,#1136),.UNSPECIFIED.,.F.,
  .F.,(2,2),(-2.355051680456E-02,0.),.PIECEWISE_BEZIER_KNOTS.);
#1135 = CARTESIAN_POINT('',(-2.612656353793E-02,0.374990949674,
    0.385082387072));
#1136 = CARTESIAN_POINT('',(-4.967648805137E-02,0.375009394441,
    0.384916384168));
#1137 = ORIENTED_EDGE('',*,*,#1138,.F.);
#1138 = EDGE_CURVE('',#1139,#1132,#1141,.T.);
#1139 = VERTEX_POINT('',#1140);
#1140 = CARTESIAN_POINT('',(-2.598807702441E-02,0.377147253606,
    0.365675651686));
#1141 = B_SPLINE_CURVE_WITH_KNOTS('',1,(#1142,#1143),.UNSPECIFIED.,.F.,
  .F.,(2,2),(-1.952665366864E-02,0.),.PIECEWISE_BEZIER_KNOTS.);
#1142 = CARTESIAN_POINT('',(-2.598807702441E-02,0.377147253606,
    0.365675651686));
#1143 = CARTESIAN_POINT('',(-2.612656353793E-02,0.374990949674,
    0.385082387072));
#1144 = ORIENTED_EDGE('',*,*,#1145,.F.);
#1145 = EDGE_CURVE('',#1146,#1139,#1148,.T.);
#1146 = VERTEX_POINT('',#1147);
#1147 = CARTESIAN_POINT('',(-4.780684814656E-02,0.377164342499,
    0.365521851645));
#1148 = B_SPLINE_CURVE_WITH_KNOTS('',1,(#1149,#1150),.UNSPECIFIED.,.F.,
  .F.,(2,2),(-2.1819319874E-02,0.),.PIECEWISE_BEZIER_KNOTS.);
#1149 = CARTESIAN_POINT('',(-4.780684814656E-02,0.377164342499,
    0.365521851645));
#1150 = CARTESIAN_POINT('',(-2.598807702441E-02,0.377147253606,
    0.365675651686));
#1151 = ORIENTED_EDGE('',*,*,#1152,.F.);
#1152 = EDGE_CURVE('',#1153,#1146,#1155,.T.);
#1153 = VERTEX_POINT('',#1154);
#1154 = CARTESIAN_POINT('',(-4.775729386696E-02,0.377935927293,
    0.358577588504));
#1155 = B_SPLINE_CURVE_WITH_KNOTS('',1,(#1156,#1157),.UNSPECIFIED.,.F.,
  .F.,(2,2),(-6.987173197589E-03,0.),.PIECEWISE_BEZIER_KNOTS.);
#1156 = CARTESIAN_POINT('',(-4.775729386696E-02,0.377935927293,
    0.358577588504));
#1157 = CARTESIAN_POINT('',(-4.780684814656E-02,0.377164342499,
    0.365521851645));
#1158 = ORIENTED_EDGE('',*,*,#1159,.F.);
#1159 = EDGE_CURVE('',#1160,#1153,#1162,.T.);
#1160 = VERTEX_POINT('',#1161);
#1161 = CARTESIAN_POINT('',(-2.593852274481E-02,0.377918838399,
    0.358731388545));
#1162 = B_SPLINE_CURVE_WITH_KNOTS('',1,(#1163,#1164),.UNSPECIFIED.,.F.,
  .F.,(2,2),(-2.1819319874E-02,0.),.PIECEWISE_BEZIER_KNOTS.);
#1163 = CARTESIAN_POINT('',(-2.593852274481E-02,0.377918838399,
    0.358731388545));
#1164 = CARTESIAN_POINT('',(-4.775729386696E-02,0.377935927293,
    0.358577588504));
#1165 = ORIENTED_EDGE('',*,*,#1166,.F.);
#1166 = EDGE_CURVE('',#1090,#1160,#1167,.T.);
#1167 = B_SPLINE_CURVE_WITH_KNOTS('',1,(#1168,#1169),.UNSPECIFIED.,.F.,
  .F.,(2,2),(-2.052482126799E-02,0.),.PIECEWISE_BEZIER_KNOTS.);
#1168 = CARTESIAN_POINT('',(-2.579295704849E-02,0.38018536873,
    0.338332615568));
#1169 = CARTESIAN_POINT('',(-2.593852274481E-02,0.377918838399,
    0.358731388545));
#1170 = FACE_BOUND('',#1171,.T.);
#1171 = EDGE_LOOP('',(#1172,#1181,#1188,#1195,#1204,#1213,#1220,#1229,
    #1238,#1245,#1252,#1259,#1266,#1273,#1280));
#1172 = ORIENTED_EDGE('',*,*,#1173,.F.);
#1173 = EDGE_CURVE('',#1174,#1176,#1178,.T.);
#1174 = VERTEX_POINT('',#1175);
#1175 = CARTESIAN_POINT('',(-0.170986084173,0.376254952429,
    0.373706362272));
#1176 = VERTEX_POINT('',#1177);
#1177 = CARTESIAN_POINT('',(-0.158853625969,0.379869325195,
    0.341177007386));
#1178 = B_SPLINE_CURVE_WITH_KNOTS('',1,(#1179,#1180),.UNSPECIFIED.,.F.,
  .F.,(2,2),(-3.490586142583E-02,9.64718667047E-18),
  .PIECEWISE_BEZIER_KNOTS.);
#1179 = CARTESIAN_POINT('',(-0.170986084173,0.376254952429,
    0.373706362272));
#1180 = CARTESIAN_POINT('',(-0.158853625969,0.379869325195,
    0.341177007386));
#1181 = ORIENTED_EDGE('',*,*,#1182,.F.);
#1182 = EDGE_CURVE('',#1183,#1174,#1185,.T.);
#1183 = VERTEX_POINT('',#1184);
#1184 = CARTESIAN_POINT('',(-0.178908840234,0.376261157689,
    0.373650514938));
#1185 = B_SPLINE_CURVE_WITH_KNOTS('',1,(#1186,#1187),.UNSPECIFIED.,.F.,
  .F.,(2,2),(-7.922955322041E-03,0.),.PIECEWISE_BEZIER_KNOTS.);
#1186 = CARTESIAN_POINT('',(-0.178908840234,0.376261157689,
    0.373650514938));
#1187 = CARTESIAN_POINT('',(-0.170986084173,0.376254952429,
    0.373706362272));
#1188 = ORIENTED_EDGE('',*,*,#1189,.F.);
#1189 = EDGE_CURVE('',#1190,#1183,#1192,.T.);
#1190 = VERTEX_POINT('',#1191);
#1191 = CARTESIAN_POINT('',(-0.158777413092,0.381784545644,
    0.323940024425));
#1192 = B_SPLINE_CURVE_WITH_KNOTS('',1,(#1193,#1194),.UNSPECIFIED.,.F.,
  .F.,(2,2),(-5.391581438049E-02,0.),.PIECEWISE_BEZIER_KNOTS.);
#1193 = CARTESIAN_POINT('',(-0.158777413092,0.381784545525,
    0.323940024412));
#1194 = CARTESIAN_POINT('',(-0.178908840234,0.376261157689,
    0.373650514938));
#1195 = ORIENTED_EDGE('',*,*,#1196,.F.);
#1196 = EDGE_CURVE('',#1197,#1190,#1199,.T.);
#1197 = VERTEX_POINT('',#1198);
#1198 = CARTESIAN_POINT('',(-0.143129337194,0.383312092103,
    0.310192105207));
#1199 = B_SPLINE_CURVE_WITH_KNOTS('',3,(#1200,#1201,#1202,#1203),
  .UNSPECIFIED.,.F.,.F.,(4,4),(1.,2.),.PIECEWISE_BEZIER_KNOTS.);
#1200 = CARTESIAN_POINT('',(-0.143129337194,0.383312092103,
    0.310192105207));
#1201 = CARTESIAN_POINT('',(-0.149820011111,0.383317332372,
    0.310144942793));
#1202 = CARTESIAN_POINT('',(-0.155030837754,0.382808146107,
    0.314727619178));
#1203 = CARTESIAN_POINT('',(-0.158777413092,0.381784545644,
    0.323940024425));
#1204 = ORIENTED_EDGE('',*,*,#1205,.F.);
#1205 = EDGE_CURVE('',#1206,#1197,#1208,.T.);
#1206 = VERTEX_POINT('',#1207);
#1207 = CARTESIAN_POINT('',(-0.138205433109,0.383239340639,
    0.310846868383));
#1208 = B_SPLINE_CURVE_WITH_KNOTS('',3,(#1209,#1210,#1211,#1212),
  .UNSPECIFIED.,.F.,.F.,(4,4),(2.,3.),.PIECEWISE_BEZIER_KNOTS.);
#1209 = CARTESIAN_POINT('',(-0.138205433109,0.383239340639,
    0.310846868383));
#1210 = CARTESIAN_POINT('',(-0.139559407146,0.383285182826,
    0.310434288706));
#1211 = CARTESIAN_POINT('',(-0.141211032084,0.383310589649,
    0.310205627298));
#1212 = CARTESIAN_POINT('',(-0.143129337194,0.383312092103,
    0.310192105207));
#1213 = ORIENTED_EDGE('',*,*,#1214,.F.);
#1214 = EDGE_CURVE('',#1215,#1206,#1217,.T.);
#1215 = VERTEX_POINT('',#1216);
#1216 = CARTESIAN_POINT('',(-0.138253660042,0.382488423296,
    0.317605124476));
#1217 = B_SPLINE_CURVE_WITH_KNOTS('',1,(#1218,#1219),.UNSPECIFIED.,.F.,
  .F.,(2,2),(-6.800016772865E-03,-5.51702427455E-17),
  .PIECEWISE_BEZIER_KNOTS.);
#1218 = CARTESIAN_POINT('',(-0.138253660042,0.382488423296,
    0.317605124476));
#1219 = CARTESIAN_POINT('',(-0.138205433109,0.383239340639,
    0.310846868383));
#1220 = ORIENTED_EDGE('',*,*,#1221,.F.);
#1221 = EDGE_CURVE('',#1222,#1215,#1224,.T.);
#1222 = VERTEX_POINT('',#1223);
#1223 = CARTESIAN_POINT('',(-0.142583147224,0.382588267187,
    0.316706529459));
#1224 = B_SPLINE_CURVE_WITH_KNOTS('',3,(#1225,#1226,#1227,#1228),
  .UNSPECIFIED.,.F.,.F.,(4,4),(4.,5.),.PIECEWISE_BEZIER_KNOTS.);
#1225 = CARTESIAN_POINT('',(-0.142583147224,0.382588267187,
    0.316706529459));
#1226 = CARTESIAN_POINT('',(-0.141179509339,0.38258716783,0.316716423672
    ));
#1227 = CARTESIAN_POINT('',(-0.139746670521,0.382555042868,
    0.317005548329));
#1228 = CARTESIAN_POINT('',(-0.138253660042,0.382488423296,
    0.317605124476));
#1229 = ORIENTED_EDGE('',*,*,#1230,.F.);
#1230 = EDGE_CURVE('',#1231,#1222,#1233,.T.);
#1231 = VERTEX_POINT('',#1232);
#1232 = CARTESIAN_POINT('',(-0.150455908645,0.381915817886,
    0.322758573162));
#1233 = B_SPLINE_CURVE_WITH_KNOTS('',3,(#1234,#1235,#1236,#1237),
  .UNSPECIFIED.,.F.,.F.,(4,4),(5.,6.),.PIECEWISE_BEZIER_KNOTS.);
#1234 = CARTESIAN_POINT('',(-0.150455908645,0.381915817886,
    0.322758573162));
#1235 = CARTESIAN_POINT('',(-0.148695553625,0.382369145909,
    0.318678620959));
#1236 = CARTESIAN_POINT('',(-0.146076645959,0.382591003364,
    0.316681903863));
#1237 = CARTESIAN_POINT('',(-0.142583147224,0.382588267187,
    0.316706529459));
#1238 = ORIENTED_EDGE('',*,*,#1239,.F.);
#1239 = EDGE_CURVE('',#1240,#1231,#1242,.T.);
#1240 = VERTEX_POINT('',#1241);
#1241 = CARTESIAN_POINT('',(-0.153865234606,0.381043522085,0.33060923537
    ));
#1242 = B_SPLINE_CURVE_WITH_KNOTS('',1,(#1243,#1244),.UNSPECIFIED.,.F.,
  .F.,(2,2),(-8.603330784243E-03,-5.628302030768E-18),
  .PIECEWISE_BEZIER_KNOTS.);
#1243 = CARTESIAN_POINT('',(-0.153865234606,0.381043522085,0.33060923537
    ));
#1244 = CARTESIAN_POINT('',(-0.150455908645,0.381915817886,
    0.322758573162));
#1245 = ORIENTED_EDGE('',*,*,#1246,.F.);
#1246 = EDGE_CURVE('',#1247,#1240,#1249,.T.);
#1247 = VERTEX_POINT('',#1248);
#1248 = CARTESIAN_POINT('',(-0.137080431264,0.376228396851,
    0.373945362479));
#1249 = B_SPLINE_CURVE_WITH_KNOTS('',1,(#1250,#1251),.UNSPECIFIED.,.F.,
  .F.,(2,2),(-4.672188959154E-02,0.),.PIECEWISE_BEZIER_KNOTS.);
#1250 = CARTESIAN_POINT('',(-0.137080431264,0.376228396851,
    0.373945362479));
#1251 = CARTESIAN_POINT('',(-0.153865234606,0.381043522085,0.33060923537
    ));
#1252 = ORIENTED_EDGE('',*,*,#1253,.F.);
#1253 = EDGE_CURVE('',#1254,#1247,#1256,.T.);
#1254 = VERTEX_POINT('',#1255);
#1255 = CARTESIAN_POINT('',(-0.145627026385,0.376235090713,
    0.373885117717));
#1256 = B_SPLINE_CURVE_WITH_KNOTS('',1,(#1257,#1258),.UNSPECIFIED.,.F.,
  .F.,(2,2),(-8.546810072159E-03,0.),.PIECEWISE_BEZIER_KNOTS.);
#1257 = CARTESIAN_POINT('',(-0.145627026385,0.376235090713,
    0.373885117717));
#1258 = CARTESIAN_POINT('',(-0.137080431264,0.376228396851,
    0.373945362479));
#1259 = ORIENTED_EDGE('',*,*,#1260,.F.);
#1260 = EDGE_CURVE('',#1261,#1254,#1263,.T.);
#1261 = VERTEX_POINT('',#1262);
#1262 = CARTESIAN_POINT('',(-0.156779803544,0.379860811439,
    0.341253631183));
#1263 = B_SPLINE_CURVE_WITH_KNOTS('',1,(#1264,#1265),.UNSPECIFIED.,.F.,
  .F.,(2,2),(-3.467483529186E-02,0.),.PIECEWISE_BEZIER_KNOTS.);
#1264 = CARTESIAN_POINT('',(-0.156779803544,0.379860811439,
    0.341253631183));
#1265 = CARTESIAN_POINT('',(-0.145627026385,0.376235090713,
    0.373885117717));
#1266 = ORIENTED_EDGE('',*,*,#1267,.F.);
#1267 = EDGE_CURVE('',#1268,#1261,#1270,.T.);
#1268 = VERTEX_POINT('',#1269);
#1269 = CARTESIAN_POINT('',(-0.157690121321,0.380257670466,
    0.337681899946));
#1270 = B_SPLINE_CURVE_WITH_KNOTS('',1,(#1271,#1272),.UNSPECIFIED.,.F.,
  .F.,(2,2),(-3.707214529686E-03,0.),.PIECEWISE_BEZIER_KNOTS.);
#1271 = CARTESIAN_POINT('',(-0.157690121321,0.380257670466,
    0.337681899946));
#1272 = CARTESIAN_POINT('',(-0.156779803544,0.379860811439,
    0.341253631183));
#1273 = ORIENTED_EDGE('',*,*,#1274,.F.);
#1274 = EDGE_CURVE('',#1275,#1268,#1277,.T.);
#1275 = VERTEX_POINT('',#1276);
#1276 = CARTESIAN_POINT('',(-0.157892869015,0.380257829262,
    0.337680470782));
#1277 = B_SPLINE_CURVE_WITH_KNOTS('',1,(#1278,#1279),.UNSPECIFIED.,.F.,
  .F.,(2,2),(-2.027527934504E-04,0.),.PIECEWISE_BEZIER_KNOTS.);
#1278 = CARTESIAN_POINT('',(-0.157892869015,0.380257829262,
    0.337680470782));
#1279 = CARTESIAN_POINT('',(-0.157690121321,0.380257670466,
    0.337681899946));
#1280 = ORIENTED_EDGE('',*,*,#1281,.F.);
#1281 = EDGE_CURVE('',#1176,#1275,#1282,.T.);
#1282 = B_SPLINE_CURVE_WITH_KNOTS('',3,(#1283,#1284,#1285,#1286),
  .UNSPECIFIED.,.F.,.F.,(4,4),(12.,13.),.PIECEWISE_BEZIER_KNOTS.);
#1283 = CARTESIAN_POINT('',(-0.158853625969,0.379869325195,
    0.341177007386));
#1284 = CARTESIAN_POINT('',(-0.158374906676,0.380037742916,
    0.339661247895));
#1285 = CARTESIAN_POINT('',(-0.158054580616,0.380168392463,
    0.338485401969));
#1286 = CARTESIAN_POINT('',(-0.157892869015,0.380257829262,
    0.337680470782));
#1287 = FACE_BOUND('',#1288,.T.);
#1288 = EDGE_LOOP('',(#1289,#1298,#1305,#1312,#1319,#1326,#1333,#1340,
    #1347,#1354,#1361,#1368));
#1289 = ORIENTED_EDGE('',*,*,#1290,.F.);
#1290 = EDGE_CURVE('',#1291,#1293,#1295,.T.);
#1291 = VERTEX_POINT('',#1292);
#1292 = CARTESIAN_POINT('',(-0.219697732861,0.380337238789,
    0.336965785041));
#1293 = VERTEX_POINT('',#1294);
#1294 = CARTESIAN_POINT('',(-0.194759766439,0.38031770688,0.337141572221
    ));
#1295 = B_SPLINE_CURVE_WITH_KNOTS('',1,(#1296,#1297),.UNSPECIFIED.,.F.,
  .F.,(2,2),(-2.493859362272E-02,0.),.PIECEWISE_BEZIER_KNOTS.);
#1296 = CARTESIAN_POINT('',(-0.219697732861,0.380337238789,
    0.336965785041));
#1297 = CARTESIAN_POINT('',(-0.194759766439,0.38031770688,0.337141572221
    ));
#1298 = ORIENTED_EDGE('',*,*,#1299,.F.);
#1299 = EDGE_CURVE('',#1300,#1291,#1302,.T.);
#1300 = VERTEX_POINT('',#1301);
#1301 = CARTESIAN_POINT('',(-0.219648399805,0.381105379007,
    0.330052523074));
#1302 = B_SPLINE_CURVE_WITH_KNOTS('',1,(#1303,#1304),.UNSPECIFIED.,.F.,
  .F.,(2,2),(-6.955980460136E-03,0.),.PIECEWISE_BEZIER_KNOTS.);
#1303 = CARTESIAN_POINT('',(-0.219648399805,0.381105379007,
    0.330052523074));
#1304 = CARTESIAN_POINT('',(-0.219697732861,0.380337238789,
    0.336965785041));
#1305 = ORIENTED_EDGE('',*,*,#1306,.F.);
#1306 = EDGE_CURVE('',#1307,#1300,#1309,.T.);
#1307 = VERTEX_POINT('',#1308);
#1308 = CARTESIAN_POINT('',(-0.186834465252,0.381079678603,
    0.330283827795));
#1309 = B_SPLINE_CURVE_WITH_KNOTS('',1,(#1310,#1311),.UNSPECIFIED.,.F.,
  .F.,(2,2),(-3.2814759839E-02,0.),.PIECEWISE_BEZIER_KNOTS.);
#1310 = CARTESIAN_POINT('',(-0.186834465252,0.381079678484,
    0.330283827782));
#1311 = CARTESIAN_POINT('',(-0.219648399805,0.381105379007,
    0.330052523074));
#1312 = ORIENTED_EDGE('',*,*,#1313,.F.);
#1313 = EDGE_CURVE('',#1314,#1307,#1316,.T.);
#1314 = VERTEX_POINT('',#1315);
#1315 = CARTESIAN_POINT('',(-0.1872671803,0.374342089841,0.390922125568)
  );
#1316 = B_SPLINE_CURVE_WITH_KNOTS('',1,(#1317,#1318),.UNSPECIFIED.,.F.,
  .F.,(2,2),(-6.10129945294E-02,3.697700888197E-17),
  .PIECEWISE_BEZIER_KNOTS.);
#1317 = CARTESIAN_POINT('',(-0.1872671803,0.374342089841,0.390922125568)
  );
#1318 = CARTESIAN_POINT('',(-0.186834465252,0.381079678484,
    0.330283827782));
#1319 = ORIENTED_EDGE('',*,*,#1320,.F.);
#1320 = EDGE_CURVE('',#1321,#1314,#1323,.T.);
#1321 = VERTEX_POINT('',#1322);
#1322 = CARTESIAN_POINT('',(-0.218693072946,0.374366703222,
    0.390700605138));
#1323 = B_SPLINE_CURVE_WITH_KNOTS('',1,(#1324,#1325),.UNSPECIFIED.,.F.,
  .F.,(2,2),(-3.142668302063E-02,0.),.PIECEWISE_BEZIER_KNOTS.);
#1324 = CARTESIAN_POINT('',(-0.218693072946,0.374366703222,
    0.390700605138));
#1325 = CARTESIAN_POINT('',(-0.1872671803,0.374342089841,0.390922125568)
  );
#1326 = ORIENTED_EDGE('',*,*,#1327,.F.);
#1327 = EDGE_CURVE('',#1328,#1321,#1330,.T.);
#1328 = VERTEX_POINT('',#1329);
#1329 = CARTESIAN_POINT('',(-0.218643297441,0.375141732591,
    0.383725340822));
#1330 = B_SPLINE_CURVE_WITH_KNOTS('',1,(#1331,#1332),.UNSPECIFIED.,.F.,
  .F.,(2,2),(-7.018365935043E-03,0.),.PIECEWISE_BEZIER_KNOTS.);
#1331 = CARTESIAN_POINT('',(-0.218643297441,0.375141732591,
    0.383725340822));
#1332 = CARTESIAN_POINT('',(-0.218693072946,0.374366703222,
    0.390700605138));
#1333 = ORIENTED_EDGE('',*,*,#1334,.F.);
#1334 = EDGE_CURVE('',#1335,#1328,#1337,.T.);
#1335 = VERTEX_POINT('',#1336);
#1336 = CARTESIAN_POINT('',(-0.195093372928,0.375123287824,
    0.383891343725));
#1337 = B_SPLINE_CURVE_WITH_KNOTS('',1,(#1338,#1339),.UNSPECIFIED.,.F.,
  .F.,(2,2),(-2.355051680436E-02,0.),.PIECEWISE_BEZIER_KNOTS.);
#1338 = CARTESIAN_POINT('',(-0.195093372928,0.375123287824,
    0.383891343725));
#1339 = CARTESIAN_POINT('',(-0.218643297441,0.375141732591,
    0.383725340822));
#1340 = ORIENTED_EDGE('',*,*,#1341,.F.);
#1341 = EDGE_CURVE('',#1342,#1335,#1344,.T.);
#1342 = VERTEX_POINT('',#1343);
#1343 = CARTESIAN_POINT('',(-0.194954886415,0.377279591755,
    0.364484608339));
#1344 = B_SPLINE_CURVE_WITH_KNOTS('',1,(#1345,#1346),.UNSPECIFIED.,.F.,
  .F.,(2,2),(-1.952665366864E-02,0.),.PIECEWISE_BEZIER_KNOTS.);
#1345 = CARTESIAN_POINT('',(-0.194954886415,0.377279591755,
    0.364484608339));
#1346 = CARTESIAN_POINT('',(-0.195093372928,0.375123287824,
    0.383891343725));
#1347 = ORIENTED_EDGE('',*,*,#1348,.F.);
#1348 = EDGE_CURVE('',#1349,#1342,#1351,.T.);
#1349 = VERTEX_POINT('',#1350);
#1350 = CARTESIAN_POINT('',(-0.216773657536,0.377296680649,
    0.364330808298));
#1351 = B_SPLINE_CURVE_WITH_KNOTS('',1,(#1352,#1353),.UNSPECIFIED.,.F.,
  .F.,(2,2),(-2.181931987358E-02,0.),.PIECEWISE_BEZIER_KNOTS.);
#1352 = CARTESIAN_POINT('',(-0.216773657536,0.377296680649,
    0.364330808298));
#1353 = CARTESIAN_POINT('',(-0.194954886415,0.377279591755,
    0.364484608339));
#1354 = ORIENTED_EDGE('',*,*,#1355,.F.);
#1355 = EDGE_CURVE('',#1356,#1349,#1358,.T.);
#1356 = VERTEX_POINT('',#1357);
#1357 = CARTESIAN_POINT('',(-0.216724103257,0.378068265442,
    0.357386545157));
#1358 = B_SPLINE_CURVE_WITH_KNOTS('',1,(#1359,#1360),.UNSPECIFIED.,.F.,
  .F.,(2,2),(-6.987173197589E-03,0.),.PIECEWISE_BEZIER_KNOTS.);
#1359 = CARTESIAN_POINT('',(-0.216724103257,0.378068265442,
    0.357386545157));
#1360 = CARTESIAN_POINT('',(-0.216773657536,0.377296680649,
    0.364330808298));
#1361 = ORIENTED_EDGE('',*,*,#1362,.F.);
#1362 = EDGE_CURVE('',#1363,#1356,#1365,.T.);
#1363 = VERTEX_POINT('',#1364);
#1364 = CARTESIAN_POINT('',(-0.194905332135,0.378051176549,
    0.357540345198));
#1365 = B_SPLINE_CURVE_WITH_KNOTS('',1,(#1366,#1367),.UNSPECIFIED.,.F.,
  .F.,(2,2),(-2.181931987358E-02,0.),.PIECEWISE_BEZIER_KNOTS.);
#1366 = CARTESIAN_POINT('',(-0.194905332135,0.378051176549,
    0.357540345198));
#1367 = CARTESIAN_POINT('',(-0.216724103257,0.378068265442,
    0.357386545157));
#1368 = ORIENTED_EDGE('',*,*,#1369,.F.);
#1369 = EDGE_CURVE('',#1293,#1363,#1370,.T.);
#1370 = B_SPLINE_CURVE_WITH_KNOTS('',1,(#1371,#1372),.UNSPECIFIED.,.F.,
  .F.,(2,2),(-2.052482126799E-02,0.),.PIECEWISE_BEZIER_KNOTS.);
#1371 = CARTESIAN_POINT('',(-0.194759766439,0.38031770688,0.337141572221
    ));
#1372 = CARTESIAN_POINT('',(-0.194905332135,0.378051176549,
    0.357540345198));
#1373 = FACE_BOUND('',#1374,.T.);
#1374 = EDGE_LOOP('',(#1375,#1384,#1391,#1398,#1405,#1412,#1419,#1426));
#1375 = ORIENTED_EDGE('',*,*,#1376,.F.);
#1376 = EDGE_CURVE('',#1377,#1379,#1381,.T.);
#1377 = VERTEX_POINT('',#1378);
#1378 = CARTESIAN_POINT('',(-0.316323885829,0.374443169607,
    0.390012407671));
#1379 = VERTEX_POINT('',#1380);
#1380 = CARTESIAN_POINT('',(-0.30790205852,0.374436573466,0.390071772948
    ));
#1381 = B_SPLINE_CURVE_WITH_KNOTS('',1,(#1382,#1383),.UNSPECIFIED.,.F.,
  .F.,(2,2),(-8.422039122551E-03,0.),.PIECEWISE_BEZIER_KNOTS.);
#1382 = CARTESIAN_POINT('',(-0.316323885829,0.374443169607,
    0.390012407671));
#1383 = CARTESIAN_POINT('',(-0.30790205852,0.374436573466,0.390071772948
    ));
#1384 = ORIENTED_EDGE('',*,*,#1385,.F.);
#1385 = EDGE_CURVE('',#1386,#1377,#1388,.T.);
#1386 = VERTEX_POINT('',#1387);
#1387 = CARTESIAN_POINT('',(-0.339129175764,0.381198958716,
    0.329210305696));
#1388 = B_SPLINE_CURVE_WITH_KNOTS('',1,(#1389,#1390),.UNSPECIFIED.,.F.,
  .F.,(2,2),(-6.528872444851E-02,0.),.PIECEWISE_BEZIER_KNOTS.);
#1389 = CARTESIAN_POINT('',(-0.339129175764,0.381198958716,
    0.329210305696));
#1390 = CARTESIAN_POINT('',(-0.316323885829,0.374443169607,
    0.390012407671));
#1391 = ORIENTED_EDGE('',*,*,#1392,.F.);
#1392 = EDGE_CURVE('',#1393,#1386,#1395,.T.);
#1393 = VERTEX_POINT('',#1394);
#1394 = CARTESIAN_POINT('',(-0.330426620878,0.381192142821,
    0.329271649828));
#1395 = B_SPLINE_CURVE_WITH_KNOTS('',1,(#1396,#1397),.UNSPECIFIED.,.F.,
  .F.,(2,2),(-8.70277375922E-03,0.),.PIECEWISE_BEZIER_KNOTS.);
#1396 = CARTESIAN_POINT('',(-0.330426620878,0.381192142703,
    0.329271649815));
#1397 = CARTESIAN_POINT('',(-0.339129175764,0.381198958716,
    0.329210305696));
#1398 = ORIENTED_EDGE('',*,*,#1399,.F.);
#1399 = EDGE_CURVE('',#1400,#1393,#1402,.T.);
#1400 = VERTEX_POINT('',#1401);
#1401 = CARTESIAN_POINT('',(-0.324322181342,0.379344421277,
    0.345901142643));
#1402 = B_SPLINE_CURVE_WITH_KNOTS('',1,(#1403,#1404),.UNSPECIFIED.,.F.,
  .F.,(2,2),(-1.781062290361E-02,3.45532470722E-17),
  .PIECEWISE_BEZIER_KNOTS.);
#1403 = CARTESIAN_POINT('',(-0.324322181342,0.379344421277,
    0.345901142643));
#1404 = CARTESIAN_POINT('',(-0.330426620878,0.381192142703,
    0.329271649815));
#1405 = ORIENTED_EDGE('',*,*,#1406,.F.);
#1406 = EDGE_CURVE('',#1407,#1400,#1409,.T.);
#1407 = VERTEX_POINT('',#1408);
#1408 = CARTESIAN_POINT('',(-0.298916335625,0.379324522916,
    0.346080227894));
#1409 = B_SPLINE_CURVE_WITH_KNOTS('',1,(#1410,#1411),.UNSPECIFIED.,.F.,
  .F.,(2,2),(-2.540648468536E-02,0.),.PIECEWISE_BEZIER_KNOTS.);
#1410 = CARTESIAN_POINT('',(-0.298916335625,0.379324522916,
    0.346080227894));
#1411 = CARTESIAN_POINT('',(-0.324322181342,0.379344421277,
    0.345901142643));
#1412 = ORIENTED_EDGE('',*,*,#1413,.F.);
#1413 = EDGE_CURVE('',#1414,#1407,#1416,.T.);
#1414 = VERTEX_POINT('',#1415);
#1415 = CARTESIAN_POINT('',(-0.292933893374,0.381162777656,
    0.329535935232));
#1416 = B_SPLINE_CURVE_WITH_KNOTS('',1,(#1417,#1418),.UNSPECIFIED.,.F.,
  .F.,(2,2),(-1.768848256523E-02,0.),.PIECEWISE_BEZIER_KNOTS.);
#1417 = CARTESIAN_POINT('',(-0.292933893374,0.381162777656,
    0.329535935232));
#1418 = CARTESIAN_POINT('',(-0.298916335625,0.379324522916,
    0.346080227894));
#1419 = ORIENTED_EDGE('',*,*,#1420,.F.);
#1420 = EDGE_CURVE('',#1421,#1414,#1423,.T.);
#1421 = VERTEX_POINT('',#1422);
#1422 = CARTESIAN_POINT('',(-0.284231338487,0.381155961643,
    0.329597279351));
#1423 = B_SPLINE_CURVE_WITH_KNOTS('',1,(#1424,#1425),.UNSPECIFIED.,.F.,
  .F.,(2,2),(-8.702773759636E-03,0.),.PIECEWISE_BEZIER_KNOTS.);
#1424 = CARTESIAN_POINT('',(-0.284231338487,0.381155961643,
    0.329597279351));
#1425 = CARTESIAN_POINT('',(-0.292933893374,0.381162777656,
    0.329535935232));
#1426 = ORIENTED_EDGE('',*,*,#1427,.F.);
#1427 = EDGE_CURVE('',#1379,#1421,#1428,.T.);
#1428 = B_SPLINE_CURVE_WITH_KNOTS('',1,(#1429,#1430),.UNSPECIFIED.,.F.,
  .F.,(2,2),(-6.528872444865E-02,0.),.PIECEWISE_BEZIER_KNOTS.);
#1429 = CARTESIAN_POINT('',(-0.30790205852,0.374436573466,0.390071772948
    ));
#1430 = CARTESIAN_POINT('',(-0.284231338487,0.381155961643,
    0.329597279351));
#1431 = B_SPLINE_SURFACE_WITH_KNOTS('',1,1,(
    (#1432,#1433)
    ,(#1434,#1435
    )),.UNSPECIFIED.,.F.,.F.,.F.,(2,2),(2,2),(-0.550305813266,
    0.550305813266),(4.475213965632E-02,0.452769256907),
  .PIECEWISE_BEZIER_KNOTS.);
#1432 = CARTESIAN_POINT('',(0.550305813266,0.354942047077,0.565522511522
    ));
#1433 = CARTESIAN_POINT('',(0.550305813266,0.4,0.160000935218));
#1434 = CARTESIAN_POINT('',(-0.550305813266,0.354942047077,
    0.565522511522));
#1435 = CARTESIAN_POINT('',(-0.550305813266,0.4,0.160000935218));
#1436 = ADVANCED_FACE('',(#1437),#1555,.T.);
#1437 = FACE_BOUND('',#1438,.T.);
#1438 = EDGE_LOOP('',(#1439,#1448,#1455,#1462,#1470,#1477,#1485,#1492,
    #1499,#1506,#1513,#1520,#1528,#1535,#1543,#1550));
#1439 = ORIENTED_EDGE('',*,*,#1440,.T.);
#1440 = EDGE_CURVE('',#1441,#1443,#1445,.T.);
#1441 = VERTEX_POINT('',#1442);
#1442 = CARTESIAN_POINT('',(0.4,0.15,1.000093521814E-02));
#1443 = VERTEX_POINT('',#1444);
#1444 = CARTESIAN_POINT('',(0.4,-0.15,1.000093521814E-02));
#1445 = B_SPLINE_CURVE_WITH_KNOTS('',1,(#1446,#1447),.UNSPECIFIED.,.F.,
  .F.,(2,2),(-0.15,0.15),.PIECEWISE_BEZIER_KNOTS.);
#1446 = CARTESIAN_POINT('',(0.4,0.15,1.000093521814E-02));
#1447 = CARTESIAN_POINT('',(0.4,-0.15,1.000093521814E-02));
#1448 = ORIENTED_EDGE('',*,*,#1449,.T.);
#1449 = EDGE_CURVE('',#1443,#1450,#1452,.T.);
#1450 = VERTEX_POINT('',#1451);
#1451 = CARTESIAN_POINT('',(0.6,-0.15,1.000093521814E-02));
#1452 = B_SPLINE_CURVE_WITH_KNOTS('',1,(#1453,#1454),.UNSPECIFIED.,.F.,
  .F.,(2,2),(0.4,0.6),.PIECEWISE_BEZIER_KNOTS.);
#1453 = CARTESIAN_POINT('',(0.4,-0.15,1.000093521814E-02));
#1454 = CARTESIAN_POINT('',(0.6,-0.15,1.000093521814E-02));
#1455 = ORIENTED_EDGE('',*,*,#1456,.F.);
#1456 = EDGE_CURVE('',#1457,#1450,#1459,.T.);
#1457 = VERTEX_POINT('',#1458);
#1458 = CARTESIAN_POINT('',(0.6,-0.35,1.000093521814E-02));
#1459 = B_SPLINE_CURVE_WITH_KNOTS('',1,(#1460,#1461),.UNSPECIFIED.,.F.,
  .F.,(2,2),(5.E-02,0.25),.PIECEWISE_BEZIER_KNOTS.);
#1460 = CARTESIAN_POINT('',(0.6,-0.35,1.000093521814E-02));
#1461 = CARTESIAN_POINT('',(0.6,-0.15,1.000093521814E-02));
#1462 = ORIENTED_EDGE('',*,*,#1463,.T.);
#1463 = EDGE_CURVE('',#1457,#1464,#1466,.T.);
#1464 = VERTEX_POINT('',#1465);
#1465 = CARTESIAN_POINT('',(0.55,-0.4,1.000093521814E-02));
#1466 = ( BOUNDED_CURVE() B_SPLINE_CURVE(2,(#1467,#1468,#1469),
.UNSPECIFIED.,.F.,.F.) B_SPLINE_CURVE_WITH_KNOTS((3,3),(3.14159265359,
4.712388980385),.PIECEWISE_BEZIER_KNOTS.) CURVE() 
GEOMETRIC_REPRESENTATION_ITEM() RATIONAL_B_SPLINE_CURVE((1.,
0.707106781187,1.)) REPRESENTATION_ITEM('') );
#1467 = CARTESIAN_POINT('',(0.6,-0.35,1.000093521814E-02));
#1468 = CARTESIAN_POINT('',(0.6,-0.4,1.000093521814E-02));
#1469 = CARTESIAN_POINT('',(0.55,-0.4,1.000093521814E-02));
#1470 = ORIENTED_EDGE('',*,*,#1471,.F.);
#1471 = EDGE_CURVE('',#1472,#1464,#1474,.T.);
#1472 = VERTEX_POINT('',#1473);
#1473 = CARTESIAN_POINT('',(-0.55,-0.4,1.000093521814E-02));
#1474 = B_SPLINE_CURVE_WITH_KNOTS('',1,(#1475,#1476),.UNSPECIFIED.,.F.,
  .F.,(2,2),(5.E-02,1.15),.PIECEWISE_BEZIER_KNOTS.);
#1475 = CARTESIAN_POINT('',(-0.55,-0.4,1.000093521814E-02));
#1476 = CARTESIAN_POINT('',(0.55,-0.4,1.000093521814E-02));
#1477 = ORIENTED_EDGE('',*,*,#1478,.T.);
#1478 = EDGE_CURVE('',#1472,#1479,#1481,.T.);
#1479 = VERTEX_POINT('',#1480);
#1480 = CARTESIAN_POINT('',(-0.6,-0.35,1.000093521814E-02));
#1481 = ( BOUNDED_CURVE() B_SPLINE_CURVE(2,(#1482,#1483,#1484),
.UNSPECIFIED.,.F.,.F.) B_SPLINE_CURVE_WITH_KNOTS((3,3),(4.712388980385,
6.28318530718),.PIECEWISE_BEZIER_KNOTS.) CURVE() 
GEOMETRIC_REPRESENTATION_ITEM() RATIONAL_B_SPLINE_CURVE((1.,
0.707106781187,1.)) REPRESENTATION_ITEM('') );
#1482 = CARTESIAN_POINT('',(-0.55,-0.4,1.000093521814E-02));
#1483 = CARTESIAN_POINT('',(-0.6,-0.4,1.000093521814E-02));
#1484 = CARTESIAN_POINT('',(-0.6,-0.35,1.000093521814E-02));
#1485 = ORIENTED_EDGE('',*,*,#1486,.F.);
#1486 = EDGE_CURVE('',#1487,#1479,#1489,.T.);
#1487 = VERTEX_POINT('',#1488);
#1488 = CARTESIAN_POINT('',(-0.6,-0.15,1.000093521814E-02));
#1489 = B_SPLINE_CURVE_WITH_KNOTS('',1,(#1490,#1491),.UNSPECIFIED.,.F.,
  .F.,(2,2),(-0.25,-5.E-02),.PIECEWISE_BEZIER_KNOTS.);
#1490 = CARTESIAN_POINT('',(-0.6,-0.15,1.000093521814E-02));
#1491 = CARTESIAN_POINT('',(-0.6,-0.35,1.000093521814E-02));
#1492 = ORIENTED_EDGE('',*,*,#1493,.T.);
#1493 = EDGE_CURVE('',#1487,#1494,#1496,.T.);
#1494 = VERTEX_POINT('',#1495);
#1495 = CARTESIAN_POINT('',(-0.4,-0.15,1.000093521814E-02));
#1496 = B_SPLINE_CURVE_WITH_KNOTS('',1,(#1497,#1498),.UNSPECIFIED.,.F.,
  .F.,(2,2),(-0.6,-0.4),.PIECEWISE_BEZIER_KNOTS.);
#1497 = CARTESIAN_POINT('',(-0.6,-0.15,1.000093521814E-02));
#1498 = CARTESIAN_POINT('',(-0.4,-0.15,1.000093521814E-02));
#1499 = ORIENTED_EDGE('',*,*,#1500,.T.);
#1500 = EDGE_CURVE('',#1494,#1501,#1503,.T.);
#1501 = VERTEX_POINT('',#1502);
#1502 = CARTESIAN_POINT('',(-0.4,0.15,1.000093521814E-02));
#1503 = B_SPLINE_CURVE_WITH_KNOTS('',1,(#1504,#1505),.UNSPECIFIED.,.F.,
  .F.,(2,2),(-0.15,0.15),.PIECEWISE_BEZIER_KNOTS.);
#1504 = CARTESIAN_POINT('',(-0.4,-0.15,1.000093521814E-02));
#1505 = CARTESIAN_POINT('',(-0.4,0.15,1.000093521814E-02));
#1506 = ORIENTED_EDGE('',*,*,#1507,.T.);
#1507 = EDGE_CURVE('',#1501,#1508,#1510,.T.);
#1508 = VERTEX_POINT('',#1509);
#1509 = CARTESIAN_POINT('',(-0.6,0.15,1.000093521814E-02));
#1510 = B_SPLINE_CURVE_WITH_KNOTS('',1,(#1511,#1512),.UNSPECIFIED.,.F.,
  .F.,(2,2),(0.4,0.6),.PIECEWISE_BEZIER_KNOTS.);
#1511 = CARTESIAN_POINT('',(-0.4,0.15,1.000093521814E-02));
#1512 = CARTESIAN_POINT('',(-0.6,0.15,1.000093521814E-02));
#1513 = ORIENTED_EDGE('',*,*,#1514,.F.);
#1514 = EDGE_CURVE('',#1515,#1508,#1517,.T.);
#1515 = VERTEX_POINT('',#1516);
#1516 = CARTESIAN_POINT('',(-0.6,0.35,1.000093521814E-02));
#1517 = B_SPLINE_CURVE_WITH_KNOTS('',1,(#1518,#1519),.UNSPECIFIED.,.F.,
  .F.,(2,2),(-0.75,-0.55),.PIECEWISE_BEZIER_KNOTS.);
#1518 = CARTESIAN_POINT('',(-0.6,0.35,1.000093521814E-02));
#1519 = CARTESIAN_POINT('',(-0.6,0.15,1.000093521814E-02));
#1520 = ORIENTED_EDGE('',*,*,#1521,.T.);
#1521 = EDGE_CURVE('',#1515,#1522,#1524,.T.);
#1522 = VERTEX_POINT('',#1523);
#1523 = CARTESIAN_POINT('',(-0.55,0.4,1.000093521814E-02));
#1524 = ( BOUNDED_CURVE() B_SPLINE_CURVE(2,(#1525,#1526,#1527),
.UNSPECIFIED.,.F.,.F.) B_SPLINE_CURVE_WITH_KNOTS((3,3),(0.,
1.570796326795),.PIECEWISE_BEZIER_KNOTS.) CURVE() 
GEOMETRIC_REPRESENTATION_ITEM() RATIONAL_B_SPLINE_CURVE((1.,
0.707106781187,1.)) REPRESENTATION_ITEM('') );
#1525 = CARTESIAN_POINT('',(-0.6,0.35,1.000093521814E-02));
#1526 = CARTESIAN_POINT('',(-0.6,0.4,1.000093521814E-02));
#1527 = CARTESIAN_POINT('',(-0.55,0.4,1.000093521814E-02));
#1528 = ORIENTED_EDGE('',*,*,#1529,.F.);
#1529 = EDGE_CURVE('',#1530,#1522,#1532,.T.);
#1530 = VERTEX_POINT('',#1531);
#1531 = CARTESIAN_POINT('',(0.55,0.4,1.000093521814E-02));
#1532 = B_SPLINE_CURVE_WITH_KNOTS('',1,(#1533,#1534),.UNSPECIFIED.,.F.,
  .F.,(2,2),(-1.15,-5.E-02),.PIECEWISE_BEZIER_KNOTS.);
#1533 = CARTESIAN_POINT('',(0.55,0.4,1.000093521814E-02));
#1534 = CARTESIAN_POINT('',(-0.55,0.4,1.000093521814E-02));
#1535 = ORIENTED_EDGE('',*,*,#1536,.T.);
#1536 = EDGE_CURVE('',#1530,#1537,#1539,.T.);
#1537 = VERTEX_POINT('',#1538);
#1538 = CARTESIAN_POINT('',(0.6,0.35,1.000093521814E-02));
#1539 = ( BOUNDED_CURVE() B_SPLINE_CURVE(2,(#1540,#1541,#1542),
.UNSPECIFIED.,.F.,.F.) B_SPLINE_CURVE_WITH_KNOTS((3,3),(1.570796326795,
3.14159265359),.PIECEWISE_BEZIER_KNOTS.) CURVE() 
GEOMETRIC_REPRESENTATION_ITEM() RATIONAL_B_SPLINE_CURVE((1.,
0.707106781187,1.)) REPRESENTATION_ITEM('') );
#1540 = CARTESIAN_POINT('',(0.55,0.4,1.000093521814E-02));
#1541 = CARTESIAN_POINT('',(0.6,0.4,1.000093521814E-02));
#1542 = CARTESIAN_POINT('',(0.6,0.35,1.000093521814E-02));
#1543 = ORIENTED_EDGE('',*,*,#1544,.F.);
#1544 = EDGE_CURVE('',#1545,#1537,#1547,.T.);
#1545 = VERTEX_POINT('',#1546);
#1546 = CARTESIAN_POINT('',(0.6,0.15,1.000093521814E-02));
#1547 = B_SPLINE_CURVE_WITH_KNOTS('',1,(#1548,#1549),.UNSPECIFIED.,.F.,
  .F.,(2,2),(0.55,0.75),.PIECEWISE_BEZIER_KNOTS.);
#1548 = CARTESIAN_POINT('',(0.6,0.15,1.000093521814E-02));
#1549 = CARTESIAN_POINT('',(0.6,0.35,1.000093521814E-02));
#1550 = ORIENTED_EDGE('',*,*,#1551,.T.);
#1551 = EDGE_CURVE('',#1545,#1441,#1552,.T.);
#1552 = B_SPLINE_CURVE_WITH_KNOTS('',1,(#1553,#1554),.UNSPECIFIED.,.F.,
  .F.,(2,2),(-0.6,-0.4),.PIECEWISE_BEZIER_KNOTS.);
#1553 = CARTESIAN_POINT('',(0.6,0.15,1.000093521814E-02));
#1554 = CARTESIAN_POINT('',(0.4,0.15,1.000093521814E-02));
#1555 = B_SPLINE_SURFACE_WITH_KNOTS('',1,1,(
    (#1556,#1557)
    ,(#1558,#1559
    )),.UNSPECIFIED.,.F.,.F.,.F.,(2,2),(2,2),(-0.6,0.6),(-0.4,0.4),
  .PIECEWISE_BEZIER_KNOTS.);
#1556 = CARTESIAN_POINT('',(0.6,-0.4,1.000093521814E-02));
#1557 = CARTESIAN_POINT('',(0.6,0.4,1.000093521814E-02));
#1558 = CARTESIAN_POINT('',(-0.6,-0.4,1.000093521814E-02));
#1559 = CARTESIAN_POINT('',(-0.6,0.4,1.000093521814E-02));
#1560 = ADVANCED_FACE('',(#1561),#1603,.F.);
#1561 = FACE_BOUND('',#1562,.T.);
#1562 = EDGE_LOOP('',(#1563,#1570,#1577,#1582,#1583,#1590,#1597,#1602));
#1563 = ORIENTED_EDGE('',*,*,#1564,.F.);
#1564 = EDGE_CURVE('',#1565,#1450,#1567,.T.);
#1565 = VERTEX_POINT('',#1566);
#1566 = CARTESIAN_POINT('',(0.6,-0.15,0.150000935218));
#1567 = B_SPLINE_CURVE_WITH_KNOTS('',1,(#1568,#1569),.UNSPECIFIED.,.F.,
  .F.,(2,2),(0.46,0.6),.PIECEWISE_BEZIER_KNOTS.);
#1568 = CARTESIAN_POINT('',(0.6,-0.15,0.150000935218));
#1569 = CARTESIAN_POINT('',(0.6,-0.15,1.000093521814E-02));
#1570 = ORIENTED_EDGE('',*,*,#1571,.F.);
#1571 = EDGE_CURVE('',#1572,#1565,#1574,.T.);
#1572 = VERTEX_POINT('',#1573);
#1573 = CARTESIAN_POINT('',(0.6,0.15,0.150000935218));
#1574 = B_SPLINE_CURVE_WITH_KNOTS('',1,(#1575,#1576),.UNSPECIFIED.,.F.,
  .F.,(2,2),(-0.55,-0.25),.PIECEWISE_BEZIER_KNOTS.);
#1575 = CARTESIAN_POINT('',(0.6,0.15,0.150000935218));
#1576 = CARTESIAN_POINT('',(0.6,-0.15,0.150000935218));
#1577 = ORIENTED_EDGE('',*,*,#1578,.F.);
#1578 = EDGE_CURVE('',#1545,#1572,#1579,.T.);
#1579 = B_SPLINE_CURVE_WITH_KNOTS('',1,(#1580,#1581),.UNSPECIFIED.,.F.,
  .F.,(2,2),(-0.6,-0.46),.PIECEWISE_BEZIER_KNOTS.);
#1580 = CARTESIAN_POINT('',(0.6,0.15,1.000093521814E-02));
#1581 = CARTESIAN_POINT('',(0.6,0.15,0.150000935218));
#1582 = ORIENTED_EDGE('',*,*,#1544,.T.);
#1583 = ORIENTED_EDGE('',*,*,#1584,.T.);
#1584 = EDGE_CURVE('',#1537,#1585,#1587,.T.);
#1585 = VERTEX_POINT('',#1586);
#1586 = CARTESIAN_POINT('',(0.6,0.35,0.160000935218));
#1587 = B_SPLINE_CURVE_WITH_KNOTS('',1,(#1588,#1589),.UNSPECIFIED.,.F.,
  .F.,(2,2),(-0.6,-0.45),.PIECEWISE_BEZIER_KNOTS.);
#1588 = CARTESIAN_POINT('',(0.6,0.35,1.000093521814E-02));
#1589 = CARTESIAN_POINT('',(0.6,0.35,0.160000935218));
#1590 = ORIENTED_EDGE('',*,*,#1591,.T.);
#1591 = EDGE_CURVE('',#1585,#1592,#1594,.T.);
#1592 = VERTEX_POINT('',#1593);
#1593 = CARTESIAN_POINT('',(0.6,-0.35,0.160000935218));
#1594 = B_SPLINE_CURVE_WITH_KNOTS('',1,(#1595,#1596),.UNSPECIFIED.,.F.,
  .F.,(2,2),(-0.75,-5.E-02),.PIECEWISE_BEZIER_KNOTS.);
#1595 = CARTESIAN_POINT('',(0.6,0.35,0.160000935218));
#1596 = CARTESIAN_POINT('',(0.6,-0.35,0.160000935218));
#1597 = ORIENTED_EDGE('',*,*,#1598,.T.);
#1598 = EDGE_CURVE('',#1592,#1457,#1599,.T.);
#1599 = B_SPLINE_CURVE_WITH_KNOTS('',1,(#1600,#1601),.UNSPECIFIED.,.F.,
  .F.,(2,2),(0.45,0.6),.PIECEWISE_BEZIER_KNOTS.);
#1600 = CARTESIAN_POINT('',(0.6,-0.35,0.160000935218));
#1601 = CARTESIAN_POINT('',(0.6,-0.35,1.000093521814E-02));
#1602 = ORIENTED_EDGE('',*,*,#1456,.T.);
#1603 = B_SPLINE_SURFACE_WITH_KNOTS('',1,1,(
    (#1604,#1605)
    ,(#1606,#1607
    )),.UNSPECIFIED.,.F.,.F.,.F.,(2,2),(2,2),(-0.6,-0.45),(5.E-02,0.75),
  .PIECEWISE_BEZIER_KNOTS.);
#1604 = CARTESIAN_POINT('',(0.6,-0.35,1.000093521814E-02));
#1605 = CARTESIAN_POINT('',(0.6,0.35,1.000093521814E-02));
#1606 = CARTESIAN_POINT('',(0.6,-0.35,0.160000935218));
#1607 = CARTESIAN_POINT('',(0.6,0.35,0.160000935218));
#1608 = ADVANCED_FACE('',(#1609),#1651,.F.);
#1609 = FACE_BOUND('',#1610,.T.);
#1610 = EDGE_LOOP('',(#1611,#1618,#1625,#1630,#1631,#1638,#1645,#1650));
#1611 = ORIENTED_EDGE('',*,*,#1612,.F.);
#1612 = EDGE_CURVE('',#1613,#1508,#1615,.T.);
#1613 = VERTEX_POINT('',#1614);
#1614 = CARTESIAN_POINT('',(-0.6,0.15,0.150000935218));
#1615 = B_SPLINE_CURVE_WITH_KNOTS('',1,(#1616,#1617),.UNSPECIFIED.,.F.,
  .F.,(2,2),(0.46,0.6),.PIECEWISE_BEZIER_KNOTS.);
#1616 = CARTESIAN_POINT('',(-0.6,0.15,0.150000935218));
#1617 = CARTESIAN_POINT('',(-0.6,0.15,1.000093521814E-02));
#1618 = ORIENTED_EDGE('',*,*,#1619,.F.);
#1619 = EDGE_CURVE('',#1620,#1613,#1622,.T.);
#1620 = VERTEX_POINT('',#1621);
#1621 = CARTESIAN_POINT('',(-0.6,-0.15,0.150000935218));
#1622 = B_SPLINE_CURVE_WITH_KNOTS('',1,(#1623,#1624),.UNSPECIFIED.,.F.,
  .F.,(2,2),(0.25,0.55),.PIECEWISE_BEZIER_KNOTS.);
#1623 = CARTESIAN_POINT('',(-0.6,-0.15,0.150000935218));
#1624 = CARTESIAN_POINT('',(-0.6,0.15,0.150000935218));
#1625 = ORIENTED_EDGE('',*,*,#1626,.F.);
#1626 = EDGE_CURVE('',#1487,#1620,#1627,.T.);
#1627 = B_SPLINE_CURVE_WITH_KNOTS('',1,(#1628,#1629),.UNSPECIFIED.,.F.,
  .F.,(2,2),(-0.6,-0.46),.PIECEWISE_BEZIER_KNOTS.);
#1628 = CARTESIAN_POINT('',(-0.6,-0.15,1.000093521814E-02));
#1629 = CARTESIAN_POINT('',(-0.6,-0.15,0.150000935218));
#1630 = ORIENTED_EDGE('',*,*,#1486,.T.);
#1631 = ORIENTED_EDGE('',*,*,#1632,.T.);
#1632 = EDGE_CURVE('',#1479,#1633,#1635,.T.);
#1633 = VERTEX_POINT('',#1634);
#1634 = CARTESIAN_POINT('',(-0.6,-0.35,0.160000935218));
#1635 = B_SPLINE_CURVE_WITH_KNOTS('',1,(#1636,#1637),.UNSPECIFIED.,.F.,
  .F.,(2,2),(-0.6,-0.45),.PIECEWISE_BEZIER_KNOTS.);
#1636 = CARTESIAN_POINT('',(-0.6,-0.35,1.000093521814E-02));
#1637 = CARTESIAN_POINT('',(-0.6,-0.35,0.160000935218));
#1638 = ORIENTED_EDGE('',*,*,#1639,.T.);
#1639 = EDGE_CURVE('',#1633,#1640,#1642,.T.);
#1640 = VERTEX_POINT('',#1641);
#1641 = CARTESIAN_POINT('',(-0.6,0.35,0.160000935218));
#1642 = B_SPLINE_CURVE_WITH_KNOTS('',1,(#1643,#1644),.UNSPECIFIED.,.F.,
  .F.,(2,2),(5.E-02,0.75),.PIECEWISE_BEZIER_KNOTS.);
#1643 = CARTESIAN_POINT('',(-0.6,-0.35,0.160000935218));
#1644 = CARTESIAN_POINT('',(-0.6,0.35,0.160000935218));
#1645 = ORIENTED_EDGE('',*,*,#1646,.T.);
#1646 = EDGE_CURVE('',#1640,#1515,#1647,.T.);
#1647 = B_SPLINE_CURVE_WITH_KNOTS('',1,(#1648,#1649),.UNSPECIFIED.,.F.,
  .F.,(2,2),(0.45,0.6),.PIECEWISE_BEZIER_KNOTS.);
#1648 = CARTESIAN_POINT('',(-0.6,0.35,0.160000935218));
#1649 = CARTESIAN_POINT('',(-0.6,0.35,1.000093521814E-02));
#1650 = ORIENTED_EDGE('',*,*,#1514,.T.);
#1651 = B_SPLINE_SURFACE_WITH_KNOTS('',1,1,(
    (#1652,#1653)
    ,(#1654,#1655
    )),.UNSPECIFIED.,.F.,.F.,.F.,(2,2),(2,2),(0.45,0.6),(5.E-02,0.75),
  .PIECEWISE_BEZIER_KNOTS.);
#1652 = CARTESIAN_POINT('',(-0.6,-0.35,0.160000935218));
#1653 = CARTESIAN_POINT('',(-0.6,0.35,0.160000935218));
#1654 = CARTESIAN_POINT('',(-0.6,-0.35,1.000093521814E-02));
#1655 = CARTESIAN_POINT('',(-0.6,0.35,1.000093521814E-02));
#1656 = ADVANCED_FACE('',(#1657),#1687,.F.);
#1657 = FACE_BOUND('',#1658,.T.);
#1658 = EDGE_LOOP('',(#1659,#1668,#1675,#1682));
#1659 = ORIENTED_EDGE('',*,*,#1660,.F.);
#1660 = EDGE_CURVE('',#1661,#1663,#1665,.T.);
#1661 = VERTEX_POINT('',#1662);
#1662 = CARTESIAN_POINT('',(-0.399007107847,0.305247860344,
    0.610000935218));
#1663 = VERTEX_POINT('',#1664);
#1664 = CARTESIAN_POINT('',(-0.399007107847,-0.305247860344,
    0.610000935218));
#1665 = B_SPLINE_CURVE_WITH_KNOTS('',1,(#1666,#1667),.UNSPECIFIED.,.F.,
  .F.,(2,2),(-0.305247860344,0.305247860344),.PIECEWISE_BEZIER_KNOTS.);
#1666 = CARTESIAN_POINT('',(-0.399007107847,0.305247860344,
    0.610000935218));
#1667 = CARTESIAN_POINT('',(-0.399007107847,-0.305247860344,
    0.610000935218));
#1668 = ORIENTED_EDGE('',*,*,#1669,.T.);
#1669 = EDGE_CURVE('',#1661,#1670,#1672,.T.);
#1670 = VERTEX_POINT('',#1671);
#1671 = CARTESIAN_POINT('',(-0.505247860344,0.305247860344,
    0.610000935218));
#1672 = B_SPLINE_CURVE_WITH_KNOTS('',1,(#1673,#1674),.UNSPECIFIED.,.F.,
  .F.,(2,2),(-0.150992892153,-4.475213965632E-02),
  .PIECEWISE_BEZIER_KNOTS.);
#1673 = CARTESIAN_POINT('',(-0.399007107847,0.305247860344,
    0.610000935218));
#1674 = CARTESIAN_POINT('',(-0.505247860344,0.305247860344,
    0.610000935218));
#1675 = ORIENTED_EDGE('',*,*,#1676,.T.);
#1676 = EDGE_CURVE('',#1670,#1677,#1679,.T.);
#1677 = VERTEX_POINT('',#1678);
#1678 = CARTESIAN_POINT('',(-0.505247860344,-0.305247860344,
    0.610000935218));
#1679 = B_SPLINE_CURVE_WITH_KNOTS('',1,(#1680,#1681),.UNSPECIFIED.,.F.,
  .F.,(2,2),(-0.655247860344,-4.475213965632E-02),
  .PIECEWISE_BEZIER_KNOTS.);
#1680 = CARTESIAN_POINT('',(-0.505247860344,0.305247860344,
    0.610000935218));
#1681 = CARTESIAN_POINT('',(-0.505247860344,-0.305247860344,
    0.610000935218));
#1682 = ORIENTED_EDGE('',*,*,#1683,.T.);
#1683 = EDGE_CURVE('',#1677,#1663,#1684,.T.);
#1684 = B_SPLINE_CURVE_WITH_KNOTS('',1,(#1685,#1686),.UNSPECIFIED.,.F.,
  .F.,(2,2),(-1.055247860344,-0.949007107847),.PIECEWISE_BEZIER_KNOTS.);
#1685 = CARTESIAN_POINT('',(-0.505247860344,-0.305247860344,
    0.610000935218));
#1686 = CARTESIAN_POINT('',(-0.399007107847,-0.305247860344,
    0.610000935218));
#1687 = B_SPLINE_SURFACE_WITH_KNOTS('',1,1,(
    (#1688,#1689)
    ,(#1690,#1691
    )),.UNSPECIFIED.,.F.,.F.,.F.,(2,2),(2,2),(0.399007107847,
    0.505247860344),(-0.305247860344,0.305247860344),
  .PIECEWISE_BEZIER_KNOTS.);
#1688 = CARTESIAN_POINT('',(-0.399007107847,-0.305247860344,
    0.610000935218));
#1689 = CARTESIAN_POINT('',(-0.399007107847,0.305247860344,
    0.610000935218));
#1690 = CARTESIAN_POINT('',(-0.505247860344,-0.305247860344,
    0.610000935218));
#1691 = CARTESIAN_POINT('',(-0.505247860344,0.305247860344,
    0.610000935218));
#1692 = ADVANCED_FACE('',(#1693),#1707,.F.);
#1693 = FACE_BOUND('',#1694,.T.);
#1694 = EDGE_LOOP('',(#1695,#1696,#1701,#1702));
#1695 = ORIENTED_EDGE('',*,*,#1529,.T.);
#1696 = ORIENTED_EDGE('',*,*,#1697,.T.);
#1697 = EDGE_CURVE('',#1522,#858,#1698,.T.);
#1698 = B_SPLINE_CURVE_WITH_KNOTS('',1,(#1699,#1700),.UNSPECIFIED.,.F.,
  .F.,(2,2),(-0.6,-0.45),.PIECEWISE_BEZIER_KNOTS.);
#1699 = CARTESIAN_POINT('',(-0.55,0.4,1.000093521814E-02));
#1700 = CARTESIAN_POINT('',(-0.55,0.4,0.160000935218));
#1701 = ORIENTED_EDGE('',*,*,#892,.T.);
#1702 = ORIENTED_EDGE('',*,*,#1703,.T.);
#1703 = EDGE_CURVE('',#886,#1530,#1704,.T.);
#1704 = B_SPLINE_CURVE_WITH_KNOTS('',1,(#1705,#1706),.UNSPECIFIED.,.F.,
  .F.,(2,2),(0.45,0.6),.PIECEWISE_BEZIER_KNOTS.);
#1705 = CARTESIAN_POINT('',(0.55,0.4,0.160000935218));
#1706 = CARTESIAN_POINT('',(0.55,0.4,1.000093521814E-02));
#1707 = B_SPLINE_SURFACE_WITH_KNOTS('',1,1,(
    (#1708,#1709)
    ,(#1710,#1711
    )),.UNSPECIFIED.,.F.,.F.,.F.,(2,2),(2,2),(0.45,0.6),(5.E-02,1.15),
  .PIECEWISE_BEZIER_KNOTS.);
#1708 = CARTESIAN_POINT('',(-0.55,0.4,0.160000935218));
#1709 = CARTESIAN_POINT('',(0.55,0.4,0.160000935218));
#1710 = CARTESIAN_POINT('',(-0.55,0.4,1.000093521814E-02));
#1711 = CARTESIAN_POINT('',(0.55,0.4,1.000093521814E-02));
#1712 = ADVANCED_FACE('',(#1713),#1735,.F.);
#1713 = FACE_BOUND('',#1714,.T.);
#1714 = EDGE_LOOP('',(#1715,#1724,#1729,#1730));
#1715 = ORIENTED_EDGE('',*,*,#1716,.T.);
#1716 = EDGE_CURVE('',#1717,#1719,#1721,.T.);
#1717 = VERTEX_POINT('',#1718);
#1718 = CARTESIAN_POINT('',(0.55,-0.4,0.160000935218));
#1719 = VERTEX_POINT('',#1720);
#1720 = CARTESIAN_POINT('',(-0.55,-0.4,0.160000935218));
#1721 = B_SPLINE_CURVE_WITH_KNOTS('',1,(#1722,#1723),.UNSPECIFIED.,.F.,
  .F.,(2,2),(-1.15,-5.E-02),.PIECEWISE_BEZIER_KNOTS.);
#1722 = CARTESIAN_POINT('',(0.55,-0.4,0.160000935218));
#1723 = CARTESIAN_POINT('',(-0.55,-0.4,0.160000935218));
#1724 = ORIENTED_EDGE('',*,*,#1725,.T.);
#1725 = EDGE_CURVE('',#1719,#1472,#1726,.T.);
#1726 = B_SPLINE_CURVE_WITH_KNOTS('',1,(#1727,#1728),.UNSPECIFIED.,.F.,
  .F.,(2,2),(0.45,0.6),.PIECEWISE_BEZIER_KNOTS.);
#1727 = CARTESIAN_POINT('',(-0.55,-0.4,0.160000935218));
#1728 = CARTESIAN_POINT('',(-0.55,-0.4,1.000093521814E-02));
#1729 = ORIENTED_EDGE('',*,*,#1471,.T.);
#1730 = ORIENTED_EDGE('',*,*,#1731,.T.);
#1731 = EDGE_CURVE('',#1464,#1717,#1732,.T.);
#1732 = B_SPLINE_CURVE_WITH_KNOTS('',1,(#1733,#1734),.UNSPECIFIED.,.F.,
  .F.,(2,2),(-0.6,-0.45),.PIECEWISE_BEZIER_KNOTS.);
#1733 = CARTESIAN_POINT('',(0.55,-0.4,1.000093521814E-02));
#1734 = CARTESIAN_POINT('',(0.55,-0.4,0.160000935218));
#1735 = B_SPLINE_SURFACE_WITH_KNOTS('',1,1,(
    (#1736,#1737)
    ,(#1738,#1739
    )),.UNSPECIFIED.,.F.,.F.,.F.,(2,2),(2,2),(-0.6,-0.45),(5.E-02,1.15),
  .PIECEWISE_BEZIER_KNOTS.);
#1736 = CARTESIAN_POINT('',(-0.55,-0.4,1.000093521814E-02));
#1737 = CARTESIAN_POINT('',(0.55,-0.4,1.000093521814E-02));
#1738 = CARTESIAN_POINT('',(-0.55,-0.4,0.160000935218));
#1739 = CARTESIAN_POINT('',(0.55,-0.4,0.160000935218));
#1740 = ADVANCED_FACE('',(#1741),#1763,.F.);
#1741 = FACE_BOUND('',#1742,.T.);
#1742 = EDGE_LOOP('',(#1743,#1750,#1751,#1758));
#1743 = ORIENTED_EDGE('',*,*,#1744,.T.);
#1744 = EDGE_CURVE('',#1745,#1661,#1747,.T.);
#1745 = VERTEX_POINT('',#1746);
#1746 = CARTESIAN_POINT('',(0.505247860344,0.305247860344,0.610000935218
    ));
#1747 = B_SPLINE_CURVE_WITH_KNOTS('',1,(#1748,#1749),.UNSPECIFIED.,.F.,
  .F.,(2,2),(-1.055247860344,-0.150992892153),.PIECEWISE_BEZIER_KNOTS.);
#1748 = CARTESIAN_POINT('',(0.505247860344,0.305247860344,0.610000935218
    ));
#1749 = CARTESIAN_POINT('',(-0.399007107847,0.305247860344,
    0.610000935218));
#1750 = ORIENTED_EDGE('',*,*,#1660,.T.);
#1751 = ORIENTED_EDGE('',*,*,#1752,.T.);
#1752 = EDGE_CURVE('',#1663,#1753,#1755,.T.);
#1753 = VERTEX_POINT('',#1754);
#1754 = CARTESIAN_POINT('',(0.505247860344,-0.305247860344,
    0.610000935218));
#1755 = B_SPLINE_CURVE_WITH_KNOTS('',1,(#1756,#1757),.UNSPECIFIED.,.F.,
  .F.,(2,2),(-0.949007107847,-4.475213965632E-02),
  .PIECEWISE_BEZIER_KNOTS.);
#1756 = CARTESIAN_POINT('',(-0.399007107847,-0.305247860344,
    0.610000935218));
#1757 = CARTESIAN_POINT('',(0.505247860344,-0.305247860344,
    0.610000935218));
#1758 = ORIENTED_EDGE('',*,*,#1759,.T.);
#1759 = EDGE_CURVE('',#1753,#1745,#1760,.T.);
#1760 = B_SPLINE_CURVE_WITH_KNOTS('',1,(#1761,#1762),.UNSPECIFIED.,.F.,
  .F.,(2,2),(-0.655247860344,-4.475213965632E-02),
  .PIECEWISE_BEZIER_KNOTS.);
#1761 = CARTESIAN_POINT('',(0.505247860344,-0.305247860344,
    0.610000935218));
#1762 = CARTESIAN_POINT('',(0.505247860344,0.305247860344,0.610000935218
    ));
#1763 = B_SPLINE_SURFACE_WITH_KNOTS('',1,1,(
    (#1764,#1765)
    ,(#1766,#1767
    )),.UNSPECIFIED.,.F.,.F.,.F.,(2,2),(2,2),(-0.505247860344,
    0.399007107847),(-0.305247860344,0.305247860344),
  .PIECEWISE_BEZIER_KNOTS.);
#1764 = CARTESIAN_POINT('',(0.505247860344,-0.305247860344,
    0.610000935218));
#1765 = CARTESIAN_POINT('',(0.505247860344,0.305247860344,0.610000935218
    ));
#1766 = CARTESIAN_POINT('',(-0.399007107847,-0.305247860344,
    0.610000935218));
#1767 = CARTESIAN_POINT('',(-0.399007107847,0.305247860344,
    0.610000935218));
#1768 = ADVANCED_FACE('',(#1769),#1805,.F.);
#1769 = FACE_BOUND('',#1770,.T.);
#1770 = EDGE_LOOP('',(#1771,#1780,#1787,#1792,#1793,#1800));
#1771 = ORIENTED_EDGE('',*,*,#1772,.T.);
#1772 = EDGE_CURVE('',#1773,#1775,#1777,.T.);
#1773 = VERTEX_POINT('',#1774);
#1774 = CARTESIAN_POINT('',(-0.554942047077,-0.305247860344,
    0.565522511522));
#1775 = VERTEX_POINT('',#1776);
#1776 = CARTESIAN_POINT('',(-0.554942047077,0.305247860344,
    0.565522511522));
#1777 = B_SPLINE_CURVE_WITH_KNOTS('',1,(#1778,#1779),.UNSPECIFIED.,.F.,
  .F.,(2,2),(-0.655247860344,-4.475213965632E-02),
  .PIECEWISE_BEZIER_KNOTS.);
#1778 = CARTESIAN_POINT('',(-0.554942047077,-0.305247860344,
    0.565522511522));
#1779 = CARTESIAN_POINT('',(-0.554942047077,0.305247860344,
    0.565522511522));
#1780 = ORIENTED_EDGE('',*,*,#1781,.T.);
#1781 = EDGE_CURVE('',#1775,#1782,#1784,.T.);
#1782 = VERTEX_POINT('',#1783);
#1783 = CARTESIAN_POINT('',(-0.6,0.350305813266,0.160000935218));
#1784 = B_SPLINE_CURVE_WITH_KNOTS('',1,(#1785,#1786),.UNSPECIFIED.,.F.,
  .F.,(2,2),(7.798703700709E-02,0.488484524321),
  .PIECEWISE_BEZIER_KNOTS.);
#1785 = CARTESIAN_POINT('',(-0.554942047077,0.305247860344,
    0.565522511522));
#1786 = CARTESIAN_POINT('',(-0.6,0.350305813266,0.160000935218));
#1787 = ORIENTED_EDGE('',*,*,#1788,.F.);
#1788 = EDGE_CURVE('',#1640,#1782,#1789,.T.);
#1789 = B_SPLINE_CURVE_WITH_KNOTS('',1,(#1790,#1791),.UNSPECIFIED.,.F.,
  .F.,(2,2),(0.75,0.750305813266),.PIECEWISE_BEZIER_KNOTS.);
#1790 = CARTESIAN_POINT('',(-0.6,0.35,0.160000935218));
#1791 = CARTESIAN_POINT('',(-0.6,0.350305813266,0.160000935218));
#1792 = ORIENTED_EDGE('',*,*,#1639,.F.);
#1793 = ORIENTED_EDGE('',*,*,#1794,.F.);
#1794 = EDGE_CURVE('',#1795,#1633,#1797,.T.);
#1795 = VERTEX_POINT('',#1796);
#1796 = CARTESIAN_POINT('',(-0.6,-0.350305813266,0.160000935218));
#1797 = B_SPLINE_CURVE_WITH_KNOTS('',1,(#1798,#1799),.UNSPECIFIED.,.F.,
  .F.,(2,2),(4.969418673368E-02,5.E-02),.PIECEWISE_BEZIER_KNOTS.);
#1798 = CARTESIAN_POINT('',(-0.6,-0.350305813266,0.160000935218));
#1799 = CARTESIAN_POINT('',(-0.6,-0.35,0.160000935218));
#1800 = ORIENTED_EDGE('',*,*,#1801,.T.);
#1801 = EDGE_CURVE('',#1795,#1773,#1802,.T.);
#1802 = B_SPLINE_CURVE_WITH_KNOTS('',1,(#1803,#1804),.UNSPECIFIED.,.F.,
  .F.,(2,2),(-0.488484524321,-7.798703700709E-02),
  .PIECEWISE_BEZIER_KNOTS.);
#1803 = CARTESIAN_POINT('',(-0.6,-0.350305813266,0.160000935218));
#1804 = CARTESIAN_POINT('',(-0.554942047077,-0.305247860344,
    0.565522511522));
#1805 = B_SPLINE_SURFACE_WITH_KNOTS('',1,1,(
    (#1806,#1807)
    ,(#1808,#1809
    )),.UNSPECIFIED.,.F.,.F.,.F.,(2,2),(2,2),(-0.350305813266,
    0.350305813266),(4.475213965632E-02,0.452769256907),
  .PIECEWISE_BEZIER_KNOTS.);
#1806 = CARTESIAN_POINT('',(-0.554942047077,0.350305813266,
    0.565522511522));
#1807 = CARTESIAN_POINT('',(-0.6,0.350305813266,0.160000935218));
#1808 = CARTESIAN_POINT('',(-0.554942047077,-0.350305813266,
    0.565522511522));
#1809 = CARTESIAN_POINT('',(-0.6,-0.350305813266,0.160000935218));
#1810 = ADVANCED_FACE('',(#1811),#1847,.F.);
#1811 = FACE_BOUND('',#1812,.T.);
#1812 = EDGE_LOOP('',(#1813,#1822,#1829,#1834,#1835,#1842));
#1813 = ORIENTED_EDGE('',*,*,#1814,.T.);
#1814 = EDGE_CURVE('',#1815,#1817,#1819,.T.);
#1815 = VERTEX_POINT('',#1816);
#1816 = CARTESIAN_POINT('',(0.554942047077,0.305247860344,0.565522511522
    ));
#1817 = VERTEX_POINT('',#1818);
#1818 = CARTESIAN_POINT('',(0.554942047077,-0.305247860344,
    0.565522511522));
#1819 = B_SPLINE_CURVE_WITH_KNOTS('',1,(#1820,#1821),.UNSPECIFIED.,.F.,
  .F.,(2,2),(-0.655247860344,-4.475213965632E-02),
  .PIECEWISE_BEZIER_KNOTS.);
#1820 = CARTESIAN_POINT('',(0.554942047077,0.305247860344,0.565522511522
    ));
#1821 = CARTESIAN_POINT('',(0.554942047077,-0.305247860344,
    0.565522511522));
#1822 = ORIENTED_EDGE('',*,*,#1823,.T.);
#1823 = EDGE_CURVE('',#1817,#1824,#1826,.T.);
#1824 = VERTEX_POINT('',#1825);
#1825 = CARTESIAN_POINT('',(0.6,-0.350305813266,0.160000935218));
#1826 = B_SPLINE_CURVE_WITH_KNOTS('',1,(#1827,#1828),.UNSPECIFIED.,.F.,
  .F.,(2,2),(7.798703700709E-02,0.488484524321),
  .PIECEWISE_BEZIER_KNOTS.);
#1827 = CARTESIAN_POINT('',(0.554942047077,-0.305247860344,
    0.565522511522));
#1828 = CARTESIAN_POINT('',(0.6,-0.350305813266,0.160000935218));
#1829 = ORIENTED_EDGE('',*,*,#1830,.F.);
#1830 = EDGE_CURVE('',#1592,#1824,#1831,.T.);
#1831 = B_SPLINE_CURVE_WITH_KNOTS('',1,(#1832,#1833),.UNSPECIFIED.,.F.,
  .F.,(2,2),(-5.E-02,-4.969418673368E-02),.PIECEWISE_BEZIER_KNOTS.);
#1832 = CARTESIAN_POINT('',(0.6,-0.35,0.160000935218));
#1833 = CARTESIAN_POINT('',(0.6,-0.350305813266,0.160000935218));
#1834 = ORIENTED_EDGE('',*,*,#1591,.F.);
#1835 = ORIENTED_EDGE('',*,*,#1836,.F.);
#1836 = EDGE_CURVE('',#1837,#1585,#1839,.T.);
#1837 = VERTEX_POINT('',#1838);
#1838 = CARTESIAN_POINT('',(0.6,0.350305813266,0.160000935218));
#1839 = B_SPLINE_CURVE_WITH_KNOTS('',1,(#1840,#1841),.UNSPECIFIED.,.F.,
  .F.,(2,2),(-0.750305813266,-0.75),.PIECEWISE_BEZIER_KNOTS.);
#1840 = CARTESIAN_POINT('',(0.6,0.350305813266,0.160000935218));
#1841 = CARTESIAN_POINT('',(0.6,0.35,0.160000935218));
#1842 = ORIENTED_EDGE('',*,*,#1843,.T.);
#1843 = EDGE_CURVE('',#1837,#1815,#1844,.T.);
#1844 = B_SPLINE_CURVE_WITH_KNOTS('',1,(#1845,#1846),.UNSPECIFIED.,.F.,
  .F.,(2,2),(-0.488484524321,-7.798703700709E-02),
  .PIECEWISE_BEZIER_KNOTS.);
#1845 = CARTESIAN_POINT('',(0.6,0.350305813266,0.160000935218));
#1846 = CARTESIAN_POINT('',(0.554942047077,0.305247860344,0.565522511522
    ));
#1847 = B_SPLINE_SURFACE_WITH_KNOTS('',1,1,(
    (#1848,#1849)
    ,(#1850,#1851
    )),.UNSPECIFIED.,.F.,.F.,.F.,(2,2),(2,2),(-0.350305813266,
    0.350305813266),(4.475213965632E-02,0.452769256907),
  .PIECEWISE_BEZIER_KNOTS.);
#1848 = CARTESIAN_POINT('',(0.554942047077,-0.350305813266,
    0.565522511522));
#1849 = CARTESIAN_POINT('',(0.6,-0.350305813266,0.160000935218));
#1850 = CARTESIAN_POINT('',(0.554942047077,0.350305813266,0.565522511522
    ));
#1851 = CARTESIAN_POINT('',(0.6,0.350305813266,0.160000935218));
#1852 = ADVANCED_FACE('',(#1853),#1889,.F.);
#1853 = FACE_BOUND('',#1854,.T.);
#1854 = EDGE_LOOP('',(#1855,#1862,#1869,#1876,#1883,#1888));
#1855 = ORIENTED_EDGE('',*,*,#1856,.F.);
#1856 = EDGE_CURVE('',#1857,#1717,#1859,.T.);
#1857 = VERTEX_POINT('',#1858);
#1858 = CARTESIAN_POINT('',(0.550305813266,-0.4,0.160000935218));
#1859 = B_SPLINE_CURVE_WITH_KNOTS('',1,(#1860,#1861),.UNSPECIFIED.,.F.,
  .F.,(2,2),(-1.150305813266,-1.15),.PIECEWISE_BEZIER_KNOTS.);
#1860 = CARTESIAN_POINT('',(0.550305813266,-0.4,0.160000935218));
#1861 = CARTESIAN_POINT('',(0.55,-0.4,0.160000935218));
#1862 = ORIENTED_EDGE('',*,*,#1863,.T.);
#1863 = EDGE_CURVE('',#1857,#1864,#1866,.T.);
#1864 = VERTEX_POINT('',#1865);
#1865 = CARTESIAN_POINT('',(0.505247860344,-0.354942047077,
    0.565522511522));
#1866 = B_SPLINE_CURVE_WITH_KNOTS('',1,(#1867,#1868),.UNSPECIFIED.,.F.,
  .F.,(2,2),(-0.510437376319,-9.993988900503E-02),
  .PIECEWISE_BEZIER_KNOTS.);
#1867 = CARTESIAN_POINT('',(0.550305813266,-0.4,0.160000935218));
#1868 = CARTESIAN_POINT('',(0.505247860344,-0.354942047077,
    0.565522511522));
#1869 = ORIENTED_EDGE('',*,*,#1870,.T.);
#1870 = EDGE_CURVE('',#1864,#1871,#1873,.T.);
#1871 = VERTEX_POINT('',#1872);
#1872 = CARTESIAN_POINT('',(-0.505247860344,-0.354942047077,
    0.565522511522));
#1873 = B_SPLINE_CURVE_WITH_KNOTS('',1,(#1874,#1875),.UNSPECIFIED.,.F.,
  .F.,(2,2),(-1.055247860344,-4.475213965632E-02),
  .PIECEWISE_BEZIER_KNOTS.);
#1874 = CARTESIAN_POINT('',(0.505247860344,-0.354942047077,
    0.565522511522));
#1875 = CARTESIAN_POINT('',(-0.505247860344,-0.354942047077,
    0.565522511522));
#1876 = ORIENTED_EDGE('',*,*,#1877,.T.);
#1877 = EDGE_CURVE('',#1871,#1878,#1880,.T.);
#1878 = VERTEX_POINT('',#1879);
#1879 = CARTESIAN_POINT('',(-0.550305813266,-0.4,0.160000935218));
#1880 = B_SPLINE_CURVE_WITH_KNOTS('',1,(#1881,#1882),.UNSPECIFIED.,.F.,
  .F.,(2,2),(9.993988900503E-02,0.510437376319),
  .PIECEWISE_BEZIER_KNOTS.);
#1881 = CARTESIAN_POINT('',(-0.505247860344,-0.354942047077,
    0.565522511522));
#1882 = CARTESIAN_POINT('',(-0.550305813266,-0.4,0.160000935218));
#1883 = ORIENTED_EDGE('',*,*,#1884,.F.);
#1884 = EDGE_CURVE('',#1719,#1878,#1885,.T.);
#1885 = B_SPLINE_CURVE_WITH_KNOTS('',1,(#1886,#1887),.UNSPECIFIED.,.F.,
  .F.,(2,2),(-5.E-02,-4.969418673368E-02),.PIECEWISE_BEZIER_KNOTS.);
#1886 = CARTESIAN_POINT('',(-0.55,-0.4,0.160000935218));
#1887 = CARTESIAN_POINT('',(-0.550305813266,-0.4,0.160000935218));
#1888 = ORIENTED_EDGE('',*,*,#1716,.F.);
#1889 = B_SPLINE_SURFACE_WITH_KNOTS('',1,1,(
    (#1890,#1891)
    ,(#1892,#1893
    )),.UNSPECIFIED.,.F.,.F.,.F.,(2,2),(2,2),(-0.550305813266,
    0.550305813266),(4.475213965632E-02,0.452769256907),
  .PIECEWISE_BEZIER_KNOTS.);
#1890 = CARTESIAN_POINT('',(-0.550305813266,-0.354942047077,
    0.565522511522));
#1891 = CARTESIAN_POINT('',(-0.550305813266,-0.4,0.160000935218));
#1892 = CARTESIAN_POINT('',(0.550305813266,-0.354942047077,
    0.565522511522));
#1893 = CARTESIAN_POINT('',(0.550305813266,-0.4,0.160000935218));
#1894 = ADVANCED_FACE('',(#1895),#1909,.T.);
#1895 = FACE_BOUND('',#1896,.T.);
#1896 = EDGE_LOOP('',(#1897,#1898,#1899,#1906,#1907,#1908));
#1897 = ORIENTED_EDGE('',*,*,#1598,.F.);
#1898 = ORIENTED_EDGE('',*,*,#1830,.T.);
#1899 = ORIENTED_EDGE('',*,*,#1900,.F.);
#1900 = EDGE_CURVE('',#1857,#1824,#1901,.T.);
#1901 = ( BOUNDED_CURVE() B_SPLINE_CURVE(3,(#1902,#1903,#1904,#1905),
.UNSPECIFIED.,.F.,.F.) B_SPLINE_CURVE_WITH_KNOTS((4,4),(2.362301469297,
3.920883837882),.PIECEWISE_BEZIER_KNOTS.) CURVE() 
GEOMETRIC_REPRESENTATION_ITEM() RATIONAL_B_SPLINE_CURVE((1.,
0.807607903254,0.807607903254,1.)) REPRESENTATION_ITEM('') );
#1902 = CARTESIAN_POINT('',(0.550305813266,-0.4,0.160000935218));
#1903 = CARTESIAN_POINT('',(0.579311263915,-0.399821926893,
    0.161601159056));
#1904 = CARTESIAN_POINT('',(0.599821926893,-0.379311263915,
    0.161601159056));
#1905 = CARTESIAN_POINT('',(0.6,-0.350305813266,0.160000935218));
#1906 = ORIENTED_EDGE('',*,*,#1856,.T.);
#1907 = ORIENTED_EDGE('',*,*,#1731,.F.);
#1908 = ORIENTED_EDGE('',*,*,#1463,.F.);
#1909 = ( BOUNDED_SURFACE() B_SPLINE_SURFACE(2,1,(
    (#1910,#1911)
    ,(#1912,#1913)
    ,(#1914,#1915
)),.UNSPECIFIED.,.F.,.F.,.F.) B_SPLINE_SURFACE_WITH_KNOTS((3,3),(2,2),(
    3.14159265359,4.712388980385),(0.448863640188,0.6),
.PIECEWISE_BEZIER_KNOTS.) GEOMETRIC_REPRESENTATION_ITEM() 
RATIONAL_B_SPLINE_SURFACE((
    (1.,1.)
    ,(0.707106781187,0.707106781187)
,(1.,1.))) REPRESENTATION_ITEM('') SURFACE() );
#1910 = CARTESIAN_POINT('',(0.6,-0.35,0.16113729503));
#1911 = CARTESIAN_POINT('',(0.6,-0.35,1.000093521814E-02));
#1912 = CARTESIAN_POINT('',(0.6,-0.4,0.16113729503));
#1913 = CARTESIAN_POINT('',(0.6,-0.4,1.000093521814E-02));
#1914 = CARTESIAN_POINT('',(0.55,-0.4,0.16113729503));
#1915 = CARTESIAN_POINT('',(0.55,-0.4,1.000093521814E-02));
#1916 = ADVANCED_FACE('',(#1917),#1931,.T.);
#1917 = FACE_BOUND('',#1918,.T.);
#1918 = EDGE_LOOP('',(#1919,#1920,#1921,#1928,#1929,#1930));
#1919 = ORIENTED_EDGE('',*,*,#1725,.F.);
#1920 = ORIENTED_EDGE('',*,*,#1884,.T.);
#1921 = ORIENTED_EDGE('',*,*,#1922,.F.);
#1922 = EDGE_CURVE('',#1795,#1878,#1923,.T.);
#1923 = ( BOUNDED_CURVE() B_SPLINE_CURVE(3,(#1924,#1925,#1926,#1927),
.UNSPECIFIED.,.F.,.F.) B_SPLINE_CURVE_WITH_KNOTS((4,4),(5.503894122887,
7.062476491472),.PIECEWISE_BEZIER_KNOTS.) CURVE() 
GEOMETRIC_REPRESENTATION_ITEM() RATIONAL_B_SPLINE_CURVE((1.,
0.807607903254,0.807607903254,1.)) REPRESENTATION_ITEM('') );
#1924 = CARTESIAN_POINT('',(-0.6,-0.350305813266,0.160000935218));
#1925 = CARTESIAN_POINT('',(-0.599821926893,-0.379311263915,
    0.161601159056));
#1926 = CARTESIAN_POINT('',(-0.579311263915,-0.399821926893,
    0.161601159056));
#1927 = CARTESIAN_POINT('',(-0.550305813266,-0.4,0.160000935218));
#1928 = ORIENTED_EDGE('',*,*,#1794,.T.);
#1929 = ORIENTED_EDGE('',*,*,#1632,.F.);
#1930 = ORIENTED_EDGE('',*,*,#1478,.F.);
#1931 = ( BOUNDED_SURFACE() B_SPLINE_SURFACE(2,1,(
    (#1932,#1933)
    ,(#1934,#1935)
    ,(#1936,#1937
)),.UNSPECIFIED.,.F.,.F.,.F.) B_SPLINE_SURFACE_WITH_KNOTS((3,3),(2,2),(
    4.712388980385,6.28318530718),(0.448863640188,0.6),
.PIECEWISE_BEZIER_KNOTS.) GEOMETRIC_REPRESENTATION_ITEM() 
RATIONAL_B_SPLINE_SURFACE((
    (1.,1.)
    ,(0.707106781187,0.707106781187)
,(1.,1.))) REPRESENTATION_ITEM('') SURFACE() );
#1932 = CARTESIAN_POINT('',(-0.55,-0.4,0.16113729503));
#1933 = CARTESIAN_POINT('',(-0.55,-0.4,1.000093521814E-02));
#1934 = CARTESIAN_POINT('',(-0.6,-0.4,0.16113729503));
#1935 = CARTESIAN_POINT('',(-0.6,-0.4,1.000093521814E-02));
#1936 = CARTESIAN_POINT('',(-0.6,-0.35,0.16113729503));
#1937 = CARTESIAN_POINT('',(-0.6,-0.35,1.000093521814E-02));
#1938 = ADVANCED_FACE('',(#1939),#1950,.T.);
#1939 = FACE_BOUND('',#1940,.T.);
#1940 = EDGE_LOOP('',(#1941,#1942,#1943,#1949));
#1941 = ORIENTED_EDGE('',*,*,#1900,.T.);
#1942 = ORIENTED_EDGE('',*,*,#1823,.F.);
#1943 = ORIENTED_EDGE('',*,*,#1944,.F.);
#1944 = EDGE_CURVE('',#1864,#1817,#1945,.T.);
#1945 = ( BOUNDED_CURVE() B_SPLINE_CURVE(2,(#1946,#1947,#1948),
.UNSPECIFIED.,.F.,.F.) B_SPLINE_CURVE_WITH_KNOTS((3,3),(4.724584404635,
6.28318530718),.PIECEWISE_BEZIER_KNOTS.) CURVE() 
GEOMETRIC_REPRESENTATION_ITEM() RATIONAL_B_SPLINE_CURVE((1.,
0.711405342246,1.)) REPRESENTATION_ITEM('') );
#1946 = CARTESIAN_POINT('',(0.505247860344,-0.354942047077,
    0.565522511522));
#1947 = CARTESIAN_POINT('',(0.554343321936,-0.354343321936,
    0.570911037794));
#1948 = CARTESIAN_POINT('',(0.554942047077,-0.305247860344,
    0.565522511522));
#1949 = ORIENTED_EDGE('',*,*,#1863,.F.);
#1950 = ( BOUNDED_SURFACE() B_SPLINE_SURFACE(2,1,(
    (#1951,#1952)
    ,(#1953,#1954)
    ,(#1955,#1956
)),.UNSPECIFIED.,.F.,.F.,.F.) B_SPLINE_SURFACE_WITH_KNOTS((3,3),(2,2),(
    4.724584404635,6.28318530718),(-0.511561781491,-9.993988900503E-02),
.PIECEWISE_BEZIER_KNOTS.) GEOMETRIC_REPRESENTATION_ITEM() 
RATIONAL_B_SPLINE_SURFACE((
    (1.,1.)
    ,(0.711405342246,0.711405342246)
,(1.,1.))) REPRESENTATION_ITEM('') SURFACE() );
#1951 = CARTESIAN_POINT('',(0.550429232768,-0.400123419502,
    0.158890159703));
#1952 = CARTESIAN_POINT('',(0.505247860344,-0.354942047077,
    0.565522511522));
#1953 = CARTESIAN_POINT('',(0.59952469436,-0.39952469436,0.164278685975)
  );
#1954 = CARTESIAN_POINT('',(0.554343321936,-0.354343321936,
    0.570911037794));
#1955 = CARTESIAN_POINT('',(0.600123419502,-0.350429232768,
    0.158890159703));
#1956 = CARTESIAN_POINT('',(0.554942047077,-0.305247860344,
    0.565522511522));
#1957 = ADVANCED_FACE('',(#1958),#1975,.T.);
#1958 = FACE_BOUND('',#1959,.T.);
#1959 = EDGE_LOOP('',(#1960,#1966,#1967,#1973,#1974));
#1960 = ORIENTED_EDGE('',*,*,#1961,.F.);
#1961 = EDGE_CURVE('',#1871,#1677,#1962,.T.);
#1962 = ( BOUNDED_CURVE() B_SPLINE_CURVE(2,(#1963,#1964,#1965),
.UNSPECIFIED.,.F.,.F.) B_SPLINE_CURVE_WITH_KNOTS((3,3),(4.823046201559,
6.28318530718),.PIECEWISE_BEZIER_KNOTS.) CURVE() 
GEOMETRIC_REPRESENTATION_ITEM() RATIONAL_B_SPLINE_CURVE((1.,
0.745128017885,1.)) REPRESENTATION_ITEM('') );
#1963 = CARTESIAN_POINT('',(-0.505247860344,-0.354942047077,
    0.565522511522));
#1964 = CARTESIAN_POINT('',(-0.505247860344,-0.35,0.610000935218));
#1965 = CARTESIAN_POINT('',(-0.505247860344,-0.305247860344,
    0.610000935218));
#1966 = ORIENTED_EDGE('',*,*,#1870,.F.);
#1967 = ORIENTED_EDGE('',*,*,#1968,.F.);
#1968 = EDGE_CURVE('',#1753,#1864,#1969,.T.);
#1969 = ( BOUNDED_CURVE() B_SPLINE_CURVE(2,(#1970,#1971,#1972),
.UNSPECIFIED.,.F.,.F.) B_SPLINE_CURVE_WITH_KNOTS((3,3),(1.570796326795,
3.030935432416),.PIECEWISE_BEZIER_KNOTS.) CURVE() 
GEOMETRIC_REPRESENTATION_ITEM() RATIONAL_B_SPLINE_CURVE((1.,
0.745128017885,1.)) REPRESENTATION_ITEM('') );
#1970 = CARTESIAN_POINT('',(0.505247860344,-0.305247860344,
    0.610000935218));
#1971 = CARTESIAN_POINT('',(0.505247860344,-0.35,0.610000935218));
#1972 = CARTESIAN_POINT('',(0.505247860344,-0.354942047077,
    0.565522511522));
#1973 = ORIENTED_EDGE('',*,*,#1752,.F.);
#1974 = ORIENTED_EDGE('',*,*,#1683,.F.);
#1975 = ( BOUNDED_SURFACE() B_SPLINE_SURFACE(2,1,(
    (#1976,#1977)
    ,(#1978,#1979)
    ,(#1980,#1981
)),.UNSPECIFIED.,.F.,.F.,.F.) B_SPLINE_SURFACE_WITH_KNOTS((3,3),(2,2),(
    3.14159265359,4.601731759211),(-0.505247860344,0.505247860344),
.PIECEWISE_BEZIER_KNOTS.) GEOMETRIC_REPRESENTATION_ITEM() 
RATIONAL_B_SPLINE_SURFACE((
    (1.,1.)
    ,(0.745128017885,0.745128017885)
,(1.,1.))) REPRESENTATION_ITEM('') SURFACE() );
#1976 = CARTESIAN_POINT('',(-0.505247860344,-0.305247860344,
    0.610000935218));
#1977 = CARTESIAN_POINT('',(0.505247860344,-0.305247860344,
    0.610000935218));
#1978 = CARTESIAN_POINT('',(-0.505247860344,-0.35,0.610000935218));
#1979 = CARTESIAN_POINT('',(0.505247860344,-0.35,0.610000935218));
#1980 = CARTESIAN_POINT('',(-0.505247860344,-0.354942047077,
    0.565522511522));
#1981 = CARTESIAN_POINT('',(0.505247860344,-0.354942047077,
    0.565522511522));
#1982 = ADVANCED_FACE('',(#1983),#1994,.T.);
#1983 = FACE_BOUND('',#1984,.T.);
#1984 = EDGE_LOOP('',(#1985,#1986,#1987,#1993));
#1985 = ORIENTED_EDGE('',*,*,#1922,.T.);
#1986 = ORIENTED_EDGE('',*,*,#1877,.F.);
#1987 = ORIENTED_EDGE('',*,*,#1988,.F.);
#1988 = EDGE_CURVE('',#1773,#1871,#1989,.T.);
#1989 = ( BOUNDED_CURVE() B_SPLINE_CURVE(2,(#1990,#1991,#1992),
.UNSPECIFIED.,.F.,.F.) B_SPLINE_CURVE_WITH_KNOTS((3,3),(3.14159265359,
4.700193556135),.PIECEWISE_BEZIER_KNOTS.) CURVE() 
GEOMETRIC_REPRESENTATION_ITEM() RATIONAL_B_SPLINE_CURVE((1.,
0.711405342246,1.)) REPRESENTATION_ITEM('') );
#1990 = CARTESIAN_POINT('',(-0.554942047077,-0.305247860344,
    0.565522511522));
#1991 = CARTESIAN_POINT('',(-0.554343321936,-0.354343321936,
    0.570911037794));
#1992 = CARTESIAN_POINT('',(-0.505247860344,-0.354942047077,
    0.565522511522));
#1993 = ORIENTED_EDGE('',*,*,#1801,.F.);
#1994 = ( BOUNDED_SURFACE() B_SPLINE_SURFACE(2,1,(
    (#1995,#1996)
    ,(#1997,#1998)
    ,(#1999,#2000
)),.UNSPECIFIED.,.F.,.F.,.F.) B_SPLINE_SURFACE_WITH_KNOTS((3,3),(2,2),(
    4.724584404635,6.28318530718),(9.993988900503E-02,0.511561781491),
.PIECEWISE_BEZIER_KNOTS.) GEOMETRIC_REPRESENTATION_ITEM() 
RATIONAL_B_SPLINE_SURFACE((
    (1.,1.)
    ,(0.711405342246,0.711405342246)
,(1.,1.))) REPRESENTATION_ITEM('') SURFACE() );
#1995 = CARTESIAN_POINT('',(-0.505247860344,-0.354942047077,
    0.565522511522));
#1996 = CARTESIAN_POINT('',(-0.550429232768,-0.400123419502,
    0.158890159703));
#1997 = CARTESIAN_POINT('',(-0.554343321936,-0.354343321936,
    0.570911037794));
#1998 = CARTESIAN_POINT('',(-0.59952469436,-0.39952469436,0.164278685975
    ));
#1999 = CARTESIAN_POINT('',(-0.554942047077,-0.305247860344,
    0.565522511522));
#2000 = CARTESIAN_POINT('',(-0.600123419502,-0.350429232768,
    0.158890159703));
#2001 = ADVANCED_FACE('',(#2002),#2016,.T.);
#2002 = FACE_BOUND('',#2003,.T.);
#2003 = EDGE_LOOP('',(#2004,#2005,#2006,#2013,#2014,#2015));
#2004 = ORIENTED_EDGE('',*,*,#1703,.F.);
#2005 = ORIENTED_EDGE('',*,*,#885,.T.);
#2006 = ORIENTED_EDGE('',*,*,#2007,.F.);
#2007 = EDGE_CURVE('',#1837,#879,#2008,.T.);
#2008 = ( BOUNDED_CURVE() B_SPLINE_CURVE(3,(#2009,#2010,#2011,#2012),
.UNSPECIFIED.,.F.,.F.) B_SPLINE_CURVE_WITH_KNOTS((4,4),(2.362301469297,
3.920883837882),.PIECEWISE_BEZIER_KNOTS.) CURVE() 
GEOMETRIC_REPRESENTATION_ITEM() RATIONAL_B_SPLINE_CURVE((1.,
0.807607903254,0.807607903254,1.)) REPRESENTATION_ITEM('') );
#2009 = CARTESIAN_POINT('',(0.6,0.350305813266,0.160000935218));
#2010 = CARTESIAN_POINT('',(0.599821926893,0.379311263915,0.161601159056
    ));
#2011 = CARTESIAN_POINT('',(0.579311263915,0.399821926893,0.161601159056
    ));
#2012 = CARTESIAN_POINT('',(0.550305813266,0.4,0.160000935218));
#2013 = ORIENTED_EDGE('',*,*,#1836,.T.);
#2014 = ORIENTED_EDGE('',*,*,#1584,.F.);
#2015 = ORIENTED_EDGE('',*,*,#1536,.F.);
#2016 = ( BOUNDED_SURFACE() B_SPLINE_SURFACE(2,1,(
    (#2017,#2018)
    ,(#2019,#2020)
    ,(#2021,#2022
)),.UNSPECIFIED.,.F.,.F.,.F.) B_SPLINE_SURFACE_WITH_KNOTS((3,3),(2,2),(
    1.570796326795,3.14159265359),(0.448863640188,0.6),
.PIECEWISE_BEZIER_KNOTS.) GEOMETRIC_REPRESENTATION_ITEM() 
RATIONAL_B_SPLINE_SURFACE((
    (1.,1.)
    ,(0.707106781187,0.707106781187)
,(1.,1.))) REPRESENTATION_ITEM('') SURFACE() );
#2017 = CARTESIAN_POINT('',(0.55,0.4,0.16113729503));
#2018 = CARTESIAN_POINT('',(0.55,0.4,1.000093521814E-02));
#2019 = CARTESIAN_POINT('',(0.6,0.4,0.16113729503));
#2020 = CARTESIAN_POINT('',(0.6,0.4,1.000093521814E-02));
#2021 = CARTESIAN_POINT('',(0.6,0.35,0.16113729503));
#2022 = CARTESIAN_POINT('',(0.6,0.35,1.000093521814E-02));
#2023 = ADVANCED_FACE('',(#2024),#2034,.T.);
#2024 = FACE_BOUND('',#2025,.T.);
#2025 = EDGE_LOOP('',(#2026,#2027,#2028));
#2026 = ORIENTED_EDGE('',*,*,#1968,.T.);
#2027 = ORIENTED_EDGE('',*,*,#1944,.T.);
#2028 = ORIENTED_EDGE('',*,*,#2029,.F.);
#2029 = EDGE_CURVE('',#1753,#1817,#2030,.T.);
#2030 = ( BOUNDED_CURVE() B_SPLINE_CURVE(2,(#2031,#2032,#2033),
.UNSPECIFIED.,.F.,.F.) B_SPLINE_CURVE_WITH_KNOTS((3,3),(3.14159265359,
4.601731759211),.PIECEWISE_BEZIER_KNOTS.) CURVE() 
GEOMETRIC_REPRESENTATION_ITEM() RATIONAL_B_SPLINE_CURVE((1.,
0.745128017885,1.)) REPRESENTATION_ITEM('') );
#2031 = CARTESIAN_POINT('',(0.505247860344,-0.305247860344,
    0.610000935218));
#2032 = CARTESIAN_POINT('',(0.55,-0.305247860344,0.610000935218));
#2033 = CARTESIAN_POINT('',(0.554942047077,-0.305247860344,
    0.565522511522));
#2034 = ( BOUNDED_SURFACE() B_SPLINE_SURFACE(2,2,(
    (#2035,#2036,#2037)
    ,(#2038,#2039,#2040)
    ,(#2041,#2042,#2043
)),.UNSPECIFIED.,.F.,.F.,.F.) B_SPLINE_SURFACE_WITH_KNOTS((3,3),(3,3),(
    4.712388980385,6.172528086006),(-1.460139105621,1.110223024625E-15),
.PIECEWISE_BEZIER_KNOTS.) GEOMETRIC_REPRESENTATION_ITEM() 
RATIONAL_B_SPLINE_SURFACE((
    (1.,0.745128017885,1.)
    ,(0.745128017885,0.555215763037,0.745128017885)
,(1.,0.745128017885,1.))) REPRESENTATION_ITEM('') SURFACE() );
#2035 = CARTESIAN_POINT('',(0.505247860344,-0.354942047077,
    0.565522511522));
#2036 = CARTESIAN_POINT('',(0.505247860344,-0.35,0.610000935218));
#2037 = CARTESIAN_POINT('',(0.505247860344,-0.305247860344,
    0.610000935218));
#2038 = CARTESIAN_POINT('',(0.510189907421,-0.354942047077,
    0.565522511522));
#2039 = CARTESIAN_POINT('',(0.55,-0.35,0.610000935218));
#2040 = CARTESIAN_POINT('',(0.55,-0.305247860344,0.610000935218));
#2041 = CARTESIAN_POINT('',(0.510735665222,-0.354942047077,
    0.560610691316));
#2042 = CARTESIAN_POINT('',(0.554942047077,-0.35,0.565522511522));
#2043 = CARTESIAN_POINT('',(0.554942047077,-0.305247860344,
    0.565522511522));
#2044 = ADVANCED_FACE('',(#2045),#2055,.T.);
#2045 = FACE_BOUND('',#2046,.T.);
#2046 = EDGE_LOOP('',(#2047,#2048,#2049));
#2047 = ORIENTED_EDGE('',*,*,#1988,.T.);
#2048 = ORIENTED_EDGE('',*,*,#1961,.T.);
#2049 = ORIENTED_EDGE('',*,*,#2050,.F.);
#2050 = EDGE_CURVE('',#1773,#1677,#2051,.T.);
#2051 = ( BOUNDED_CURVE() B_SPLINE_CURVE(2,(#2052,#2053,#2054),
.UNSPECIFIED.,.F.,.F.) B_SPLINE_CURVE_WITH_KNOTS((3,3),(3.252249874764,
4.712388980385),.PIECEWISE_BEZIER_KNOTS.) CURVE() 
GEOMETRIC_REPRESENTATION_ITEM() RATIONAL_B_SPLINE_CURVE((1.,
0.745128017885,1.)) REPRESENTATION_ITEM('') );
#2052 = CARTESIAN_POINT('',(-0.554942047077,-0.305247860344,
    0.565522511522));
#2053 = CARTESIAN_POINT('',(-0.55,-0.305247860344,0.610000935218));
#2054 = CARTESIAN_POINT('',(-0.505247860344,-0.305247860344,
    0.610000935218));
#2055 = ( BOUNDED_SURFACE() B_SPLINE_SURFACE(2,2,(
    (#2056,#2057,#2058)
    ,(#2059,#2060,#2061)
    ,(#2062,#2063,#2064
)),.UNSPECIFIED.,.F.,.F.,.F.) B_SPLINE_SURFACE_WITH_KNOTS((3,3),(3,3),(
    3.252249874764,4.712388980385),(-1.460139105621,1.110223024625E-15),
.PIECEWISE_BEZIER_KNOTS.) GEOMETRIC_REPRESENTATION_ITEM() 
RATIONAL_B_SPLINE_SURFACE((
    (1.,0.745128017885,1.)
    ,(0.745128017885,0.555215763037,0.745128017885)
,(1.,0.745128017885,1.))) REPRESENTATION_ITEM('') SURFACE() );
#2056 = CARTESIAN_POINT('',(-0.510735665222,-0.354942047077,
    0.560610691316));
#2057 = CARTESIAN_POINT('',(-0.554942047077,-0.35,0.565522511522));
#2058 = CARTESIAN_POINT('',(-0.554942047077,-0.305247860344,
    0.565522511522));
#2059 = CARTESIAN_POINT('',(-0.510189907421,-0.354942047077,
    0.565522511522));
#2060 = CARTESIAN_POINT('',(-0.55,-0.35,0.610000935218));
#2061 = CARTESIAN_POINT('',(-0.55,-0.305247860344,0.610000935218));
#2062 = CARTESIAN_POINT('',(-0.505247860344,-0.354942047077,
    0.565522511522));
#2063 = CARTESIAN_POINT('',(-0.505247860344,-0.35,0.610000935218));
#2064 = CARTESIAN_POINT('',(-0.505247860344,-0.305247860344,
    0.610000935218));
#2065 = ADVANCED_FACE('',(#2066),#2080,.T.);
#2066 = FACE_BOUND('',#2067,.T.);
#2067 = EDGE_LOOP('',(#2068,#2069,#2070,#2077,#2078,#2079));
#2068 = ORIENTED_EDGE('',*,*,#1646,.F.);
#2069 = ORIENTED_EDGE('',*,*,#1788,.T.);
#2070 = ORIENTED_EDGE('',*,*,#2071,.F.);
#2071 = EDGE_CURVE('',#856,#1782,#2072,.T.);
#2072 = ( BOUNDED_CURVE() B_SPLINE_CURVE(3,(#2073,#2074,#2075,#2076),
.UNSPECIFIED.,.F.,.F.) B_SPLINE_CURVE_WITH_KNOTS((4,4),(5.503894122887,
7.062476491472),.PIECEWISE_BEZIER_KNOTS.) CURVE() 
GEOMETRIC_REPRESENTATION_ITEM() RATIONAL_B_SPLINE_CURVE((1.,
0.807607903254,0.807607903254,1.)) REPRESENTATION_ITEM('') );
#2073 = CARTESIAN_POINT('',(-0.550305813266,0.4,0.160000935218));
#2074 = CARTESIAN_POINT('',(-0.579311263915,0.399821926893,
    0.161601159056));
#2075 = CARTESIAN_POINT('',(-0.599821926893,0.379311263915,
    0.161601159056));
#2076 = CARTESIAN_POINT('',(-0.6,0.350305813266,0.160000935218));
#2077 = ORIENTED_EDGE('',*,*,#855,.T.);
#2078 = ORIENTED_EDGE('',*,*,#1697,.F.);
#2079 = ORIENTED_EDGE('',*,*,#1521,.F.);
#2080 = ( BOUNDED_SURFACE() B_SPLINE_SURFACE(2,1,(
    (#2081,#2082)
    ,(#2083,#2084)
    ,(#2085,#2086
)),.UNSPECIFIED.,.F.,.F.,.F.) B_SPLINE_SURFACE_WITH_KNOTS((3,3),(2,2),(
    0.,1.570796326795),(0.448863640188,0.6),.PIECEWISE_BEZIER_KNOTS.) 
GEOMETRIC_REPRESENTATION_ITEM() RATIONAL_B_SPLINE_SURFACE((
    (1.,1.)
    ,(0.707106781187,0.707106781187)
,(1.,1.))) REPRESENTATION_ITEM('') SURFACE() );
#2081 = CARTESIAN_POINT('',(-0.6,0.35,0.16113729503));
#2082 = CARTESIAN_POINT('',(-0.6,0.35,1.000093521814E-02));
#2083 = CARTESIAN_POINT('',(-0.6,0.4,0.16113729503));
#2084 = CARTESIAN_POINT('',(-0.6,0.4,1.000093521814E-02));
#2085 = CARTESIAN_POINT('',(-0.55,0.4,0.16113729503));
#2086 = CARTESIAN_POINT('',(-0.55,0.4,1.000093521814E-02));
#2087 = ADVANCED_FACE('',(#2088),#2099,.T.);
#2088 = FACE_BOUND('',#2089,.T.);
#2089 = EDGE_LOOP('',(#2090,#2091,#2092,#2098));
#2090 = ORIENTED_EDGE('',*,*,#2007,.T.);
#2091 = ORIENTED_EDGE('',*,*,#878,.F.);
#2092 = ORIENTED_EDGE('',*,*,#2093,.F.);
#2093 = EDGE_CURVE('',#1815,#872,#2094,.T.);
#2094 = ( BOUNDED_CURVE() B_SPLINE_CURVE(2,(#2095,#2096,#2097),
.UNSPECIFIED.,.F.,.F.) B_SPLINE_CURVE_WITH_KNOTS((3,3),(1.582991751045,
3.14159265359),.PIECEWISE_BEZIER_KNOTS.) CURVE() 
GEOMETRIC_REPRESENTATION_ITEM() RATIONAL_B_SPLINE_CURVE((1.,
0.711405342246,1.)) REPRESENTATION_ITEM('') );
#2095 = CARTESIAN_POINT('',(0.554942047077,0.305247860344,0.565522511522
    ));
#2096 = CARTESIAN_POINT('',(0.554343321936,0.354343321936,0.570911037794
    ));
#2097 = CARTESIAN_POINT('',(0.505247860344,0.354942047077,0.565522511522
    ));
#2098 = ORIENTED_EDGE('',*,*,#1843,.F.);
#2099 = ( BOUNDED_SURFACE() B_SPLINE_SURFACE(2,1,(
    (#2100,#2101)
    ,(#2102,#2103)
    ,(#2104,#2105
)),.UNSPECIFIED.,.F.,.F.,.F.) B_SPLINE_SURFACE_WITH_KNOTS((3,3),(2,2),(
    0.,1.558600902545),(-0.489608929494,-7.798703700709E-02),
.PIECEWISE_BEZIER_KNOTS.) GEOMETRIC_REPRESENTATION_ITEM() 
RATIONAL_B_SPLINE_SURFACE((
    (1.,1.)
    ,(0.711405342246,0.711405342246)
,(1.,1.))) REPRESENTATION_ITEM('') SURFACE() );
#2100 = CARTESIAN_POINT('',(0.600123419502,0.350429232768,0.158890159703
    ));
#2101 = CARTESIAN_POINT('',(0.554942047077,0.305247860344,0.565522511522
    ));
#2102 = CARTESIAN_POINT('',(0.59952469436,0.39952469436,0.164278685975)
  );
#2103 = CARTESIAN_POINT('',(0.554343321936,0.354343321936,0.570911037794
    ));
#2104 = CARTESIAN_POINT('',(0.550429232768,0.400123419502,0.158890159703
    ));
#2105 = CARTESIAN_POINT('',(0.505247860344,0.354942047077,0.565522511522
    ));
#2106 = ADVANCED_FACE('',(#2107),#2118,.T.);
#2107 = FACE_BOUND('',#2108,.T.);
#2108 = EDGE_LOOP('',(#2109,#2110,#2111,#2117));
#2109 = ORIENTED_EDGE('',*,*,#2029,.T.);
#2110 = ORIENTED_EDGE('',*,*,#1814,.F.);
#2111 = ORIENTED_EDGE('',*,*,#2112,.F.);
#2112 = EDGE_CURVE('',#1745,#1815,#2113,.T.);
#2113 = ( BOUNDED_CURVE() B_SPLINE_CURVE(2,(#2114,#2115,#2116),
.UNSPECIFIED.,.F.,.F.) B_SPLINE_CURVE_WITH_KNOTS((3,3),(1.570796326795,
3.030935432416),.PIECEWISE_BEZIER_KNOTS.) CURVE() 
GEOMETRIC_REPRESENTATION_ITEM() RATIONAL_B_SPLINE_CURVE((1.,
0.745128017885,1.)) REPRESENTATION_ITEM('') );
#2114 = CARTESIAN_POINT('',(0.505247860344,0.305247860344,0.610000935218
    ));
#2115 = CARTESIAN_POINT('',(0.55,0.305247860344,0.610000935218));
#2116 = CARTESIAN_POINT('',(0.554942047077,0.305247860344,0.565522511522
    ));
#2117 = ORIENTED_EDGE('',*,*,#1759,.F.);
#2118 = ( BOUNDED_SURFACE() B_SPLINE_SURFACE(2,1,(
    (#2119,#2120)
    ,(#2121,#2122)
    ,(#2123,#2124
)),.UNSPECIFIED.,.F.,.F.,.F.) B_SPLINE_SURFACE_WITH_KNOTS((3,3),(2,2),(
    0.,1.460139105621),(-0.305247860344,0.305247860344),
.PIECEWISE_BEZIER_KNOTS.) GEOMETRIC_REPRESENTATION_ITEM() 
RATIONAL_B_SPLINE_SURFACE((
    (1.,1.)
    ,(0.745128017885,0.745128017885)
,(1.,1.))) REPRESENTATION_ITEM('') SURFACE() );
#2119 = CARTESIAN_POINT('',(0.505247860344,-0.305247860344,
    0.610000935218));
#2120 = CARTESIAN_POINT('',(0.505247860344,0.305247860344,0.610000935218
    ));
#2121 = CARTESIAN_POINT('',(0.55,-0.305247860344,0.610000935218));
#2122 = CARTESIAN_POINT('',(0.55,0.305247860344,0.610000935218));
#2123 = CARTESIAN_POINT('',(0.554942047077,-0.305247860344,
    0.565522511522));
#2124 = CARTESIAN_POINT('',(0.554942047077,0.305247860344,0.565522511522
    ));
#2125 = ADVANCED_FACE('',(#2126),#2137,.T.);
#2126 = FACE_BOUND('',#2127,.T.);
#2127 = EDGE_LOOP('',(#2128,#2129,#2130,#2136));
#2128 = ORIENTED_EDGE('',*,*,#2050,.T.);
#2129 = ORIENTED_EDGE('',*,*,#1676,.F.);
#2130 = ORIENTED_EDGE('',*,*,#2131,.F.);
#2131 = EDGE_CURVE('',#1775,#1670,#2132,.T.);
#2132 = ( BOUNDED_CURVE() B_SPLINE_CURVE(2,(#2133,#2134,#2135),
.UNSPECIFIED.,.F.,.F.) B_SPLINE_CURVE_WITH_KNOTS((3,3),(4.823046201559,
6.28318530718),.PIECEWISE_BEZIER_KNOTS.) CURVE() 
GEOMETRIC_REPRESENTATION_ITEM() RATIONAL_B_SPLINE_CURVE((1.,
0.745128017885,1.)) REPRESENTATION_ITEM('') );
#2133 = CARTESIAN_POINT('',(-0.554942047077,0.305247860344,
    0.565522511522));
#2134 = CARTESIAN_POINT('',(-0.55,0.305247860344,0.610000935218));
#2135 = CARTESIAN_POINT('',(-0.505247860344,0.305247860344,
    0.610000935218));
#2136 = ORIENTED_EDGE('',*,*,#1772,.F.);
#2137 = ( BOUNDED_SURFACE() B_SPLINE_SURFACE(2,1,(
    (#2138,#2139)
    ,(#2140,#2141)
    ,(#2142,#2143
)),.UNSPECIFIED.,.F.,.F.,.F.) B_SPLINE_SURFACE_WITH_KNOTS((3,3),(2,2),(
    3.14159265359,4.601731759211),(-0.305247860344,0.305247860344),
.PIECEWISE_BEZIER_KNOTS.) GEOMETRIC_REPRESENTATION_ITEM() 
RATIONAL_B_SPLINE_SURFACE((
    (1.,1.)
    ,(0.745128017885,0.745128017885)
,(1.,1.))) REPRESENTATION_ITEM('') SURFACE() );
#2138 = CARTESIAN_POINT('',(-0.505247860344,0.305247860344,
    0.610000935218));
#2139 = CARTESIAN_POINT('',(-0.505247860344,-0.305247860344,
    0.610000935218));
#2140 = CARTESIAN_POINT('',(-0.55,0.305247860344,0.610000935218));
#2141 = CARTESIAN_POINT('',(-0.55,-0.305247860344,0.610000935218));
#2142 = CARTESIAN_POINT('',(-0.554942047077,0.305247860344,
    0.565522511522));
#2143 = CARTESIAN_POINT('',(-0.554942047077,-0.305247860344,
    0.565522511522));
#2144 = ADVANCED_FACE('',(#2145),#2156,.T.);
#2145 = FACE_BOUND('',#2146,.T.);
#2146 = EDGE_LOOP('',(#2147,#2148,#2149,#2155));
#2147 = ORIENTED_EDGE('',*,*,#2071,.T.);
#2148 = ORIENTED_EDGE('',*,*,#1781,.F.);
#2149 = ORIENTED_EDGE('',*,*,#2150,.F.);
#2150 = EDGE_CURVE('',#865,#1775,#2151,.T.);
#2151 = ( BOUNDED_CURVE() B_SPLINE_CURVE(2,(#2152,#2153,#2154),
.UNSPECIFIED.,.F.,.F.) B_SPLINE_CURVE_WITH_KNOTS((3,3),(3.14159265359,
4.700193556135),.PIECEWISE_BEZIER_KNOTS.) CURVE() 
GEOMETRIC_REPRESENTATION_ITEM() RATIONAL_B_SPLINE_CURVE((1.,
0.711405342246,1.)) REPRESENTATION_ITEM('') );
#2152 = CARTESIAN_POINT('',(-0.505247860344,0.354942047077,
    0.565522511522));
#2153 = CARTESIAN_POINT('',(-0.554343321936,0.354343321936,
    0.570911037794));
#2154 = CARTESIAN_POINT('',(-0.554942047077,0.305247860344,
    0.565522511522));
#2155 = ORIENTED_EDGE('',*,*,#864,.F.);
#2156 = ( BOUNDED_SURFACE() B_SPLINE_SURFACE(2,1,(
    (#2157,#2158)
    ,(#2159,#2160)
    ,(#2161,#2162
)),.UNSPECIFIED.,.F.,.F.,.F.) B_SPLINE_SURFACE_WITH_KNOTS((3,3),(2,2),(
    0.,1.558600902545),(7.798703700709E-02,0.489608929494),
.PIECEWISE_BEZIER_KNOTS.) GEOMETRIC_REPRESENTATION_ITEM() 
RATIONAL_B_SPLINE_SURFACE((
    (1.,1.)
    ,(0.711405342246,0.711405342246)
,(1.,1.))) REPRESENTATION_ITEM('') SURFACE() );
#2157 = CARTESIAN_POINT('',(-0.554942047077,0.305247860344,
    0.565522511522));
#2158 = CARTESIAN_POINT('',(-0.600123419502,0.350429232768,
    0.158890159703));
#2159 = CARTESIAN_POINT('',(-0.554343321936,0.354343321936,
    0.570911037794));
#2160 = CARTESIAN_POINT('',(-0.59952469436,0.39952469436,0.164278685975)
  );
#2161 = CARTESIAN_POINT('',(-0.505247860344,0.354942047077,
    0.565522511522));
#2162 = CARTESIAN_POINT('',(-0.550429232768,0.400123419502,
    0.158890159703));
#2163 = ADVANCED_FACE('',(#2164),#2174,.T.);
#2164 = FACE_BOUND('',#2165,.T.);
#2165 = EDGE_LOOP('',(#2166,#2167,#2168));
#2166 = ORIENTED_EDGE('',*,*,#2112,.T.);
#2167 = ORIENTED_EDGE('',*,*,#2093,.T.);
#2168 = ORIENTED_EDGE('',*,*,#2169,.F.);
#2169 = EDGE_CURVE('',#1745,#872,#2170,.T.);
#2170 = ( BOUNDED_CURVE() B_SPLINE_CURVE(2,(#2171,#2172,#2173),
.UNSPECIFIED.,.F.,.F.) B_SPLINE_CURVE_WITH_KNOTS((3,3),(3.14159265359,
4.601731759211),.PIECEWISE_BEZIER_KNOTS.) CURVE() 
GEOMETRIC_REPRESENTATION_ITEM() RATIONAL_B_SPLINE_CURVE((1.,
0.745128017885,1.)) REPRESENTATION_ITEM('') );
#2171 = CARTESIAN_POINT('',(0.505247860344,0.305247860344,0.610000935218
    ));
#2172 = CARTESIAN_POINT('',(0.505247860344,0.35,0.610000935218));
#2173 = CARTESIAN_POINT('',(0.505247860344,0.354942047077,0.565522511522
    ));
#2174 = ( BOUNDED_SURFACE() B_SPLINE_SURFACE(2,2,(
    (#2175,#2176,#2177)
    ,(#2178,#2179,#2180)
    ,(#2181,#2182,#2183
)),.UNSPECIFIED.,.F.,.F.,.F.) B_SPLINE_SURFACE_WITH_KNOTS((3,3),(3,3),(
    4.712388980385,6.172528086006),(-1.110223024625E-15,1.460139105621),
.PIECEWISE_BEZIER_KNOTS.) GEOMETRIC_REPRESENTATION_ITEM() 
RATIONAL_B_SPLINE_SURFACE((
    (1.,0.745128017885,1.)
    ,(0.745128017885,0.555215763037,0.745128017885)
,(1.,0.745128017885,1.))) REPRESENTATION_ITEM('') SURFACE() );
#2175 = CARTESIAN_POINT('',(0.505247860344,0.305247860344,0.610000935218
    ));
#2176 = CARTESIAN_POINT('',(0.505247860344,0.35,0.610000935218));
#2177 = CARTESIAN_POINT('',(0.505247860344,0.354942047077,0.565522511522
    ));
#2178 = CARTESIAN_POINT('',(0.55,0.305247860344,0.610000935218));
#2179 = CARTESIAN_POINT('',(0.55,0.35,0.610000935218));
#2180 = CARTESIAN_POINT('',(0.510189907421,0.354942047077,0.565522511522
    ));
#2181 = CARTESIAN_POINT('',(0.554942047077,0.305247860344,0.565522511522
    ));
#2182 = CARTESIAN_POINT('',(0.554942047077,0.35,0.565522511522));
#2183 = CARTESIAN_POINT('',(0.510735665222,0.354942047077,0.560610691316
    ));
#2184 = ADVANCED_FACE('',(#2185),#2195,.T.);
#2185 = FACE_BOUND('',#2186,.T.);
#2186 = EDGE_LOOP('',(#2187,#2188,#2189));
#2187 = ORIENTED_EDGE('',*,*,#2150,.T.);
#2188 = ORIENTED_EDGE('',*,*,#2131,.T.);
#2189 = ORIENTED_EDGE('',*,*,#2190,.F.);
#2190 = EDGE_CURVE('',#865,#1670,#2191,.T.);
#2191 = ( BOUNDED_CURVE() B_SPLINE_CURVE(2,(#2192,#2193,#2194),
.UNSPECIFIED.,.F.,.F.) B_SPLINE_CURVE_WITH_KNOTS((3,3),(4.823046201559,
6.28318530718),.PIECEWISE_BEZIER_KNOTS.) CURVE() 
GEOMETRIC_REPRESENTATION_ITEM() RATIONAL_B_SPLINE_CURVE((1.,
0.745128017885,1.)) REPRESENTATION_ITEM('') );
#2192 = CARTESIAN_POINT('',(-0.505247860344,0.354942047077,
    0.565522511522));
#2193 = CARTESIAN_POINT('',(-0.505247860344,0.35,0.610000935218));
#2194 = CARTESIAN_POINT('',(-0.505247860344,0.305247860344,
    0.610000935218));
#2195 = ( BOUNDED_SURFACE() B_SPLINE_SURFACE(2,2,(
    (#2196,#2197,#2198)
    ,(#2199,#2200,#2201)
    ,(#2202,#2203,#2204
)),.UNSPECIFIED.,.F.,.F.,.F.) B_SPLINE_SURFACE_WITH_KNOTS((3,3),(3,3),(
    3.252249874764,4.712388980385),(-1.110223024625E-15,1.460139105621),
.PIECEWISE_BEZIER_KNOTS.) GEOMETRIC_REPRESENTATION_ITEM() 
RATIONAL_B_SPLINE_SURFACE((
    (1.,0.745128017885,1.)
    ,(0.745128017885,0.555215763037,0.745128017885)
,(1.,0.745128017885,1.))) REPRESENTATION_ITEM('') SURFACE() );
#2196 = CARTESIAN_POINT('',(-0.554942047077,0.305247860344,
    0.565522511522));
#2197 = CARTESIAN_POINT('',(-0.554942047077,0.35,0.565522511522));
#2198 = CARTESIAN_POINT('',(-0.510735665222,0.354942047077,
    0.560610691316));
#2199 = CARTESIAN_POINT('',(-0.55,0.305247860344,0.610000935218));
#2200 = CARTESIAN_POINT('',(-0.55,0.35,0.610000935218));
#2201 = CARTESIAN_POINT('',(-0.510189907421,0.354942047077,
    0.565522511522));
#2202 = CARTESIAN_POINT('',(-0.505247860344,0.305247860344,
    0.610000935218));
#2203 = CARTESIAN_POINT('',(-0.505247860344,0.35,0.610000935218));
#2204 = CARTESIAN_POINT('',(-0.505247860344,0.354942047077,
    0.565522511522));
#2205 = ADVANCED_FACE('',(#2206),#2213,.T.);
#2206 = FACE_BOUND('',#2207,.T.);
#2207 = EDGE_LOOP('',(#2208,#2209,#2210,#2211,#2212));
#2208 = ORIENTED_EDGE('',*,*,#2169,.T.);
#2209 = ORIENTED_EDGE('',*,*,#871,.F.);
#2210 = ORIENTED_EDGE('',*,*,#2190,.T.);
#2211 = ORIENTED_EDGE('',*,*,#1669,.F.);
#2212 = ORIENTED_EDGE('',*,*,#1744,.F.);
#2213 = ( BOUNDED_SURFACE() B_SPLINE_SURFACE(2,1,(
    (#2214,#2215)
    ,(#2216,#2217)
    ,(#2218,#2219
)),.UNSPECIFIED.,.F.,.F.,.F.) B_SPLINE_SURFACE_WITH_KNOTS((3,3),(2,2),(
    0.,1.460139105621),(-0.505247860344,0.505247860344),
.PIECEWISE_BEZIER_KNOTS.) GEOMETRIC_REPRESENTATION_ITEM() 
RATIONAL_B_SPLINE_SURFACE((
    (1.,1.)
    ,(0.745128017885,0.745128017885)
,(1.,1.))) REPRESENTATION_ITEM('') SURFACE() );
#2214 = CARTESIAN_POINT('',(0.505247860344,0.305247860344,0.610000935218
    ));
#2215 = CARTESIAN_POINT('',(-0.505247860344,0.305247860344,
    0.610000935218));
#2216 = CARTESIAN_POINT('',(0.505247860344,0.35,0.610000935218));
#2217 = CARTESIAN_POINT('',(-0.505247860344,0.35,0.610000935218));
#2218 = CARTESIAN_POINT('',(0.505247860344,0.354942047077,0.565522511522
    ));
#2219 = CARTESIAN_POINT('',(-0.505247860344,0.354942047077,
    0.565522511522));
#2220 = ADVANCED_FACE('',(#2221),#2243,.F.);
#2221 = FACE_BOUND('',#2222,.T.);
#2222 = EDGE_LOOP('',(#2223,#2230,#2231,#2238));
#2223 = ORIENTED_EDGE('',*,*,#2224,.T.);
#2224 = EDGE_CURVE('',#2225,#1620,#2227,.T.);
#2225 = VERTEX_POINT('',#2226);
#2226 = CARTESIAN_POINT('',(-0.8,-0.15,0.150000935218));
#2227 = B_SPLINE_CURVE_WITH_KNOTS('',1,(#2228,#2229),.UNSPECIFIED.,.F.,
  .F.,(2,2),(0.,0.2),.PIECEWISE_BEZIER_KNOTS.);
#2228 = CARTESIAN_POINT('',(-0.8,-0.15,0.150000935218));
#2229 = CARTESIAN_POINT('',(-0.6,-0.15,0.150000935218));
#2230 = ORIENTED_EDGE('',*,*,#1619,.T.);
#2231 = ORIENTED_EDGE('',*,*,#2232,.T.);
#2232 = EDGE_CURVE('',#1613,#2233,#2235,.T.);
#2233 = VERTEX_POINT('',#2234);
#2234 = CARTESIAN_POINT('',(-0.8,0.15,0.150000935218));
#2235 = B_SPLINE_CURVE_WITH_KNOTS('',1,(#2236,#2237),.UNSPECIFIED.,.F.,
  .F.,(2,2),(-0.2,-0.),.PIECEWISE_BEZIER_KNOTS.);
#2236 = CARTESIAN_POINT('',(-0.6,0.15,0.150000935218));
#2237 = CARTESIAN_POINT('',(-0.8,0.15,0.150000935218));
#2238 = ORIENTED_EDGE('',*,*,#2239,.T.);
#2239 = EDGE_CURVE('',#2233,#2225,#2240,.T.);
#2240 = B_SPLINE_CURVE_WITH_KNOTS('',1,(#2241,#2242),.UNSPECIFIED.,.F.,
  .F.,(2,2),(-0.3,-0.),.PIECEWISE_BEZIER_KNOTS.);
#2241 = CARTESIAN_POINT('',(-0.8,0.15,0.150000935218));
#2242 = CARTESIAN_POINT('',(-0.8,-0.15,0.150000935218));
#2243 = B_SPLINE_SURFACE_WITH_KNOTS('',1,1,(
    (#2244,#2245)
    ,(#2246,#2247
    )),.UNSPECIFIED.,.F.,.F.,.F.,(2,2),(2,2),(0.6,0.8),(-0.15,0.15),
  .PIECEWISE_BEZIER_KNOTS.);
#2244 = CARTESIAN_POINT('',(-0.6,-0.15,0.150000935218));
#2245 = CARTESIAN_POINT('',(-0.6,0.15,0.150000935218));
#2246 = CARTESIAN_POINT('',(-0.8,-0.15,0.150000935218));
#2247 = CARTESIAN_POINT('',(-0.8,0.15,0.150000935218));
#2248 = ADVANCED_FACE('',(#2249),#2273,.F.);
#2249 = FACE_BOUND('',#2250,.T.);
#2250 = EDGE_LOOP('',(#2251,#2252,#2253,#2254,#2261,#2268));
#2251 = ORIENTED_EDGE('',*,*,#2232,.F.);
#2252 = ORIENTED_EDGE('',*,*,#1612,.T.);
#2253 = ORIENTED_EDGE('',*,*,#1507,.F.);
#2254 = ORIENTED_EDGE('',*,*,#2255,.T.);
#2255 = EDGE_CURVE('',#1501,#2256,#2258,.T.);
#2256 = VERTEX_POINT('',#2257);
#2257 = CARTESIAN_POINT('',(-0.4,0.15,9.352181445256E-07));
#2258 = B_SPLINE_CURVE_WITH_KNOTS('',1,(#2259,#2260),.UNSPECIFIED.,.F.,
  .F.,(2,2),(0.14,0.15),.PIECEWISE_BEZIER_KNOTS.);
#2259 = CARTESIAN_POINT('',(-0.4,0.15,1.000093521814E-02));
#2260 = CARTESIAN_POINT('',(-0.4,0.15,9.352181445256E-07));
#2261 = ORIENTED_EDGE('',*,*,#2262,.T.);
#2262 = EDGE_CURVE('',#2256,#2263,#2265,.T.);
#2263 = VERTEX_POINT('',#2264);
#2264 = CARTESIAN_POINT('',(-0.8,0.15,9.352181445256E-07));
#2265 = B_SPLINE_CURVE_WITH_KNOTS('',1,(#2266,#2267),.UNSPECIFIED.,.F.,
  .F.,(2,2),(-0.4,-0.),.PIECEWISE_BEZIER_KNOTS.);
#2266 = CARTESIAN_POINT('',(-0.4,0.15,9.352181445256E-07));
#2267 = CARTESIAN_POINT('',(-0.8,0.15,9.352181445256E-07));
#2268 = ORIENTED_EDGE('',*,*,#2269,.F.);
#2269 = EDGE_CURVE('',#2233,#2263,#2270,.T.);
#2270 = B_SPLINE_CURVE_WITH_KNOTS('',1,(#2271,#2272),.UNSPECIFIED.,.F.,
  .F.,(2,2),(-0.,0.15),.PIECEWISE_BEZIER_KNOTS.);
#2271 = CARTESIAN_POINT('',(-0.8,0.15,0.150000935218));
#2272 = CARTESIAN_POINT('',(-0.8,0.15,9.352181445256E-07));
#2273 = B_SPLINE_SURFACE_WITH_KNOTS('',1,1,(
    (#2274,#2275)
    ,(#2276,#2277
    )),.UNSPECIFIED.,.F.,.F.,.F.,(2,2),(2,2),(0.,0.15),(0.,0.4),
  .PIECEWISE_BEZIER_KNOTS.);
#2274 = CARTESIAN_POINT('',(-0.8,0.15,0.150000935218));
#2275 = CARTESIAN_POINT('',(-0.4,0.15,0.150000935218));
#2276 = CARTESIAN_POINT('',(-0.8,0.15,9.352181445256E-07));
#2277 = CARTESIAN_POINT('',(-0.4,0.15,9.352181445256E-07));
#2278 = ADVANCED_FACE('',(#2279),#2303,.F.);
#2279 = FACE_BOUND('',#2280,.T.);
#2280 = EDGE_LOOP('',(#2281,#2282,#2283,#2284,#2291,#2298));
#2281 = ORIENTED_EDGE('',*,*,#1493,.F.);
#2282 = ORIENTED_EDGE('',*,*,#1626,.T.);
#2283 = ORIENTED_EDGE('',*,*,#2224,.F.);
#2284 = ORIENTED_EDGE('',*,*,#2285,.T.);
#2285 = EDGE_CURVE('',#2225,#2286,#2288,.T.);
#2286 = VERTEX_POINT('',#2287);
#2287 = CARTESIAN_POINT('',(-0.8,-0.15,9.352181445256E-07));
#2288 = B_SPLINE_CURVE_WITH_KNOTS('',1,(#2289,#2290),.UNSPECIFIED.,.F.,
  .F.,(2,2),(-0.,0.15),.PIECEWISE_BEZIER_KNOTS.);
#2289 = CARTESIAN_POINT('',(-0.8,-0.15,0.150000935218));
#2290 = CARTESIAN_POINT('',(-0.8,-0.15,9.352181445256E-07));
#2291 = ORIENTED_EDGE('',*,*,#2292,.T.);
#2292 = EDGE_CURVE('',#2286,#2293,#2295,.T.);
#2293 = VERTEX_POINT('',#2294);
#2294 = CARTESIAN_POINT('',(-0.4,-0.15,9.352181445256E-07));
#2295 = B_SPLINE_CURVE_WITH_KNOTS('',1,(#2296,#2297),.UNSPECIFIED.,.F.,
  .F.,(2,2),(0.,0.4),.PIECEWISE_BEZIER_KNOTS.);
#2296 = CARTESIAN_POINT('',(-0.8,-0.15,9.352181445256E-07));
#2297 = CARTESIAN_POINT('',(-0.4,-0.15,9.352181445256E-07));
#2298 = ORIENTED_EDGE('',*,*,#2299,.F.);
#2299 = EDGE_CURVE('',#1494,#2293,#2300,.T.);
#2300 = B_SPLINE_CURVE_WITH_KNOTS('',1,(#2301,#2302),.UNSPECIFIED.,.F.,
  .F.,(2,2),(0.14,0.15),.PIECEWISE_BEZIER_KNOTS.);
#2301 = CARTESIAN_POINT('',(-0.4,-0.15,1.000093521814E-02));
#2302 = CARTESIAN_POINT('',(-0.4,-0.15,9.352181445256E-07));
#2303 = B_SPLINE_SURFACE_WITH_KNOTS('',1,1,(
    (#2304,#2305)
    ,(#2306,#2307
    )),.UNSPECIFIED.,.F.,.F.,.F.,(2,2),(2,2),(-0.15,0.),(0.,0.4),
  .PIECEWISE_BEZIER_KNOTS.);
#2304 = CARTESIAN_POINT('',(-0.8,-0.15,9.352181445256E-07));
#2305 = CARTESIAN_POINT('',(-0.4,-0.15,9.352181445256E-07));
#2306 = CARTESIAN_POINT('',(-0.8,-0.15,0.150000935218));
#2307 = CARTESIAN_POINT('',(-0.4,-0.15,0.150000935218));
#2308 = ADVANCED_FACE('',(#2309),#2319,.F.);
#2309 = FACE_BOUND('',#2310,.T.);
#2310 = EDGE_LOOP('',(#2311,#2312,#2313,#2318));
#2311 = ORIENTED_EDGE('',*,*,#1500,.F.);
#2312 = ORIENTED_EDGE('',*,*,#2299,.T.);
#2313 = ORIENTED_EDGE('',*,*,#2314,.T.);
#2314 = EDGE_CURVE('',#2293,#2256,#2315,.T.);
#2315 = B_SPLINE_CURVE_WITH_KNOTS('',1,(#2316,#2317),.UNSPECIFIED.,.F.,
  .F.,(2,2),(0.,0.3),.PIECEWISE_BEZIER_KNOTS.);
#2316 = CARTESIAN_POINT('',(-0.4,-0.15,9.352181445256E-07));
#2317 = CARTESIAN_POINT('',(-0.4,0.15,9.352181445256E-07));
#2318 = ORIENTED_EDGE('',*,*,#2255,.F.);
#2319 = B_SPLINE_SURFACE_WITH_KNOTS('',1,1,(
    (#2320,#2321)
    ,(#2322,#2323
  )),.UNSPECIFIED.,.F.,.F.,.F.,(2,2),(2,2),(-0.15,-0.14),(0.,0.3),
  .PIECEWISE_BEZIER_KNOTS.);
#2320 = CARTESIAN_POINT('',(-0.4,-0.15,9.352181445256E-07));
#2321 = CARTESIAN_POINT('',(-0.4,0.15,9.352181445256E-07));
#2322 = CARTESIAN_POINT('',(-0.4,-0.15,1.000093521814E-02));
#2323 = CARTESIAN_POINT('',(-0.4,0.15,1.000093521814E-02));
#2324 = ADVANCED_FACE('',(#2325),#2335,.F.);
#2325 = FACE_BOUND('',#2326,.T.);
#2326 = EDGE_LOOP('',(#2327,#2332,#2333,#2334));
#2327 = ORIENTED_EDGE('',*,*,#2328,.T.);
#2328 = EDGE_CURVE('',#2263,#2286,#2329,.T.);
#2329 = B_SPLINE_CURVE_WITH_KNOTS('',1,(#2330,#2331),.UNSPECIFIED.,.F.,
  .F.,(2,2),(-0.3,-0.),.PIECEWISE_BEZIER_KNOTS.);
#2330 = CARTESIAN_POINT('',(-0.8,0.15,9.352181445256E-07));
#2331 = CARTESIAN_POINT('',(-0.8,-0.15,9.352181445256E-07));
#2332 = ORIENTED_EDGE('',*,*,#2285,.F.);
#2333 = ORIENTED_EDGE('',*,*,#2239,.F.);
#2334 = ORIENTED_EDGE('',*,*,#2269,.T.);
#2335 = B_SPLINE_SURFACE_WITH_KNOTS('',1,1,(
    (#2336,#2337)
    ,(#2338,#2339
    )),.UNSPECIFIED.,.F.,.F.,.F.,(2,2),(2,2),(0.,0.15),(0.,0.3),
  .PIECEWISE_BEZIER_KNOTS.);
#2336 = CARTESIAN_POINT('',(-0.8,-0.15,0.150000935218));
#2337 = CARTESIAN_POINT('',(-0.8,0.15,0.150000935218));
#2338 = CARTESIAN_POINT('',(-0.8,-0.15,9.352181445256E-07));
#2339 = CARTESIAN_POINT('',(-0.8,0.15,9.352181445256E-07));
#2340 = ADVANCED_FACE('',(#2341),#2347,.T.);
#2341 = FACE_BOUND('',#2342,.T.);
#2342 = EDGE_LOOP('',(#2343,#2344,#2345,#2346));
#2343 = ORIENTED_EDGE('',*,*,#2314,.F.);
#2344 = ORIENTED_EDGE('',*,*,#2292,.F.);
#2345 = ORIENTED_EDGE('',*,*,#2328,.F.);
#2346 = ORIENTED_EDGE('',*,*,#2262,.F.);
#2347 = B_SPLINE_SURFACE_WITH_KNOTS('',1,1,(
    (#2348,#2349)
    ,(#2350,#2351
    )),.UNSPECIFIED.,.F.,.F.,.F.,(2,2),(2,2),(0.4,0.8),(-0.15,0.15),
  .PIECEWISE_BEZIER_KNOTS.);
#2348 = CARTESIAN_POINT('',(-0.4,-0.15,9.352181445256E-07));
#2349 = CARTESIAN_POINT('',(-0.4,0.15,9.352181445256E-07));
#2350 = CARTESIAN_POINT('',(-0.8,-0.15,9.352181445256E-07));
#2351 = CARTESIAN_POINT('',(-0.8,0.15,9.352181445256E-07));
#2352 = ADVANCED_FACE('',(#2353),#2375,.F.);
#2353 = FACE_BOUND('',#2354,.T.);
#2354 = EDGE_LOOP('',(#2355,#2362,#2363,#2370));
#2355 = ORIENTED_EDGE('',*,*,#2356,.T.);
#2356 = EDGE_CURVE('',#2357,#1572,#2359,.T.);
#2357 = VERTEX_POINT('',#2358);
#2358 = CARTESIAN_POINT('',(0.8,0.15,0.150000935218));
#2359 = B_SPLINE_CURVE_WITH_KNOTS('',1,(#2360,#2361),.UNSPECIFIED.,.F.,
  .F.,(2,2),(0.,0.2),.PIECEWISE_BEZIER_KNOTS.);
#2360 = CARTESIAN_POINT('',(0.8,0.15,0.150000935218));
#2361 = CARTESIAN_POINT('',(0.6,0.15,0.150000935218));
#2362 = ORIENTED_EDGE('',*,*,#1571,.T.);
#2363 = ORIENTED_EDGE('',*,*,#2364,.T.);
#2364 = EDGE_CURVE('',#1565,#2365,#2367,.T.);
#2365 = VERTEX_POINT('',#2366);
#2366 = CARTESIAN_POINT('',(0.8,-0.15,0.150000935218));
#2367 = B_SPLINE_CURVE_WITH_KNOTS('',1,(#2368,#2369),.UNSPECIFIED.,.F.,
  .F.,(2,2),(-0.2,0.),.PIECEWISE_BEZIER_KNOTS.);
#2368 = CARTESIAN_POINT('',(0.6,-0.15,0.150000935218));
#2369 = CARTESIAN_POINT('',(0.8,-0.15,0.150000935218));
#2370 = ORIENTED_EDGE('',*,*,#2371,.T.);
#2371 = EDGE_CURVE('',#2365,#2357,#2372,.T.);
#2372 = B_SPLINE_CURVE_WITH_KNOTS('',1,(#2373,#2374),.UNSPECIFIED.,.F.,
  .F.,(2,2),(-0.3,0.),.PIECEWISE_BEZIER_KNOTS.);
#2373 = CARTESIAN_POINT('',(0.8,-0.15,0.150000935218));
#2374 = CARTESIAN_POINT('',(0.8,0.15,0.150000935218));
#2375 = B_SPLINE_SURFACE_WITH_KNOTS('',1,1,(
    (#2376,#2377)
    ,(#2378,#2379
    )),.UNSPECIFIED.,.F.,.F.,.F.,(2,2),(2,2),(-0.8,-0.6),(-0.15,0.15),
  .PIECEWISE_BEZIER_KNOTS.);
#2376 = CARTESIAN_POINT('',(0.8,-0.15,0.150000935218));
#2377 = CARTESIAN_POINT('',(0.8,0.15,0.150000935218));
#2378 = CARTESIAN_POINT('',(0.6,-0.15,0.150000935218));
#2379 = CARTESIAN_POINT('',(0.6,0.15,0.150000935218));
#2380 = ADVANCED_FACE('',(#2381),#2403,.F.);
#2381 = FACE_BOUND('',#2382,.T.);
#2382 = EDGE_LOOP('',(#2383,#2384,#2391,#2398));
#2383 = ORIENTED_EDGE('',*,*,#1440,.F.);
#2384 = ORIENTED_EDGE('',*,*,#2385,.T.);
#2385 = EDGE_CURVE('',#1441,#2386,#2388,.T.);
#2386 = VERTEX_POINT('',#2387);
#2387 = CARTESIAN_POINT('',(0.4,0.15,9.352181445256E-07));
#2388 = B_SPLINE_CURVE_WITH_KNOTS('',1,(#2389,#2390),.UNSPECIFIED.,.F.,
  .F.,(2,2),(0.14,0.15),.PIECEWISE_BEZIER_KNOTS.);
#2389 = CARTESIAN_POINT('',(0.4,0.15,1.000093521814E-02));
#2390 = CARTESIAN_POINT('',(0.4,0.15,9.352181445256E-07));
#2391 = ORIENTED_EDGE('',*,*,#2392,.T.);
#2392 = EDGE_CURVE('',#2386,#2393,#2395,.T.);
#2393 = VERTEX_POINT('',#2394);
#2394 = CARTESIAN_POINT('',(0.4,-0.15,9.352181445256E-07));
#2395 = B_SPLINE_CURVE_WITH_KNOTS('',1,(#2396,#2397),.UNSPECIFIED.,.F.,
  .F.,(2,2),(0.,0.3),.PIECEWISE_BEZIER_KNOTS.);
#2396 = CARTESIAN_POINT('',(0.4,0.15,9.352181445256E-07));
#2397 = CARTESIAN_POINT('',(0.4,-0.15,9.352181445256E-07));
#2398 = ORIENTED_EDGE('',*,*,#2399,.F.);
#2399 = EDGE_CURVE('',#1443,#2393,#2400,.T.);
#2400 = B_SPLINE_CURVE_WITH_KNOTS('',1,(#2401,#2402),.UNSPECIFIED.,.F.,
  .F.,(2,2),(0.14,0.15),.PIECEWISE_BEZIER_KNOTS.);
#2401 = CARTESIAN_POINT('',(0.4,-0.15,1.000093521814E-02));
#2402 = CARTESIAN_POINT('',(0.4,-0.15,9.352181445256E-07));
#2403 = B_SPLINE_SURFACE_WITH_KNOTS('',1,1,(
    (#2404,#2405)
    ,(#2406,#2407
    )),.UNSPECIFIED.,.F.,.F.,.F.,(2,2),(2,2),(0.14,0.15),(-0.3,0.),
  .PIECEWISE_BEZIER_KNOTS.);
#2404 = CARTESIAN_POINT('',(0.4,-0.15,1.000093521814E-02));
#2405 = CARTESIAN_POINT('',(0.4,0.15,1.000093521814E-02));
#2406 = CARTESIAN_POINT('',(0.4,-0.15,9.352181445256E-07));
#2407 = CARTESIAN_POINT('',(0.4,0.15,9.352181445256E-07));
#2408 = ADVANCED_FACE('',(#2409),#2427,.F.);
#2409 = FACE_BOUND('',#2410,.T.);
#2410 = EDGE_LOOP('',(#2411,#2412,#2413,#2420,#2425,#2426));
#2411 = ORIENTED_EDGE('',*,*,#1449,.F.);
#2412 = ORIENTED_EDGE('',*,*,#2399,.T.);
#2413 = ORIENTED_EDGE('',*,*,#2414,.T.);
#2414 = EDGE_CURVE('',#2393,#2415,#2417,.T.);
#2415 = VERTEX_POINT('',#2416);
#2416 = CARTESIAN_POINT('',(0.8,-0.15,9.352181445256E-07));
#2417 = B_SPLINE_CURVE_WITH_KNOTS('',1,(#2418,#2419),.UNSPECIFIED.,.F.,
  .F.,(2,2),(-0.4,0.),.PIECEWISE_BEZIER_KNOTS.);
#2418 = CARTESIAN_POINT('',(0.4,-0.15,9.352181445256E-07));
#2419 = CARTESIAN_POINT('',(0.8,-0.15,9.352181445256E-07));
#2420 = ORIENTED_EDGE('',*,*,#2421,.F.);
#2421 = EDGE_CURVE('',#2365,#2415,#2422,.T.);
#2422 = B_SPLINE_CURVE_WITH_KNOTS('',1,(#2423,#2424),.UNSPECIFIED.,.F.,
  .F.,(2,2),(-0.,0.15),.PIECEWISE_BEZIER_KNOTS.);
#2423 = CARTESIAN_POINT('',(0.8,-0.15,0.150000935218));
#2424 = CARTESIAN_POINT('',(0.8,-0.15,9.352181445256E-07));
#2425 = ORIENTED_EDGE('',*,*,#2364,.F.);
#2426 = ORIENTED_EDGE('',*,*,#1564,.T.);
#2427 = B_SPLINE_SURFACE_WITH_KNOTS('',1,1,(
    (#2428,#2429)
    ,(#2430,#2431
    )),.UNSPECIFIED.,.F.,.F.,.F.,(2,2),(2,2),(-0.15,0.),(-0.4,0.),
  .PIECEWISE_BEZIER_KNOTS.);
#2428 = CARTESIAN_POINT('',(0.4,-0.15,9.352181445256E-07));
#2429 = CARTESIAN_POINT('',(0.8,-0.15,9.352181445256E-07));
#2430 = CARTESIAN_POINT('',(0.4,-0.15,0.150000935218));
#2431 = CARTESIAN_POINT('',(0.8,-0.15,0.150000935218));
#2432 = ADVANCED_FACE('',(#2433),#2449,.F.);
#2433 = FACE_BOUND('',#2434,.T.);
#2434 = EDGE_LOOP('',(#2435,#2442,#2447,#2448));
#2435 = ORIENTED_EDGE('',*,*,#2436,.T.);
#2436 = EDGE_CURVE('',#2415,#2437,#2439,.T.);
#2437 = VERTEX_POINT('',#2438);
#2438 = CARTESIAN_POINT('',(0.8,0.15,9.352181445256E-07));
#2439 = B_SPLINE_CURVE_WITH_KNOTS('',1,(#2440,#2441),.UNSPECIFIED.,.F.,
  .F.,(2,2),(-0.3,0.),.PIECEWISE_BEZIER_KNOTS.);
#2440 = CARTESIAN_POINT('',(0.8,-0.15,9.352181445256E-07));
#2441 = CARTESIAN_POINT('',(0.8,0.15,9.352181445256E-07));
#2442 = ORIENTED_EDGE('',*,*,#2443,.F.);
#2443 = EDGE_CURVE('',#2357,#2437,#2444,.T.);
#2444 = B_SPLINE_CURVE_WITH_KNOTS('',1,(#2445,#2446),.UNSPECIFIED.,.F.,
  .F.,(2,2),(-0.,0.15),.PIECEWISE_BEZIER_KNOTS.);
#2445 = CARTESIAN_POINT('',(0.8,0.15,0.150000935218));
#2446 = CARTESIAN_POINT('',(0.8,0.15,9.352181445256E-07));
#2447 = ORIENTED_EDGE('',*,*,#2371,.F.);
#2448 = ORIENTED_EDGE('',*,*,#2421,.T.);
#2449 = B_SPLINE_SURFACE_WITH_KNOTS('',1,1,(
    (#2450,#2451)
    ,(#2452,#2453
    )),.UNSPECIFIED.,.F.,.F.,.F.,(2,2),(2,2),(-0.15,0.),(-0.3,0.),
  .PIECEWISE_BEZIER_KNOTS.);
#2450 = CARTESIAN_POINT('',(0.8,-0.15,9.352181445256E-07));
#2451 = CARTESIAN_POINT('',(0.8,0.15,9.352181445256E-07));
#2452 = CARTESIAN_POINT('',(0.8,-0.15,0.150000935218));
#2453 = CARTESIAN_POINT('',(0.8,0.15,0.150000935218));
#2454 = ADVANCED_FACE('',(#2455),#2467,.F.);
#2455 = FACE_BOUND('',#2456,.T.);
#2456 = EDGE_LOOP('',(#2457,#2458,#2459,#2460,#2461,#2466));
#2457 = ORIENTED_EDGE('',*,*,#1551,.F.);
#2458 = ORIENTED_EDGE('',*,*,#1578,.T.);
#2459 = ORIENTED_EDGE('',*,*,#2356,.F.);
#2460 = ORIENTED_EDGE('',*,*,#2443,.T.);
#2461 = ORIENTED_EDGE('',*,*,#2462,.T.);
#2462 = EDGE_CURVE('',#2437,#2386,#2463,.T.);
#2463 = B_SPLINE_CURVE_WITH_KNOTS('',1,(#2464,#2465),.UNSPECIFIED.,.F.,
  .F.,(2,2),(0.,0.4),.PIECEWISE_BEZIER_KNOTS.);
#2464 = CARTESIAN_POINT('',(0.8,0.15,9.352181445256E-07));
#2465 = CARTESIAN_POINT('',(0.4,0.15,9.352181445256E-07));
#2466 = ORIENTED_EDGE('',*,*,#2385,.F.);
#2467 = B_SPLINE_SURFACE_WITH_KNOTS('',1,1,(
    (#2468,#2469)
    ,(#2470,#2471
    )),.UNSPECIFIED.,.F.,.F.,.F.,(2,2),(2,2),(0.,0.15),(-0.4,0.),
  .PIECEWISE_BEZIER_KNOTS.);
#2468 = CARTESIAN_POINT('',(0.4,0.15,0.150000935218));
#2469 = CARTESIAN_POINT('',(0.8,0.15,0.150000935218));
#2470 = CARTESIAN_POINT('',(0.4,0.15,9.352181445256E-07));
#2471 = CARTESIAN_POINT('',(0.8,0.15,9.352181445256E-07));
#2472 = ADVANCED_FACE('',(#2473),#2479,.T.);
#2473 = FACE_BOUND('',#2474,.T.);
#2474 = EDGE_LOOP('',(#2475,#2476,#2477,#2478));
#2475 = ORIENTED_EDGE('',*,*,#2392,.F.);
#2476 = ORIENTED_EDGE('',*,*,#2462,.F.);
#2477 = ORIENTED_EDGE('',*,*,#2436,.F.);
#2478 = ORIENTED_EDGE('',*,*,#2414,.F.);
#2479 = B_SPLINE_SURFACE_WITH_KNOTS('',1,1,(
    (#2480,#2481)
    ,(#2482,#2483
    )),.UNSPECIFIED.,.F.,.F.,.F.,(2,2),(2,2),(-0.8,-0.4),(-0.15,0.15),
  .PIECEWISE_BEZIER_KNOTS.);
#2480 = CARTESIAN_POINT('',(0.8,-0.15,9.352181445256E-07));
#2481 = CARTESIAN_POINT('',(0.8,0.15,9.352181445256E-07));
#2482 = CARTESIAN_POINT('',(0.4,-0.15,9.352181445256E-07));
#2483 = CARTESIAN_POINT('',(0.4,0.15,9.352181445256E-07));
#2484 = ADVANCED_FACE('',(#2485),#2507,.F.);
#2485 = FACE_BOUND('',#2486,.T.);
#2486 = EDGE_LOOP('',(#2487,#2488,#2495,#2502));
#2487 = ORIENTED_EDGE('',*,*,#908,.T.);
#2488 = ORIENTED_EDGE('',*,*,#2489,.F.);
#2489 = EDGE_CURVE('',#2490,#900,#2492,.T.);
#2490 = VERTEX_POINT('',#2491);
#2491 = CARTESIAN_POINT('',(-5.077794794118E-02,0.370509767421,
    0.434468412487));
#2492 = B_SPLINE_CURVE_WITH_KNOTS('',1,(#2493,#2494),.UNSPECIFIED.,.F.,
  .F.,(2,2),(-0.,1.E-03),.PIECEWISE_BEZIER_KNOTS.);
#2493 = CARTESIAN_POINT('',(-5.077794794118E-02,0.370509767421,
    0.434468412487));
#2494 = CARTESIAN_POINT('',(-5.077794794118E-02,0.369515883686,
    0.434357980961));
#2495 = ORIENTED_EDGE('',*,*,#2496,.F.);
#2496 = EDGE_CURVE('',#2497,#2490,#2499,.T.);
#2497 = VERTEX_POINT('',#2498);
#2498 = CARTESIAN_POINT('',(-5.072861488604E-02,0.371277907639,
    0.427555150521));
#2499 = B_SPLINE_CURVE_WITH_KNOTS('',1,(#2500,#2501),.UNSPECIFIED.,.F.,
  .F.,(2,2),(-6.955980460135E-03,0.),.PIECEWISE_BEZIER_KNOTS.);
#2500 = CARTESIAN_POINT('',(-5.072861488604E-02,0.371277907639,
    0.427555150521));
#2501 = CARTESIAN_POINT('',(-5.077794794118E-02,0.370509767421,
    0.434468412487));
#2502 = ORIENTED_EDGE('',*,*,#2503,.T.);
#2503 = EDGE_CURVE('',#2497,#909,#2504,.T.);
#2504 = B_SPLINE_CURVE_WITH_KNOTS('',1,(#2505,#2506),.UNSPECIFIED.,.F.,
  .F.,(2,2),(-0.,1.E-03),.PIECEWISE_BEZIER_KNOTS.);
#2505 = CARTESIAN_POINT('',(-5.072861488604E-02,0.371277907639,
    0.427555150521));
#2506 = CARTESIAN_POINT('',(-5.072861488604E-02,0.370284023905,
    0.427444718995));
#2507 = B_SPLINE_SURFACE_WITH_KNOTS('',1,1,(
    (#2508,#2509)
    ,(#2510,#2511
    )),.UNSPECIFIED.,.F.,.F.,.F.,(2,2),(2,2),(0.,7.023866741007E-03),(
    -9.938840394991E-04,7.681404540794E-04),.PIECEWISE_BEZIER_KNOTS.);
#2508 = CARTESIAN_POINT('',(-5.077872633191E-02,0.369515883686,
    0.434468407));
#2509 = CARTESIAN_POINT('',(-5.077734634844E-02,0.371277907639,
    0.434468416728));
#2510 = CARTESIAN_POINT('',(-5.072921647877E-02,0.369515883686,
    0.427444714754));
#2511 = CARTESIAN_POINT('',(-5.07278364953E-02,0.371277907639,
    0.427444724481));
#2512 = ADVANCED_FACE('',(#2513),#2529,.F.);
#2513 = FACE_BOUND('',#2514,.T.);
#2514 = EDGE_LOOP('',(#2515,#2516,#2523,#2528));
#2515 = ORIENTED_EDGE('',*,*,#899,.T.);
#2516 = ORIENTED_EDGE('',*,*,#2517,.F.);
#2517 = EDGE_CURVE('',#2518,#902,#2520,.T.);
#2518 = VERTEX_POINT('',#2519);
#2519 = CARTESIAN_POINT('',(-2.64794165556E-02,0.37049073633,
    0.434639692304));
#2520 = B_SPLINE_CURVE_WITH_KNOTS('',1,(#2521,#2522),.UNSPECIFIED.,.F.,
  .F.,(2,2),(-0.,1.E-03),.PIECEWISE_BEZIER_KNOTS.);
#2521 = CARTESIAN_POINT('',(-2.64794165556E-02,0.37049073633,
    0.434639692304));
#2522 = CARTESIAN_POINT('',(-2.64794165556E-02,0.369496852596,
    0.434529260778));
#2523 = ORIENTED_EDGE('',*,*,#2524,.F.);
#2524 = EDGE_CURVE('',#2490,#2518,#2525,.T.);
#2525 = B_SPLINE_CURVE_WITH_KNOTS('',1,(#2526,#2527),.UNSPECIFIED.,.F.,
  .F.,(2,2),(-2.42991425045E-02,0.),.PIECEWISE_BEZIER_KNOTS.);
#2526 = CARTESIAN_POINT('',(-5.077794794118E-02,0.370509767421,
    0.434468412487));
#2527 = CARTESIAN_POINT('',(-2.64794165556E-02,0.37049073633,
    0.434639692304));
#2528 = ORIENTED_EDGE('',*,*,#2489,.T.);
#2529 = B_SPLINE_SURFACE_WITH_KNOTS('',1,1,(
    (#2530,#2531)
    ,(#2532,#2533
    )),.UNSPECIFIED.,.F.,.F.,.F.,(2,2),(2,2),(-1.E-03,6.711889074043E-18
    ),(-2.42991425045E-02,0.),.PIECEWISE_BEZIER_KNOTS.);
#2530 = CARTESIAN_POINT('',(-5.077794794118E-02,0.369515883686,
    0.434357980961));
#2531 = CARTESIAN_POINT('',(-2.64794165556E-02,0.369496852596,
    0.434529260778));
#2532 = CARTESIAN_POINT('',(-5.077794794118E-02,0.370509767421,
    0.434468412487));
#2533 = CARTESIAN_POINT('',(-2.64794165556E-02,0.37049073633,
    0.434639692304));
#2534 = ADVANCED_FACE('',(#2535),#2551,.F.);
#2535 = FACE_BOUND('',#2536,.T.);
#2536 = EDGE_LOOP('',(#2537,#2538,#2545,#2550));
#2537 = ORIENTED_EDGE('',*,*,#936,.T.);
#2538 = ORIENTED_EDGE('',*,*,#2539,.F.);
#2539 = EDGE_CURVE('',#2540,#930,#2542,.T.);
#2540 = VERTEX_POINT('',#2541);
#2541 = CARTESIAN_POINT('',(-2.686279854909E-02,0.364521287906,
    0.488364728124));
#2542 = B_SPLINE_CURVE_WITH_KNOTS('',1,(#2543,#2544),.UNSPECIFIED.,.F.,
  .F.,(2,2),(-0.,1.E-03),.PIECEWISE_BEZIER_KNOTS.);
#2543 = CARTESIAN_POINT('',(-2.686279854909E-02,0.364521287906,
    0.488364728124));
#2544 = CARTESIAN_POINT('',(-2.686279854909E-02,0.363527404171,
    0.488254296597));
#2545 = ORIENTED_EDGE('',*,*,#2546,.F.);
#2546 = EDGE_CURVE('',#2518,#2540,#2547,.T.);
#2547 = B_SPLINE_CURVE_WITH_KNOTS('',1,(#2548,#2549),.UNSPECIFIED.,.F.,
  .F.,(2,2),(-5.405701406927E-02,0.),.PIECEWISE_BEZIER_KNOTS.);
#2548 = CARTESIAN_POINT('',(-2.64794165556E-02,0.37049073633,
    0.434639692304));
#2549 = CARTESIAN_POINT('',(-2.686279854909E-02,0.364521287906,
    0.488364728124));
#2550 = ORIENTED_EDGE('',*,*,#2517,.T.);
#2551 = B_SPLINE_SURFACE_WITH_KNOTS('',1,1,(
    (#2552,#2553)
    ,(#2554,#2555
    )),.UNSPECIFIED.,.F.,.F.,.F.,(2,2),(2,2),(0.,5.383683228903E-02),(
    -9.938840394991E-04,5.969450255261E-03),.PIECEWISE_BEZIER_KNOTS.);
#2552 = CARTESIAN_POINT('',(-2.686357693983E-02,0.363527404171,
    0.488364722637));
#2553 = CARTESIAN_POINT('',(-2.685812339123E-02,0.37049073633,
    0.488364761079));
#2554 = CARTESIAN_POINT('',(-2.648409171346E-02,0.363527404171,
    0.434529227823));
#2555 = CARTESIAN_POINT('',(-2.647863816486E-02,0.37049073633,
    0.434529266265));
#2556 = ADVANCED_FACE('',(#2557),#2573,.F.);
#2557 = FACE_BOUND('',#2558,.T.);
#2558 = EDGE_LOOP('',(#2559,#2560,#2567,#2572));
#2559 = ORIENTED_EDGE('',*,*,#929,.T.);
#2560 = ORIENTED_EDGE('',*,*,#2561,.F.);
#2561 = EDGE_CURVE('',#2562,#923,#2564,.T.);
#2562 = VERTEX_POINT('',#2563);
#2563 = CARTESIAN_POINT('',(-1.898683041714E-02,0.364515119292,
    0.488420245651));
#2564 = B_SPLINE_CURVE_WITH_KNOTS('',1,(#2565,#2566),.UNSPECIFIED.,.F.,
  .F.,(2,2),(-0.,1.E-03),.PIECEWISE_BEZIER_KNOTS.);
#2565 = CARTESIAN_POINT('',(-1.898683041714E-02,0.364515119292,
    0.488420245651));
#2566 = CARTESIAN_POINT('',(-1.898683041714E-02,0.363521235557,
    0.488309814125));
#2567 = ORIENTED_EDGE('',*,*,#2568,.F.);
#2568 = EDGE_CURVE('',#2540,#2562,#2569,.T.);
#2569 = B_SPLINE_CURVE_WITH_KNOTS('',1,(#2570,#2571),.UNSPECIFIED.,.F.,
  .F.,(2,2),(-7.876166216068E-03,0.),.PIECEWISE_BEZIER_KNOTS.);
#2570 = CARTESIAN_POINT('',(-2.686279854909E-02,0.364521287906,
    0.488364728124));
#2571 = CARTESIAN_POINT('',(-1.898683041714E-02,0.364515119292,
    0.488420245651));
#2572 = ORIENTED_EDGE('',*,*,#2539,.T.);
#2573 = B_SPLINE_SURFACE_WITH_KNOTS('',1,1,(
    (#2574,#2575)
    ,(#2576,#2577
    )),.UNSPECIFIED.,.F.,.F.,.F.,(2,2),(2,2),(-1.E-03,5.536122639959E-17
    ),(-7.876166216068E-03,1.932293910924E-19),
  .PIECEWISE_BEZIER_KNOTS.);
#2574 = CARTESIAN_POINT('',(-2.686279854909E-02,0.363527404171,
    0.488254296597));
#2575 = CARTESIAN_POINT('',(-1.898683041714E-02,0.363521235557,
    0.488309814125));
#2576 = CARTESIAN_POINT('',(-2.686279854909E-02,0.364521287906,
    0.488364728124));
#2577 = CARTESIAN_POINT('',(-1.898683041714E-02,0.364515119292,
    0.488420245651));
#2578 = ADVANCED_FACE('',(#2579),#2595,.F.);
#2579 = FACE_BOUND('',#2580,.T.);
#2580 = EDGE_LOOP('',(#2581,#2582,#2589,#2594));
#2581 = ORIENTED_EDGE('',*,*,#922,.T.);
#2582 = ORIENTED_EDGE('',*,*,#2583,.F.);
#2583 = EDGE_CURVE('',#2584,#916,#2586,.T.);
#2584 = VERTEX_POINT('',#2585);
#2585 = CARTESIAN_POINT('',(-1.855411536851E-02,0.371252707935,
    0.427781947865));
#2586 = B_SPLINE_CURVE_WITH_KNOTS('',1,(#2587,#2588),.UNSPECIFIED.,.F.,
  .F.,(2,2),(-0.,9.999998807054E-04),.PIECEWISE_BEZIER_KNOTS.);
#2587 = CARTESIAN_POINT('',(-1.855411536851E-02,0.371252707935,
    0.427781947865));
#2588 = CARTESIAN_POINT('',(-1.855411536851E-02,0.370258824318,
    0.427671516352));
#2589 = ORIENTED_EDGE('',*,*,#2590,.F.);
#2590 = EDGE_CURVE('',#2562,#2584,#2591,.T.);
#2591 = B_SPLINE_CURVE_WITH_KNOTS('',1,(#2592,#2593),.UNSPECIFIED.,.F.,
  .F.,(2,2),(-6.10129945294E-02,0.),.PIECEWISE_BEZIER_KNOTS.);
#2592 = CARTESIAN_POINT('',(-1.898683041714E-02,0.364515119292,
    0.488420245651));
#2593 = CARTESIAN_POINT('',(-1.855411536851E-02,0.371252707935,
    0.427781947865));
#2594 = ORIENTED_EDGE('',*,*,#2561,.T.);
#2595 = B_SPLINE_SURFACE_WITH_KNOTS('',1,1,(
    (#2596,#2597)
    ,(#2598,#2599
    )),.UNSPECIFIED.,.F.,.F.,.F.,(2,2),(2,2),(-1.104287826112E-04,
    6.063984146482E-02),(-7.73147474884E-03,0.),
  .PIECEWISE_BEZIER_KNOTS.);
#2596 = CARTESIAN_POINT('',(-1.855939211911E-02,0.363521235557,
    0.427671479143));
#2597 = CARTESIAN_POINT('',(-1.855333697777E-02,0.371252707935,
    0.427671521825));
#2598 = CARTESIAN_POINT('',(-1.898760880788E-02,0.363521235557,
    0.488420240164));
#2599 = CARTESIAN_POINT('',(-1.898155366655E-02,0.371252707935,
    0.488420282846));
#2600 = ADVANCED_FACE('',(#2601),#2611,.F.);
#2601 = FACE_BOUND('',#2602,.T.);
#2602 = EDGE_LOOP('',(#2603,#2604,#2605,#2610));
#2603 = ORIENTED_EDGE('',*,*,#915,.T.);
#2604 = ORIENTED_EDGE('',*,*,#2503,.F.);
#2605 = ORIENTED_EDGE('',*,*,#2606,.F.);
#2606 = EDGE_CURVE('',#2584,#2497,#2607,.T.);
#2607 = B_SPLINE_CURVE_WITH_KNOTS('',1,(#2608,#2609),.UNSPECIFIED.,.F.,
  .F.,(2,2),(-3.217530872057E-02,0.),.PIECEWISE_BEZIER_KNOTS.);
#2608 = CARTESIAN_POINT('',(-1.855411536851E-02,0.371252707935,
    0.427781947865));
#2609 = CARTESIAN_POINT('',(-5.072861488604E-02,0.371277907639,
    0.427555150521));
#2610 = ORIENTED_EDGE('',*,*,#2583,.T.);
#2611 = B_SPLINE_SURFACE_WITH_KNOTS('',1,1,(
    (#2612,#2613)
    ,(#2614,#2615
    )),.UNSPECIFIED.,.F.,.F.,.F.,(2,2),(2,2),(-4.827410172992E-17,1.E-03
    ),(-1.978880723023E-19,3.217530872057E-02),
  .PIECEWISE_BEZIER_KNOTS.);
#2612 = CARTESIAN_POINT('',(-5.072861488604E-02,0.371277907639,
    0.427555150521));
#2613 = CARTESIAN_POINT('',(-1.855411536851E-02,0.371252707935,
    0.427781947865));
#2614 = CARTESIAN_POINT('',(-5.072861488604E-02,0.370284023905,
    0.427444718995));
#2615 = CARTESIAN_POINT('',(-1.855411536851E-02,0.3702588242,
    0.427671516338));
#2616 = ADVANCED_FACE('',(#2617),#2625,.F.);
#2617 = FACE_BOUND('',#2618,.T.);
#2618 = EDGE_LOOP('',(#2619,#2620,#2621,#2622,#2623,#2624));
#2619 = ORIENTED_EDGE('',*,*,#2496,.T.);
#2620 = ORIENTED_EDGE('',*,*,#2524,.T.);
#2621 = ORIENTED_EDGE('',*,*,#2546,.T.);
#2622 = ORIENTED_EDGE('',*,*,#2568,.T.);
#2623 = ORIENTED_EDGE('',*,*,#2590,.T.);
#2624 = ORIENTED_EDGE('',*,*,#2606,.T.);
#2625 = B_SPLINE_SURFACE_WITH_KNOTS('',1,1,(
    (#2626,#2627)
    ,(#2628,#2629
    )),.UNSPECIFIED.,.F.,.F.,.F.,(2,2),(2,2),(-0.445178047439,
    -0.383938394342),(-5.077794794117E-02,-1.855411536851E-02),
  .PIECEWISE_BEZIER_KNOTS.);
#2626 = CARTESIAN_POINT('',(-5.077794794118E-02,0.364515119292,
    0.488420245651));
#2627 = CARTESIAN_POINT('',(-1.855411536851E-02,0.364515119292,
    0.488420245651));
#2628 = CARTESIAN_POINT('',(-5.077794794118E-02,0.371277907639,
    0.427555150521));
#2629 = CARTESIAN_POINT('',(-1.855411536851E-02,0.371277907639,
    0.427555150521));
#2630 = ADVANCED_FACE('',(#2631),#2655,.F.);
#2631 = FACE_BOUND('',#2632,.F.);
#2632 = EDGE_LOOP('',(#2633,#2640,#2649,#2654));
#2633 = ORIENTED_EDGE('',*,*,#2634,.F.);
#2634 = EDGE_CURVE('',#2635,#732,#2637,.T.);
#2635 = VERTEX_POINT('',#2636);
#2636 = CARTESIAN_POINT('',(-8.200684333563E-02,0.371416082059,
    0.426311580745));
#2637 = B_SPLINE_CURVE_WITH_KNOTS('',1,(#2638,#2639),.UNSPECIFIED.,.F.,
  .F.,(2,2),(-0.,1.E-03),.PIECEWISE_BEZIER_KNOTS.);
#2638 = CARTESIAN_POINT('',(-8.200684333563E-02,0.371416082059,
    0.426311580745));
#2639 = CARTESIAN_POINT('',(-8.200684333563E-02,0.370422198324,
    0.426201149219));
#2640 = ORIENTED_EDGE('',*,*,#2641,.T.);
#2641 = EDGE_CURVE('',#2635,#2642,#2644,.T.);
#2642 = VERTEX_POINT('',#2643);
#2643 = CARTESIAN_POINT('',(-9.892250547284E-02,0.371036629441,
    0.429726654305));
#2644 = B_SPLINE_CURVE_WITH_KNOTS('',3,(#2645,#2646,#2647,#2648),
  .UNSPECIFIED.,.F.,.F.,(4,4),(0.,1.),.PIECEWISE_BEZIER_KNOTS.);
#2645 = CARTESIAN_POINT('',(-8.200684333563E-02,0.371416082059,
    0.426311580745));
#2646 = CARTESIAN_POINT('',(-8.877549713617E-02,0.371421383403,
    0.426263868652));
#2647 = CARTESIAN_POINT('',(-9.44140511819E-02,0.371294899197,
    0.427402226505));
#2648 = CARTESIAN_POINT('',(-9.892250547284E-02,0.371036629441,
    0.429726654305));
#2649 = ORIENTED_EDGE('',*,*,#2650,.T.);
#2650 = EDGE_CURVE('',#2642,#734,#2651,.T.);
#2651 = B_SPLINE_CURVE_WITH_KNOTS('',1,(#2652,#2653),.UNSPECIFIED.,.F.,
  .F.,(2,2),(-0.,9.999998807054E-04),.PIECEWISE_BEZIER_KNOTS.);
#2652 = CARTESIAN_POINT('',(-9.892250547284E-02,0.371036629441,
    0.429726654305));
#2653 = CARTESIAN_POINT('',(-9.892250547284E-02,0.370042745825,
    0.429616222792));
#2654 = ORIENTED_EDGE('',*,*,#731,.F.);
#2655 = B_SPLINE_SURFACE_WITH_KNOTS('',3,1,(
    (#2656,#2657)
    ,(#2658,#2659)
    ,(#2660,#2661)
    ,(#2662,#2663
    )),.UNSPECIFIED.,.F.,.F.,.F.,(4,4),(2,2),(0.,1.),(0.,1.),
  .PIECEWISE_BEZIER_KNOTS.);
#2656 = CARTESIAN_POINT('',(-8.200684333563E-02,0.371416082059,
    0.426311580745));
#2657 = CARTESIAN_POINT('',(-8.200684333563E-02,0.370422198324,
    0.426201149219));
#2658 = CARTESIAN_POINT('',(-8.877549713617E-02,0.371421383403,
    0.426263868652));
#2659 = CARTESIAN_POINT('',(-8.877549713617E-02,0.370427499668,
    0.426153437126));
#2660 = CARTESIAN_POINT('',(-9.44140511819E-02,0.371294899197,
    0.427402226505));
#2661 = CARTESIAN_POINT('',(-9.44140511819E-02,0.370301015462,
    0.427291794979));
#2662 = CARTESIAN_POINT('',(-9.892250547284E-02,0.371036629441,
    0.429726654305));
#2663 = CARTESIAN_POINT('',(-9.892250547284E-02,0.370042745707,
    0.429616222779));
#2664 = ADVANCED_FACE('',(#2665),#2681,.F.);
#2665 = FACE_BOUND('',#2666,.T.);
#2666 = EDGE_LOOP('',(#2667,#2668,#2675,#2680));
#2667 = ORIENTED_EDGE('',*,*,#848,.T.);
#2668 = ORIENTED_EDGE('',*,*,#2669,.F.);
#2669 = EDGE_CURVE('',#2670,#840,#2672,.T.);
#2670 = VERTEX_POINT('',#2671);
#2671 = CARTESIAN_POINT('',(-9.897604179276E-02,0.370203042298,
    0.437228938591));
#2672 = B_SPLINE_CURVE_WITH_KNOTS('',1,(#2673,#2674),.UNSPECIFIED.,.F.,
  .F.,(2,2),(-0.,9.999998807053E-04),.PIECEWISE_BEZIER_KNOTS.);
#2673 = CARTESIAN_POINT('',(-9.897604179276E-02,0.370203042298,
    0.437228938591));
#2674 = CARTESIAN_POINT('',(-9.897604179276E-02,0.369209158682,
    0.437118507079));
#2675 = ORIENTED_EDGE('',*,*,#2676,.F.);
#2676 = EDGE_CURVE('',#2642,#2670,#2677,.T.);
#2677 = B_SPLINE_CURVE_WITH_KNOTS('',1,(#2678,#2679),.UNSPECIFIED.,.F.,
  .F.,(2,2),(-7.548642472592E-03,0.),.PIECEWISE_BEZIER_KNOTS.);
#2678 = CARTESIAN_POINT('',(-9.892250547284E-02,0.371036629441,
    0.429726654305));
#2679 = CARTESIAN_POINT('',(-9.897604179276E-02,0.370203042298,
    0.437228938591));
#2680 = ORIENTED_EDGE('',*,*,#2650,.T.);
#2681 = B_SPLINE_SURFACE_WITH_KNOTS('',1,1,(
    (#2682,#2683)
    ,(#2684,#2685
    )),.UNSPECIFIED.,.F.,.F.,.F.,(2,2),(2,2),(0.,7.61290406918E-03),(
    -9.938840394991E-04,8.335873986149E-04),.PIECEWISE_BEZIER_KNOTS.);
#2682 = CARTESIAN_POINT('',(-9.89768201835E-02,0.369209158564,
    0.437228933105));
#2683 = CARTESIAN_POINT('',(-9.897538894325E-02,0.371036629441,
    0.437228943193));
#2684 = CARTESIAN_POINT('',(-9.892315832225E-02,0.369209158564,
    0.429616218164));
#2685 = CARTESIAN_POINT('',(-9.892172708201E-02,0.371036629441,
    0.429616228252));
#2686 = ADVANCED_FACE('',(#2687),#2705,.F.);
#2687 = FACE_BOUND('',#2688,.F.);
#2688 = EDGE_LOOP('',(#2689,#2690,#2699,#2704));
#2689 = ORIENTED_EDGE('',*,*,#2669,.F.);
#2690 = ORIENTED_EDGE('',*,*,#2691,.T.);
#2691 = EDGE_CURVE('',#2670,#2692,#2694,.T.);
#2692 = VERTEX_POINT('',#2693);
#2693 = CARTESIAN_POINT('',(-8.319512512406E-02,0.370641944391,
    0.433278819755));
#2694 = B_SPLINE_CURVE_WITH_KNOTS('',3,(#2695,#2696,#2697,#2698),
  .UNSPECIFIED.,.F.,.F.,(4,4),(12.,13.),.PIECEWISE_BEZIER_KNOTS.);
#2695 = CARTESIAN_POINT('',(-9.897604179276E-02,0.370203042298,
    0.437228938591));
#2696 = CARTESIAN_POINT('',(-9.44963459857E-02,0.370499226809,
    0.434563277999));
#2697 = CARTESIAN_POINT('',(-8.923076802915E-02,0.370646671626,
    0.43323627464));
#2698 = CARTESIAN_POINT('',(-8.319512512406E-02,0.370641944391,
    0.433278819755));
#2699 = ORIENTED_EDGE('',*,*,#2700,.T.);
#2700 = EDGE_CURVE('',#2692,#831,#2701,.T.);
#2701 = B_SPLINE_CURVE_WITH_KNOTS('',1,(#2702,#2703),.UNSPECIFIED.,.F.,
  .F.,(2,2),(-0.,9.999998807053E-04),.PIECEWISE_BEZIER_KNOTS.);
#2702 = CARTESIAN_POINT('',(-8.319512512406E-02,0.370641944391,
    0.433278819755));
#2703 = CARTESIAN_POINT('',(-8.319512512406E-02,0.369648060775,
    0.433168388242));
#2704 = ORIENTED_EDGE('',*,*,#839,.F.);
#2705 = B_SPLINE_SURFACE_WITH_KNOTS('',3,1,(
    (#2706,#2707)
    ,(#2708,#2709)
    ,(#2710,#2711)
    ,(#2712,#2713
    )),.UNSPECIFIED.,.F.,.F.,.F.,(4,4),(2,2),(12.,13.),(0.,1.),
  .PIECEWISE_BEZIER_KNOTS.);
#2706 = CARTESIAN_POINT('',(-9.897604179276E-02,0.370203042298,
    0.437228938591));
#2707 = CARTESIAN_POINT('',(-9.897604179276E-02,0.369209158682,
    0.437118507079));
#2708 = CARTESIAN_POINT('',(-9.44963459857E-02,0.370499226809,
    0.434563277999));
#2709 = CARTESIAN_POINT('',(-9.44963459857E-02,0.369505343193,
    0.434452846486));
#2710 = CARTESIAN_POINT('',(-8.923076802915E-02,0.370646671626,
    0.43323627464));
#2711 = CARTESIAN_POINT('',(-8.923076802915E-02,0.36965278801,
    0.433125843127));
#2712 = CARTESIAN_POINT('',(-8.319512512406E-02,0.370641944391,
    0.433278819755));
#2713 = CARTESIAN_POINT('',(-8.319512512406E-02,0.369648060775,
    0.433168388242));
#2714 = ADVANCED_FACE('',(#2715),#2733,.F.);
#2715 = FACE_BOUND('',#2716,.F.);
#2716 = EDGE_LOOP('',(#2717,#2718,#2727,#2732));
#2717 = ORIENTED_EDGE('',*,*,#2700,.F.);
#2718 = ORIENTED_EDGE('',*,*,#2719,.T.);
#2719 = EDGE_CURVE('',#2692,#2720,#2722,.T.);
#2720 = VERTEX_POINT('',#2721);
#2721 = CARTESIAN_POINT('',(-6.756674098185E-02,0.369920085794,
    0.439775547127));
#2722 = B_SPLINE_CURVE_WITH_KNOTS('',3,(#2723,#2724,#2725,#2726),
  .UNSPECIFIED.,.F.,.F.,(4,4),(11.,12.),.PIECEWISE_BEZIER_KNOTS.);
#2723 = CARTESIAN_POINT('',(-8.319512512406E-02,0.370641944391,
    0.433278819755));
#2724 = CARTESIAN_POINT('',(-7.673839085357E-02,0.370636887349,
    0.433324333134));
#2725 = CARTESIAN_POINT('',(-7.152900321425E-02,0.370395119625,
    0.435500242649));
#2726 = CARTESIAN_POINT('',(-6.756674098185E-02,0.369920085794,
    0.439775547127));
#2727 = ORIENTED_EDGE('',*,*,#2728,.T.);
#2728 = EDGE_CURVE('',#2720,#822,#2729,.T.);
#2729 = B_SPLINE_CURVE_WITH_KNOTS('',1,(#2730,#2731),.UNSPECIFIED.,.F.,
  .F.,(2,2),(-0.,9.999998807054E-04),.PIECEWISE_BEZIER_KNOTS.);
#2730 = CARTESIAN_POINT('',(-6.756674098185E-02,0.369920085794,
    0.439775547127));
#2731 = CARTESIAN_POINT('',(-6.756674098185E-02,0.368926202178,
    0.439665115614));
#2732 = ORIENTED_EDGE('',*,*,#830,.F.);
#2733 = B_SPLINE_SURFACE_WITH_KNOTS('',3,1,(
    (#2734,#2735)
    ,(#2736,#2737)
    ,(#2738,#2739)
    ,(#2740,#2741
    )),.UNSPECIFIED.,.F.,.F.,.F.,(4,4),(2,2),(11.,12.),(0.,1.),
  .PIECEWISE_BEZIER_KNOTS.);
#2734 = CARTESIAN_POINT('',(-8.319512512406E-02,0.370641944391,
    0.433278819755));
#2735 = CARTESIAN_POINT('',(-8.319512512406E-02,0.369648060775,
    0.433168388242));
#2736 = CARTESIAN_POINT('',(-7.673839085357E-02,0.370636887349,
    0.433324333134));
#2737 = CARTESIAN_POINT('',(-7.673839085357E-02,0.369643003733,
    0.433213901621));
#2738 = CARTESIAN_POINT('',(-7.152900321425E-02,0.370395119625,
    0.435500242649));
#2739 = CARTESIAN_POINT('',(-7.152900321425E-02,0.369401236009,
    0.435389811136));
#2740 = CARTESIAN_POINT('',(-6.756674098185E-02,0.369920085794,
    0.439775547127));
#2741 = CARTESIAN_POINT('',(-6.756674098185E-02,0.368926202178,
    0.439665115614));
#2742 = ADVANCED_FACE('',(#2743),#2761,.F.);
#2743 = FACE_BOUND('',#2744,.F.);
#2744 = EDGE_LOOP('',(#2745,#2746,#2755,#2760));
#2745 = ORIENTED_EDGE('',*,*,#2728,.F.);
#2746 = ORIENTED_EDGE('',*,*,#2747,.T.);
#2747 = EDGE_CURVE('',#2720,#2748,#2750,.T.);
#2748 = VERTEX_POINT('',#2749);
#2749 = CARTESIAN_POINT('',(-6.170132925648E-02,0.367993322371,
    0.457116417938));
#2750 = B_SPLINE_CURVE_WITH_KNOTS('',3,(#2751,#2752,#2753,#2754),
  .UNSPECIFIED.,.F.,.F.,(4,4),(10.,11.),.PIECEWISE_BEZIER_KNOTS.);
#2751 = CARTESIAN_POINT('',(-6.756674098185E-02,0.369920085794,
    0.439775547127));
#2752 = CARTESIAN_POINT('',(-6.360469997391E-02,0.369441607389,
    0.444081852779));
#2753 = CARTESIAN_POINT('',(-6.164956273226E-02,0.368799352914,
    0.44986214305));
#2754 = CARTESIAN_POINT('',(-6.170132925648E-02,0.367993322371,
    0.457116417938));
#2755 = ORIENTED_EDGE('',*,*,#2756,.T.);
#2756 = EDGE_CURVE('',#2748,#813,#2757,.T.);
#2757 = B_SPLINE_CURVE_WITH_KNOTS('',1,(#2758,#2759),.UNSPECIFIED.,.F.,
  .F.,(2,2),(-0.,9.999998807054E-04),.PIECEWISE_BEZIER_KNOTS.);
#2758 = CARTESIAN_POINT('',(-6.170132925648E-02,0.367993322371,
    0.457116417938));
#2759 = CARTESIAN_POINT('',(-6.170132925648E-02,0.366999438755,
    0.457005986426));
#2760 = ORIENTED_EDGE('',*,*,#821,.F.);
#2761 = B_SPLINE_SURFACE_WITH_KNOTS('',3,1,(
    (#2762,#2763)
    ,(#2764,#2765)
    ,(#2766,#2767)
    ,(#2768,#2769
    )),.UNSPECIFIED.,.F.,.F.,.F.,(4,4),(2,2),(10.,11.),(0.,1.),
  .PIECEWISE_BEZIER_KNOTS.);
#2762 = CARTESIAN_POINT('',(-6.756674098185E-02,0.369920085794,
    0.439775547127));
#2763 = CARTESIAN_POINT('',(-6.756674098185E-02,0.368926202178,
    0.439665115614));
#2764 = CARTESIAN_POINT('',(-6.360469997391E-02,0.369441607389,
    0.444081852779));
#2765 = CARTESIAN_POINT('',(-6.360469997391E-02,0.368447723772,
    0.443971421266));
#2766 = CARTESIAN_POINT('',(-6.164956273226E-02,0.368799352914,
    0.44986214305));
#2767 = CARTESIAN_POINT('',(-6.164956273226E-02,0.367805469298,
    0.449751711537));
#2768 = CARTESIAN_POINT('',(-6.170132925648E-02,0.367993322371,
    0.457116417938));
#2769 = CARTESIAN_POINT('',(-6.170132925648E-02,0.366999438755,
    0.457005986426));
#2770 = ADVANCED_FACE('',(#2771),#2789,.F.);
#2771 = FACE_BOUND('',#2772,.F.);
#2772 = EDGE_LOOP('',(#2773,#2774,#2783,#2788));
#2773 = ORIENTED_EDGE('',*,*,#2756,.F.);
#2774 = ORIENTED_EDGE('',*,*,#2775,.T.);
#2775 = EDGE_CURVE('',#2748,#2776,#2778,.T.);
#2776 = VERTEX_POINT('',#2777);
#2777 = CARTESIAN_POINT('',(-6.824135558148E-02,0.365972932685,
    0.475299925112));
#2778 = B_SPLINE_CURVE_WITH_KNOTS('',3,(#2779,#2780,#2781,#2782),
  .UNSPECIFIED.,.F.,.F.,(4,4),(9.,10.),.PIECEWISE_BEZIER_KNOTS.);
#2779 = CARTESIAN_POINT('',(-6.170132925648E-02,0.367993322371,
    0.457116417938));
#2780 = CARTESIAN_POINT('',(-6.175575047425E-02,0.367145956928,
    0.464742706924));
#2781 = CARTESIAN_POINT('',(-6.393575924911E-02,0.366472493699,
    0.470803875981));
#2782 = CARTESIAN_POINT('',(-6.824135558148E-02,0.365972932685,
    0.475299925112));
#2783 = ORIENTED_EDGE('',*,*,#2784,.T.);
#2784 = EDGE_CURVE('',#2776,#804,#2785,.T.);
#2785 = B_SPLINE_CURVE_WITH_KNOTS('',1,(#2786,#2787),.UNSPECIFIED.,.F.,
  .F.,(2,2),(-0.,9.999998807054E-04),.PIECEWISE_BEZIER_KNOTS.);
#2786 = CARTESIAN_POINT('',(-6.824135558148E-02,0.365972932685,
    0.475299925112));
#2787 = CARTESIAN_POINT('',(-6.824135558148E-02,0.364979049069,
    0.475189493599));
#2788 = ORIENTED_EDGE('',*,*,#812,.F.);
#2789 = B_SPLINE_SURFACE_WITH_KNOTS('',3,1,(
    (#2790,#2791)
    ,(#2792,#2793)
    ,(#2794,#2795)
    ,(#2796,#2797
    )),.UNSPECIFIED.,.F.,.F.,.F.,(4,4),(2,2),(9.,10.),(0.,1.),
  .PIECEWISE_BEZIER_KNOTS.);
#2790 = CARTESIAN_POINT('',(-6.170132925648E-02,0.367993322371,
    0.457116417938));
#2791 = CARTESIAN_POINT('',(-6.170132925648E-02,0.366999438755,
    0.457005986426));
#2792 = CARTESIAN_POINT('',(-6.175575047425E-02,0.367145956928,
    0.464742706924));
#2793 = CARTESIAN_POINT('',(-6.175575047425E-02,0.366152073312,
    0.464632275411));
#2794 = CARTESIAN_POINT('',(-6.393575924911E-02,0.366472493699,
    0.470803875981));
#2795 = CARTESIAN_POINT('',(-6.393575924911E-02,0.365478610083,
    0.470693444469));
#2796 = CARTESIAN_POINT('',(-6.824135558148E-02,0.365972932685,
    0.475299925112));
#2797 = CARTESIAN_POINT('',(-6.824135558148E-02,0.364979049069,
    0.475189493599));
#2798 = ADVANCED_FACE('',(#2799),#2817,.F.);
#2799 = FACE_BOUND('',#2800,.F.);
#2800 = EDGE_LOOP('',(#2801,#2802,#2811,#2816));
#2801 = ORIENTED_EDGE('',*,*,#2784,.F.);
#2802 = ORIENTED_EDGE('',*,*,#2803,.T.);
#2803 = EDGE_CURVE('',#2776,#2804,#2806,.T.);
#2804 = VERTEX_POINT('',#2805);
#2805 = CARTESIAN_POINT('',(-8.491467223772E-02,0.365238481189,
    0.481909988576));
#2806 = B_SPLINE_CURVE_WITH_KNOTS('',3,(#2807,#2808,#2809,#2810),
  .UNSPECIFIED.,.F.,.F.,(4,4),(8.,9.),.PIECEWISE_BEZIER_KNOTS.);
#2807 = CARTESIAN_POINT('',(-6.824135558148E-02,0.365972932685,
    0.475299925112));
#2808 = CARTESIAN_POINT('',(-7.256232666565E-02,0.36547682846,
    0.479764863132));
#2809 = CARTESIAN_POINT('',(-7.811482648422E-02,0.365233155415,
    0.481957920541));
#2810 = CARTESIAN_POINT('',(-8.491467223772E-02,0.365238481189,
    0.481909988576));
#2811 = ORIENTED_EDGE('',*,*,#2812,.T.);
#2812 = EDGE_CURVE('',#2804,#795,#2813,.T.);
#2813 = B_SPLINE_CURVE_WITH_KNOTS('',1,(#2814,#2815),.UNSPECIFIED.,.F.,
  .F.,(2,2),(-0.,9.999998807053E-04),.PIECEWISE_BEZIER_KNOTS.);
#2814 = CARTESIAN_POINT('',(-8.491467223772E-02,0.365238481189,
    0.481909988576));
#2815 = CARTESIAN_POINT('',(-8.491467223772E-02,0.364244597573,
    0.481799557064));
#2816 = ORIENTED_EDGE('',*,*,#803,.F.);
#2817 = B_SPLINE_SURFACE_WITH_KNOTS('',3,1,(
    (#2818,#2819)
    ,(#2820,#2821)
    ,(#2822,#2823)
    ,(#2824,#2825
    )),.UNSPECIFIED.,.F.,.F.,.F.,(4,4),(2,2),(8.,9.),(0.,1.),
  .PIECEWISE_BEZIER_KNOTS.);
#2818 = CARTESIAN_POINT('',(-6.824135558148E-02,0.365972932685,
    0.475299925112));
#2819 = CARTESIAN_POINT('',(-6.824135558148E-02,0.364979049069,
    0.475189493599));
#2820 = CARTESIAN_POINT('',(-7.256232666565E-02,0.36547682846,
    0.479764863132));
#2821 = CARTESIAN_POINT('',(-7.256232666565E-02,0.364482944844,
    0.479654431619));
#2822 = CARTESIAN_POINT('',(-7.811482648422E-02,0.365233155415,
    0.481957920541));
#2823 = CARTESIAN_POINT('',(-7.811482648422E-02,0.364239271799,
    0.481847489028));
#2824 = CARTESIAN_POINT('',(-8.491467223772E-02,0.365238481189,
    0.481909988576));
#2825 = CARTESIAN_POINT('',(-8.491467223772E-02,0.364244597573,
    0.481799557064));
#2826 = ADVANCED_FACE('',(#2827),#2845,.F.);
#2827 = FACE_BOUND('',#2828,.F.);
#2828 = EDGE_LOOP('',(#2829,#2830,#2839,#2844));
#2829 = ORIENTED_EDGE('',*,*,#2812,.F.);
#2830 = ORIENTED_EDGE('',*,*,#2831,.T.);
#2831 = EDGE_CURVE('',#2804,#2832,#2834,.T.);
#2832 = VERTEX_POINT('',#2833);
#2833 = CARTESIAN_POINT('',(-9.926850053217E-02,0.365649314187,
    0.478212491594));
#2834 = B_SPLINE_CURVE_WITH_KNOTS('',3,(#2835,#2836,#2837,#2838),
  .UNSPECIFIED.,.F.,.F.,(4,4),(7.,8.),.PIECEWISE_BEZIER_KNOTS.);
#2835 = CARTESIAN_POINT('',(-8.491467223772E-02,0.365238481189,
    0.481909988576));
#2836 = CARTESIAN_POINT('',(-9.013932436475E-02,0.36524257324,
    0.481873160118));
#2837 = CARTESIAN_POINT('',(-9.491888262052E-02,0.365377217117,
    0.480661365219));
#2838 = CARTESIAN_POINT('',(-9.926850053217E-02,0.365649314187,
    0.478212491594));
#2839 = ORIENTED_EDGE('',*,*,#2840,.T.);
#2840 = EDGE_CURVE('',#2832,#788,#2841,.T.);
#2841 = B_SPLINE_CURVE_WITH_KNOTS('',1,(#2842,#2843),.UNSPECIFIED.,.F.,
  .F.,(2,2),(-0.,9.999998807054E-04),.PIECEWISE_BEZIER_KNOTS.);
#2842 = CARTESIAN_POINT('',(-9.926850053217E-02,0.365649314187,
    0.478212491594));
#2843 = CARTESIAN_POINT('',(-9.926850053217E-02,0.364655430571,
    0.478102060081));
#2844 = ORIENTED_EDGE('',*,*,#794,.F.);
#2845 = B_SPLINE_SURFACE_WITH_KNOTS('',3,1,(
    (#2846,#2847)
    ,(#2848,#2849)
    ,(#2850,#2851)
    ,(#2852,#2853
    )),.UNSPECIFIED.,.F.,.F.,.F.,(4,4),(2,2),(7.,8.),(0.,1.),
  .PIECEWISE_BEZIER_KNOTS.);
#2846 = CARTESIAN_POINT('',(-8.491467223772E-02,0.365238481189,
    0.481909988576));
#2847 = CARTESIAN_POINT('',(-8.491467223772E-02,0.364244597573,
    0.481799557064));
#2848 = CARTESIAN_POINT('',(-9.013932436475E-02,0.36524257324,
    0.481873160118));
#2849 = CARTESIAN_POINT('',(-9.013932436475E-02,0.364248689624,
    0.481762728605));
#2850 = CARTESIAN_POINT('',(-9.491888262052E-02,0.365377217117,
    0.480661365219));
#2851 = CARTESIAN_POINT('',(-9.491888262052E-02,0.364383333501,
    0.480550933706));
#2852 = CARTESIAN_POINT('',(-9.926850053217E-02,0.365649314187,
    0.478212491594));
#2853 = CARTESIAN_POINT('',(-9.926850053217E-02,0.364655430571,
    0.478102060081));
#2854 = ADVANCED_FACE('',(#2855),#2871,.F.);
#2855 = FACE_BOUND('',#2856,.T.);
#2856 = EDGE_LOOP('',(#2857,#2858,#2865,#2870));
#2857 = ORIENTED_EDGE('',*,*,#787,.T.);
#2858 = ORIENTED_EDGE('',*,*,#2859,.F.);
#2859 = EDGE_CURVE('',#2860,#779,#2862,.T.);
#2860 = VERTEX_POINT('',#2861);
#2861 = CARTESIAN_POINT('',(-9.932690379027E-02,0.364739946395,
    0.486396801725));
#2862 = B_SPLINE_CURVE_WITH_KNOTS('',1,(#2863,#2864),.UNSPECIFIED.,.F.,
  .F.,(2,2),(-0.,9.999998807054E-04),.PIECEWISE_BEZIER_KNOTS.);
#2863 = CARTESIAN_POINT('',(-9.932690379027E-02,0.364739946395,
    0.486396801725));
#2864 = CARTESIAN_POINT('',(-9.932690379027E-02,0.363746062778,
    0.486286370212));
#2865 = ORIENTED_EDGE('',*,*,#2866,.F.);
#2866 = EDGE_CURVE('',#2832,#2860,#2867,.T.);
#2867 = B_SPLINE_CURVE_WITH_KNOTS('',1,(#2868,#2869),.UNSPECIFIED.,.F.,
  .F.,(2,2),(-8.234882696995E-03,0.),.PIECEWISE_BEZIER_KNOTS.);
#2868 = CARTESIAN_POINT('',(-9.926850053217E-02,0.365649314187,
    0.478212491594));
#2869 = CARTESIAN_POINT('',(-9.932690379027E-02,0.364739946395,
    0.486396801725));
#2870 = ORIENTED_EDGE('',*,*,#2840,.T.);
#2871 = B_SPLINE_SURFACE_WITH_KNOTS('',1,1,(
    (#2872,#2873)
    ,(#2874,#2875
    )),.UNSPECIFIED.,.F.,.F.,.F.,(2,2),(2,2),(0.,8.294947275476E-03),(
    -9.938840394991E-04,9.093680711746E-04),.PIECEWISE_BEZIER_KNOTS.);
#2872 = CARTESIAN_POINT('',(-9.9327682181E-02,0.36374606266,
    0.486396796238));
#2873 = CARTESIAN_POINT('',(-9.93261915908E-02,0.365649314187,
    0.486396806745));
#2874 = CARTESIAN_POINT('',(-9.926921273155E-02,0.36374606266,
    0.478102055035));
#2875 = CARTESIAN_POINT('',(-9.926772214134E-02,0.365649314187,
    0.478102065542));
#2876 = ADVANCED_FACE('',(#2877),#2895,.F.);
#2877 = FACE_BOUND('',#2878,.F.);
#2878 = EDGE_LOOP('',(#2879,#2880,#2889,#2894));
#2879 = ORIENTED_EDGE('',*,*,#2859,.F.);
#2880 = ORIENTED_EDGE('',*,*,#2881,.T.);
#2881 = EDGE_CURVE('',#2860,#2882,#2884,.T.);
#2882 = VERTEX_POINT('',#2883);
#2883 = CARTESIAN_POINT('',(-8.488713153256E-02,0.36445305702,
    0.488978806095));
#2884 = B_SPLINE_CURVE_WITH_KNOTS('',3,(#2885,#2886,#2887,#2888),
  .UNSPECIFIED.,.F.,.F.,(4,4),(5.,6.),.PIECEWISE_BEZIER_KNOTS.);
#2885 = CARTESIAN_POINT('',(-9.932690379027E-02,0.364739946395,
    0.486396801725));
#2886 = CARTESIAN_POINT('',(-9.5533210421E-02,0.364554403442,
    0.488066688296));
#2887 = CARTESIAN_POINT('',(-9.072002674318E-02,0.364457625459,
    0.488937690144));
#2888 = CARTESIAN_POINT('',(-8.488713153256E-02,0.36445305702,
    0.488978806095));
#2889 = ORIENTED_EDGE('',*,*,#2890,.T.);
#2890 = EDGE_CURVE('',#2882,#770,#2891,.T.);
#2891 = B_SPLINE_CURVE_WITH_KNOTS('',1,(#2892,#2893),.UNSPECIFIED.,.F.,
  .F.,(2,2),(-0.,9.999998807053E-04),.PIECEWISE_BEZIER_KNOTS.);
#2892 = CARTESIAN_POINT('',(-8.488713153256E-02,0.36445305702,
    0.488978806095));
#2893 = CARTESIAN_POINT('',(-8.488713153256E-02,0.363459173404,
    0.488868374582));
#2894 = ORIENTED_EDGE('',*,*,#778,.F.);
#2895 = B_SPLINE_SURFACE_WITH_KNOTS('',3,1,(
    (#2896,#2897)
    ,(#2898,#2899)
    ,(#2900,#2901)
    ,(#2902,#2903
    )),.UNSPECIFIED.,.F.,.F.,.F.,(4,4),(2,2),(5.,6.),(0.,1.),
  .PIECEWISE_BEZIER_KNOTS.);
#2896 = CARTESIAN_POINT('',(-9.932690379027E-02,0.364739946395,
    0.486396801725));
#2897 = CARTESIAN_POINT('',(-9.932690379027E-02,0.363746062778,
    0.486286370212));
#2898 = CARTESIAN_POINT('',(-9.5533210421E-02,0.364554403442,
    0.488066688296));
#2899 = CARTESIAN_POINT('',(-9.5533210421E-02,0.363560519826,
    0.487956256783));
#2900 = CARTESIAN_POINT('',(-9.072002674318E-02,0.364457625459,
    0.488937690144));
#2901 = CARTESIAN_POINT('',(-9.072002674318E-02,0.363463741843,
    0.488827258632));
#2902 = CARTESIAN_POINT('',(-8.488713153256E-02,0.36445305702,
    0.488978806095));
#2903 = CARTESIAN_POINT('',(-8.488713153256E-02,0.363459173404,
    0.488868374582));
#2904 = ADVANCED_FACE('',(#2905),#2923,.F.);
#2905 = FACE_BOUND('',#2906,.F.);
#2906 = EDGE_LOOP('',(#2907,#2908,#2917,#2922));
#2907 = ORIENTED_EDGE('',*,*,#2890,.F.);
#2908 = ORIENTED_EDGE('',*,*,#2909,.T.);
#2909 = EDGE_CURVE('',#2882,#2910,#2912,.T.);
#2910 = VERTEX_POINT('',#2911);
#2911 = CARTESIAN_POINT('',(-6.241200065829E-02,0.365427541545,
    0.480208445368));
#2912 = B_SPLINE_CURVE_WITH_KNOTS('',3,(#2913,#2914,#2915,#2916),
  .UNSPECIFIED.,.F.,.F.,(4,4),(4.,5.),.PIECEWISE_BEZIER_KNOTS.);
#2913 = CARTESIAN_POINT('',(-8.488713153256E-02,0.36445305702,
    0.488978806095));
#2914 = CARTESIAN_POINT('',(-7.582586918679E-02,0.36444596006,
    0.489042678736));
#2915 = CARTESIAN_POINT('',(-6.833415889537E-02,0.364770788235,
    0.48611922516));
#2916 = CARTESIAN_POINT('',(-6.241200065829E-02,0.365427541545,
    0.480208445368));
#2917 = ORIENTED_EDGE('',*,*,#2918,.T.);
#2918 = EDGE_CURVE('',#2910,#761,#2919,.T.);
#2919 = B_SPLINE_CURVE_WITH_KNOTS('',1,(#2920,#2921),.UNSPECIFIED.,.F.,
  .F.,(2,2),(-0.,9.999998807053E-04),.PIECEWISE_BEZIER_KNOTS.);
#2920 = CARTESIAN_POINT('',(-6.241200065829E-02,0.365427541545,
    0.480208445368));
#2921 = CARTESIAN_POINT('',(-6.241200065829E-02,0.364433657929,
    0.480098013855));
#2922 = ORIENTED_EDGE('',*,*,#769,.F.);
#2923 = B_SPLINE_SURFACE_WITH_KNOTS('',3,1,(
    (#2924,#2925)
    ,(#2926,#2927)
    ,(#2928,#2929)
    ,(#2930,#2931
    )),.UNSPECIFIED.,.F.,.F.,.F.,(4,4),(2,2),(4.,5.),(0.,1.),
  .PIECEWISE_BEZIER_KNOTS.);
#2924 = CARTESIAN_POINT('',(-8.488713153256E-02,0.36445305702,
    0.488978806095));
#2925 = CARTESIAN_POINT('',(-8.488713153256E-02,0.363459173404,
    0.488868374582));
#2926 = CARTESIAN_POINT('',(-7.582586918679E-02,0.36444596006,
    0.489042678736));
#2927 = CARTESIAN_POINT('',(-7.582586918679E-02,0.363452076444,
    0.488932247223));
#2928 = CARTESIAN_POINT('',(-6.833415889537E-02,0.364770788235,
    0.48611922516));
#2929 = CARTESIAN_POINT('',(-6.833415889537E-02,0.363776904619,
    0.486008793647));
#2930 = CARTESIAN_POINT('',(-6.241200065829E-02,0.365427541545,
    0.480208445368));
#2931 = CARTESIAN_POINT('',(-6.241200065829E-02,0.364433657929,
    0.480098013855));
#2932 = ADVANCED_FACE('',(#2933),#2951,.F.);
#2933 = FACE_BOUND('',#2934,.F.);
#2934 = EDGE_LOOP('',(#2935,#2936,#2945,#2950));
#2935 = ORIENTED_EDGE('',*,*,#2918,.F.);
#2936 = ORIENTED_EDGE('',*,*,#2937,.T.);
#2937 = EDGE_CURVE('',#2910,#2938,#2940,.T.);
#2938 = VERTEX_POINT('',#2939);
#2939 = CARTESIAN_POINT('',(-5.343214334494E-02,0.368038517004,
    0.456709666237));
#2940 = B_SPLINE_CURVE_WITH_KNOTS('',3,(#2941,#2942,#2943,#2944),
  .UNSPECIFIED.,.F.,.F.,(4,4),(3.,4.),.PIECEWISE_BEZIER_KNOTS.);
#2941 = CARTESIAN_POINT('',(-6.241200065829E-02,0.365427541545,
    0.480208445368));
#2942 = CARTESIAN_POINT('',(-5.648984242143E-02,0.366084294855,
    0.474297665577));
#2943 = CARTESIAN_POINT('',(-5.350182905062E-02,0.366953475889,
    0.466475036279));
#2944 = CARTESIAN_POINT('',(-5.343214334494E-02,0.368038517004,
    0.456709666237));
#2945 = ORIENTED_EDGE('',*,*,#2946,.T.);
#2946 = EDGE_CURVE('',#2938,#752,#2947,.T.);
#2947 = B_SPLINE_CURVE_WITH_KNOTS('',1,(#2948,#2949),.UNSPECIFIED.,.F.,
  .F.,(2,2),(-0.,9.999998807053E-04),.PIECEWISE_BEZIER_KNOTS.);
#2948 = CARTESIAN_POINT('',(-5.343214334494E-02,0.368038517004,
    0.456709666237));
#2949 = CARTESIAN_POINT('',(-5.343214334494E-02,0.367044633388,
    0.456599234724));
#2950 = ORIENTED_EDGE('',*,*,#760,.F.);
#2951 = B_SPLINE_SURFACE_WITH_KNOTS('',3,1,(
    (#2952,#2953)
    ,(#2954,#2955)
    ,(#2956,#2957)
    ,(#2958,#2959
    )),.UNSPECIFIED.,.F.,.F.,.F.,(4,4),(2,2),(3.,4.),(0.,1.),
  .PIECEWISE_BEZIER_KNOTS.);
#2952 = CARTESIAN_POINT('',(-6.241200065829E-02,0.365427541545,
    0.480208445368));
#2953 = CARTESIAN_POINT('',(-6.241200065829E-02,0.364433657929,
    0.480098013855));
#2954 = CARTESIAN_POINT('',(-5.648984242143E-02,0.366084294855,
    0.474297665577));
#2955 = CARTESIAN_POINT('',(-5.648984242143E-02,0.365090411239,
    0.474187234064));
#2956 = CARTESIAN_POINT('',(-5.350182905062E-02,0.366953475889,
    0.466475036279));
#2957 = CARTESIAN_POINT('',(-5.350182905062E-02,0.365959592272,
    0.466364604766));
#2958 = CARTESIAN_POINT('',(-5.343214334494E-02,0.368038517004,
    0.456709666237));
#2959 = CARTESIAN_POINT('',(-5.343214334494E-02,0.367044633388,
    0.456599234724));
#2960 = ADVANCED_FACE('',(#2961),#2979,.F.);
#2961 = FACE_BOUND('',#2962,.F.);
#2962 = EDGE_LOOP('',(#2963,#2964,#2973,#2978));
#2963 = ORIENTED_EDGE('',*,*,#2946,.F.);
#2964 = ORIENTED_EDGE('',*,*,#2965,.T.);
#2965 = EDGE_CURVE('',#2938,#2966,#2968,.T.);
#2966 = VERTEX_POINT('',#2967);
#2967 = CARTESIAN_POINT('',(-6.110491785246E-02,0.370479963478,
    0.434736647977));
#2968 = B_SPLINE_CURVE_WITH_KNOTS('',3,(#2969,#2970,#2971,#2972),
  .UNSPECIFIED.,.F.,.F.,(4,4),(2.,3.),.PIECEWISE_BEZIER_KNOTS.);
#2969 = CARTESIAN_POINT('',(-5.343214334494E-02,0.368038517004,
    0.456709666237));
#2970 = CARTESIAN_POINT('',(-5.336732457743E-02,0.369047777471,
    0.447626322039));
#2971 = CARTESIAN_POINT('',(-5.591964367955E-02,0.369862737082,
    0.440291685539));
#2972 = CARTESIAN_POINT('',(-6.110491785246E-02,0.370479963478,
    0.434736647977));
#2973 = ORIENTED_EDGE('',*,*,#2974,.T.);
#2974 = EDGE_CURVE('',#2966,#743,#2975,.T.);
#2975 = B_SPLINE_CURVE_WITH_KNOTS('',1,(#2976,#2977),.UNSPECIFIED.,.F.,
  .F.,(2,2),(-0.,9.999998807054E-04),.PIECEWISE_BEZIER_KNOTS.);
#2976 = CARTESIAN_POINT('',(-6.110491785246E-02,0.370479963478,
    0.434736647977));
#2977 = CARTESIAN_POINT('',(-6.110491785246E-02,0.369486079862,
    0.434626216465));
#2978 = ORIENTED_EDGE('',*,*,#751,.F.);
#2979 = B_SPLINE_SURFACE_WITH_KNOTS('',3,1,(
    (#2980,#2981)
    ,(#2982,#2983)
    ,(#2984,#2985)
    ,(#2986,#2987
    )),.UNSPECIFIED.,.F.,.F.,.F.,(4,4),(2,2),(2.,3.),(0.,1.),
  .PIECEWISE_BEZIER_KNOTS.);
#2980 = CARTESIAN_POINT('',(-5.343214334494E-02,0.368038517004,
    0.456709666237));
#2981 = CARTESIAN_POINT('',(-5.343214334494E-02,0.367044633388,
    0.456599234724));
#2982 = CARTESIAN_POINT('',(-5.336732457743E-02,0.369047777471,
    0.447626322039));
#2983 = CARTESIAN_POINT('',(-5.336732457743E-02,0.368053893855,
    0.447515890526));
#2984 = CARTESIAN_POINT('',(-5.591964367955E-02,0.369862737082,
    0.440291685539));
#2985 = CARTESIAN_POINT('',(-5.591964367955E-02,0.368868853466,
    0.440181254026));
#2986 = CARTESIAN_POINT('',(-6.110491785246E-02,0.370479963478,
    0.434736647977));
#2987 = CARTESIAN_POINT('',(-6.110491785246E-02,0.369486079862,
    0.434626216465));
#2988 = ADVANCED_FACE('',(#2989),#3001,.F.);
#2989 = FACE_BOUND('',#2990,.F.);
#2990 = EDGE_LOOP('',(#2991,#2992,#2999,#3000));
#2991 = ORIENTED_EDGE('',*,*,#2974,.F.);
#2992 = ORIENTED_EDGE('',*,*,#2993,.T.);
#2993 = EDGE_CURVE('',#2966,#2635,#2994,.T.);
#2994 = B_SPLINE_CURVE_WITH_KNOTS('',3,(#2995,#2996,#2997,#2998),
  .UNSPECIFIED.,.F.,.F.,(4,4),(1.,2.),.PIECEWISE_BEZIER_KNOTS.);
#2995 = CARTESIAN_POINT('',(-6.110491785246E-02,0.370479963478,
    0.434736647977));
#2996 = CARTESIAN_POINT('',(-6.629019202538E-02,0.371097189873,
    0.429181610416));
#2997 = CARTESIAN_POINT('',(-7.325750051969E-02,0.371409229401,
    0.426373254671));
#2998 = CARTESIAN_POINT('',(-8.200684333563E-02,0.371416082059,
    0.426311580745));
#2999 = ORIENTED_EDGE('',*,*,#2634,.T.);
#3000 = ORIENTED_EDGE('',*,*,#742,.F.);
#3001 = B_SPLINE_SURFACE_WITH_KNOTS('',3,1,(
    (#3002,#3003)
    ,(#3004,#3005)
    ,(#3006,#3007)
    ,(#3008,#3009
    )),.UNSPECIFIED.,.F.,.F.,.F.,(4,4),(2,2),(1.,2.),(0.,1.),
  .PIECEWISE_BEZIER_KNOTS.);
#3002 = CARTESIAN_POINT('',(-6.110491785246E-02,0.370479963478,
    0.434736647977));
#3003 = CARTESIAN_POINT('',(-6.110491785246E-02,0.369486079743,
    0.434626216451));
#3004 = CARTESIAN_POINT('',(-6.629019202538E-02,0.371097189873,
    0.429181610416));
#3005 = CARTESIAN_POINT('',(-6.629019202538E-02,0.370103306139,
    0.42907117889));
#3006 = CARTESIAN_POINT('',(-7.325750051969E-02,0.371409229401,
    0.426373254671));
#3007 = CARTESIAN_POINT('',(-7.325750051969E-02,0.370415345666,
    0.426262823145));
#3008 = CARTESIAN_POINT('',(-8.200684333563E-02,0.371416082059,
    0.426311580745));
#3009 = CARTESIAN_POINT('',(-8.200684333563E-02,0.370422198324,
    0.426201149219));
#3010 = ADVANCED_FACE('',(#3011),#3027,.T.);
#3011 = FACE_BOUND('',#3012,.T.);
#3012 = EDGE_LOOP('',(#3013,#3014,#3015,#3016,#3017,#3018,#3019,#3020,
    #3021,#3022,#3023,#3024,#3025,#3026));
#3013 = ORIENTED_EDGE('',*,*,#2641,.T.);
#3014 = ORIENTED_EDGE('',*,*,#2676,.T.);
#3015 = ORIENTED_EDGE('',*,*,#2691,.T.);
#3016 = ORIENTED_EDGE('',*,*,#2719,.T.);
#3017 = ORIENTED_EDGE('',*,*,#2747,.T.);
#3018 = ORIENTED_EDGE('',*,*,#2775,.T.);
#3019 = ORIENTED_EDGE('',*,*,#2803,.T.);
#3020 = ORIENTED_EDGE('',*,*,#2831,.T.);
#3021 = ORIENTED_EDGE('',*,*,#2866,.T.);
#3022 = ORIENTED_EDGE('',*,*,#2881,.T.);
#3023 = ORIENTED_EDGE('',*,*,#2909,.T.);
#3024 = ORIENTED_EDGE('',*,*,#2937,.T.);
#3025 = ORIENTED_EDGE('',*,*,#2965,.T.);
#3026 = ORIENTED_EDGE('',*,*,#2993,.T.);
#3027 = B_SPLINE_SURFACE_WITH_KNOTS('',1,1,(
    (#3028,#3029)
    ,(#3030,#3031
    )),.UNSPECIFIED.,.F.,.F.,.F.,(2,2),(2,2),(-8.710238258967E-04,
    6.229412104268E-02),(-8.014654569934E-03,3.79449246429E-02),
  .PIECEWISE_BEZIER_KNOTS.);
#3028 = CARTESIAN_POINT('',(-9.932690379027E-02,0.371421383403,
    0.426263868652));
#3029 = CARTESIAN_POINT('',(-5.336732457743E-02,0.371421383403,
    0.426263868652));
#3030 = CARTESIAN_POINT('',(-9.932690379027E-02,0.36444596006,
    0.489042678736));
#3031 = CARTESIAN_POINT('',(-5.336732457743E-02,0.36444596006,
    0.489042678736));
#3032 = ADVANCED_FACE('',(#3033),#3055,.F.);
#3033 = FACE_BOUND('',#3034,.T.);
#3034 = EDGE_LOOP('',(#3035,#3036,#3043,#3050));
#3035 = ORIENTED_EDGE('',*,*,#952,.T.);
#3036 = ORIENTED_EDGE('',*,*,#3037,.F.);
#3037 = EDGE_CURVE('',#3038,#944,#3040,.T.);
#3038 = VERTEX_POINT('',#3039);
#3039 = CARTESIAN_POINT('',(-0.143979503499,0.370582764724,
    0.433811436759));
#3040 = B_SPLINE_CURVE_WITH_KNOTS('',1,(#3041,#3042),.UNSPECIFIED.,.F.,
  .F.,(2,2),(-0.,1.E-03),.PIECEWISE_BEZIER_KNOTS.);
#3041 = CARTESIAN_POINT('',(-0.143979503499,0.370582764724,
    0.433811436759));
#3042 = CARTESIAN_POINT('',(-0.143979503499,0.369588880989,
    0.433701005233));
#3043 = ORIENTED_EDGE('',*,*,#3044,.F.);
#3044 = EDGE_CURVE('',#3045,#3038,#3047,.T.);
#3045 = VERTEX_POINT('',#3046);
#3046 = CARTESIAN_POINT('',(-0.143930170444,0.371350904943,
    0.426898174792));
#3047 = B_SPLINE_CURVE_WITH_KNOTS('',1,(#3048,#3049),.UNSPECIFIED.,.F.,
  .F.,(2,2),(-6.955980460135E-03,0.),.PIECEWISE_BEZIER_KNOTS.);
#3048 = CARTESIAN_POINT('',(-0.143930170444,0.371350904943,
    0.426898174792));
#3049 = CARTESIAN_POINT('',(-0.143979503499,0.370582764724,
    0.433811436759));
#3050 = ORIENTED_EDGE('',*,*,#3051,.T.);
#3051 = EDGE_CURVE('',#3045,#953,#3052,.T.);
#3052 = B_SPLINE_CURVE_WITH_KNOTS('',1,(#3053,#3054),.UNSPECIFIED.,.F.,
  .F.,(2,2),(-0.,1.E-03),.PIECEWISE_BEZIER_KNOTS.);
#3053 = CARTESIAN_POINT('',(-0.143930170444,0.371350904943,
    0.426898174792));
#3054 = CARTESIAN_POINT('',(-0.143930170444,0.370357021208,
    0.426787743266));
#3055 = B_SPLINE_SURFACE_WITH_KNOTS('',1,1,(
    (#3056,#3057)
    ,(#3058,#3059
    )),.UNSPECIFIED.,.F.,.F.,.F.,(2,2),(2,2),(0.,7.023866741007E-03),(
    -9.938840394991E-04,7.681404540794E-04),.PIECEWISE_BEZIER_KNOTS.);
#3056 = CARTESIAN_POINT('',(-0.14398028189,0.369588880989,0.433811431272
    ));
#3057 = CARTESIAN_POINT('',(-0.143978901906,0.371350904943,
    0.433811440999));
#3058 = CARTESIAN_POINT('',(-0.143930772036,0.369588880989,
    0.426787739026));
#3059 = CARTESIAN_POINT('',(-0.143929392053,0.371350904943,
    0.426787748753));
#3060 = ADVANCED_FACE('',(#3061),#3077,.F.);
#3061 = FACE_BOUND('',#3062,.T.);
#3062 = EDGE_LOOP('',(#3063,#3064,#3071,#3076));
#3063 = ORIENTED_EDGE('',*,*,#943,.T.);
#3064 = ORIENTED_EDGE('',*,*,#3065,.F.);
#3065 = EDGE_CURVE('',#3066,#946,#3068,.T.);
#3066 = VERTEX_POINT('',#3067);
#3067 = CARTESIAN_POINT('',(-0.119041537077,0.370563232815,
    0.433987223939));
#3068 = B_SPLINE_CURVE_WITH_KNOTS('',1,(#3069,#3070),.UNSPECIFIED.,.F.,
  .F.,(2,2),(-0.,1.E-03),.PIECEWISE_BEZIER_KNOTS.);
#3069 = CARTESIAN_POINT('',(-0.119041537077,0.370563232815,
    0.433987223939));
#3070 = CARTESIAN_POINT('',(-0.119041537077,0.369569349081,
    0.433876792413));
#3071 = ORIENTED_EDGE('',*,*,#3072,.F.);
#3072 = EDGE_CURVE('',#3038,#3066,#3073,.T.);
#3073 = B_SPLINE_CURVE_WITH_KNOTS('',1,(#3074,#3075),.UNSPECIFIED.,.F.,
  .F.,(2,2),(-2.493859362272E-02,0.),.PIECEWISE_BEZIER_KNOTS.);
#3074 = CARTESIAN_POINT('',(-0.143979503499,0.370582764724,
    0.433811436759));
#3075 = CARTESIAN_POINT('',(-0.119041537077,0.370563232815,
    0.433987223939));
#3076 = ORIENTED_EDGE('',*,*,#3037,.T.);
#3077 = B_SPLINE_SURFACE_WITH_KNOTS('',1,1,(
    (#3078,#3079)
    ,(#3080,#3081
    )),.UNSPECIFIED.,.F.,.F.,.F.,(2,2),(2,2),(-1.E-03,6.5892769386E-18),
  (-2.493859362272E-02,0.),.PIECEWISE_BEZIER_KNOTS.);
#3078 = CARTESIAN_POINT('',(-0.143979503499,0.369588880989,
    0.433701005233));
#3079 = CARTESIAN_POINT('',(-0.119041537077,0.369569349081,
    0.433876792413));
#3080 = CARTESIAN_POINT('',(-0.143979503499,0.370582764724,
    0.433811436759));
#3081 = CARTESIAN_POINT('',(-0.119041537077,0.370563232815,
    0.433987223939));
#3082 = ADVANCED_FACE('',(#3083),#3099,.F.);
#3083 = FACE_BOUND('',#3084,.T.);
#3084 = EDGE_LOOP('',(#3085,#3086,#3093,#3098));
#3085 = ORIENTED_EDGE('',*,*,#1022,.T.);
#3086 = ORIENTED_EDGE('',*,*,#3087,.F.);
#3087 = EDGE_CURVE('',#3088,#1016,#3090,.T.);
#3088 = VERTEX_POINT('',#3089);
#3089 = CARTESIAN_POINT('',(-0.119187102773,0.368296702484,
    0.454385996916));
#3090 = B_SPLINE_CURVE_WITH_KNOTS('',1,(#3091,#3092),.UNSPECIFIED.,.F.,
  .F.,(2,2),(-0.,1.E-03),.PIECEWISE_BEZIER_KNOTS.);
#3091 = CARTESIAN_POINT('',(-0.119187102773,0.368296702484,
    0.454385996916));
#3092 = CARTESIAN_POINT('',(-0.119187102773,0.36730281875,0.45427556539)
  );
#3093 = ORIENTED_EDGE('',*,*,#3094,.F.);
#3094 = EDGE_CURVE('',#3066,#3088,#3095,.T.);
#3095 = B_SPLINE_CURVE_WITH_KNOTS('',1,(#3096,#3097),.UNSPECIFIED.,.F.,
  .F.,(2,2),(-2.0524821268E-02,0.),.PIECEWISE_BEZIER_KNOTS.);
#3096 = CARTESIAN_POINT('',(-0.119041537077,0.370563232815,
    0.433987223939));
#3097 = CARTESIAN_POINT('',(-0.119187102773,0.368296702484,
    0.454385996916));
#3098 = ORIENTED_EDGE('',*,*,#3065,.T.);
#3099 = B_SPLINE_SURFACE_WITH_KNOTS('',1,1,(
    (#3100,#3101)
    ,(#3102,#3103
    )),.UNSPECIFIED.,.F.,.F.,.F.,(2,2),(2,2),(0.,2.050972105444E-02),(
    -9.938840394991E-04,2.266531025936E-03),.PIECEWISE_BEZIER_KNOTS.);
#3100 = CARTESIAN_POINT('',(-0.119187881164,0.36730281875,0.454385991429
    ));
#3101 = CARTESIAN_POINT('',(-0.11918532767,0.370563232815,0.454386009429
    ));
#3102 = CARTESIAN_POINT('',(-0.11904331218,0.36730281875,0.4338767799));
#3103 = CARTESIAN_POINT('',(-0.119040758686,0.370563232815,0.4338767979)
  );
#3104 = ADVANCED_FACE('',(#3105),#3121,.F.);
#3105 = FACE_BOUND('',#3106,.T.);
#3106 = EDGE_LOOP('',(#3107,#3108,#3115,#3120));
#3107 = ORIENTED_EDGE('',*,*,#1015,.T.);
#3108 = ORIENTED_EDGE('',*,*,#3109,.F.);
#3109 = EDGE_CURVE('',#3110,#1009,#3112,.T.);
#3110 = VERTEX_POINT('',#3111);
#3111 = CARTESIAN_POINT('',(-0.141005873895,0.368313791378,
    0.454232196875));
#3112 = B_SPLINE_CURVE_WITH_KNOTS('',1,(#3113,#3114),.UNSPECIFIED.,.F.,
  .F.,(2,2),(-0.,1.E-03),.PIECEWISE_BEZIER_KNOTS.);
#3113 = CARTESIAN_POINT('',(-0.141005873895,0.368313791378,
    0.454232196875));
#3114 = CARTESIAN_POINT('',(-0.141005873895,0.367319907643,
    0.454121765349));
#3115 = ORIENTED_EDGE('',*,*,#3116,.F.);
#3116 = EDGE_CURVE('',#3088,#3110,#3117,.T.);
#3117 = B_SPLINE_CURVE_WITH_KNOTS('',1,(#3118,#3119),.UNSPECIFIED.,.F.,
  .F.,(2,2),(-2.181931987379E-02,0.),.PIECEWISE_BEZIER_KNOTS.);
#3118 = CARTESIAN_POINT('',(-0.119187102773,0.368296702484,
    0.454385996916));
#3119 = CARTESIAN_POINT('',(-0.141005873895,0.368313791378,
    0.454232196875));
#3120 = ORIENTED_EDGE('',*,*,#3087,.T.);
#3121 = B_SPLINE_SURFACE_WITH_KNOTS('',1,1,(
    (#3122,#3123)
    ,(#3124,#3125)),.UNSPECIFIED.,.F.,.F.,.F.,(2,2),(2,2),(0.,1.E-03),(
    -1.977821931839E-19,2.181931987379E-02),.PIECEWISE_BEZIER_KNOTS.);
#3122 = CARTESIAN_POINT('',(-0.141005873895,0.368313791378,
    0.454232196875));
#3123 = CARTESIAN_POINT('',(-0.119187102773,0.368296702484,
    0.454385996916));
#3124 = CARTESIAN_POINT('',(-0.141005873895,0.367319907643,
    0.454121765349));
#3125 = CARTESIAN_POINT('',(-0.119187102773,0.36730281875,0.45427556539)
  );
#3126 = ADVANCED_FACE('',(#3127),#3143,.F.);
#3127 = FACE_BOUND('',#3128,.T.);
#3128 = EDGE_LOOP('',(#3129,#3130,#3137,#3142));
#3129 = ORIENTED_EDGE('',*,*,#1008,.T.);
#3130 = ORIENTED_EDGE('',*,*,#3131,.F.);
#3131 = EDGE_CURVE('',#3132,#1002,#3134,.T.);
#3132 = VERTEX_POINT('',#3133);
#3133 = CARTESIAN_POINT('',(-0.141055428175,0.367542206584,
    0.461176460017));
#3134 = B_SPLINE_CURVE_WITH_KNOTS('',1,(#3135,#3136),.UNSPECIFIED.,.F.,
  .F.,(2,2),(-0.,1.E-03),.PIECEWISE_BEZIER_KNOTS.);
#3135 = CARTESIAN_POINT('',(-0.141055428175,0.367542206584,
    0.461176460017));
#3136 = CARTESIAN_POINT('',(-0.141055428175,0.36654832285,0.46106602849)
  );
#3137 = ORIENTED_EDGE('',*,*,#3138,.F.);
#3138 = EDGE_CURVE('',#3110,#3132,#3139,.T.);
#3139 = B_SPLINE_CURVE_WITH_KNOTS('',1,(#3140,#3141),.UNSPECIFIED.,.F.,
  .F.,(2,2),(-6.987173197589E-03,0.),.PIECEWISE_BEZIER_KNOTS.);
#3140 = CARTESIAN_POINT('',(-0.141005873895,0.368313791378,
    0.454232196875));
#3141 = CARTESIAN_POINT('',(-0.141055428175,0.367542206584,
    0.461176460017));
#3142 = ORIENTED_EDGE('',*,*,#3109,.T.);
#3143 = B_SPLINE_SURFACE_WITH_KNOTS('',1,1,(
    (#3144,#3145)
    ,(#3146,#3147
    )),.UNSPECIFIED.,.F.,.F.,.F.,(2,2),(2,2),(0.,7.054868704911E-03),(
    -9.938840394991E-04,7.715850301028E-04),.PIECEWISE_BEZIER_KNOTS.);
#3144 = CARTESIAN_POINT('',(-0.141056206566,0.36654832285,0.46117645453)
  );
#3145 = CARTESIAN_POINT('',(-0.141054823885,0.368313791378,
    0.461176464276));
#3146 = CARTESIAN_POINT('',(-0.141006478186,0.36654832285,0.45412176109)
  );
#3147 = CARTESIAN_POINT('',(-0.141005095505,0.368313791378,
    0.454121770836));
#3148 = ADVANCED_FACE('',(#3149),#3165,.F.);
#3149 = FACE_BOUND('',#3150,.T.);
#3150 = EDGE_LOOP('',(#3151,#3152,#3159,#3164));
#3151 = ORIENTED_EDGE('',*,*,#1001,.T.);
#3152 = ORIENTED_EDGE('',*,*,#3153,.F.);
#3153 = EDGE_CURVE('',#3154,#995,#3156,.T.);
#3154 = VERTEX_POINT('',#3155);
#3155 = CARTESIAN_POINT('',(-0.119236657053,0.367525117691,
    0.461330260057));
#3156 = B_SPLINE_CURVE_WITH_KNOTS('',1,(#3157,#3158),.UNSPECIFIED.,.F.,
  .F.,(2,2),(-0.,1.E-03),.PIECEWISE_BEZIER_KNOTS.);
#3157 = CARTESIAN_POINT('',(-0.119236657053,0.367525117691,
    0.461330260057));
#3158 = CARTESIAN_POINT('',(-0.119236657053,0.366531233956,
    0.461219828531));
#3159 = ORIENTED_EDGE('',*,*,#3160,.F.);
#3160 = EDGE_CURVE('',#3132,#3154,#3161,.T.);
#3161 = B_SPLINE_CURVE_WITH_KNOTS('',1,(#3162,#3163),.UNSPECIFIED.,.F.,
  .F.,(2,2),(-2.181931987379E-02,0.),.PIECEWISE_BEZIER_KNOTS.);
#3162 = CARTESIAN_POINT('',(-0.141055428175,0.367542206584,
    0.461176460017));
#3163 = CARTESIAN_POINT('',(-0.119236657053,0.367525117691,
    0.461330260057));
#3164 = ORIENTED_EDGE('',*,*,#3131,.T.);
#3165 = B_SPLINE_SURFACE_WITH_KNOTS('',1,1,(
    (#3166,#3167)
    ,(#3168,#3169
    )),.UNSPECIFIED.,.F.,.F.,.F.,(2,2),(2,2),(-1.E-03,3.730333099708E-17
    ),(-2.181931987379E-02,0.),.PIECEWISE_BEZIER_KNOTS.);
#3166 = CARTESIAN_POINT('',(-0.141055428175,0.36654832285,0.46106602849)
  );
#3167 = CARTESIAN_POINT('',(-0.119236657053,0.366531233956,
    0.461219828531));
#3168 = CARTESIAN_POINT('',(-0.141055428175,0.367542206584,
    0.461176460017));
#3169 = CARTESIAN_POINT('',(-0.119236657053,0.367525117691,
    0.461330260057));
#3170 = ADVANCED_FACE('',(#3171),#3187,.F.);
#3171 = FACE_BOUND('',#3172,.T.);
#3172 = EDGE_LOOP('',(#3173,#3174,#3181,#3186));
#3173 = ORIENTED_EDGE('',*,*,#994,.T.);
#3174 = ORIENTED_EDGE('',*,*,#3175,.F.);
#3175 = EDGE_CURVE('',#3176,#988,#3178,.T.);
#3176 = VERTEX_POINT('',#3177);
#3177 = CARTESIAN_POINT('',(-0.119375143567,0.365368813759,
    0.480736995443));
#3178 = B_SPLINE_CURVE_WITH_KNOTS('',1,(#3179,#3180),.UNSPECIFIED.,.F.,
  .F.,(2,2),(-0.,1.E-03),.PIECEWISE_BEZIER_KNOTS.);
#3179 = CARTESIAN_POINT('',(-0.119375143567,0.365368813759,
    0.480736995443));
#3180 = CARTESIAN_POINT('',(-0.119375143567,0.364374930025,
    0.480626563917));
#3181 = ORIENTED_EDGE('',*,*,#3182,.F.);
#3182 = EDGE_CURVE('',#3154,#3176,#3183,.T.);
#3183 = B_SPLINE_CURVE_WITH_KNOTS('',1,(#3184,#3185),.UNSPECIFIED.,.F.,
  .F.,(2,2),(-1.952665366864E-02,0.),.PIECEWISE_BEZIER_KNOTS.);
#3184 = CARTESIAN_POINT('',(-0.119236657053,0.367525117691,
    0.461330260057));
#3185 = CARTESIAN_POINT('',(-0.119375143567,0.365368813759,
    0.480736995443));
#3186 = ORIENTED_EDGE('',*,*,#3153,.T.);
#3187 = B_SPLINE_SURFACE_WITH_KNOTS('',1,1,(
    (#3188,#3189)
    ,(#3190,#3191
    )),.UNSPECIFIED.,.F.,.F.,.F.,(2,2),(2,2),(0.,1.95176582087E-02),(
    -9.938840394991E-04,2.156304593097E-03),.PIECEWISE_BEZIER_KNOTS.);
#3188 = CARTESIAN_POINT('',(-0.119375921957,0.364374930025,
    0.480736989956));
#3189 = CARTESIAN_POINT('',(-0.119373454791,0.367525117691,
    0.480737007347));
#3190 = CARTESIAN_POINT('',(-0.119238345829,0.364374930025,
    0.461219816627));
#3191 = CARTESIAN_POINT('',(-0.119235878662,0.367525117691,
    0.461219834018));
#3192 = ADVANCED_FACE('',(#3193),#3209,.F.);
#3193 = FACE_BOUND('',#3194,.T.);
#3194 = EDGE_LOOP('',(#3195,#3196,#3203,#3208));
#3195 = ORIENTED_EDGE('',*,*,#987,.T.);
#3196 = ORIENTED_EDGE('',*,*,#3197,.F.);
#3197 = EDGE_CURVE('',#3198,#981,#3200,.T.);
#3198 = VERTEX_POINT('',#3199);
#3199 = CARTESIAN_POINT('',(-0.14292506808,0.365387258526,0.48057099254)
  );
#3200 = B_SPLINE_CURVE_WITH_KNOTS('',1,(#3201,#3202),.UNSPECIFIED.,.F.,
  .F.,(2,2),(-0.,1.E-03),.PIECEWISE_BEZIER_KNOTS.);
#3201 = CARTESIAN_POINT('',(-0.14292506808,0.365387258526,0.48057099254)
  );
#3202 = CARTESIAN_POINT('',(-0.14292506808,0.364393374792,0.480460561014
    ));
#3203 = ORIENTED_EDGE('',*,*,#3204,.F.);
#3204 = EDGE_CURVE('',#3176,#3198,#3205,.T.);
#3205 = B_SPLINE_CURVE_WITH_KNOTS('',1,(#3206,#3207),.UNSPECIFIED.,.F.,
  .F.,(2,2),(-2.355051680457E-02,0.),.PIECEWISE_BEZIER_KNOTS.);
#3206 = CARTESIAN_POINT('',(-0.119375143567,0.365368813759,
    0.480736995443));
#3207 = CARTESIAN_POINT('',(-0.14292506808,0.365387258526,0.48057099254)
  );
#3208 = ORIENTED_EDGE('',*,*,#3175,.T.);
#3209 = B_SPLINE_SURFACE_WITH_KNOTS('',1,1,(
    (#3210,#3211)
    ,(#3212,#3213
    )),.UNSPECIFIED.,.F.,.F.,.F.,(2,2),(2,2),(-3.62157406928E-17,1.E-03)
  ,(-1.978880723023E-19,2.355051680457E-02),.PIECEWISE_BEZIER_KNOTS.);
#3210 = CARTESIAN_POINT('',(-0.14292506808,0.365387258526,0.48057099254)
  );
#3211 = CARTESIAN_POINT('',(-0.119375143567,0.365368813759,
    0.480736995443));
#3212 = CARTESIAN_POINT('',(-0.14292506808,0.364393374792,0.480460561014
    ));
#3213 = CARTESIAN_POINT('',(-0.119375143567,0.364374930025,
    0.480626563917));
#3214 = ADVANCED_FACE('',(#3215),#3231,.F.);
#3215 = FACE_BOUND('',#3216,.T.);
#3216 = EDGE_LOOP('',(#3217,#3218,#3225,#3230));
#3217 = ORIENTED_EDGE('',*,*,#980,.T.);
#3218 = ORIENTED_EDGE('',*,*,#3219,.F.);
#3219 = EDGE_CURVE('',#3220,#974,#3222,.T.);
#3220 = VERTEX_POINT('',#3221);
#3221 = CARTESIAN_POINT('',(-0.142974843584,0.364612229158,
    0.487546256856));
#3222 = B_SPLINE_CURVE_WITH_KNOTS('',1,(#3223,#3224),.UNSPECIFIED.,.F.,
  .F.,(2,2),(-0.,1.E-03),.PIECEWISE_BEZIER_KNOTS.);
#3223 = CARTESIAN_POINT('',(-0.142974843584,0.364612229158,
    0.487546256856));
#3224 = CARTESIAN_POINT('',(-0.142974843584,0.363618345423,0.48743582533
    ));
#3225 = ORIENTED_EDGE('',*,*,#3226,.F.);
#3226 = EDGE_CURVE('',#3198,#3220,#3227,.T.);
#3227 = B_SPLINE_CURVE_WITH_KNOTS('',1,(#3228,#3229),.UNSPECIFIED.,.F.,
  .F.,(2,2),(-7.018365935043E-03,0.),.PIECEWISE_BEZIER_KNOTS.);
#3228 = CARTESIAN_POINT('',(-0.14292506808,0.365387258526,0.48057099254)
  );
#3229 = CARTESIAN_POINT('',(-0.142974843584,0.364612229158,
    0.487546256856));
#3230 = ORIENTED_EDGE('',*,*,#3197,.T.);
#3231 = B_SPLINE_SURFACE_WITH_KNOTS('',1,1,(
    (#3232,#3233)
    ,(#3234,#3235
    )),.UNSPECIFIED.,.F.,.F.,.F.,(2,2),(2,2),(0.,7.085870668815E-03),(
    -9.938840394991E-04,7.750296061262E-04),.PIECEWISE_BEZIER_KNOTS.);
#3232 = CARTESIAN_POINT('',(-0.142975621975,0.363618345423,
    0.487546251369));
#3233 = CARTESIAN_POINT('',(-0.142974236596,0.365387258526,
    0.487546261134));
#3234 = CARTESIAN_POINT('',(-0.142925675068,0.363618345423,
    0.480460556735));
#3235 = CARTESIAN_POINT('',(-0.142924289689,0.365387258526,
    0.480460566501));
#3236 = ADVANCED_FACE('',(#3237),#3253,.F.);
#3237 = FACE_BOUND('',#3238,.T.);
#3238 = EDGE_LOOP('',(#3239,#3240,#3247,#3252));
#3239 = ORIENTED_EDGE('',*,*,#973,.T.);
#3240 = ORIENTED_EDGE('',*,*,#3241,.F.);
#3241 = EDGE_CURVE('',#3242,#967,#3244,.T.);
#3242 = VERTEX_POINT('',#3243);
#3243 = CARTESIAN_POINT('',(-0.111548950939,0.364587615777,
    0.487767777286));
#3244 = B_SPLINE_CURVE_WITH_KNOTS('',1,(#3245,#3246),.UNSPECIFIED.,.F.,
  .F.,(2,2),(-0.,1.E-03),.PIECEWISE_BEZIER_KNOTS.);
#3245 = CARTESIAN_POINT('',(-0.111548950939,0.364587615777,
    0.487767777286));
#3246 = CARTESIAN_POINT('',(-0.111548950939,0.363593732042,0.48765734576
    ));
#3247 = ORIENTED_EDGE('',*,*,#3248,.F.);
#3248 = EDGE_CURVE('',#3220,#3242,#3249,.T.);
#3249 = B_SPLINE_CURVE_WITH_KNOTS('',1,(#3250,#3251),.UNSPECIFIED.,.F.,
  .F.,(2,2),(-3.142668302063E-02,0.),.PIECEWISE_BEZIER_KNOTS.);
#3250 = CARTESIAN_POINT('',(-0.142974843584,0.364612229158,
    0.487546256856));
#3251 = CARTESIAN_POINT('',(-0.111548950939,0.364587615777,
    0.487767777286));
#3252 = ORIENTED_EDGE('',*,*,#3219,.T.);
#3253 = B_SPLINE_SURFACE_WITH_KNOTS('',1,1,(
    (#3254,#3255)
    ,(#3256,#3257
    )),.UNSPECIFIED.,.F.,.F.,.F.,(2,2),(2,2),(-1.E-03,2.528223940965E-17
    ),(-3.142668302063E-02,0.),.PIECEWISE_BEZIER_KNOTS.);
#3254 = CARTESIAN_POINT('',(-0.142974843584,0.363618345423,0.48743582533
    ));
#3255 = CARTESIAN_POINT('',(-0.111548950939,0.363593732042,0.48765734576
    ));
#3256 = CARTESIAN_POINT('',(-0.142974843584,0.364612229158,
    0.487546256856));
#3257 = CARTESIAN_POINT('',(-0.111548950939,0.364587615777,
    0.487767777286));
#3258 = ADVANCED_FACE('',(#3259),#3275,.F.);
#3259 = FACE_BOUND('',#3260,.T.);
#3260 = EDGE_LOOP('',(#3261,#3262,#3269,#3274));
#3261 = ORIENTED_EDGE('',*,*,#966,.T.);
#3262 = ORIENTED_EDGE('',*,*,#3263,.F.);
#3263 = EDGE_CURVE('',#3264,#960,#3266,.T.);
#3264 = VERTEX_POINT('',#3265);
#3265 = CARTESIAN_POINT('',(-0.11111623589,0.37132520442,0.4271294795));
#3266 = B_SPLINE_CURVE_WITH_KNOTS('',1,(#3267,#3268),.UNSPECIFIED.,.F.,
  .F.,(2,2),(-0.,9.999998807053E-04),.PIECEWISE_BEZIER_KNOTS.);
#3267 = CARTESIAN_POINT('',(-0.11111623589,0.37132520442,0.4271294795));
#3268 = CARTESIAN_POINT('',(-0.11111623589,0.370331320803,0.427019047987
    ));
#3269 = ORIENTED_EDGE('',*,*,#3270,.F.);
#3270 = EDGE_CURVE('',#3242,#3264,#3271,.T.);
#3271 = B_SPLINE_CURVE_WITH_KNOTS('',1,(#3272,#3273),.UNSPECIFIED.,.F.,
  .F.,(2,2),(-6.10129945294E-02,0.),.PIECEWISE_BEZIER_KNOTS.);
#3272 = CARTESIAN_POINT('',(-0.111548950939,0.364587615777,
    0.487767777286));
#3273 = CARTESIAN_POINT('',(-0.11111623589,0.37132520442,0.4271294795));
#3274 = ORIENTED_EDGE('',*,*,#3241,.T.);
#3275 = B_SPLINE_SURFACE_WITH_KNOTS('',1,1,(
    (#3276,#3277)
    ,(#3278,#3279
    )),.UNSPECIFIED.,.F.,.F.,.F.,(2,2),(2,2),(-1.104287826111E-04,
    6.063984146482E-02),(-7.73147474884E-03,0.),
  .PIECEWISE_BEZIER_KNOTS.);
#3276 = CARTESIAN_POINT('',(-0.111121512641,0.363593732042,
    0.427019010778));
#3277 = CARTESIAN_POINT('',(-0.111115457499,0.37132520442,0.427019053461
    ));
#3278 = CARTESIAN_POINT('',(-0.111549729329,0.363593732042,
    0.487767771799));
#3279 = CARTESIAN_POINT('',(-0.111543674188,0.37132520442,0.487767814482
    ));
#3280 = ADVANCED_FACE('',(#3281),#3291,.F.);
#3281 = FACE_BOUND('',#3282,.T.);
#3282 = EDGE_LOOP('',(#3283,#3284,#3285,#3290));
#3283 = ORIENTED_EDGE('',*,*,#959,.T.);
#3284 = ORIENTED_EDGE('',*,*,#3051,.F.);
#3285 = ORIENTED_EDGE('',*,*,#3286,.F.);
#3286 = EDGE_CURVE('',#3264,#3045,#3287,.T.);
#3287 = B_SPLINE_CURVE_WITH_KNOTS('',1,(#3288,#3289),.UNSPECIFIED.,.F.,
  .F.,(2,2),(-3.281475983879E-02,0.),.PIECEWISE_BEZIER_KNOTS.);
#3288 = CARTESIAN_POINT('',(-0.11111623589,0.37132520442,0.4271294795));
#3289 = CARTESIAN_POINT('',(-0.143930170444,0.371350904943,
    0.426898174792));
#3290 = ORIENTED_EDGE('',*,*,#3263,.T.);
#3291 = B_SPLINE_SURFACE_WITH_KNOTS('',1,1,(
    (#3292,#3293)
    ,(#3294,#3295)),.UNSPECIFIED.,.F.,.F.,.F.,(2,2),(2,2),(0.,1.E-03),(
    -1.980998305391E-19,3.281475983879E-02),.PIECEWISE_BEZIER_KNOTS.);
#3292 = CARTESIAN_POINT('',(-0.143930170444,0.371350904943,
    0.426898174792));
#3293 = CARTESIAN_POINT('',(-0.11111623589,0.37132520442,0.4271294795));
#3294 = CARTESIAN_POINT('',(-0.143930170444,0.370357021208,
    0.426787743266));
#3295 = CARTESIAN_POINT('',(-0.11111623589,0.370331320685,0.427019047974
    ));
#3296 = ADVANCED_FACE('',(#3297),#3311,.F.);
#3297 = FACE_BOUND('',#3298,.T.);
#3298 = EDGE_LOOP('',(#3299,#3300,#3301,#3302,#3303,#3304,#3305,#3306,
    #3307,#3308,#3309,#3310));
#3299 = ORIENTED_EDGE('',*,*,#3044,.T.);
#3300 = ORIENTED_EDGE('',*,*,#3072,.T.);
#3301 = ORIENTED_EDGE('',*,*,#3094,.T.);
#3302 = ORIENTED_EDGE('',*,*,#3116,.T.);
#3303 = ORIENTED_EDGE('',*,*,#3138,.T.);
#3304 = ORIENTED_EDGE('',*,*,#3160,.T.);
#3305 = ORIENTED_EDGE('',*,*,#3182,.T.);
#3306 = ORIENTED_EDGE('',*,*,#3204,.T.);
#3307 = ORIENTED_EDGE('',*,*,#3226,.T.);
#3308 = ORIENTED_EDGE('',*,*,#3248,.T.);
#3309 = ORIENTED_EDGE('',*,*,#3270,.T.);
#3310 = ORIENTED_EDGE('',*,*,#3286,.T.);
#3311 = B_SPLINE_SURFACE_WITH_KNOTS('',1,1,(
    (#3312,#3313)
    ,(#3314,#3315
    )),.UNSPECIFIED.,.F.,.F.,.F.,(2,2),(2,2),(-0.444521563846,
    -0.383277375648),(-0.143979503499,-0.11111623589),
  .PIECEWISE_BEZIER_KNOTS.);
#3312 = CARTESIAN_POINT('',(-0.143979503499,0.364587615777,
    0.487767777286));
#3313 = CARTESIAN_POINT('',(-0.11111623589,0.364587615777,0.487767777286
    ));
#3314 = CARTESIAN_POINT('',(-0.143979503499,0.371350904943,
    0.426898174792));
#3315 = CARTESIAN_POINT('',(-0.11111623589,0.371350904943,0.426898174792
    ));
#3316 = ADVANCED_FACE('',(#3317,#3376),#3435,.T.);
#3317 = FACE_BOUND('',#3318,.T.);
#3318 = EDGE_LOOP('',(#3319,#3328,#3337,#3346,#3355,#3364,#3371));
#3319 = ORIENTED_EDGE('',*,*,#3320,.T.);
#3320 = EDGE_CURVE('',#3321,#3323,#3325,.T.);
#3321 = VERTEX_POINT('',#3322);
#3322 = CARTESIAN_POINT('',(-0.155455597077,0.371359931885,
    0.426816932312));
#3323 = VERTEX_POINT('',#3324);
#3324 = CARTESIAN_POINT('',(-0.17223686779,0.371373075308,0.426698641501
    ));
#3325 = B_SPLINE_CURVE_WITH_KNOTS('',1,(#3326,#3327),.UNSPECIFIED.,.F.,
  .F.,(2,2),(-1.678169276936E-02,-2.779835390703E-17),
  .PIECEWISE_BEZIER_KNOTS.);
#3326 = CARTESIAN_POINT('',(-0.155455597077,0.371359931885,
    0.426816932312));
#3327 = CARTESIAN_POINT('',(-0.17223686779,0.371373075308,0.426698641501
    ));
#3328 = ORIENTED_EDGE('',*,*,#3329,.T.);
#3329 = EDGE_CURVE('',#3323,#3330,#3332,.T.);
#3330 = VERTEX_POINT('',#3331);
#3331 = CARTESIAN_POINT('',(-0.195987771594,0.370447816469,
    0.435025971055));
#3332 = B_SPLINE_CURVE_WITH_KNOTS('',3,(#3333,#3334,#3335,#3336),
  .UNSPECIFIED.,.F.,.F.,(4,4),(5.,6.),.PIECEWISE_BEZIER_KNOTS.);
#3333 = CARTESIAN_POINT('',(-0.17223686779,0.371373075308,0.426698641501
    ));
#3334 = CARTESIAN_POINT('',(-0.181890777242,0.371380636441,
    0.426630591305));
#3335 = CARTESIAN_POINT('',(-0.189818068753,0.371073373163,
    0.429395960807));
#3336 = CARTESIAN_POINT('',(-0.195987771594,0.370447816469,
    0.435025971055));
#3337 = ORIENTED_EDGE('',*,*,#3338,.T.);
#3338 = EDGE_CURVE('',#3330,#3339,#3341,.T.);
#3339 = VERTEX_POINT('',#3340);
#3340 = CARTESIAN_POINT('',(-0.205350670362,0.367943928211,
    0.457560965377));
#3341 = B_SPLINE_CURVE_WITH_KNOTS('',3,(#3342,#3343,#3344,#3345),
  .UNSPECIFIED.,.F.,.F.,(4,4),(4.,5.),.PIECEWISE_BEZIER_KNOTS.);
#3342 = CARTESIAN_POINT('',(-0.195987771594,0.370447816469,
    0.435025971055));
#3343 = CARTESIAN_POINT('',(-0.202157474435,0.369822259775,
    0.440655981303));
#3344 = CARTESIAN_POINT('',(-0.20528363935,0.368987634427,0.448167609432
    ));
#3345 = CARTESIAN_POINT('',(-0.205350670362,0.367943928211,
    0.457560965377));
#3346 = ORIENTED_EDGE('',*,*,#3347,.T.);
#3347 = EDGE_CURVE('',#3339,#3348,#3350,.T.);
#3348 = VERTEX_POINT('',#3349);
#3349 = CARTESIAN_POINT('',(-0.196302574004,0.365546186286,
    0.479140642706));
#3350 = B_SPLINE_CURVE_WITH_KNOTS('',3,(#3351,#3352,#3353,#3354),
  .UNSPECIFIED.,.F.,.F.,(4,4),(3.,4.),.PIECEWISE_BEZIER_KNOTS.);
#3351 = CARTESIAN_POINT('',(-0.205350670362,0.367943928211,
    0.457560965377));
#3352 = CARTESIAN_POINT('',(-0.205414825456,0.366945001469,
    0.466551306051));
#3353 = CARTESIAN_POINT('',(-0.202393520937,0.366146898281,
    0.473734234748));
#3354 = CARTESIAN_POINT('',(-0.196302574004,0.365546186286,
    0.479140642706));
#3355 = ORIENTED_EDGE('',*,*,#3356,.T.);
#3356 = EDGE_CURVE('',#3348,#3357,#3359,.T.);
#3357 = VERTEX_POINT('',#3358);
#3358 = CARTESIAN_POINT('',(-0.173293421898,0.364635975268,0.48733254186
    ));
#3359 = B_SPLINE_CURVE_WITH_KNOTS('',3,(#3360,#3361,#3362,#3363),
  .UNSPECIFIED.,.F.,.F.,(4,4),(2.,3.),.PIECEWISE_BEZIER_KNOTS.);
#3360 = CARTESIAN_POINT('',(-0.196302574004,0.365546186286,
    0.479140642706));
#3361 = CARTESIAN_POINT('',(-0.190211627072,0.36494547429,0.484547050665
    ));
#3362 = CARTESIAN_POINT('',(-0.182541835962,0.364643218809,
    0.487267349991));
#3363 = CARTESIAN_POINT('',(-0.173293421898,0.364635975268,0.48733254186
    ));
#3364 = ORIENTED_EDGE('',*,*,#3365,.T.);
#3365 = EDGE_CURVE('',#3357,#3366,#3368,.T.);
#3366 = VERTEX_POINT('',#3367);
#3367 = CARTESIAN_POINT('',(-0.155888312125,0.364622343242,
    0.487455230098));
#3368 = B_SPLINE_CURVE_WITH_KNOTS('',1,(#3369,#3370),.UNSPECIFIED.,.F.,
  .F.,(2,2),(-1.740554751927E-02,0.),.PIECEWISE_BEZIER_KNOTS.);
#3369 = CARTESIAN_POINT('',(-0.173293421898,0.364635975268,0.48733254186
    ));
#3370 = CARTESIAN_POINT('',(-0.155888312125,0.364622343242,
    0.487455230098));
#3371 = ORIENTED_EDGE('',*,*,#3372,.T.);
#3372 = EDGE_CURVE('',#3366,#3321,#3373,.T.);
#3373 = B_SPLINE_CURVE_WITH_KNOTS('',1,(#3374,#3375),.UNSPECIFIED.,.F.,
  .F.,(2,2),(-6.10129945294E-02,0.),.PIECEWISE_BEZIER_KNOTS.);
#3374 = CARTESIAN_POINT('',(-0.155888312125,0.364622343242,
    0.487455230098));
#3375 = CARTESIAN_POINT('',(-0.155455597077,0.371359931885,
    0.426816932312));
#3376 = FACE_BOUND('',#3377,.T.);
#3377 = EDGE_LOOP('',(#3378,#3387,#3394,#3403,#3412,#3421,#3430));
#3378 = ORIENTED_EDGE('',*,*,#3379,.F.);
#3379 = EDGE_CURVE('',#3380,#3382,#3384,.T.);
#3380 = VERTEX_POINT('',#3381);
#3381 = CARTESIAN_POINT('',(-0.163714504753,0.365403541225,
    0.480424448255));
#3382 = VERTEX_POINT('',#3383);
#3383 = CARTESIAN_POINT('',(-0.163380898264,0.370597960281,
    0.433674676751));
#3384 = B_SPLINE_CURVE_WITH_KNOTS('',1,(#3385,#3386),.UNSPECIFIED.,.F.,
  .F.,(2,2),(0.,4.703864813422E-02),.PIECEWISE_BEZIER_KNOTS.);
#3385 = CARTESIAN_POINT('',(-0.163714504753,0.365403541225,
    0.480424448255));
#3386 = CARTESIAN_POINT('',(-0.163380898264,0.370597960281,
    0.433674676751));
#3387 = ORIENTED_EDGE('',*,*,#3388,.F.);
#3388 = EDGE_CURVE('',#3389,#3380,#3391,.T.);
#3389 = VERTEX_POINT('',#3390);
#3390 = CARTESIAN_POINT('',(-0.172931726864,0.365410760335,
    0.480359476258));
#3391 = B_SPLINE_CURVE_WITH_KNOTS('',1,(#3392,#3393),.UNSPECIFIED.,.F.,
  .F.,(2,2),(3.91287050786E-19,9.217453927626E-03),
  .PIECEWISE_BEZIER_KNOTS.);
#3392 = CARTESIAN_POINT('',(-0.172931726864,0.365410760335,
    0.480359476258));
#3393 = CARTESIAN_POINT('',(-0.163714504753,0.365403541225,
    0.480424448255));
#3394 = ORIENTED_EDGE('',*,*,#3395,.F.);
#3395 = EDGE_CURVE('',#3396,#3389,#3398,.T.);
#3396 = VERTEX_POINT('',#3397);
#3397 = CARTESIAN_POINT('',(-0.19049887903,0.366058352952,0.474531142704
    ));
#3398 = B_SPLINE_CURVE_WITH_KNOTS('',3,(#3399,#3400,#3401,#3402),
  .UNSPECIFIED.,.F.,.F.,(4,4),(5.,6.),.PIECEWISE_BEZIER_KNOTS.);
#3399 = CARTESIAN_POINT('',(-0.19049887903,0.366058352952,0.474531142704
    ));
#3400 = CARTESIAN_POINT('',(-0.18606564036,0.365631176719,0.478375728806
    ));
#3401 = CARTESIAN_POINT('',(-0.180199451912,0.365416452561,
    0.480308246223));
#3402 = CARTESIAN_POINT('',(-0.172931726864,0.365410760335,
    0.480359476258));
#3403 = ORIENTED_EDGE('',*,*,#3404,.F.);
#3404 = EDGE_CURVE('',#3405,#3396,#3407,.T.);
#3405 = VERTEX_POINT('',#3406);
#3406 = CARTESIAN_POINT('',(-0.19706765827,0.36796155403,0.457402333009)
  );
#3407 = B_SPLINE_CURVE_WITH_KNOTS('',3,(#3408,#3409,#3410,#3411),
  .UNSPECIFIED.,.F.,.F.,(4,4),(4.,5.),.PIECEWISE_BEZIER_KNOTS.);
#3408 = CARTESIAN_POINT('',(-0.19706765827,0.36796155403,0.457402333009)
  );
#3409 = CARTESIAN_POINT('',(-0.197121637039,0.367121077737,
    0.464966619645));
#3410 = CARTESIAN_POINT('',(-0.1949321177,0.366485529186,0.470686556602)
  );
#3411 = CARTESIAN_POINT('',(-0.19049887903,0.366058352952,0.474531142704
    ));
#3412 = ORIENTED_EDGE('',*,*,#3413,.F.);
#3413 = EDGE_CURVE('',#3414,#3405,#3416,.T.);
#3414 = VERTEX_POINT('',#3415);
#3415 = CARTESIAN_POINT('',(-0.190422663374,0.369916411286,
    0.439808617705));
#3416 = B_SPLINE_CURVE_WITH_KNOTS('',3,(#3417,#3418,#3419,#3420),
  .UNSPECIFIED.,.F.,.F.,(4,4),(3.,4.),.PIECEWISE_BEZIER_KNOTS.);
#3417 = CARTESIAN_POINT('',(-0.190422663374,0.369916411286,
    0.439808617705));
#3418 = CARTESIAN_POINT('',(-0.19480380612,0.369454801671,0.443963104235
    ));
#3419 = CARTESIAN_POINT('',(-0.197013679501,0.368802030323,
    0.449838046373));
#3420 = CARTESIAN_POINT('',(-0.19706765827,0.36796155403,0.457402333009)
  );
#3421 = ORIENTED_EDGE('',*,*,#3422,.F.);
#3422 = EDGE_CURVE('',#3423,#3414,#3425,.T.);
#3423 = VERTEX_POINT('',#3424);
#3424 = CARTESIAN_POINT('',(-0.172239412915,0.370604898445,
    0.433612233275));
#3425 = B_SPLINE_CURVE_WITH_KNOTS('',3,(#3426,#3427,#3428,#3429),
  .UNSPECIFIED.,.F.,.F.,(4,4),(2.,3.),.PIECEWISE_BEZIER_KNOTS.);
#3426 = CARTESIAN_POINT('',(-0.172239412915,0.370604898445,
    0.433612233275));
#3427 = CARTESIAN_POINT('',(-0.179990613235,0.370610969338,
    0.433557595233));
#3428 = CARTESIAN_POINT('',(-0.18605689538,0.37038147769,0.435623020065)
  );
#3429 = CARTESIAN_POINT('',(-0.190422663374,0.369916411286,
    0.439808617705));
#3430 = ORIENTED_EDGE('',*,*,#3431,.F.);
#3431 = EDGE_CURVE('',#3382,#3423,#3432,.T.);
#3432 = B_SPLINE_CURVE_WITH_KNOTS('',1,(#3433,#3434),.UNSPECIFIED.,.F.,
  .F.,(2,2),(0.,8.858737446905E-03),.PIECEWISE_BEZIER_KNOTS.);
#3433 = CARTESIAN_POINT('',(-0.163380898264,0.370597960281,
    0.433674676751));
#3434 = CARTESIAN_POINT('',(-0.172239412915,0.370604898445,
    0.433612233275));
#3435 = B_SPLINE_SURFACE_WITH_KNOTS('',1,1,(
    (#3436,#3437)
    ,(#3438,#3439
    )),.UNSPECIFIED.,.F.,.F.,.F.,(2,2),(2,2),(-5.896963092103E-02,
    2.229316874849E-03),(-1.943277733018E-02,3.052645104902E-02),
  .PIECEWISE_BEZIER_KNOTS.);
#3436 = CARTESIAN_POINT('',(-0.205414825456,0.371380636441,
    0.426630591305));
#3437 = CARTESIAN_POINT('',(-0.155455597077,0.371380636441,
    0.426630591305));
#3438 = CARTESIAN_POINT('',(-0.205414825456,0.364622343242,
    0.487455230098));
#3439 = CARTESIAN_POINT('',(-0.155455597077,0.364622343242,
    0.487455230098));
#3440 = ADVANCED_FACE('',(#3441),#3455,.F.);
#3441 = FACE_BOUND('',#3442,.T.);
#3442 = EDGE_LOOP('',(#3443,#3444,#3449,#3450));
#3443 = ORIENTED_EDGE('',*,*,#683,.T.);
#3444 = ORIENTED_EDGE('',*,*,#3445,.F.);
#3445 = EDGE_CURVE('',#3323,#673,#3446,.T.);
#3446 = B_SPLINE_CURVE_WITH_KNOTS('',1,(#3447,#3448),.UNSPECIFIED.,.F.,
  .F.,(2,2),(-0.,1.E-03),.PIECEWISE_BEZIER_KNOTS.);
#3447 = CARTESIAN_POINT('',(-0.17223686779,0.371373075308,0.426698641501
    ));
#3448 = CARTESIAN_POINT('',(-0.17223686779,0.370379191574,0.426588209975
    ));
#3449 = ORIENTED_EDGE('',*,*,#3320,.F.);
#3450 = ORIENTED_EDGE('',*,*,#3451,.T.);
#3451 = EDGE_CURVE('',#3321,#684,#3452,.T.);
#3452 = B_SPLINE_CURVE_WITH_KNOTS('',1,(#3453,#3454),.UNSPECIFIED.,.F.,
  .F.,(2,2),(-0.,1.E-03),.PIECEWISE_BEZIER_KNOTS.);
#3453 = CARTESIAN_POINT('',(-0.155455597077,0.371359931885,
    0.426816932312));
#3454 = CARTESIAN_POINT('',(-0.155455597077,0.37036604815,0.426706500786
    ));
#3455 = B_SPLINE_SURFACE_WITH_KNOTS('',1,1,(
    (#3456,#3457)
    ,(#3458,#3459
    )),.UNSPECIFIED.,.F.,.F.,.F.,(2,2),(2,2),(-3.637837101868E-17,1.E-03
    ),(2.760035995561E-17,1.678169276936E-02),.PIECEWISE_BEZIER_KNOTS.);
#3456 = CARTESIAN_POINT('',(-0.17223686779,0.371373075308,0.426698641501
    ));
#3457 = CARTESIAN_POINT('',(-0.155455597077,0.371359931885,
    0.426816932312));
#3458 = CARTESIAN_POINT('',(-0.17223686779,0.370379191574,0.426588209975
    ));
#3459 = CARTESIAN_POINT('',(-0.155455597077,0.37036604815,0.426706500786
    ));
#3460 = ADVANCED_FACE('',(#3461),#3471,.F.);
#3461 = FACE_BOUND('',#3462,.F.);
#3462 = EDGE_LOOP('',(#3463,#3464,#3465,#3470));
#3463 = ORIENTED_EDGE('',*,*,#3445,.F.);
#3464 = ORIENTED_EDGE('',*,*,#3329,.T.);
#3465 = ORIENTED_EDGE('',*,*,#3466,.T.);
#3466 = EDGE_CURVE('',#3330,#675,#3467,.T.);
#3467 = B_SPLINE_CURVE_WITH_KNOTS('',1,(#3468,#3469),.UNSPECIFIED.,.F.,
  .F.,(2,2),(-0.,1.E-03),.PIECEWISE_BEZIER_KNOTS.);
#3468 = CARTESIAN_POINT('',(-0.195987771594,0.370447816469,
    0.435025971055));
#3469 = CARTESIAN_POINT('',(-0.195987771594,0.369453932734,
    0.434915539529));
#3470 = ORIENTED_EDGE('',*,*,#672,.F.);
#3471 = B_SPLINE_SURFACE_WITH_KNOTS('',3,1,(
    (#3472,#3473)
    ,(#3474,#3475)
    ,(#3476,#3477)
    ,(#3478,#3479
    )),.UNSPECIFIED.,.F.,.F.,.F.,(4,4),(2,2),(5.,6.),(0.,1.),
  .PIECEWISE_BEZIER_KNOTS.);
#3472 = CARTESIAN_POINT('',(-0.17223686779,0.371373075308,0.426698641501
    ));
#3473 = CARTESIAN_POINT('',(-0.17223686779,0.370379191574,0.426588209975
    ));
#3474 = CARTESIAN_POINT('',(-0.181890777242,0.371380636441,
    0.426630591305));
#3475 = CARTESIAN_POINT('',(-0.181890777242,0.370386752707,
    0.426520159779));
#3476 = CARTESIAN_POINT('',(-0.189818068753,0.371073373163,
    0.429395960807));
#3477 = CARTESIAN_POINT('',(-0.189818068753,0.370079489429,
    0.429285529281));
#3478 = CARTESIAN_POINT('',(-0.195987771594,0.370447816469,
    0.435025971055));
#3479 = CARTESIAN_POINT('',(-0.195987771594,0.369453932734,
    0.434915539529));
#3480 = ADVANCED_FACE('',(#3481),#3491,.F.);
#3481 = FACE_BOUND('',#3482,.F.);
#3482 = EDGE_LOOP('',(#3483,#3484,#3485,#3490));
#3483 = ORIENTED_EDGE('',*,*,#3466,.F.);
#3484 = ORIENTED_EDGE('',*,*,#3338,.T.);
#3485 = ORIENTED_EDGE('',*,*,#3486,.T.);
#3486 = EDGE_CURVE('',#3339,#714,#3487,.T.);
#3487 = B_SPLINE_CURVE_WITH_KNOTS('',1,(#3488,#3489),.UNSPECIFIED.,.F.,
  .F.,(2,2),(-0.,1.E-03),.PIECEWISE_BEZIER_KNOTS.);
#3488 = CARTESIAN_POINT('',(-0.205350670362,0.367943928211,
    0.457560965377));
#3489 = CARTESIAN_POINT('',(-0.205350670362,0.366950044476,
    0.457450533851));
#3490 = ORIENTED_EDGE('',*,*,#722,.F.);
#3491 = B_SPLINE_SURFACE_WITH_KNOTS('',3,1,(
    (#3492,#3493)
    ,(#3494,#3495)
    ,(#3496,#3497)
    ,(#3498,#3499
    )),.UNSPECIFIED.,.F.,.F.,.F.,(4,4),(2,2),(4.,5.),(0.,1.),
  .PIECEWISE_BEZIER_KNOTS.);
#3492 = CARTESIAN_POINT('',(-0.195987771594,0.370447816469,
    0.435025971055));
#3493 = CARTESIAN_POINT('',(-0.195987771594,0.369453932734,
    0.434915539529));
#3494 = CARTESIAN_POINT('',(-0.202157474435,0.369822259775,
    0.440655981303));
#3495 = CARTESIAN_POINT('',(-0.202157474435,0.36882837604,0.440545549777
    ));
#3496 = CARTESIAN_POINT('',(-0.20528363935,0.368987634427,0.448167609432
    ));
#3497 = CARTESIAN_POINT('',(-0.20528363935,0.367993750692,0.448057177906
    ));
#3498 = CARTESIAN_POINT('',(-0.205350670362,0.367943928211,
    0.457560965377));
#3499 = CARTESIAN_POINT('',(-0.205350670362,0.366950044476,
    0.457450533851));
#3500 = ADVANCED_FACE('',(#3501),#3511,.F.);
#3501 = FACE_BOUND('',#3502,.F.);
#3502 = EDGE_LOOP('',(#3503,#3504,#3505,#3510));
#3503 = ORIENTED_EDGE('',*,*,#3486,.F.);
#3504 = ORIENTED_EDGE('',*,*,#3347,.T.);
#3505 = ORIENTED_EDGE('',*,*,#3506,.T.);
#3506 = EDGE_CURVE('',#3348,#705,#3507,.T.);
#3507 = B_SPLINE_CURVE_WITH_KNOTS('',1,(#3508,#3509),.UNSPECIFIED.,.F.,
  .F.,(2,2),(-0.,1.E-03),.PIECEWISE_BEZIER_KNOTS.);
#3508 = CARTESIAN_POINT('',(-0.196302574004,0.365546186286,
    0.479140642706));
#3509 = CARTESIAN_POINT('',(-0.196302574004,0.364552302551,0.47903021118
    ));
#3510 = ORIENTED_EDGE('',*,*,#713,.F.);
#3511 = B_SPLINE_SURFACE_WITH_KNOTS('',3,1,(
    (#3512,#3513)
    ,(#3514,#3515)
    ,(#3516,#3517)
    ,(#3518,#3519
    )),.UNSPECIFIED.,.F.,.F.,.F.,(4,4),(2,2),(3.,4.),(0.,1.),
  .PIECEWISE_BEZIER_KNOTS.);
#3512 = CARTESIAN_POINT('',(-0.205350670362,0.367943928211,
    0.457560965377));
#3513 = CARTESIAN_POINT('',(-0.205350670362,0.366950044476,
    0.457450533851));
#3514 = CARTESIAN_POINT('',(-0.205414825456,0.366945001469,
    0.466551306051));
#3515 = CARTESIAN_POINT('',(-0.205414825456,0.365951117735,
    0.466440874525));
#3516 = CARTESIAN_POINT('',(-0.202393520937,0.366146898281,
    0.473734234748));
#3517 = CARTESIAN_POINT('',(-0.202393520937,0.365153014546,
    0.473623803221));
#3518 = CARTESIAN_POINT('',(-0.196302574004,0.365546186286,
    0.479140642706));
#3519 = CARTESIAN_POINT('',(-0.196302574004,0.364552302551,0.47903021118
    ));
#3520 = ADVANCED_FACE('',(#3521),#3531,.F.);
#3521 = FACE_BOUND('',#3522,.F.);
#3522 = EDGE_LOOP('',(#3523,#3524,#3525,#3530));
#3523 = ORIENTED_EDGE('',*,*,#3506,.F.);
#3524 = ORIENTED_EDGE('',*,*,#3356,.T.);
#3525 = ORIENTED_EDGE('',*,*,#3526,.T.);
#3526 = EDGE_CURVE('',#3357,#698,#3527,.T.);
#3527 = B_SPLINE_CURVE_WITH_KNOTS('',1,(#3528,#3529),.UNSPECIFIED.,.F.,
  .F.,(2,2),(-0.,1.E-03),.PIECEWISE_BEZIER_KNOTS.);
#3528 = CARTESIAN_POINT('',(-0.173293421898,0.364635975268,0.48733254186
    ));
#3529 = CARTESIAN_POINT('',(-0.173293421898,0.363642091534,
    0.487222110334));
#3530 = ORIENTED_EDGE('',*,*,#704,.F.);
#3531 = B_SPLINE_SURFACE_WITH_KNOTS('',3,1,(
    (#3532,#3533)
    ,(#3534,#3535)
    ,(#3536,#3537)
    ,(#3538,#3539
    )),.UNSPECIFIED.,.F.,.F.,.F.,(4,4),(2,2),(2.,3.),(0.,1.),
  .PIECEWISE_BEZIER_KNOTS.);
#3532 = CARTESIAN_POINT('',(-0.196302574004,0.365546186286,
    0.479140642706));
#3533 = CARTESIAN_POINT('',(-0.196302574004,0.364552302551,0.47903021118
    ));
#3534 = CARTESIAN_POINT('',(-0.190211627072,0.36494547429,0.484547050665
    ));
#3535 = CARTESIAN_POINT('',(-0.190211627072,0.363951590555,
    0.484436619139));
#3536 = CARTESIAN_POINT('',(-0.182541835962,0.364643218809,
    0.487267349991));
#3537 = CARTESIAN_POINT('',(-0.182541835962,0.363649335075,
    0.487156918465));
#3538 = CARTESIAN_POINT('',(-0.173293421898,0.364635975268,0.48733254186
    ));
#3539 = CARTESIAN_POINT('',(-0.173293421898,0.363642091534,
    0.487222110334));
#3540 = ADVANCED_FACE('',(#3541),#3551,.F.);
#3541 = FACE_BOUND('',#3542,.T.);
#3542 = EDGE_LOOP('',(#3543,#3544,#3549,#3550));
#3543 = ORIENTED_EDGE('',*,*,#697,.T.);
#3544 = ORIENTED_EDGE('',*,*,#3545,.F.);
#3545 = EDGE_CURVE('',#3366,#691,#3546,.T.);
#3546 = B_SPLINE_CURVE_WITH_KNOTS('',1,(#3547,#3548),.UNSPECIFIED.,.F.,
  .F.,(2,2),(-0.,9.999998807053E-04),.PIECEWISE_BEZIER_KNOTS.);
#3547 = CARTESIAN_POINT('',(-0.155888312125,0.364622343242,
    0.487455230098));
#3548 = CARTESIAN_POINT('',(-0.155888312125,0.363628459626,
    0.487344798585));
#3549 = ORIENTED_EDGE('',*,*,#3365,.F.);
#3550 = ORIENTED_EDGE('',*,*,#3526,.T.);
#3551 = B_SPLINE_SURFACE_WITH_KNOTS('',1,1,(
    (#3552,#3553)
    ,(#3554,#3555
    )),.UNSPECIFIED.,.F.,.F.,.F.,(2,2),(2,2),(-1.E-03,6.404862347996E-18
    ),(-1.740554751927E-02,2.802879071315E-19),
  .PIECEWISE_BEZIER_KNOTS.);
#3552 = CARTESIAN_POINT('',(-0.173293421898,0.363642091534,
    0.487222110334));
#3553 = CARTESIAN_POINT('',(-0.155888312125,0.363628459507,
    0.487344798572));
#3554 = CARTESIAN_POINT('',(-0.173293421898,0.364635975268,0.48733254186
    ));
#3555 = CARTESIAN_POINT('',(-0.155888312125,0.364622343242,
    0.487455230098));
#3556 = ADVANCED_FACE('',(#3557),#3563,.F.);
#3557 = FACE_BOUND('',#3558,.T.);
#3558 = EDGE_LOOP('',(#3559,#3560,#3561,#3562));
#3559 = ORIENTED_EDGE('',*,*,#690,.T.);
#3560 = ORIENTED_EDGE('',*,*,#3451,.F.);
#3561 = ORIENTED_EDGE('',*,*,#3372,.F.);
#3562 = ORIENTED_EDGE('',*,*,#3545,.T.);
#3563 = B_SPLINE_SURFACE_WITH_KNOTS('',1,1,(
    (#3564,#3565)
    ,(#3566,#3567
    )),.UNSPECIFIED.,.F.,.F.,.F.,(2,2),(2,2),(-1.104287826111E-04,
    6.063984146482E-02),(-7.73147474884E-03,0.),
  .PIECEWISE_BEZIER_KNOTS.);
#3564 = CARTESIAN_POINT('',(-0.155460873827,0.363628459507,0.42670646359
    ));
#3565 = CARTESIAN_POINT('',(-0.155454818686,0.371359931885,
    0.426706506273));
#3566 = CARTESIAN_POINT('',(-0.155889090516,0.363628459507,
    0.487455224611));
#3567 = CARTESIAN_POINT('',(-0.155883035375,0.371359931885,
    0.487455267294));
#3568 = ADVANCED_FACE('',(#3569),#3591,.T.);
#3569 = FACE_BOUND('',#3570,.T.);
#3570 = EDGE_LOOP('',(#3571,#3580,#3585,#3586));
#3571 = ORIENTED_EDGE('',*,*,#3572,.F.);
#3572 = EDGE_CURVE('',#3573,#3575,#3577,.T.);
#3573 = VERTEX_POINT('',#3574);
#3574 = CARTESIAN_POINT('',(-0.172931726864,0.364416876719,
    0.480249044745));
#3575 = VERTEX_POINT('',#3576);
#3576 = CARTESIAN_POINT('',(-0.163714504753,0.36440965749,0.480314016729
    ));
#3577 = B_SPLINE_CURVE_WITH_KNOTS('',1,(#3578,#3579),.UNSPECIFIED.,.F.,
  .F.,(2,2),(4.78239961165E-19,9.217453927626E-03),
  .PIECEWISE_BEZIER_KNOTS.);
#3578 = CARTESIAN_POINT('',(-0.172931726864,0.364416876601,
    0.480249044732));
#3579 = CARTESIAN_POINT('',(-0.163714504753,0.36440965749,0.480314016729
    ));
#3580 = ORIENTED_EDGE('',*,*,#3581,.F.);
#3581 = EDGE_CURVE('',#3389,#3573,#3582,.T.);
#3582 = B_SPLINE_CURVE_WITH_KNOTS('',1,(#3583,#3584),.UNSPECIFIED.,.F.,
  .F.,(2,2),(-0.,9.999998807053E-04),.PIECEWISE_BEZIER_KNOTS.);
#3583 = CARTESIAN_POINT('',(-0.172931726864,0.365410760335,
    0.480359476258));
#3584 = CARTESIAN_POINT('',(-0.172931726864,0.364416876719,
    0.480249044745));
#3585 = ORIENTED_EDGE('',*,*,#3388,.T.);
#3586 = ORIENTED_EDGE('',*,*,#3587,.T.);
#3587 = EDGE_CURVE('',#3380,#3575,#3588,.T.);
#3588 = B_SPLINE_CURVE_WITH_KNOTS('',1,(#3589,#3590),.UNSPECIFIED.,.F.,
  .F.,(2,2),(-0.,1.E-03),.PIECEWISE_BEZIER_KNOTS.);
#3589 = CARTESIAN_POINT('',(-0.163714504753,0.365403541225,
    0.480424448255));
#3590 = CARTESIAN_POINT('',(-0.163714504753,0.36440965749,0.480314016729
    ));
#3591 = B_SPLINE_SURFACE_WITH_KNOTS('',1,1,(
    (#3592,#3593)
    ,(#3594,#3595
    )),.UNSPECIFIED.,.F.,.F.,.F.,(2,2),(2,2),(-1.E-03,1.773561276721E-17
    ),(-3.252606129438E-22,9.217453927626E-03),
  .PIECEWISE_BEZIER_KNOTS.);
#3592 = CARTESIAN_POINT('',(-0.172931726864,0.364416876601,
    0.480249044732));
#3593 = CARTESIAN_POINT('',(-0.163714504753,0.36440965749,0.480314016729
    ));
#3594 = CARTESIAN_POINT('',(-0.172931726864,0.365410760335,
    0.480359476258));
#3595 = CARTESIAN_POINT('',(-0.163714504753,0.365403541225,
    0.480424448255));
#3596 = ADVANCED_FACE('',(#3597),#3613,.T.);
#3597 = FACE_BOUND('',#3598,.T.);
#3598 = EDGE_LOOP('',(#3599,#3606,#3607,#3608));
#3599 = ORIENTED_EDGE('',*,*,#3600,.F.);
#3600 = EDGE_CURVE('',#3575,#3601,#3603,.T.);
#3601 = VERTEX_POINT('',#3602);
#3602 = CARTESIAN_POINT('',(-0.163380898264,0.369604076546,
    0.433564245225));
#3603 = B_SPLINE_CURVE_WITH_KNOTS('',1,(#3604,#3605),.UNSPECIFIED.,.F.,
  .F.,(2,2),(0.,4.703864813422E-02),.PIECEWISE_BEZIER_KNOTS.);
#3604 = CARTESIAN_POINT('',(-0.163714504753,0.36440965749,0.480314016729
    ));
#3605 = CARTESIAN_POINT('',(-0.163380898264,0.369604076546,
    0.433564245225));
#3606 = ORIENTED_EDGE('',*,*,#3587,.F.);
#3607 = ORIENTED_EDGE('',*,*,#3379,.T.);
#3608 = ORIENTED_EDGE('',*,*,#3609,.T.);
#3609 = EDGE_CURVE('',#3382,#3601,#3610,.T.);
#3610 = B_SPLINE_CURVE_WITH_KNOTS('',1,(#3611,#3612),.UNSPECIFIED.,.F.,
  .F.,(2,2),(-0.,1.E-03),.PIECEWISE_BEZIER_KNOTS.);
#3611 = CARTESIAN_POINT('',(-0.163380898264,0.370597960281,
    0.433674676751));
#3612 = CARTESIAN_POINT('',(-0.163380898264,0.369604076546,
    0.433564245225));
#3613 = B_SPLINE_SURFACE_WITH_KNOTS('',1,1,(
    (#3614,#3615)
    ,(#3616,#3617
    )),.UNSPECIFIED.,.F.,.F.,.F.,(2,2),(2,2),(-4.686139040283E-02,0.),(
    -9.938840394991E-04,5.194420649135E-03),.PIECEWISE_BEZIER_KNOTS.);
#3614 = CARTESIAN_POINT('',(-0.163384966434,0.36440965749,0.433564216549
    ));
#3615 = CARTESIAN_POINT('',(-0.163380119873,0.370597960281,
    0.433564250712));
#3616 = CARTESIAN_POINT('',(-0.163715283144,0.36440965749,0.480424442768
    ));
#3617 = CARTESIAN_POINT('',(-0.163710436584,0.370597960281,
    0.480424476932));
#3618 = ADVANCED_FACE('',(#3619),#3635,.T.);
#3619 = FACE_BOUND('',#3620,.T.);
#3620 = EDGE_LOOP('',(#3621,#3628,#3629,#3630));
#3621 = ORIENTED_EDGE('',*,*,#3622,.F.);
#3622 = EDGE_CURVE('',#3601,#3623,#3625,.T.);
#3623 = VERTEX_POINT('',#3624);
#3624 = CARTESIAN_POINT('',(-0.172239412915,0.36961101471,0.433501801749
    ));
#3625 = B_SPLINE_CURVE_WITH_KNOTS('',1,(#3626,#3627),.UNSPECIFIED.,.F.,
  .F.,(2,2),(0.,8.858737446905E-03),.PIECEWISE_BEZIER_KNOTS.);
#3626 = CARTESIAN_POINT('',(-0.163380898264,0.369604076546,
    0.433564245225));
#3627 = CARTESIAN_POINT('',(-0.172239412915,0.36961101471,0.433501801749
    ));
#3628 = ORIENTED_EDGE('',*,*,#3609,.F.);
#3629 = ORIENTED_EDGE('',*,*,#3431,.T.);
#3630 = ORIENTED_EDGE('',*,*,#3631,.T.);
#3631 = EDGE_CURVE('',#3423,#3623,#3632,.T.);
#3632 = B_SPLINE_CURVE_WITH_KNOTS('',1,(#3633,#3634),.UNSPECIFIED.,.F.,
  .F.,(2,2),(-0.,1.E-03),.PIECEWISE_BEZIER_KNOTS.);
#3633 = CARTESIAN_POINT('',(-0.172239412915,0.370604898445,
    0.433612233275));
#3634 = CARTESIAN_POINT('',(-0.172239412915,0.36961101471,0.433501801749
    ));
#3635 = B_SPLINE_SURFACE_WITH_KNOTS('',1,1,(
    (#3636,#3637)
    ,(#3638,#3639
    )),.UNSPECIFIED.,.F.,.F.,.F.,(2,2),(2,2),(-2.415764683179E-17,1.E-03
    ),(-8.858737446905E-03,1.934411493292E-19),
  .PIECEWISE_BEZIER_KNOTS.);
#3636 = CARTESIAN_POINT('',(-0.172239412915,0.370604898445,
    0.433612233275));
#3637 = CARTESIAN_POINT('',(-0.163380898264,0.370597960281,
    0.433674676751));
#3638 = CARTESIAN_POINT('',(-0.172239412915,0.36961101471,0.433501801749
    ));
#3639 = CARTESIAN_POINT('',(-0.163380898264,0.369604076546,
    0.433564245225));
#3640 = ADVANCED_FACE('',(#3641),#3659,.T.);
#3641 = FACE_BOUND('',#3642,.T.);
#3642 = EDGE_LOOP('',(#3643,#3652,#3653,#3654));
#3643 = ORIENTED_EDGE('',*,*,#3644,.F.);
#3644 = EDGE_CURVE('',#3623,#3645,#3647,.T.);
#3645 = VERTEX_POINT('',#3646);
#3646 = CARTESIAN_POINT('',(-0.190422663374,0.368922527551,
    0.439698186179));
#3647 = B_SPLINE_CURVE_WITH_KNOTS('',3,(#3648,#3649,#3650,#3651),
  .UNSPECIFIED.,.F.,.F.,(4,4),(2.,3.),.PIECEWISE_BEZIER_KNOTS.);
#3648 = CARTESIAN_POINT('',(-0.172239412915,0.36961101471,0.433501801749
    ));
#3649 = CARTESIAN_POINT('',(-0.179990613235,0.369617085603,
    0.433447163707));
#3650 = CARTESIAN_POINT('',(-0.18605689538,0.369387593955,0.435512588539
    ));
#3651 = CARTESIAN_POINT('',(-0.190422663374,0.368922527551,
    0.439698186179));
#3652 = ORIENTED_EDGE('',*,*,#3631,.F.);
#3653 = ORIENTED_EDGE('',*,*,#3422,.T.);
#3654 = ORIENTED_EDGE('',*,*,#3655,.T.);
#3655 = EDGE_CURVE('',#3414,#3645,#3656,.T.);
#3656 = B_SPLINE_CURVE_WITH_KNOTS('',1,(#3657,#3658),.UNSPECIFIED.,.F.,
  .F.,(2,2),(-0.,1.E-03),.PIECEWISE_BEZIER_KNOTS.);
#3657 = CARTESIAN_POINT('',(-0.190422663374,0.369916411286,
    0.439808617705));
#3658 = CARTESIAN_POINT('',(-0.190422663374,0.368922527551,
    0.439698186179));
#3659 = B_SPLINE_SURFACE_WITH_KNOTS('',3,1,(
    (#3660,#3661)
    ,(#3662,#3663)
    ,(#3664,#3665)
    ,(#3666,#3667
    )),.UNSPECIFIED.,.F.,.F.,.F.,(4,4),(2,2),(2.,3.),(0.,1.),
  .PIECEWISE_BEZIER_KNOTS.);
#3660 = CARTESIAN_POINT('',(-0.172239412915,0.370604898445,
    0.433612233275));
#3661 = CARTESIAN_POINT('',(-0.172239412915,0.36961101471,0.433501801749
    ));
#3662 = CARTESIAN_POINT('',(-0.179990613235,0.370610969338,
    0.433557595233));
#3663 = CARTESIAN_POINT('',(-0.179990613235,0.369617085603,
    0.433447163707));
#3664 = CARTESIAN_POINT('',(-0.18605689538,0.37038147769,0.435623020065)
  );
#3665 = CARTESIAN_POINT('',(-0.18605689538,0.369387593955,0.435512588539
    ));
#3666 = CARTESIAN_POINT('',(-0.190422663374,0.369916411286,
    0.439808617705));
#3667 = CARTESIAN_POINT('',(-0.190422663374,0.368922527551,
    0.439698186179));
#3668 = ADVANCED_FACE('',(#3669),#3687,.T.);
#3669 = FACE_BOUND('',#3670,.T.);
#3670 = EDGE_LOOP('',(#3671,#3680,#3681,#3682));
#3671 = ORIENTED_EDGE('',*,*,#3672,.F.);
#3672 = EDGE_CURVE('',#3645,#3673,#3675,.T.);
#3673 = VERTEX_POINT('',#3674);
#3674 = CARTESIAN_POINT('',(-0.19706765827,0.366967670295,0.457291901483
    ));
#3675 = B_SPLINE_CURVE_WITH_KNOTS('',3,(#3676,#3677,#3678,#3679),
  .UNSPECIFIED.,.F.,.F.,(4,4),(3.,4.),.PIECEWISE_BEZIER_KNOTS.);
#3676 = CARTESIAN_POINT('',(-0.190422663374,0.368922527551,
    0.439698186179));
#3677 = CARTESIAN_POINT('',(-0.19480380612,0.368460917937,0.443852672709
    ));
#3678 = CARTESIAN_POINT('',(-0.197013679501,0.367808146588,
    0.449727614847));
#3679 = CARTESIAN_POINT('',(-0.19706765827,0.366967670295,0.457291901483
    ));
#3680 = ORIENTED_EDGE('',*,*,#3655,.F.);
#3681 = ORIENTED_EDGE('',*,*,#3413,.T.);
#3682 = ORIENTED_EDGE('',*,*,#3683,.T.);
#3683 = EDGE_CURVE('',#3405,#3673,#3684,.T.);
#3684 = B_SPLINE_CURVE_WITH_KNOTS('',1,(#3685,#3686),.UNSPECIFIED.,.F.,
  .F.,(2,2),(-0.,1.E-03),.PIECEWISE_BEZIER_KNOTS.);
#3685 = CARTESIAN_POINT('',(-0.19706765827,0.36796155403,0.457402333009)
  );
#3686 = CARTESIAN_POINT('',(-0.19706765827,0.366967670295,0.457291901483
    ));
#3687 = B_SPLINE_SURFACE_WITH_KNOTS('',3,1,(
    (#3688,#3689)
    ,(#3690,#3691)
    ,(#3692,#3693)
    ,(#3694,#3695
    )),.UNSPECIFIED.,.F.,.F.,.F.,(4,4),(2,2),(3.,4.),(0.,1.),
  .PIECEWISE_BEZIER_KNOTS.);
#3688 = CARTESIAN_POINT('',(-0.190422663374,0.369916411286,
    0.439808617705));
#3689 = CARTESIAN_POINT('',(-0.190422663374,0.368922527551,
    0.439698186179));
#3690 = CARTESIAN_POINT('',(-0.19480380612,0.369454801671,0.443963104235
    ));
#3691 = CARTESIAN_POINT('',(-0.19480380612,0.368460917937,0.443852672709
    ));
#3692 = CARTESIAN_POINT('',(-0.197013679501,0.368802030323,
    0.449838046373));
#3693 = CARTESIAN_POINT('',(-0.197013679501,0.367808146588,
    0.449727614847));
#3694 = CARTESIAN_POINT('',(-0.19706765827,0.36796155403,0.457402333009)
  );
#3695 = CARTESIAN_POINT('',(-0.19706765827,0.366967670295,0.457291901483
    ));
#3696 = ADVANCED_FACE('',(#3697),#3715,.T.);
#3697 = FACE_BOUND('',#3698,.T.);
#3698 = EDGE_LOOP('',(#3699,#3708,#3709,#3710));
#3699 = ORIENTED_EDGE('',*,*,#3700,.F.);
#3700 = EDGE_CURVE('',#3673,#3701,#3703,.T.);
#3701 = VERTEX_POINT('',#3702);
#3702 = CARTESIAN_POINT('',(-0.19049887903,0.365064469218,0.474420711178
    ));
#3703 = B_SPLINE_CURVE_WITH_KNOTS('',3,(#3704,#3705,#3706,#3707),
  .UNSPECIFIED.,.F.,.F.,(4,4),(4.,5.),.PIECEWISE_BEZIER_KNOTS.);
#3704 = CARTESIAN_POINT('',(-0.19706765827,0.366967670295,0.457291901483
    ));
#3705 = CARTESIAN_POINT('',(-0.197121637039,0.366127194002,
    0.464856188119));
#3706 = CARTESIAN_POINT('',(-0.1949321177,0.365491645451,0.470576125076)
  );
#3707 = CARTESIAN_POINT('',(-0.19049887903,0.365064469218,0.474420711178
    ));
#3708 = ORIENTED_EDGE('',*,*,#3683,.F.);
#3709 = ORIENTED_EDGE('',*,*,#3404,.T.);
#3710 = ORIENTED_EDGE('',*,*,#3711,.T.);
#3711 = EDGE_CURVE('',#3396,#3701,#3712,.T.);
#3712 = B_SPLINE_CURVE_WITH_KNOTS('',1,(#3713,#3714),.UNSPECIFIED.,.F.,
  .F.,(2,2),(-5.517163030175E-17,1.E-03),.PIECEWISE_BEZIER_KNOTS.);
#3713 = CARTESIAN_POINT('',(-0.19049887903,0.366058352952,0.474531142704
    ));
#3714 = CARTESIAN_POINT('',(-0.19049887903,0.365064469218,0.474420711178
    ));
#3715 = B_SPLINE_SURFACE_WITH_KNOTS('',3,1,(
    (#3716,#3717)
    ,(#3718,#3719)
    ,(#3720,#3721)
    ,(#3722,#3723
    )),.UNSPECIFIED.,.F.,.F.,.F.,(4,4),(2,2),(4.,5.),(0.,1.),
  .PIECEWISE_BEZIER_KNOTS.);
#3716 = CARTESIAN_POINT('',(-0.19706765827,0.36796155403,0.457402333009)
  );
#3717 = CARTESIAN_POINT('',(-0.19706765827,0.366967670295,0.457291901483
    ));
#3718 = CARTESIAN_POINT('',(-0.197121637039,0.367121077737,
    0.464966619645));
#3719 = CARTESIAN_POINT('',(-0.197121637039,0.366127194002,
    0.464856188119));
#3720 = CARTESIAN_POINT('',(-0.1949321177,0.366485529186,0.470686556602)
  );
#3721 = CARTESIAN_POINT('',(-0.1949321177,0.365491645451,0.470576125076)
  );
#3722 = CARTESIAN_POINT('',(-0.19049887903,0.366058352952,0.474531142704
    ));
#3723 = CARTESIAN_POINT('',(-0.19049887903,0.365064469218,0.474420711178
    ));
#3724 = ADVANCED_FACE('',(#3725),#3737,.T.);
#3725 = FACE_BOUND('',#3726,.T.);
#3726 = EDGE_LOOP('',(#3727,#3734,#3735,#3736));
#3727 = ORIENTED_EDGE('',*,*,#3728,.F.);
#3728 = EDGE_CURVE('',#3701,#3573,#3729,.T.);
#3729 = B_SPLINE_CURVE_WITH_KNOTS('',3,(#3730,#3731,#3732,#3733),
  .UNSPECIFIED.,.F.,.F.,(4,4),(5.,6.),.PIECEWISE_BEZIER_KNOTS.);
#3730 = CARTESIAN_POINT('',(-0.19049887903,0.365064469218,0.474420711178
    ));
#3731 = CARTESIAN_POINT('',(-0.18606564036,0.364637292984,0.47826529728)
  );
#3732 = CARTESIAN_POINT('',(-0.180199451912,0.364422568827,
    0.480197814697));
#3733 = CARTESIAN_POINT('',(-0.172931726864,0.364416876719,
    0.480249044745));
#3734 = ORIENTED_EDGE('',*,*,#3711,.F.);
#3735 = ORIENTED_EDGE('',*,*,#3395,.T.);
#3736 = ORIENTED_EDGE('',*,*,#3581,.T.);
#3737 = B_SPLINE_SURFACE_WITH_KNOTS('',3,1,(
    (#3738,#3739)
    ,(#3740,#3741)
    ,(#3742,#3743)
    ,(#3744,#3745
    )),.UNSPECIFIED.,.F.,.F.,.F.,(4,4),(2,2),(5.,6.),(0.,1.),
  .PIECEWISE_BEZIER_KNOTS.);
#3738 = CARTESIAN_POINT('',(-0.19049887903,0.366058352952,0.474531142704
    ));
#3739 = CARTESIAN_POINT('',(-0.19049887903,0.365064469218,0.474420711178
    ));
#3740 = CARTESIAN_POINT('',(-0.18606564036,0.365631176719,0.478375728806
    ));
#3741 = CARTESIAN_POINT('',(-0.18606564036,0.364637292984,0.47826529728)
  );
#3742 = CARTESIAN_POINT('',(-0.180199451912,0.365416452561,
    0.480308246223));
#3743 = CARTESIAN_POINT('',(-0.180199451912,0.364422568827,
    0.480197814697));
#3744 = CARTESIAN_POINT('',(-0.172931726864,0.365410760335,
    0.480359476258));
#3745 = CARTESIAN_POINT('',(-0.172931726864,0.364416876601,
    0.480249044732));
#3746 = ADVANCED_FACE('',(#3747),#3756,.F.);
#3747 = FACE_BOUND('',#3748,.T.);
#3748 = EDGE_LOOP('',(#3749,#3750,#3751,#3752,#3753,#3754,#3755));
#3749 = ORIENTED_EDGE('',*,*,#3572,.T.);
#3750 = ORIENTED_EDGE('',*,*,#3600,.T.);
#3751 = ORIENTED_EDGE('',*,*,#3622,.T.);
#3752 = ORIENTED_EDGE('',*,*,#3644,.T.);
#3753 = ORIENTED_EDGE('',*,*,#3672,.T.);
#3754 = ORIENTED_EDGE('',*,*,#3700,.T.);
#3755 = ORIENTED_EDGE('',*,*,#3728,.T.);
#3756 = B_SPLINE_SURFACE_WITH_KNOTS('',1,1,(
    (#3757,#3758)
    ,(#3759,#3760
    )),.UNSPECIFIED.,.F.,.F.,.F.,(2,2),(2,2),(0.163380898264,
    0.197121637039),(0.130484999353,0.1776402665),
  .PIECEWISE_BEZIER_KNOTS.);
#3757 = CARTESIAN_POINT('',(-0.163380898264,0.364409657608,
    0.480314016742));
#3758 = CARTESIAN_POINT('',(-0.163380898264,0.369617085722,0.43344716372
    ));
#3759 = CARTESIAN_POINT('',(-0.197121637039,0.364409657608,
    0.480314016742));
#3760 = CARTESIAN_POINT('',(-0.197121637039,0.369617085722,0.43344716372
    ));
#3761 = ADVANCED_FACE('',(#3762,#3820),#3868,.F.);
#3762 = FACE_BOUND('',#3763,.T.);
#3763 = EDGE_LOOP('',(#3764,#3773,#3780,#3787,#3794,#3801,#3808,#3815));
#3764 = ORIENTED_EDGE('',*,*,#3765,.T.);
#3765 = EDGE_CURVE('',#3766,#3768,#3770,.T.);
#3766 = VERTEX_POINT('',#3767);
#3767 = CARTESIAN_POINT('',(-0.263410946403,0.371444484651,
    0.426055957414));
#3768 = VERTEX_POINT('',#3769);
#3769 = CARTESIAN_POINT('',(-0.240605656468,0.364688695543,
    0.486858059389));
#3770 = B_SPLINE_CURVE_WITH_KNOTS('',1,(#3771,#3772),.UNSPECIFIED.,.F.,
  .F.,(2,2),(-6.528872444865E-02,0.),.PIECEWISE_BEZIER_KNOTS.);
#3771 = CARTESIAN_POINT('',(-0.263410946403,0.371444484651,
    0.426055957414));
#3772 = CARTESIAN_POINT('',(-0.240605656468,0.364688695543,
    0.486858059389));
#3773 = ORIENTED_EDGE('',*,*,#3774,.T.);
#3774 = EDGE_CURVE('',#3768,#3775,#3777,.T.);
#3775 = VERTEX_POINT('',#3776);
#3776 = CARTESIAN_POINT('',(-0.232183829158,0.364682099401,
    0.486917424666));
#3777 = B_SPLINE_CURVE_WITH_KNOTS('',1,(#3778,#3779),.UNSPECIFIED.,.F.,
  .F.,(2,2),(-8.422039122135E-03,0.),.PIECEWISE_BEZIER_KNOTS.);
#3778 = CARTESIAN_POINT('',(-0.240605656468,0.364688695543,
    0.486858059389));
#3779 = CARTESIAN_POINT('',(-0.232183829158,0.364682099401,
    0.486917424666));
#3780 = ORIENTED_EDGE('',*,*,#3781,.T.);
#3781 = EDGE_CURVE('',#3775,#3782,#3784,.T.);
#3782 = VERTEX_POINT('',#3783);
#3783 = CARTESIAN_POINT('',(-0.208513109126,0.371401487579,
    0.426442931069));
#3784 = B_SPLINE_CURVE_WITH_KNOTS('',1,(#3785,#3786),.UNSPECIFIED.,.F.,
  .F.,(2,2),(-6.528872444851E-02,0.),.PIECEWISE_BEZIER_KNOTS.);
#3785 = CARTESIAN_POINT('',(-0.232183829158,0.364682099401,
    0.486917424666));
#3786 = CARTESIAN_POINT('',(-0.208513109126,0.371401487579,
    0.426442931069));
#3787 = ORIENTED_EDGE('',*,*,#3788,.T.);
#3788 = EDGE_CURVE('',#3782,#3789,#3791,.T.);
#3789 = VERTEX_POINT('',#3790);
#3790 = CARTESIAN_POINT('',(-0.217215664013,0.371408303592,0.42638158695
    ));
#3791 = B_SPLINE_CURVE_WITH_KNOTS('',1,(#3792,#3793),.UNSPECIFIED.,.F.,
  .F.,(2,2),(-8.70277375922E-03,0.),.PIECEWISE_BEZIER_KNOTS.);
#3792 = CARTESIAN_POINT('',(-0.208513109126,0.371401487579,
    0.426442931069));
#3793 = CARTESIAN_POINT('',(-0.217215664013,0.371408303592,0.42638158695
    ));
#3794 = ORIENTED_EDGE('',*,*,#3795,.T.);
#3795 = EDGE_CURVE('',#3789,#3796,#3798,.T.);
#3796 = VERTEX_POINT('',#3797);
#3797 = CARTESIAN_POINT('',(-0.223198106264,0.369570048852,
    0.442925879612));
#3798 = B_SPLINE_CURVE_WITH_KNOTS('',1,(#3799,#3800),.UNSPECIFIED.,.F.,
  .F.,(2,2),(-1.768848256562E-02,0.),.PIECEWISE_BEZIER_KNOTS.);
#3799 = CARTESIAN_POINT('',(-0.217215664013,0.371408303592,0.42638158695
    ));
#3800 = CARTESIAN_POINT('',(-0.223198106264,0.369570048852,
    0.442925879612));
#3801 = ORIENTED_EDGE('',*,*,#3802,.T.);
#3802 = EDGE_CURVE('',#3796,#3803,#3805,.T.);
#3803 = VERTEX_POINT('',#3804);
#3804 = CARTESIAN_POINT('',(-0.248603951981,0.369589947213,
    0.442746794361));
#3805 = B_SPLINE_CURVE_WITH_KNOTS('',1,(#3806,#3807),.UNSPECIFIED.,.F.,
  .F.,(2,2),(-2.540648468536E-02,0.),.PIECEWISE_BEZIER_KNOTS.);
#3806 = CARTESIAN_POINT('',(-0.223198106264,0.369570048852,
    0.442925879612));
#3807 = CARTESIAN_POINT('',(-0.248603951981,0.369589947213,
    0.442746794361));
#3808 = ORIENTED_EDGE('',*,*,#3809,.T.);
#3809 = EDGE_CURVE('',#3803,#3810,#3812,.T.);
#3810 = VERTEX_POINT('',#3811);
#3811 = CARTESIAN_POINT('',(-0.254708391516,0.371437668638,
    0.426117301533));
#3812 = B_SPLINE_CURVE_WITH_KNOTS('',1,(#3813,#3814),.UNSPECIFIED.,.F.,
  .F.,(2,2),(-1.781062290385E-02,0.),.PIECEWISE_BEZIER_KNOTS.);
#3813 = CARTESIAN_POINT('',(-0.248603951981,0.369589947213,
    0.442746794361));
#3814 = CARTESIAN_POINT('',(-0.254708391516,0.371437668638,
    0.426117301533));
#3815 = ORIENTED_EDGE('',*,*,#3816,.T.);
#3816 = EDGE_CURVE('',#3810,#3766,#3817,.T.);
#3817 = B_SPLINE_CURVE_WITH_KNOTS('',1,(#3818,#3819),.UNSPECIFIED.,.F.,
  .F.,(2,2),(-8.702773759636E-03,0.),.PIECEWISE_BEZIER_KNOTS.);
#3818 = CARTESIAN_POINT('',(-0.254708391516,0.371437668638,
    0.426117301533));
#3819 = CARTESIAN_POINT('',(-0.263410946403,0.371444484651,
    0.426055957414));
#3820 = FACE_BOUND('',#3821,.T.);
#3821 = EDGE_LOOP('',(#3822,#3831,#3838,#3847,#3854,#3863));
#3822 = ORIENTED_EDGE('',*,*,#3823,.F.);
#3823 = EDGE_CURVE('',#3824,#3826,#3828,.T.);
#3824 = VERTEX_POINT('',#3825);
#3825 = CARTESIAN_POINT('',(-0.22574235311,0.368810752195,0.449759549518
    ));
#3826 = VERTEX_POINT('',#3827);
#3827 = CARTESIAN_POINT('',(-0.246219870253,0.368826790592,
    0.449615203947));
#3828 = B_SPLINE_CURVE_WITH_KNOTS('',1,(#3829,#3830),.UNSPECIFIED.,.F.,
  .F.,(2,2),(0.,2.047803216181E-02),.PIECEWISE_BEZIER_KNOTS.);
#3829 = CARTESIAN_POINT('',(-0.22574235311,0.368810752195,0.449759549518
    ));
#3830 = CARTESIAN_POINT('',(-0.246219870253,0.368826790592,
    0.449615203947));
#3831 = ORIENTED_EDGE('',*,*,#3832,.F.);
#3832 = EDGE_CURVE('',#3833,#3824,#3835,.T.);
#3833 = VERTEX_POINT('',#3834);
#3834 = CARTESIAN_POINT('',(-0.23504585485,0.366017458564,0.474899192196
    ));
#3835 = B_SPLINE_CURVE_WITH_KNOTS('',1,(#3836,#3837),.UNSPECIFIED.,.F.,
  .F.,(2,2),(1.92548483968E-18,2.695105318764E-02),
  .PIECEWISE_BEZIER_KNOTS.);
#3836 = CARTESIAN_POINT('',(-0.23504585485,0.366017458564,0.474899192196
    ));
#3837 = CARTESIAN_POINT('',(-0.22574235311,0.368810752195,0.449759549518
    ));
#3838 = ORIENTED_EDGE('',*,*,#3839,.F.);
#3839 = EDGE_CURVE('',#3840,#3833,#3842,.T.);
#3840 = VERTEX_POINT('',#3841);
#3841 = CARTESIAN_POINT('',(-0.236074305097,0.365546333558,0.47913931725
    ));
#3842 = B_SPLINE_CURVE_WITH_KNOTS('',3,(#3843,#3844,#3845,#3846),
  .UNSPECIFIED.,.F.,.F.,(4,4),(3.,4.),.PIECEWISE_BEZIER_KNOTS.);
#3843 = CARTESIAN_POINT('',(-0.236074305097,0.365546333558,0.47913931725
    ));
#3844 = CARTESIAN_POINT('',(-0.2357649293,0.365749331395,0.477312336719)
  );
#3845 = CARTESIAN_POINT('',(-0.235427237468,0.365907525327,
    0.475888591331));
#3846 = CARTESIAN_POINT('',(-0.23504585485,0.366017458564,0.474899192196
    ));
#3847 = ORIENTED_EDGE('',*,*,#3848,.F.);
#3848 = EDGE_CURVE('',#3849,#3840,#3851,.T.);
#3849 = VERTEX_POINT('',#3850);
#3850 = CARTESIAN_POINT('',(-0.236261456815,0.365546480139,
    0.479137998022));
#3851 = B_SPLINE_CURVE_WITH_KNOTS('',1,(#3852,#3853),.UNSPECIFIED.,.F.,
  .F.,(2,2),(-2.775487756806E-17,1.871564247238E-04),
  .PIECEWISE_BEZIER_KNOTS.);
#3852 = CARTESIAN_POINT('',(-0.236261456815,0.365546480139,
    0.479137998022));
#3853 = CARTESIAN_POINT('',(-0.236074305097,0.365546333558,0.47913931725
    ));
#3854 = ORIENTED_EDGE('',*,*,#3855,.F.);
#3855 = EDGE_CURVE('',#3856,#3849,#3858,.T.);
#3856 = VERTEX_POINT('',#3857);
#3857 = CARTESIAN_POINT('',(-0.23718250363,0.36601913203,0.474884131005)
  );
#3858 = B_SPLINE_CURVE_WITH_KNOTS('',3,(#3859,#3860,#3861,#3862),
  .UNSPECIFIED.,.F.,.F.,(4,4),(1.,2.),.PIECEWISE_BEZIER_KNOTS.);
#3859 = CARTESIAN_POINT('',(-0.23718250363,0.36601913203,0.474884131005)
  );
#3860 = CARTESIAN_POINT('',(-0.236892153137,0.365925896419,
    0.475723251501));
#3861 = CARTESIAN_POINT('',(-0.236590188708,0.365770646244,
    0.477120503079));
#3862 = CARTESIAN_POINT('',(-0.236261456815,0.365546480139,
    0.479137998022));
#3863 = ORIENTED_EDGE('',*,*,#3864,.F.);
#3864 = EDGE_CURVE('',#3826,#3856,#3865,.T.);
#3865 = B_SPLINE_CURVE_WITH_KNOTS('',1,(#3866,#3867),.UNSPECIFIED.,.F.,
  .F.,(2,2),(0.,2.698287636193E-02),.PIECEWISE_BEZIER_KNOTS.);
#3866 = CARTESIAN_POINT('',(-0.246219870253,0.368826790592,
    0.449615203947));
#3867 = CARTESIAN_POINT('',(-0.23718250363,0.36601913203,0.474884131005)
  );
#3868 = B_SPLINE_SURFACE_WITH_KNOTS('',1,1,(
    (#3869,#3870)
    ,(#3871,#3872
    )),.UNSPECIFIED.,.F.,.F.,.F.,(2,2),(2,2),(-0.443665978238,
    -0.382429975344),(-0.263410946403,-0.208513109126),
  .PIECEWISE_BEZIER_KNOTS.);
#3869 = CARTESIAN_POINT('',(-0.263410946403,0.364682099401,
    0.486917424666));
#3870 = CARTESIAN_POINT('',(-0.208513109126,0.364682099401,
    0.486917424666));
#3871 = CARTESIAN_POINT('',(-0.263410946403,0.371444484651,
    0.426055957414));
#3872 = CARTESIAN_POINT('',(-0.208513109126,0.371444484651,
    0.426055957414));
#3873 = ADVANCED_FACE('',(#3874),#3888,.F.);
#3874 = FACE_BOUND('',#3875,.T.);
#3875 = EDGE_LOOP('',(#3876,#3877,#3882,#3883));
#3876 = ORIENTED_EDGE('',*,*,#1038,.T.);
#3877 = ORIENTED_EDGE('',*,*,#3878,.F.);
#3878 = EDGE_CURVE('',#3768,#1030,#3879,.T.);
#3879 = B_SPLINE_CURVE_WITH_KNOTS('',1,(#3880,#3881),.UNSPECIFIED.,.F.,
  .F.,(2,2),(-0.,1.E-03),.PIECEWISE_BEZIER_KNOTS.);
#3880 = CARTESIAN_POINT('',(-0.240605656468,0.364688695543,
    0.486858059389));
#3881 = CARTESIAN_POINT('',(-0.240605656468,0.363694811808,
    0.486747627863));
#3882 = ORIENTED_EDGE('',*,*,#3765,.F.);
#3883 = ORIENTED_EDGE('',*,*,#3884,.T.);
#3884 = EDGE_CURVE('',#3766,#1039,#3885,.T.);
#3885 = B_SPLINE_CURVE_WITH_KNOTS('',1,(#3886,#3887),.UNSPECIFIED.,.F.,
  .F.,(2,2),(-0.,1.E-03),.PIECEWISE_BEZIER_KNOTS.);
#3886 = CARTESIAN_POINT('',(-0.263410946403,0.371444484651,
    0.426055957414));
#3887 = CARTESIAN_POINT('',(-0.263410946403,0.370450600917,
    0.425945525888));
#3888 = B_SPLINE_SURFACE_WITH_KNOTS('',1,1,(
    (#3889,#3890)
    ,(#3891,#3892
    )),.UNSPECIFIED.,.F.,.F.,.F.,(2,2),(2,2),(0.,6.504128315576E-02),(
    -9.946239729578E-04,6.760820777146E-03),.PIECEWISE_BEZIER_KNOTS.);
#3889 = CARTESIAN_POINT('',(-0.240569680078,0.363694811808,
    0.486844730138));
#3890 = CARTESIAN_POINT('',(-0.240850201068,0.371444484651,
    0.486948663155));
#3891 = CARTESIAN_POINT('',(-0.263166401803,0.363694811808,
    0.425854922122));
#3892 = CARTESIAN_POINT('',(-0.263446922792,0.371444484651,
    0.425958855139));
#3893 = ADVANCED_FACE('',(#3894),#3904,.F.);
#3894 = FACE_BOUND('',#3895,.T.);
#3895 = EDGE_LOOP('',(#3896,#3897,#3902,#3903));
#3896 = ORIENTED_EDGE('',*,*,#1029,.T.);
#3897 = ORIENTED_EDGE('',*,*,#3898,.F.);
#3898 = EDGE_CURVE('',#3775,#1032,#3899,.T.);
#3899 = B_SPLINE_CURVE_WITH_KNOTS('',1,(#3900,#3901),.UNSPECIFIED.,.F.,
  .F.,(2,2),(-0.,1.E-03),.PIECEWISE_BEZIER_KNOTS.);
#3900 = CARTESIAN_POINT('',(-0.232183829158,0.364682099401,
    0.486917424666));
#3901 = CARTESIAN_POINT('',(-0.232183829158,0.363688215666,0.48680699314
    ));
#3902 = ORIENTED_EDGE('',*,*,#3774,.F.);
#3903 = ORIENTED_EDGE('',*,*,#3878,.T.);
#3904 = B_SPLINE_SURFACE_WITH_KNOTS('',1,1,(
    (#3905,#3906)
    ,(#3907,#3908
    )),.UNSPECIFIED.,.F.,.F.,.F.,(2,2),(2,2),(-1.E-03,4.924480148747E-17
    ),(-8.422039122135E-03,1.932293910924E-19),
  .PIECEWISE_BEZIER_KNOTS.);
#3905 = CARTESIAN_POINT('',(-0.240605656468,0.363694811808,
    0.486747627863));
#3906 = CARTESIAN_POINT('',(-0.232183829158,0.363688215666,0.48680699314
    ));
#3907 = CARTESIAN_POINT('',(-0.240605656468,0.364688695543,
    0.486858059389));
#3908 = CARTESIAN_POINT('',(-0.232183829158,0.364682099401,
    0.486917424666));
#3909 = ADVANCED_FACE('',(#3910),#3920,.F.);
#3910 = FACE_BOUND('',#3911,.T.);
#3911 = EDGE_LOOP('',(#3912,#3913,#3918,#3919));
#3912 = ORIENTED_EDGE('',*,*,#1080,.T.);
#3913 = ORIENTED_EDGE('',*,*,#3914,.F.);
#3914 = EDGE_CURVE('',#3782,#1074,#3915,.T.);
#3915 = B_SPLINE_CURVE_WITH_KNOTS('',1,(#3916,#3917),.UNSPECIFIED.,.F.,
  .F.,(2,2),(-0.,1.E-03),.PIECEWISE_BEZIER_KNOTS.);
#3916 = CARTESIAN_POINT('',(-0.208513109126,0.371401487579,
    0.426442931069));
#3917 = CARTESIAN_POINT('',(-0.208513109126,0.370407603844,
    0.426332499543));
#3918 = ORIENTED_EDGE('',*,*,#3781,.F.);
#3919 = ORIENTED_EDGE('',*,*,#3898,.T.);
#3920 = B_SPLINE_SURFACE_WITH_KNOTS('',1,1,(
    (#3921,#3922)
    ,(#3923,#3924
    )),.UNSPECIFIED.,.F.,.F.,.F.,(2,2),(2,2),(-1.030006375121E-04,
    6.494147265676E-02),(-7.719461530544E-03,0.),
  .PIECEWISE_BEZIER_KNOTS.);
#3921 = CARTESIAN_POINT('',(-0.208764234904,0.363688215666,
    0.426235403465));
#3922 = CARTESIAN_POINT('',(-0.208475964402,0.371401487579,
    0.426346861299));
#3923 = CARTESIAN_POINT('',(-0.232220973883,0.363688215666,0.48690306291
    ));
#3924 = CARTESIAN_POINT('',(-0.231932703381,0.371401487579,
    0.487014520744));
#3925 = ADVANCED_FACE('',(#3926),#3936,.F.);
#3926 = FACE_BOUND('',#3927,.T.);
#3927 = EDGE_LOOP('',(#3928,#3929,#3934,#3935));
#3928 = ORIENTED_EDGE('',*,*,#1073,.T.);
#3929 = ORIENTED_EDGE('',*,*,#3930,.F.);
#3930 = EDGE_CURVE('',#3789,#1067,#3931,.T.);
#3931 = B_SPLINE_CURVE_WITH_KNOTS('',1,(#3932,#3933),.UNSPECIFIED.,.F.,
  .F.,(2,2),(-0.,1.E-03),.PIECEWISE_BEZIER_KNOTS.);
#3932 = CARTESIAN_POINT('',(-0.217215664013,0.371408303592,0.42638158695
    ));
#3933 = CARTESIAN_POINT('',(-0.217215664013,0.370414419857,
    0.426271155424));
#3934 = ORIENTED_EDGE('',*,*,#3788,.F.);
#3935 = ORIENTED_EDGE('',*,*,#3914,.T.);
#3936 = B_SPLINE_SURFACE_WITH_KNOTS('',1,1,(
    (#3937,#3938)
    ,(#3939,#3940)),.UNSPECIFIED.,.F.,.F.,.F.,(2,2),(2,2),(0.,1.E-03),(
    -1.978880723023E-19,8.70277375922E-03),.PIECEWISE_BEZIER_KNOTS.);
#3937 = CARTESIAN_POINT('',(-0.217215664013,0.371408303592,0.42638158695
    ));
#3938 = CARTESIAN_POINT('',(-0.208513109126,0.371401487579,
    0.426442931069));
#3939 = CARTESIAN_POINT('',(-0.217215664013,0.370414419857,
    0.426271155424));
#3940 = CARTESIAN_POINT('',(-0.208513109126,0.370407603844,
    0.426332499543));
#3941 = ADVANCED_FACE('',(#3942),#3952,.F.);
#3942 = FACE_BOUND('',#3943,.T.);
#3943 = EDGE_LOOP('',(#3944,#3945,#3950,#3951));
#3944 = ORIENTED_EDGE('',*,*,#1066,.T.);
#3945 = ORIENTED_EDGE('',*,*,#3946,.F.);
#3946 = EDGE_CURVE('',#3796,#1060,#3947,.T.);
#3947 = B_SPLINE_CURVE_WITH_KNOTS('',1,(#3948,#3949),.UNSPECIFIED.,.F.,
  .F.,(2,2),(-0.,1.E-03),.PIECEWISE_BEZIER_KNOTS.);
#3948 = CARTESIAN_POINT('',(-0.223198106264,0.369570048852,
    0.442925879612));
#3949 = CARTESIAN_POINT('',(-0.223198106264,0.368576165117,
    0.442815448086));
#3950 = ORIENTED_EDGE('',*,*,#3795,.F.);
#3951 = ORIENTED_EDGE('',*,*,#3930,.T.);
#3952 = B_SPLINE_SURFACE_WITH_KNOTS('',1,1,(
    (#3953,#3954)
    ,(#3955,#3956
    )),.UNSPECIFIED.,.F.,.F.,.F.,(2,2),(2,2),(0.,1.769656625268E-02),(
    -9.945776752271E-04,1.839538229936E-03),.PIECEWISE_BEZIER_KNOTS.);
#3953 = CARTESIAN_POINT('',(-0.223233088284,0.368576165117,
    0.442913384322));
#3954 = CARTESIAN_POINT('',(-0.223133404667,0.371408303592,
    0.442948990492));
#3955 = CARTESIAN_POINT('',(-0.217280365609,0.368576165117,
    0.426248044544));
#3956 = CARTESIAN_POINT('',(-0.217180681993,0.371408303592,
    0.426283650714));
#3957 = ADVANCED_FACE('',(#3958),#3968,.F.);
#3958 = FACE_BOUND('',#3959,.T.);
#3959 = EDGE_LOOP('',(#3960,#3961,#3966,#3967));
#3960 = ORIENTED_EDGE('',*,*,#1059,.T.);
#3961 = ORIENTED_EDGE('',*,*,#3962,.F.);
#3962 = EDGE_CURVE('',#3803,#1053,#3963,.T.);
#3963 = B_SPLINE_CURVE_WITH_KNOTS('',1,(#3964,#3965),.UNSPECIFIED.,.F.,
  .F.,(2,2),(-0.,1.E-03),.PIECEWISE_BEZIER_KNOTS.);
#3964 = CARTESIAN_POINT('',(-0.248603951981,0.369589947213,
    0.442746794361));
#3965 = CARTESIAN_POINT('',(-0.248603951981,0.368596063478,
    0.442636362835));
#3966 = ORIENTED_EDGE('',*,*,#3802,.F.);
#3967 = ORIENTED_EDGE('',*,*,#3946,.T.);
#3968 = B_SPLINE_SURFACE_WITH_KNOTS('',1,1,(
    (#3969,#3970)
    ,(#3971,#3972
    )),.UNSPECIFIED.,.F.,.F.,.F.,(2,2),(2,2),(-5.371424348762E-18,1.E-03
    ),(-1.980998305391E-19,2.540648468536E-02),
  .PIECEWISE_BEZIER_KNOTS.);
#3969 = CARTESIAN_POINT('',(-0.248603951981,0.369589947213,
    0.442746794361));
#3970 = CARTESIAN_POINT('',(-0.223198106264,0.369570048852,
    0.442925879612));
#3971 = CARTESIAN_POINT('',(-0.248603951981,0.368596063478,
    0.442636362835));
#3972 = CARTESIAN_POINT('',(-0.223198106264,0.368576165117,
    0.442815448086));
#3973 = ADVANCED_FACE('',(#3974),#3984,.F.);
#3974 = FACE_BOUND('',#3975,.T.);
#3975 = EDGE_LOOP('',(#3976,#3977,#3982,#3983));
#3976 = ORIENTED_EDGE('',*,*,#1052,.T.);
#3977 = ORIENTED_EDGE('',*,*,#3978,.F.);
#3978 = EDGE_CURVE('',#3810,#1046,#3979,.T.);
#3979 = B_SPLINE_CURVE_WITH_KNOTS('',1,(#3980,#3981),.UNSPECIFIED.,.F.,
  .F.,(2,2),(-0.,9.999998807053E-04),.PIECEWISE_BEZIER_KNOTS.);
#3980 = CARTESIAN_POINT('',(-0.254708391516,0.371437668638,
    0.426117301533));
#3981 = CARTESIAN_POINT('',(-0.254708391516,0.370443785022,0.42600687002
    ));
#3982 = ORIENTED_EDGE('',*,*,#3809,.F.);
#3983 = ORIENTED_EDGE('',*,*,#3962,.T.);
#3984 = B_SPLINE_SURFACE_WITH_KNOTS('',1,1,(
    (#3985,#3986)
    ,(#3987,#3988
    )),.UNSPECIFIED.,.F.,.F.,.F.,(2,2),(2,2),(-1.038170515066E-04,
    1.771438160927E-02),(-2.843642765893E-03,0.),
  .PIECEWISE_BEZIER_KNOTS.);
#3985 = CARTESIAN_POINT('',(-0.254642597988,0.368596063478,
    0.425983012716));
#3986 = CARTESIAN_POINT('',(-0.254743781655,0.371437668638,
    0.426019702772));
#3987 = CARTESIAN_POINT('',(-0.248568561842,0.368596063478,
    0.442733961597));
#3988 = CARTESIAN_POINT('',(-0.248669745509,0.371437668638,
    0.442770651652));
#3989 = ADVANCED_FACE('',(#3990),#3996,.F.);
#3990 = FACE_BOUND('',#3991,.T.);
#3991 = EDGE_LOOP('',(#3992,#3993,#3994,#3995));
#3992 = ORIENTED_EDGE('',*,*,#1045,.T.);
#3993 = ORIENTED_EDGE('',*,*,#3884,.F.);
#3994 = ORIENTED_EDGE('',*,*,#3816,.F.);
#3995 = ORIENTED_EDGE('',*,*,#3978,.T.);
#3996 = B_SPLINE_SURFACE_WITH_KNOTS('',1,1,(
    (#3997,#3998)
    ,(#3999,#4000)),.UNSPECIFIED.,.F.,.F.,.F.,(2,2),(2,2),(-0.,1.E-03),(
    -1.975704349471E-19,8.702773759636E-03),.PIECEWISE_BEZIER_KNOTS.);
#3997 = CARTESIAN_POINT('',(-0.263410946403,0.371444484651,
    0.426055957414));
#3998 = CARTESIAN_POINT('',(-0.254708391516,0.371437668638,
    0.426117301533));
#3999 = CARTESIAN_POINT('',(-0.263410946403,0.370450600917,
    0.425945525888));
#4000 = CARTESIAN_POINT('',(-0.254708391516,0.370443784903,
    0.426006870007));
#4001 = ADVANCED_FACE('',(#4002),#4024,.T.);
#4002 = FACE_BOUND('',#4003,.T.);
#4003 = EDGE_LOOP('',(#4004,#4013,#4018,#4019));
#4004 = ORIENTED_EDGE('',*,*,#4005,.F.);
#4005 = EDGE_CURVE('',#4006,#4008,#4010,.T.);
#4006 = VERTEX_POINT('',#4007);
#4007 = CARTESIAN_POINT('',(-0.225742353105,0.367816868581,
    0.449649117992));
#4008 = VERTEX_POINT('',#4009);
#4009 = CARTESIAN_POINT('',(-0.246219870257,0.367832906977,
    0.449504772421));
#4010 = B_SPLINE_CURVE_WITH_KNOTS('',1,(#4011,#4012),.UNSPECIFIED.,.F.,
  .F.,(2,2),(-4.781109906429E-12,2.047803216662E-02),
  .PIECEWISE_BEZIER_KNOTS.);
#4011 = CARTESIAN_POINT('',(-0.225742353105,0.367816868461,
    0.449649117992));
#4012 = CARTESIAN_POINT('',(-0.246219870258,0.367832906857,
    0.449504772421));
#4013 = ORIENTED_EDGE('',*,*,#4014,.F.);
#4014 = EDGE_CURVE('',#3824,#4006,#4015,.T.);
#4015 = B_SPLINE_CURVE_WITH_KNOTS('',1,(#4016,#4017),.UNSPECIFIED.,.F.,
  .F.,(2,2),(-0.,9.999998807053E-04),.PIECEWISE_BEZIER_KNOTS.);
#4016 = CARTESIAN_POINT('',(-0.22574235311,0.368810752195,0.449759549518
    ));
#4017 = CARTESIAN_POINT('',(-0.22574235311,0.367816868579,0.449649118005
    ));
#4018 = ORIENTED_EDGE('',*,*,#3823,.T.);
#4019 = ORIENTED_EDGE('',*,*,#4020,.T.);
#4020 = EDGE_CURVE('',#3826,#4008,#4021,.T.);
#4021 = B_SPLINE_CURVE_WITH_KNOTS('',1,(#4022,#4023),.UNSPECIFIED.,.F.,
  .F.,(2,2),(-0.,9.999998807053E-04),.PIECEWISE_BEZIER_KNOTS.);
#4022 = CARTESIAN_POINT('',(-0.246219870253,0.368826790592,
    0.449615203947));
#4023 = CARTESIAN_POINT('',(-0.246219870253,0.367832906976,
    0.449504772434));
#4024 = B_SPLINE_SURFACE_WITH_KNOTS('',1,1,(
    (#4025,#4026)
    ,(#4027,#4028
    )),.UNSPECIFIED.,.F.,.F.,.F.,(2,2),(2,2),(-2.443810128274E-17,1.E-03
    ),(-2.047803216662E-02,4.781109708435E-12),
  .PIECEWISE_BEZIER_KNOTS.);
#4025 = CARTESIAN_POINT('',(-0.246219870258,0.368826790592,
    0.449615203947));
#4026 = CARTESIAN_POINT('',(-0.225742353105,0.368810752195,
    0.449759549518));
#4027 = CARTESIAN_POINT('',(-0.246219870258,0.367832906857,
    0.449504772421));
#4028 = CARTESIAN_POINT('',(-0.225742353105,0.367816868461,
    0.449649117992));
#4029 = ADVANCED_FACE('',(#4030),#4046,.T.);
#4030 = FACE_BOUND('',#4031,.T.);
#4031 = EDGE_LOOP('',(#4032,#4039,#4040,#4041));
#4032 = ORIENTED_EDGE('',*,*,#4033,.F.);
#4033 = EDGE_CURVE('',#4008,#4034,#4036,.T.);
#4034 = VERTEX_POINT('',#4035);
#4035 = CARTESIAN_POINT('',(-0.23718250363,0.365025248414,0.474773699492
    ));
#4036 = B_SPLINE_CURVE_WITH_KNOTS('',1,(#4037,#4038),.UNSPECIFIED.,.F.,
  .F.,(2,2),(-1.406747107661E-11,2.698287636193E-02),
  .PIECEWISE_BEZIER_KNOTS.);
#4037 = CARTESIAN_POINT('',(-0.246219870257,0.367832906859,
    0.449504772408));
#4038 = CARTESIAN_POINT('',(-0.23718250363,0.365025248295,0.474773699479
    ));
#4039 = ORIENTED_EDGE('',*,*,#4020,.F.);
#4040 = ORIENTED_EDGE('',*,*,#3864,.T.);
#4041 = ORIENTED_EDGE('',*,*,#4042,.T.);
#4042 = EDGE_CURVE('',#3856,#4034,#4043,.T.);
#4043 = B_SPLINE_CURVE_WITH_KNOTS('',1,(#4044,#4045),.UNSPECIFIED.,.F.,
  .F.,(2,2),(-0.,9.999998807054E-04),.PIECEWISE_BEZIER_KNOTS.);
#4044 = CARTESIAN_POINT('',(-0.23718250363,0.36601913203,0.474884131005)
  );
#4045 = CARTESIAN_POINT('',(-0.23718250363,0.365025248414,0.474773699492
    ));
#4046 = B_SPLINE_SURFACE_WITH_KNOTS('',1,1,(
    (#4047,#4048)
    ,(#4049,#4050
    )),.UNSPECIFIED.,.F.,.F.,.F.,(2,2),(2,2),(-2.683620448825E-02,
    1.041246064948E-04),(-3.804145266755E-03,0.),
  .PIECEWISE_BEZIER_KNOTS.);
#4047 = CARTESIAN_POINT('',(-0.23714781878,0.365025248295,0.474871877338
    ));
#4048 = CARTESIAN_POINT('',(-0.237280486133,0.368826790592,
    0.474918746839));
#4049 = CARTESIAN_POINT('',(-0.246121887754,0.365025248295,
    0.449470156574));
#4050 = CARTESIAN_POINT('',(-0.246254555107,0.368826790592,
    0.449517026075));
#4051 = ADVANCED_FACE('',(#4052),#4070,.T.);
#4052 = FACE_BOUND('',#4053,.T.);
#4053 = EDGE_LOOP('',(#4054,#4063,#4064,#4065));
#4054 = ORIENTED_EDGE('',*,*,#4055,.F.);
#4055 = EDGE_CURVE('',#4034,#4056,#4058,.T.);
#4056 = VERTEX_POINT('',#4057);
#4057 = CARTESIAN_POINT('',(-0.236261456815,0.364552596523,
    0.479027566509));
#4058 = B_SPLINE_CURVE_WITH_KNOTS('',3,(#4059,#4060,#4061,#4062),
  .UNSPECIFIED.,.F.,.F.,(4,4),(1.,2.),.PIECEWISE_BEZIER_KNOTS.);
#4059 = CARTESIAN_POINT('',(-0.23718250363,0.365025248414,0.474773699492
    ));
#4060 = CARTESIAN_POINT('',(-0.236892153137,0.364932012685,
    0.475612819975));
#4061 = CARTESIAN_POINT('',(-0.236590188708,0.364776762509,
    0.477010071553));
#4062 = CARTESIAN_POINT('',(-0.236261456815,0.364552596523,
    0.479027566509));
#4063 = ORIENTED_EDGE('',*,*,#4042,.F.);
#4064 = ORIENTED_EDGE('',*,*,#3855,.T.);
#4065 = ORIENTED_EDGE('',*,*,#4066,.T.);
#4066 = EDGE_CURVE('',#3849,#4056,#4067,.T.);
#4067 = B_SPLINE_CURVE_WITH_KNOTS('',1,(#4068,#4069),.UNSPECIFIED.,.F.,
  .F.,(2,2),(-0.,9.999998807054E-04),.PIECEWISE_BEZIER_KNOTS.);
#4068 = CARTESIAN_POINT('',(-0.236261456815,0.365546480139,
    0.479137998022));
#4069 = CARTESIAN_POINT('',(-0.236261456815,0.364552596523,
    0.479027566509));
#4070 = B_SPLINE_SURFACE_WITH_KNOTS('',3,1,(
    (#4071,#4072)
    ,(#4073,#4074)
    ,(#4075,#4076)
    ,(#4077,#4078
    )),.UNSPECIFIED.,.F.,.F.,.F.,(4,4),(2,2),(1.,2.),(0.,1.),
  .PIECEWISE_BEZIER_KNOTS.);
#4071 = CARTESIAN_POINT('',(-0.23718250363,0.36601913203,0.474884131005)
  );
#4072 = CARTESIAN_POINT('',(-0.23718250363,0.365025248414,0.474773699492
    ));
#4073 = CARTESIAN_POINT('',(-0.236892153137,0.365925896419,
    0.475723251501));
#4074 = CARTESIAN_POINT('',(-0.236892153137,0.364932012803,
    0.475612819988));
#4075 = CARTESIAN_POINT('',(-0.236590188708,0.365770646244,
    0.477120503079));
#4076 = CARTESIAN_POINT('',(-0.236590188708,0.364776762628,
    0.477010071566));
#4077 = CARTESIAN_POINT('',(-0.236261456815,0.365546480139,
    0.479137998022));
#4078 = CARTESIAN_POINT('',(-0.236261456815,0.364552596523,
    0.479027566509));
#4079 = ADVANCED_FACE('',(#4080),#4096,.T.);
#4080 = FACE_BOUND('',#4081,.T.);
#4081 = EDGE_LOOP('',(#4082,#4089,#4090,#4091));
#4082 = ORIENTED_EDGE('',*,*,#4083,.F.);
#4083 = EDGE_CURVE('',#4056,#4084,#4086,.T.);
#4084 = VERTEX_POINT('',#4085);
#4085 = CARTESIAN_POINT('',(-0.236074305097,0.364552449942,
    0.479028885738));
#4086 = B_SPLINE_CURVE_WITH_KNOTS('',1,(#4087,#4088),.UNSPECIFIED.,.F.,
  .F.,(2,2),(-5.537931085585E-17,1.871564247238E-04),
  .PIECEWISE_BEZIER_KNOTS.);
#4087 = CARTESIAN_POINT('',(-0.236261456815,0.364552596405,
    0.479027566496));
#4088 = CARTESIAN_POINT('',(-0.236074305097,0.364552449824,
    0.479028885724));
#4089 = ORIENTED_EDGE('',*,*,#4066,.F.);
#4090 = ORIENTED_EDGE('',*,*,#3848,.T.);
#4091 = ORIENTED_EDGE('',*,*,#4092,.T.);
#4092 = EDGE_CURVE('',#3840,#4084,#4093,.T.);
#4093 = B_SPLINE_CURVE_WITH_KNOTS('',1,(#4094,#4095),.UNSPECIFIED.,.F.,
  .F.,(2,2),(-0.,9.999998807054E-04),.PIECEWISE_BEZIER_KNOTS.);
#4094 = CARTESIAN_POINT('',(-0.236074305097,0.365546333558,0.47913931725
    ));
#4095 = CARTESIAN_POINT('',(-0.236074305097,0.364552449942,
    0.479028885738));
#4096 = B_SPLINE_SURFACE_WITH_KNOTS('',1,1,(
    (#4097,#4098)
    ,(#4099,#4100
    )),.UNSPECIFIED.,.F.,.F.,.F.,(2,2),(2,2),(-1.E-03,3.677660885279E-17
    ),(-5.557709304903E-17,1.871564247238E-04),
  .PIECEWISE_BEZIER_KNOTS.);
#4097 = CARTESIAN_POINT('',(-0.236261456815,0.364552596405,
    0.479027566496));
#4098 = CARTESIAN_POINT('',(-0.236074305097,0.364552449824,
    0.479028885724));
#4099 = CARTESIAN_POINT('',(-0.236261456815,0.365546480139,
    0.479137998022));
#4100 = CARTESIAN_POINT('',(-0.236074305097,0.365546333558,0.47913931725
    ));
#4101 = ADVANCED_FACE('',(#4102),#4120,.T.);
#4102 = FACE_BOUND('',#4103,.T.);
#4103 = EDGE_LOOP('',(#4104,#4113,#4114,#4115));
#4104 = ORIENTED_EDGE('',*,*,#4105,.F.);
#4105 = EDGE_CURVE('',#4084,#4106,#4108,.T.);
#4106 = VERTEX_POINT('',#4107);
#4107 = CARTESIAN_POINT('',(-0.23504585485,0.36502357483,0.47478876067)
  );
#4108 = B_SPLINE_CURVE_WITH_KNOTS('',3,(#4109,#4110,#4111,#4112),
  .UNSPECIFIED.,.F.,.F.,(4,4),(3.,4.),.PIECEWISE_BEZIER_KNOTS.);
#4109 = CARTESIAN_POINT('',(-0.236074305097,0.364552449942,
    0.479028885738));
#4110 = CARTESIAN_POINT('',(-0.2357649293,0.364755447661,0.477201905193)
  );
#4111 = CARTESIAN_POINT('',(-0.235427237468,0.364913641593,
    0.475778159805));
#4112 = CARTESIAN_POINT('',(-0.23504585485,0.36502357483,0.47478876067)
  );
#4113 = ORIENTED_EDGE('',*,*,#4092,.F.);
#4114 = ORIENTED_EDGE('',*,*,#3839,.T.);
#4115 = ORIENTED_EDGE('',*,*,#4116,.T.);
#4116 = EDGE_CURVE('',#3833,#4106,#4117,.T.);
#4117 = B_SPLINE_CURVE_WITH_KNOTS('',1,(#4118,#4119),.UNSPECIFIED.,.F.,
  .F.,(2,2),(-1.103432606035E-16,1.E-03),.PIECEWISE_BEZIER_KNOTS.);
#4118 = CARTESIAN_POINT('',(-0.23504585485,0.366017458564,0.474899192196
    ));
#4119 = CARTESIAN_POINT('',(-0.23504585485,0.36502357483,0.47478876067)
  );
#4120 = B_SPLINE_SURFACE_WITH_KNOTS('',3,1,(
    (#4121,#4122)
    ,(#4123,#4124)
    ,(#4125,#4126)
    ,(#4127,#4128
    )),.UNSPECIFIED.,.F.,.F.,.F.,(4,4),(2,2),(3.,4.),(0.,1.),
  .PIECEWISE_BEZIER_KNOTS.);
#4121 = CARTESIAN_POINT('',(-0.236074305097,0.365546333558,0.47913931725
    ));
#4122 = CARTESIAN_POINT('',(-0.236074305097,0.364552449824,
    0.479028885724));
#4123 = CARTESIAN_POINT('',(-0.2357649293,0.365749331395,0.477312336719)
  );
#4124 = CARTESIAN_POINT('',(-0.2357649293,0.364755447661,0.477201905193)
  );
#4125 = CARTESIAN_POINT('',(-0.235427237468,0.365907525327,
    0.475888591331));
#4126 = CARTESIAN_POINT('',(-0.235427237468,0.364913641593,
    0.475778159805));
#4127 = CARTESIAN_POINT('',(-0.23504585485,0.366017458564,0.474899192196
    ));
#4128 = CARTESIAN_POINT('',(-0.23504585485,0.36502357483,0.47478876067)
  );
#4129 = ADVANCED_FACE('',(#4130),#4140,.T.);
#4130 = FACE_BOUND('',#4131,.T.);
#4131 = EDGE_LOOP('',(#4132,#4137,#4138,#4139));
#4132 = ORIENTED_EDGE('',*,*,#4133,.F.);
#4133 = EDGE_CURVE('',#4106,#4006,#4134,.T.);
#4134 = B_SPLINE_CURVE_WITH_KNOTS('',1,(#4135,#4136),.UNSPECIFIED.,.F.,
  .F.,(2,2),(1.91624456554E-17,2.695105320176E-02),
  .PIECEWISE_BEZIER_KNOTS.);
#4135 = CARTESIAN_POINT('',(-0.23504585485,0.36502357483,0.47478876067)
  );
#4136 = CARTESIAN_POINT('',(-0.225742353105,0.367816868462,
    0.449649117978));
#4137 = ORIENTED_EDGE('',*,*,#4116,.F.);
#4138 = ORIENTED_EDGE('',*,*,#3832,.T.);
#4139 = ORIENTED_EDGE('',*,*,#4014,.T.);
#4140 = B_SPLINE_SURFACE_WITH_KNOTS('',1,1,(
    (#4141,#4142)
    ,(#4143,#4144
    )),.UNSPECIFIED.,.F.,.F.,.F.,(2,2),(2,2),(-2.690941620607E-02,
    1.144464833646E-17),(-9.946066822311E-04,2.795325462948E-03),
  .PIECEWISE_BEZIER_KNOTS.);
#4141 = CARTESIAN_POINT('',(-0.225842435968,0.36502357483,0.4496125317)
  );
#4142 = CARTESIAN_POINT('',(-0.225706742552,0.368810752195,
    0.449662135767));
#4143 = CARTESIAN_POINT('',(-0.235081465402,0.36502357483,0.474886174407
    ));
#4144 = CARTESIAN_POINT('',(-0.234945771986,0.368810752195,
    0.474935778474));
#4145 = ADVANCED_FACE('',(#4146),#4154,.F.);
#4146 = FACE_BOUND('',#4147,.T.);
#4147 = EDGE_LOOP('',(#4148,#4149,#4150,#4151,#4152,#4153));
#4148 = ORIENTED_EDGE('',*,*,#4005,.T.);
#4149 = ORIENTED_EDGE('',*,*,#4033,.T.);
#4150 = ORIENTED_EDGE('',*,*,#4055,.T.);
#4151 = ORIENTED_EDGE('',*,*,#4083,.T.);
#4152 = ORIENTED_EDGE('',*,*,#4105,.T.);
#4153 = ORIENTED_EDGE('',*,*,#4133,.T.);
#4154 = B_SPLINE_SURFACE_WITH_KNOTS('',1,1,(
    (#4155,#4156)
    ,(#4157,#4158
    )),.UNSPECIFIED.,.F.,.F.,.F.,(2,2),(2,2),(0.225742353105,
    0.246219870258),(0.131778038931,0.161483840814),
  .PIECEWISE_BEZIER_KNOTS.);
#4155 = CARTESIAN_POINT('',(-0.225742353105,0.364552449942,
    0.479028885738));
#4156 = CARTESIAN_POINT('',(-0.225742353105,0.367832906977,
    0.449504772421));
#4157 = CARTESIAN_POINT('',(-0.246219870258,0.364552449942,
    0.479028885738));
#4158 = CARTESIAN_POINT('',(-0.246219870258,0.367832906977,
    0.449504772421));
#4159 = ADVANCED_FACE('',(#4160),#4182,.F.);
#4160 = FACE_BOUND('',#4161,.T.);
#4161 = EDGE_LOOP('',(#4162,#4163,#4170,#4177));
#4162 = ORIENTED_EDGE('',*,*,#1096,.T.);
#4163 = ORIENTED_EDGE('',*,*,#4164,.F.);
#4164 = EDGE_CURVE('',#4165,#1088,#4167,.T.);
#4165 = VERTEX_POINT('',#4166);
#4166 = CARTESIAN_POINT('',(-5.073092347042E-02,0.381198784374,
    0.338267259913));
#4167 = B_SPLINE_CURVE_WITH_KNOTS('',1,(#4168,#4169),.UNSPECIFIED.,.F.,
  .F.,(2,2),(-0.,1.E-03),.PIECEWISE_BEZIER_KNOTS.);
#4168 = CARTESIAN_POINT('',(-5.073092347042E-02,0.381198784374,
    0.338267259913));
#4169 = CARTESIAN_POINT('',(-5.073092347042E-02,0.380204900639,
    0.338156828387));
#4170 = ORIENTED_EDGE('',*,*,#4171,.F.);
#4171 = EDGE_CURVE('',#4172,#4165,#4174,.T.);
#4172 = VERTEX_POINT('',#4173);
#4173 = CARTESIAN_POINT('',(-5.068159041529E-02,0.381966924592,
    0.331353997947));
#4174 = B_SPLINE_CURVE_WITH_KNOTS('',1,(#4175,#4176),.UNSPECIFIED.,.F.,
  .F.,(2,2),(-6.955980460136E-03,0.),.PIECEWISE_BEZIER_KNOTS.);
#4175 = CARTESIAN_POINT('',(-5.068159041529E-02,0.381966924592,
    0.331353997947));
#4176 = CARTESIAN_POINT('',(-5.073092347042E-02,0.381198784374,
    0.338267259913));
#4177 = ORIENTED_EDGE('',*,*,#4178,.T.);
#4178 = EDGE_CURVE('',#4172,#1097,#4179,.T.);
#4179 = B_SPLINE_CURVE_WITH_KNOTS('',1,(#4180,#4181),.UNSPECIFIED.,.F.,
  .F.,(2,2),(-0.,1.E-03),.PIECEWISE_BEZIER_KNOTS.);
#4180 = CARTESIAN_POINT('',(-5.068159041529E-02,0.381966924592,
    0.331353997947));
#4181 = CARTESIAN_POINT('',(-5.068159041529E-02,0.380973040857,
    0.331243566421));
#4182 = B_SPLINE_SURFACE_WITH_KNOTS('',1,1,(
    (#4183,#4184)
    ,(#4185,#4186
    )),.UNSPECIFIED.,.F.,.F.,.F.,(2,2),(2,2),(0.,7.023866741008E-03),(
    -9.938840394991E-04,7.681404540796E-04),.PIECEWISE_BEZIER_KNOTS.);
#4183 = CARTESIAN_POINT('',(-5.073170186116E-02,0.380204900639,
    0.338267254427));
#4184 = CARTESIAN_POINT('',(-5.073032187769E-02,0.381966924592,
    0.338267264154));
#4185 = CARTESIAN_POINT('',(-5.068219200802E-02,0.380204900639,
    0.33124356218));
#4186 = CARTESIAN_POINT('',(-5.068081202455E-02,0.381966924592,
    0.331243571908));
#4187 = ADVANCED_FACE('',(#4188),#4204,.F.);
#4188 = FACE_BOUND('',#4189,.T.);
#4189 = EDGE_LOOP('',(#4190,#4191,#4198,#4203));
#4190 = ORIENTED_EDGE('',*,*,#1087,.T.);
#4191 = ORIENTED_EDGE('',*,*,#4192,.F.);
#4192 = EDGE_CURVE('',#4193,#1090,#4195,.T.);
#4193 = VERTEX_POINT('',#4194);
#4194 = CARTESIAN_POINT('',(-2.579295704849E-02,0.381179252465,
    0.338443047094));
#4195 = B_SPLINE_CURVE_WITH_KNOTS('',1,(#4196,#4197),.UNSPECIFIED.,.F.,
  .F.,(2,2),(-0.,1.E-03),.PIECEWISE_BEZIER_KNOTS.);
#4196 = CARTESIAN_POINT('',(-2.579295704849E-02,0.381179252465,
    0.338443047094));
#4197 = CARTESIAN_POINT('',(-2.579295704849E-02,0.38018536873,
    0.338332615568));
#4198 = ORIENTED_EDGE('',*,*,#4199,.F.);
#4199 = EDGE_CURVE('',#4165,#4193,#4200,.T.);
#4200 = B_SPLINE_CURVE_WITH_KNOTS('',1,(#4201,#4202),.UNSPECIFIED.,.F.,
  .F.,(2,2),(-2.493859362293E-02,0.),.PIECEWISE_BEZIER_KNOTS.);
#4201 = CARTESIAN_POINT('',(-5.073092347042E-02,0.381198784374,
    0.338267259913));
#4202 = CARTESIAN_POINT('',(-2.579295704849E-02,0.381179252465,
    0.338443047094));
#4203 = ORIENTED_EDGE('',*,*,#4164,.T.);
#4204 = B_SPLINE_SURFACE_WITH_KNOTS('',1,1,(
    (#4205,#4206)
    ,(#4207,#4208
    )),.UNSPECIFIED.,.F.,.F.,.F.,(2,2),(2,2),(-1.E-03,1.256478044068E-17
    ),(-2.493859362293E-02,1.935470284476E-19),
  .PIECEWISE_BEZIER_KNOTS.);
#4205 = CARTESIAN_POINT('',(-5.073092347042E-02,0.380204900639,
    0.338156828387));
#4206 = CARTESIAN_POINT('',(-2.579295704849E-02,0.38018536873,
    0.338332615568));
#4207 = CARTESIAN_POINT('',(-5.073092347042E-02,0.381198784374,
    0.338267259913));
#4208 = CARTESIAN_POINT('',(-2.579295704849E-02,0.381179252465,
    0.338443047094));
#4209 = ADVANCED_FACE('',(#4210),#4226,.F.);
#4210 = FACE_BOUND('',#4211,.T.);
#4211 = EDGE_LOOP('',(#4212,#4213,#4220,#4225));
#4212 = ORIENTED_EDGE('',*,*,#1166,.T.);
#4213 = ORIENTED_EDGE('',*,*,#4214,.F.);
#4214 = EDGE_CURVE('',#4215,#1160,#4217,.T.);
#4215 = VERTEX_POINT('',#4216);
#4216 = CARTESIAN_POINT('',(-2.593852274481E-02,0.378912722134,
    0.358841820071));
#4217 = B_SPLINE_CURVE_WITH_KNOTS('',1,(#4218,#4219),.UNSPECIFIED.,.F.,
  .F.,(2,2),(-0.,1.E-03),.PIECEWISE_BEZIER_KNOTS.);
#4218 = CARTESIAN_POINT('',(-2.593852274481E-02,0.378912722134,
    0.358841820071));
#4219 = CARTESIAN_POINT('',(-2.593852274481E-02,0.377918838399,
    0.358731388545));
#4220 = ORIENTED_EDGE('',*,*,#4221,.F.);
#4221 = EDGE_CURVE('',#4193,#4215,#4222,.T.);
#4222 = B_SPLINE_CURVE_WITH_KNOTS('',1,(#4223,#4224),.UNSPECIFIED.,.F.,
  .F.,(2,2),(-2.052482126799E-02,0.),.PIECEWISE_BEZIER_KNOTS.);
#4223 = CARTESIAN_POINT('',(-2.579295704849E-02,0.381179252465,
    0.338443047094));
#4224 = CARTESIAN_POINT('',(-2.593852274481E-02,0.378912722134,
    0.358841820071));
#4225 = ORIENTED_EDGE('',*,*,#4192,.T.);
#4226 = B_SPLINE_SURFACE_WITH_KNOTS('',1,1,(
    (#4227,#4228)
    ,(#4229,#4230
    )),.UNSPECIFIED.,.F.,.F.,.F.,(2,2),(2,2),(0.,2.050972105444E-02),(
    -9.938840394991E-04,2.266531025935E-03),.PIECEWISE_BEZIER_KNOTS.);
#4227 = CARTESIAN_POINT('',(-2.593930113555E-02,0.377918838399,
    0.358841814584));
#4228 = CARTESIAN_POINT('',(-2.593674764159E-02,0.381179252465,
    0.358841832584));
#4229 = CARTESIAN_POINT('',(-2.579473215171E-02,0.377918838399,
    0.338332603055));
#4230 = CARTESIAN_POINT('',(-2.579217865775E-02,0.381179252465,
    0.338332621055));
#4231 = ADVANCED_FACE('',(#4232),#4248,.F.);
#4232 = FACE_BOUND('',#4233,.T.);
#4233 = EDGE_LOOP('',(#4234,#4235,#4242,#4247));
#4234 = ORIENTED_EDGE('',*,*,#1159,.T.);
#4235 = ORIENTED_EDGE('',*,*,#4236,.F.);
#4236 = EDGE_CURVE('',#4237,#1153,#4239,.T.);
#4237 = VERTEX_POINT('',#4238);
#4238 = CARTESIAN_POINT('',(-4.775729386696E-02,0.378929811027,
    0.35868802003));
#4239 = B_SPLINE_CURVE_WITH_KNOTS('',1,(#4240,#4241),.UNSPECIFIED.,.F.,
  .F.,(2,2),(-0.,1.E-03),.PIECEWISE_BEZIER_KNOTS.);
#4240 = CARTESIAN_POINT('',(-4.775729386696E-02,0.378929811027,
    0.35868802003));
#4241 = CARTESIAN_POINT('',(-4.775729386696E-02,0.377935927293,
    0.358577588504));
#4242 = ORIENTED_EDGE('',*,*,#4243,.F.);
#4243 = EDGE_CURVE('',#4215,#4237,#4244,.T.);
#4244 = B_SPLINE_CURVE_WITH_KNOTS('',1,(#4245,#4246),.UNSPECIFIED.,.F.,
  .F.,(2,2),(-2.1819319874E-02,0.),.PIECEWISE_BEZIER_KNOTS.);
#4245 = CARTESIAN_POINT('',(-2.593852274481E-02,0.378912722134,
    0.358841820071));
#4246 = CARTESIAN_POINT('',(-4.775729386696E-02,0.378929811027,
    0.35868802003));
#4247 = ORIENTED_EDGE('',*,*,#4214,.T.);
#4248 = B_SPLINE_SURFACE_WITH_KNOTS('',1,1,(
    (#4249,#4250)
    ,(#4251,#4252)),.UNSPECIFIED.,.F.,.F.,.F.,(2,2),(2,2),(0.,1.E-03),(
    -1.976763140655E-19,2.1819319874E-02),.PIECEWISE_BEZIER_KNOTS.);
#4249 = CARTESIAN_POINT('',(-4.775729386696E-02,0.378929811027,
    0.35868802003));
#4250 = CARTESIAN_POINT('',(-2.593852274481E-02,0.378912722134,
    0.358841820071));
#4251 = CARTESIAN_POINT('',(-4.775729386696E-02,0.377935927293,
    0.358577588504));
#4252 = CARTESIAN_POINT('',(-2.593852274481E-02,0.377918838399,
    0.358731388545));
#4253 = ADVANCED_FACE('',(#4254),#4270,.F.);
#4254 = FACE_BOUND('',#4255,.T.);
#4255 = EDGE_LOOP('',(#4256,#4257,#4264,#4269));
#4256 = ORIENTED_EDGE('',*,*,#1152,.T.);
#4257 = ORIENTED_EDGE('',*,*,#4258,.F.);
#4258 = EDGE_CURVE('',#4259,#1146,#4261,.T.);
#4259 = VERTEX_POINT('',#4260);
#4260 = CARTESIAN_POINT('',(-4.780684814656E-02,0.378158226234,
    0.365632283171));
#4261 = B_SPLINE_CURVE_WITH_KNOTS('',1,(#4262,#4263),.UNSPECIFIED.,.F.,
  .F.,(2,2),(-0.,1.E-03),.PIECEWISE_BEZIER_KNOTS.);
#4262 = CARTESIAN_POINT('',(-4.780684814656E-02,0.378158226234,
    0.365632283171));
#4263 = CARTESIAN_POINT('',(-4.780684814656E-02,0.377164342499,
    0.365521851645));
#4264 = ORIENTED_EDGE('',*,*,#4265,.F.);
#4265 = EDGE_CURVE('',#4237,#4259,#4266,.T.);
#4266 = B_SPLINE_CURVE_WITH_KNOTS('',1,(#4267,#4268),.UNSPECIFIED.,.F.,
  .F.,(2,2),(-6.987173197589E-03,0.),.PIECEWISE_BEZIER_KNOTS.);
#4267 = CARTESIAN_POINT('',(-4.775729386696E-02,0.378929811027,
    0.35868802003));
#4268 = CARTESIAN_POINT('',(-4.780684814656E-02,0.378158226234,
    0.365632283171));
#4269 = ORIENTED_EDGE('',*,*,#4236,.T.);
#4270 = B_SPLINE_SURFACE_WITH_KNOTS('',1,1,(
    (#4271,#4272)
    ,(#4273,#4274
    )),.UNSPECIFIED.,.F.,.F.,.F.,(2,2),(2,2),(0.,7.054868704911E-03),(
    -9.938840394991E-04,7.715850301028E-04),.PIECEWISE_BEZIER_KNOTS.);
#4271 = CARTESIAN_POINT('',(-4.78076265373E-02,0.377164342499,
    0.365632277684));
#4272 = CARTESIAN_POINT('',(-4.78062438561E-02,0.378929811027,
    0.365632287431));
#4273 = CARTESIAN_POINT('',(-4.775789815742E-02,0.377164342499,
    0.358577584244));
#4274 = CARTESIAN_POINT('',(-4.775651547623E-02,0.378929811027,
    0.358577593991));
#4275 = ADVANCED_FACE('',(#4276),#4292,.F.);
#4276 = FACE_BOUND('',#4277,.T.);
#4277 = EDGE_LOOP('',(#4278,#4279,#4286,#4291));
#4278 = ORIENTED_EDGE('',*,*,#1145,.T.);
#4279 = ORIENTED_EDGE('',*,*,#4280,.F.);
#4280 = EDGE_CURVE('',#4281,#1139,#4283,.T.);
#4281 = VERTEX_POINT('',#4282);
#4282 = CARTESIAN_POINT('',(-2.598807702441E-02,0.37814113734,
    0.365786083212));
#4283 = B_SPLINE_CURVE_WITH_KNOTS('',1,(#4284,#4285),.UNSPECIFIED.,.F.,
  .F.,(2,2),(-0.,1.E-03),.PIECEWISE_BEZIER_KNOTS.);
#4284 = CARTESIAN_POINT('',(-2.598807702441E-02,0.37814113734,
    0.365786083212));
#4285 = CARTESIAN_POINT('',(-2.598807702441E-02,0.377147253606,
    0.365675651686));
#4286 = ORIENTED_EDGE('',*,*,#4287,.F.);
#4287 = EDGE_CURVE('',#4259,#4281,#4288,.T.);
#4288 = B_SPLINE_CURVE_WITH_KNOTS('',1,(#4289,#4290),.UNSPECIFIED.,.F.,
  .F.,(2,2),(-2.1819319874E-02,0.),.PIECEWISE_BEZIER_KNOTS.);
#4289 = CARTESIAN_POINT('',(-4.780684814656E-02,0.378158226234,
    0.365632283171));
#4290 = CARTESIAN_POINT('',(-2.598807702441E-02,0.37814113734,
    0.365786083212));
#4291 = ORIENTED_EDGE('',*,*,#4258,.T.);
#4292 = B_SPLINE_SURFACE_WITH_KNOTS('',1,1,(
    (#4293,#4294)
    ,(#4295,#4296
    )),.UNSPECIFIED.,.F.,.F.,.F.,(2,2),(2,2),(-1.E-03,3.046017894269E-17
    ),(-2.1819319874E-02,1.932293910924E-19),.PIECEWISE_BEZIER_KNOTS.);
#4293 = CARTESIAN_POINT('',(-4.780684814656E-02,0.377164342499,
    0.365521851645));
#4294 = CARTESIAN_POINT('',(-2.598807702441E-02,0.377147253606,
    0.365675651686));
#4295 = CARTESIAN_POINT('',(-4.780684814656E-02,0.378158226234,
    0.365632283171));
#4296 = CARTESIAN_POINT('',(-2.598807702441E-02,0.37814113734,
    0.365786083212));
#4297 = ADVANCED_FACE('',(#4298),#4314,.F.);
#4298 = FACE_BOUND('',#4299,.T.);
#4299 = EDGE_LOOP('',(#4300,#4301,#4308,#4313));
#4300 = ORIENTED_EDGE('',*,*,#1138,.T.);
#4301 = ORIENTED_EDGE('',*,*,#4302,.F.);
#4302 = EDGE_CURVE('',#4303,#1132,#4305,.T.);
#4303 = VERTEX_POINT('',#4304);
#4304 = CARTESIAN_POINT('',(-2.612656353793E-02,0.375984833409,
    0.385192818598));
#4305 = B_SPLINE_CURVE_WITH_KNOTS('',1,(#4306,#4307),.UNSPECIFIED.,.F.,
  .F.,(2,2),(-0.,1.E-03),.PIECEWISE_BEZIER_KNOTS.);
#4306 = CARTESIAN_POINT('',(-2.612656353793E-02,0.375984833409,
    0.385192818598));
#4307 = CARTESIAN_POINT('',(-2.612656353793E-02,0.374990949674,
    0.385082387072));
#4308 = ORIENTED_EDGE('',*,*,#4309,.F.);
#4309 = EDGE_CURVE('',#4281,#4303,#4310,.T.);
#4310 = B_SPLINE_CURVE_WITH_KNOTS('',1,(#4311,#4312),.UNSPECIFIED.,.F.,
  .F.,(2,2),(-1.952665366864E-02,0.),.PIECEWISE_BEZIER_KNOTS.);
#4311 = CARTESIAN_POINT('',(-2.598807702441E-02,0.37814113734,
    0.365786083212));
#4312 = CARTESIAN_POINT('',(-2.612656353793E-02,0.375984833409,
    0.385192818598));
#4313 = ORIENTED_EDGE('',*,*,#4280,.T.);
#4314 = B_SPLINE_SURFACE_WITH_KNOTS('',1,1,(
    (#4315,#4316)
    ,(#4317,#4318
    )),.UNSPECIFIED.,.F.,.F.,.F.,(2,2),(2,2),(0.,1.95176582087E-02),(
    -9.938840394991E-04,2.156304593097E-03),.PIECEWISE_BEZIER_KNOTS.);
#4315 = CARTESIAN_POINT('',(-2.612734192866E-02,0.374990949674,
    0.385192813111));
#4316 = CARTESIAN_POINT('',(-2.612487476192E-02,0.37814113734,
    0.385192830502));
#4317 = CARTESIAN_POINT('',(-2.598976580042E-02,0.374990949674,
    0.365675639782));
#4318 = CARTESIAN_POINT('',(-2.598729863367E-02,0.37814113734,
    0.365675657173));
#4319 = ADVANCED_FACE('',(#4320),#4336,.F.);
#4320 = FACE_BOUND('',#4321,.T.);
#4321 = EDGE_LOOP('',(#4322,#4323,#4330,#4335));
#4322 = ORIENTED_EDGE('',*,*,#1131,.T.);
#4323 = ORIENTED_EDGE('',*,*,#4324,.F.);
#4324 = EDGE_CURVE('',#4325,#1125,#4327,.T.);
#4325 = VERTEX_POINT('',#4326);
#4326 = CARTESIAN_POINT('',(-4.967648805137E-02,0.376003278176,
    0.385026815695));
#4327 = B_SPLINE_CURVE_WITH_KNOTS('',1,(#4328,#4329),.UNSPECIFIED.,.F.,
  .F.,(2,2),(-0.,1.E-03),.PIECEWISE_BEZIER_KNOTS.);
#4328 = CARTESIAN_POINT('',(-4.967648805137E-02,0.376003278176,
    0.385026815695));
#4329 = CARTESIAN_POINT('',(-4.967648805137E-02,0.375009394441,
    0.384916384168));
#4330 = ORIENTED_EDGE('',*,*,#4331,.F.);
#4331 = EDGE_CURVE('',#4303,#4325,#4332,.T.);
#4332 = B_SPLINE_CURVE_WITH_KNOTS('',1,(#4333,#4334),.UNSPECIFIED.,.F.,
  .F.,(2,2),(-2.355051680456E-02,0.),.PIECEWISE_BEZIER_KNOTS.);
#4333 = CARTESIAN_POINT('',(-2.612656353793E-02,0.375984833409,
    0.385192818598));
#4334 = CARTESIAN_POINT('',(-4.967648805137E-02,0.376003278176,
    0.385026815695));
#4335 = ORIENTED_EDGE('',*,*,#4302,.T.);
#4336 = B_SPLINE_SURFACE_WITH_KNOTS('',1,1,(
    (#4337,#4338)
    ,(#4339,#4340
    )),.UNSPECIFIED.,.F.,.F.,.F.,(2,2),(2,2),(-1.739598818614E-17,1.E-03
    ),(-1.978880723023E-19,2.355051680456E-02),
  .PIECEWISE_BEZIER_KNOTS.);
#4337 = CARTESIAN_POINT('',(-4.967648805137E-02,0.376003278176,
    0.385026815695));
#4338 = CARTESIAN_POINT('',(-2.612656353793E-02,0.375984833409,
    0.385192818598));
#4339 = CARTESIAN_POINT('',(-4.967648805137E-02,0.375009394441,
    0.384916384168));
#4340 = CARTESIAN_POINT('',(-2.612656353793E-02,0.374990949674,
    0.385082387072));
#4341 = ADVANCED_FACE('',(#4342),#4358,.F.);
#4342 = FACE_BOUND('',#4343,.T.);
#4343 = EDGE_LOOP('',(#4344,#4345,#4352,#4357));
#4344 = ORIENTED_EDGE('',*,*,#1124,.T.);
#4345 = ORIENTED_EDGE('',*,*,#4346,.F.);
#4346 = EDGE_CURVE('',#4347,#1118,#4349,.T.);
#4347 = VERTEX_POINT('',#4348);
#4348 = CARTESIAN_POINT('',(-4.972626355543E-02,0.375228248807,
    0.39200208001));
#4349 = B_SPLINE_CURVE_WITH_KNOTS('',1,(#4350,#4351),.UNSPECIFIED.,.F.,
  .F.,(2,2),(-0.,1.E-03),.PIECEWISE_BEZIER_KNOTS.);
#4350 = CARTESIAN_POINT('',(-4.972626355543E-02,0.375228248807,
    0.39200208001));
#4351 = CARTESIAN_POINT('',(-4.972626355543E-02,0.374234365073,
    0.391891648484));
#4352 = ORIENTED_EDGE('',*,*,#4353,.F.);
#4353 = EDGE_CURVE('',#4325,#4347,#4354,.T.);
#4354 = B_SPLINE_CURVE_WITH_KNOTS('',1,(#4355,#4356),.UNSPECIFIED.,.F.,
  .F.,(2,2),(-7.018365935043E-03,0.),.PIECEWISE_BEZIER_KNOTS.);
#4355 = CARTESIAN_POINT('',(-4.967648805137E-02,0.376003278176,
    0.385026815695));
#4356 = CARTESIAN_POINT('',(-4.972626355543E-02,0.375228248807,
    0.39200208001));
#4357 = ORIENTED_EDGE('',*,*,#4324,.T.);
#4358 = B_SPLINE_SURFACE_WITH_KNOTS('',1,1,(
    (#4359,#4360)
    ,(#4361,#4362
    )),.UNSPECIFIED.,.F.,.F.,.F.,(2,2),(2,2),(0.,7.085870668814E-03),(
    -9.938840394991E-04,7.750296061261E-04),.PIECEWISE_BEZIER_KNOTS.);
#4359 = CARTESIAN_POINT('',(-4.972704194616E-02,0.374234365073,
    0.392002074523));
#4360 = CARTESIAN_POINT('',(-4.972565656725E-02,0.376003278176,
    0.392002084289));
#4361 = CARTESIAN_POINT('',(-4.967709503955E-02,0.374234365073,
    0.38491637989));
#4362 = CARTESIAN_POINT('',(-4.967570966063E-02,0.376003278176,
    0.384916389655));
#4363 = ADVANCED_FACE('',(#4364),#4380,.F.);
#4364 = FACE_BOUND('',#4365,.T.);
#4365 = EDGE_LOOP('',(#4366,#4367,#4374,#4379));
#4366 = ORIENTED_EDGE('',*,*,#1117,.T.);
#4367 = ORIENTED_EDGE('',*,*,#4368,.F.);
#4368 = EDGE_CURVE('',#4369,#1111,#4371,.T.);
#4369 = VERTEX_POINT('',#4370);
#4370 = CARTESIAN_POINT('',(-1.830037091004E-02,0.375203635426,
    0.392223600441));
#4371 = B_SPLINE_CURVE_WITH_KNOTS('',1,(#4372,#4373),.UNSPECIFIED.,.F.,
  .F.,(2,2),(-0.,1.E-03),.PIECEWISE_BEZIER_KNOTS.);
#4372 = CARTESIAN_POINT('',(-1.830037091004E-02,0.375203635426,
    0.392223600441));
#4373 = CARTESIAN_POINT('',(-1.830037091004E-02,0.374209751691,
    0.392113168915));
#4374 = ORIENTED_EDGE('',*,*,#4375,.F.);
#4375 = EDGE_CURVE('',#4347,#4369,#4376,.T.);
#4376 = B_SPLINE_CURVE_WITH_KNOTS('',1,(#4377,#4378),.UNSPECIFIED.,.F.,
  .F.,(2,2),(-3.142668302063E-02,0.),.PIECEWISE_BEZIER_KNOTS.);
#4377 = CARTESIAN_POINT('',(-4.972626355543E-02,0.375228248807,
    0.39200208001));
#4378 = CARTESIAN_POINT('',(-1.830037091004E-02,0.375203635426,
    0.392223600441));
#4379 = ORIENTED_EDGE('',*,*,#4346,.T.);
#4380 = B_SPLINE_SURFACE_WITH_KNOTS('',1,1,(
    (#4381,#4382)
    ,(#4383,#4384
    )),.UNSPECIFIED.,.F.,.F.,.F.,(2,2),(2,2),(-1.E-03,2.52652987507E-17)
  ,(-3.142668302063E-02,2.168404344971E-22),.PIECEWISE_BEZIER_KNOTS.);
#4381 = CARTESIAN_POINT('',(-4.972626355543E-02,0.374234365073,
    0.391891648484));
#4382 = CARTESIAN_POINT('',(-1.830037091004E-02,0.374209751691,
    0.392113168915));
#4383 = CARTESIAN_POINT('',(-4.972626355543E-02,0.375228248807,
    0.39200208001));
#4384 = CARTESIAN_POINT('',(-1.830037091004E-02,0.375203635426,
    0.392223600441));
#4385 = ADVANCED_FACE('',(#4386),#4402,.F.);
#4386 = FACE_BOUND('',#4387,.T.);
#4387 = EDGE_LOOP('',(#4388,#4389,#4396,#4401));
#4388 = ORIENTED_EDGE('',*,*,#1110,.T.);
#4389 = ORIENTED_EDGE('',*,*,#4390,.F.);
#4390 = EDGE_CURVE('',#4391,#1104,#4393,.T.);
#4391 = VERTEX_POINT('',#4392);
#4392 = CARTESIAN_POINT('',(-1.786765586141E-02,0.381941224069,
    0.331585302655));
#4393 = B_SPLINE_CURVE_WITH_KNOTS('',1,(#4394,#4395),.UNSPECIFIED.,.F.,
  .F.,(2,2),(-0.,9.999998807054E-04),.PIECEWISE_BEZIER_KNOTS.);
#4394 = CARTESIAN_POINT('',(-1.786765586141E-02,0.381941224069,
    0.331585302655));
#4395 = CARTESIAN_POINT('',(-1.786765586141E-02,0.380947340453,
    0.331474871142));
#4396 = ORIENTED_EDGE('',*,*,#4397,.F.);
#4397 = EDGE_CURVE('',#4369,#4391,#4398,.T.);
#4398 = B_SPLINE_CURVE_WITH_KNOTS('',1,(#4399,#4400),.UNSPECIFIED.,.F.,
  .F.,(2,2),(-6.10129945294E-02,0.),.PIECEWISE_BEZIER_KNOTS.);
#4399 = CARTESIAN_POINT('',(-1.830037091004E-02,0.375203635426,
    0.392223600441));
#4400 = CARTESIAN_POINT('',(-1.786765586141E-02,0.381941224069,
    0.331585302655));
#4401 = ORIENTED_EDGE('',*,*,#4368,.T.);
#4402 = B_SPLINE_SURFACE_WITH_KNOTS('',1,1,(
    (#4403,#4404)
    ,(#4405,#4406
    )),.UNSPECIFIED.,.F.,.F.,.F.,(2,2),(2,2),(-1.104287826111E-04,
    6.063984146482E-02),(-7.73147474884E-03,0.),
  .PIECEWISE_BEZIER_KNOTS.);
#4403 = CARTESIAN_POINT('',(-1.7872932612E-02,0.374209751691,
    0.331474833933));
#4404 = CARTESIAN_POINT('',(-1.786687747067E-02,0.381941224069,
    0.331474876615));
#4405 = CARTESIAN_POINT('',(-1.830114930077E-02,0.374209751691,
    0.392223594954));
#4406 = CARTESIAN_POINT('',(-1.829509415944E-02,0.381941224069,
    0.392223637637));
#4407 = ADVANCED_FACE('',(#4408),#4418,.F.);
#4408 = FACE_BOUND('',#4409,.T.);
#4409 = EDGE_LOOP('',(#4410,#4411,#4412,#4417));
#4410 = ORIENTED_EDGE('',*,*,#1103,.T.);
#4411 = ORIENTED_EDGE('',*,*,#4178,.F.);
#4412 = ORIENTED_EDGE('',*,*,#4413,.F.);
#4413 = EDGE_CURVE('',#4391,#4172,#4414,.T.);
#4414 = B_SPLINE_CURVE_WITH_KNOTS('',1,(#4415,#4416),.UNSPECIFIED.,.F.,
  .F.,(2,2),(-3.2814759839E-02,0.),.PIECEWISE_BEZIER_KNOTS.);
#4415 = CARTESIAN_POINT('',(-1.786765586141E-02,0.381941224069,
    0.331585302655));
#4416 = CARTESIAN_POINT('',(-5.068159041529E-02,0.381966924592,
    0.331353997947));
#4417 = ORIENTED_EDGE('',*,*,#4390,.T.);
#4418 = B_SPLINE_SURFACE_WITH_KNOTS('',1,1,(
    (#4419,#4420)
    ,(#4421,#4422
    )),.UNSPECIFIED.,.F.,.F.,.F.,(2,2),(2,2),(-1.716986264353E-17,1.E-03
    ),(-1.084202172486E-22,3.2814759839E-02),.PIECEWISE_BEZIER_KNOTS.);
#4419 = CARTESIAN_POINT('',(-5.068159041529E-02,0.381966924592,
    0.331353997947));
#4420 = CARTESIAN_POINT('',(-1.786765586141E-02,0.381941224069,
    0.331585302655));
#4421 = CARTESIAN_POINT('',(-5.068159041529E-02,0.380973040857,
    0.331243566421));
#4422 = CARTESIAN_POINT('',(-1.786765586141E-02,0.380947340334,
    0.331474871129));
#4423 = ADVANCED_FACE('',(#4424),#4438,.F.);
#4424 = FACE_BOUND('',#4425,.T.);
#4425 = EDGE_LOOP('',(#4426,#4427,#4428,#4429,#4430,#4431,#4432,#4433,
    #4434,#4435,#4436,#4437));
#4426 = ORIENTED_EDGE('',*,*,#4171,.T.);
#4427 = ORIENTED_EDGE('',*,*,#4199,.T.);
#4428 = ORIENTED_EDGE('',*,*,#4221,.T.);
#4429 = ORIENTED_EDGE('',*,*,#4243,.T.);
#4430 = ORIENTED_EDGE('',*,*,#4265,.T.);
#4431 = ORIENTED_EDGE('',*,*,#4287,.T.);
#4432 = ORIENTED_EDGE('',*,*,#4309,.T.);
#4433 = ORIENTED_EDGE('',*,*,#4331,.T.);
#4434 = ORIENTED_EDGE('',*,*,#4353,.T.);
#4435 = ORIENTED_EDGE('',*,*,#4375,.T.);
#4436 = ORIENTED_EDGE('',*,*,#4397,.T.);
#4437 = ORIENTED_EDGE('',*,*,#4413,.T.);
#4438 = B_SPLINE_SURFACE_WITH_KNOTS('',1,1,(
    (#4439,#4440)
    ,(#4441,#4442
    )),.UNSPECIFIED.,.F.,.F.,.F.,(2,2),(2,2),(-0.348389417286,
    -0.287145229088),(-5.073092347042E-02,-1.786765586141E-02),
  .PIECEWISE_BEZIER_KNOTS.);
#4439 = CARTESIAN_POINT('',(-5.073092347042E-02,0.375203635426,
    0.392223600441));
#4440 = CARTESIAN_POINT('',(-1.786765586141E-02,0.375203635426,
    0.392223600441));
#4441 = CARTESIAN_POINT('',(-5.073092347042E-02,0.381966924592,
    0.331353997947));
#4442 = CARTESIAN_POINT('',(-1.786765586141E-02,0.381966924592,
    0.331353997947));
#4443 = ADVANCED_FACE('',(#4444,#4560),#4630,.T.);
#4444 = FACE_BOUND('',#4445,.T.);
#4445 = EDGE_LOOP('',(#4446,#4457,#4464,#4473,#4482,#4489,#4498,#4507,
    #4516,#4525,#4532,#4539,#4546,#4553));
#4446 = ORIENTED_EDGE('',*,*,#4447,.T.);
#4447 = EDGE_CURVE('',#4448,#4450,#4452,.T.);
#4448 = VERTEX_POINT('',#4449);
#4449 = CARTESIAN_POINT('',(-7.757326412652E-02,0.377065441451,
    0.375467346218));
#4450 = VERTEX_POINT('',#4451);
#4451 = CARTESIAN_POINT('',(-6.254117555422E-02,0.377501485293,
    0.371542951643));
#4452 = B_SPLINE_CURVE_WITH_KNOTS('',3,(#4453,#4454,#4455,#4456),
  .UNSPECIFIED.,.F.,.F.,(4,4),(0.,1.),.PIECEWISE_BEZIER_KNOTS.);
#4453 = CARTESIAN_POINT('',(-7.757326412652E-02,0.377065441451,
    0.375467346218));
#4454 = CARTESIAN_POINT('',(-7.189632868091E-02,0.377060995163,
    0.375507362812));
#4455 = CARTESIAN_POINT('',(-6.688050757273E-02,0.377205190847,
    0.374209601657));
#4456 = CARTESIAN_POINT('',(-6.254117555422E-02,0.377501485293,
    0.371542951643));
#4457 = ORIENTED_EDGE('',*,*,#4458,.T.);
#4458 = EDGE_CURVE('',#4450,#4459,#4461,.T.);
#4459 = VERTEX_POINT('',#4460);
#4460 = CARTESIAN_POINT('',(-6.248852413214E-02,0.378321294136,
    0.364164672056));
#4461 = B_SPLINE_CURVE_WITH_KNOTS('',1,(#4462,#4463),.UNSPECIFIED.,.F.,
  .F.,(2,2),(-7.423871522777E-03,0.),.PIECEWISE_BEZIER_KNOTS.);
#4462 = CARTESIAN_POINT('',(-6.254117555422E-02,0.377501485293,
    0.371542951643));
#4463 = CARTESIAN_POINT('',(-6.248852413214E-02,0.378321294136,
    0.364164672056));
#4464 = ORIENTED_EDGE('',*,*,#4465,.T.);
#4465 = EDGE_CURVE('',#4459,#4466,#4468,.T.);
#4466 = VERTEX_POINT('',#4467);
#4467 = CARTESIAN_POINT('',(-7.681182553951E-02,0.377750349976,
    0.369303169488));
#4468 = B_SPLINE_CURVE_WITH_KNOTS('',3,(#4469,#4470,#4471,#4472),
  .UNSPECIFIED.,.F.,.F.,(4,4),(12.,13.),.PIECEWISE_BEZIER_KNOTS.);
#4469 = CARTESIAN_POINT('',(-6.248852413214E-02,0.378321294136,
    0.364164672056));
#4470 = CARTESIAN_POINT('',(-6.681779078574E-02,0.3779388731,
    0.367606461374));
#4471 = CARTESIAN_POINT('',(-7.158717341228E-02,0.377746257926,
    0.369339997946));
#4472 = CARTESIAN_POINT('',(-7.681182553951E-02,0.377750349976,
    0.369303169488));
#4473 = ORIENTED_EDGE('',*,*,#4474,.T.);
#4474 = EDGE_CURVE('',#4466,#4475,#4477,.T.);
#4475 = VERTEX_POINT('',#4476);
#4476 = CARTESIAN_POINT('',(-8.556348947169E-02,0.37893530835,
    0.358638544123));
#4477 = B_SPLINE_CURVE_WITH_KNOTS('',3,(#4478,#4479,#4480,#4481),
  .UNSPECIFIED.,.F.,.F.,(4,4),(11.,12.),.PIECEWISE_BEZIER_KNOTS.);
#4478 = CARTESIAN_POINT('',(-7.681182553951E-02,0.377750349976,
    0.369303169488));
#4479 = CARTESIAN_POINT('',(-8.269150867958E-02,0.377754955061,
    0.36926172373));
#4480 = CARTESIAN_POINT('',(-8.561392864913E-02,0.378149945257,
    0.365706811963));
#4481 = CARTESIAN_POINT('',(-8.556348947169E-02,0.37893530835,
    0.358638544123));
#4482 = ORIENTED_EDGE('',*,*,#4483,.T.);
#4483 = EDGE_CURVE('',#4475,#4484,#4486,.T.);
#4484 = VERTEX_POINT('',#4485);
#4485 = CARTESIAN_POINT('',(-7.263718991166E-02,0.379124979615,
    0.356931502745));
#4486 = B_SPLINE_CURVE_WITH_KNOTS('',1,(#4487,#4488),.UNSPECIFIED.,.F.,
  .F.,(2,2),(-1.303990742941E-02,0.),.PIECEWISE_BEZIER_KNOTS.);
#4487 = CARTESIAN_POINT('',(-8.556348947169E-02,0.37893530835,
    0.358638544123));
#4488 = CARTESIAN_POINT('',(-7.263718991166E-02,0.379124979615,
    0.356931502745));
#4489 = ORIENTED_EDGE('',*,*,#4490,.T.);
#4490 = EDGE_CURVE('',#4484,#4491,#4493,.T.);
#4491 = VERTEX_POINT('',#4492);
#4492 = CARTESIAN_POINT('',(-5.807884134226E-02,0.380684382424,
    0.342896877457));
#4493 = B_SPLINE_CURVE_WITH_KNOTS('',3,(#4494,#4495,#4496,#4497),
  .UNSPECIFIED.,.F.,.F.,(4,4),(9.,10.),.PIECEWISE_BEZIER_KNOTS.);
#4494 = CARTESIAN_POINT('',(-7.263718991166E-02,0.379124979615,
    0.356931502745));
#4495 = CARTESIAN_POINT('',(-6.298936378358E-02,0.37926554742,
    0.355666392493));
#4496 = CARTESIAN_POINT('',(-5.813658092697E-02,0.379785348357,
    0.350988184063));
#4497 = CARTESIAN_POINT('',(-5.807884134226E-02,0.380684382424,
    0.342896877457));
#4498 = ORIENTED_EDGE('',*,*,#4499,.T.);
#4499 = EDGE_CURVE('',#4491,#4500,#4502,.T.);
#4500 = VERTEX_POINT('',#4501);
#4501 = CARTESIAN_POINT('',(-6.175617203676E-02,0.381710352809,
    0.333663143992));
#4502 = B_SPLINE_CURVE_WITH_KNOTS('',3,(#4503,#4504,#4505,#4506),
  .UNSPECIFIED.,.F.,.F.,(4,4),(8.,9.),.PIECEWISE_BEZIER_KNOTS.);
#4503 = CARTESIAN_POINT('',(-5.807884134226E-02,0.380684382424,
    0.342896877457));
#4504 = CARTESIAN_POINT('',(-5.805118828445E-02,0.381114954296,
    0.339021730614));
#4505 = CARTESIAN_POINT('',(-5.927696518261E-02,0.381456944424,
    0.335943819459));
#4506 = CARTESIAN_POINT('',(-6.175617203676E-02,0.381710352809,
    0.333663143992));
#4507 = ORIENTED_EDGE('',*,*,#4508,.T.);
#4508 = EDGE_CURVE('',#4500,#4509,#4511,.T.);
#4509 = VERTEX_POINT('',#4510);
#4510 = CARTESIAN_POINT('',(-7.180683816418E-02,0.382097146996,
    0.330181996311));
#4511 = B_SPLINE_CURVE_WITH_KNOTS('',3,(#4512,#4513,#4514,#4515),
  .UNSPECIFIED.,.F.,.F.,(4,4),(7.,8.),.PIECEWISE_BEZIER_KNOTS.);
#4512 = CARTESIAN_POINT('',(-6.175617203676E-02,0.381710352809,
    0.333663143992));
#4513 = CARTESIAN_POINT('',(-6.423537889069E-02,0.381963761195,
    0.331382468525));
#4514 = CARTESIAN_POINT('',(-6.758032853299E-02,0.38209383671,
    0.330211788885));
#4515 = CARTESIAN_POINT('',(-7.180683816418E-02,0.382097146996,
    0.330181996311));
#4516 = ORIENTED_EDGE('',*,*,#4517,.T.);
#4517 = EDGE_CURVE('',#4509,#4518,#4520,.T.);
#4518 = VERTEX_POINT('',#4519);
#4519 = CARTESIAN_POINT('',(-8.521207893843E-02,0.381249903935,
    0.337807183863));
#4520 = B_SPLINE_CURVE_WITH_KNOTS('',3,(#4521,#4522,#4523,#4524),
  .UNSPECIFIED.,.F.,.F.,(4,4),(6.,7.),.PIECEWISE_BEZIER_KNOTS.);
#4521 = CARTESIAN_POINT('',(-7.180683816418E-02,0.382097146996,
    0.330181996311));
#4522 = CARTESIAN_POINT('',(-7.768652130424E-02,0.38210175208,
    0.330140550553));
#4523 = CARTESIAN_POINT('',(-8.216533221345E-02,0.38181934587,
    0.332682206446));
#4524 = CARTESIAN_POINT('',(-8.521207893843E-02,0.381249903935,
    0.337807183863));
#4525 = ORIENTED_EDGE('',*,*,#4526,.T.);
#4526 = EDGE_CURVE('',#4518,#4527,#4529,.T.);
#4527 = VERTEX_POINT('',#4528);
#4528 = CARTESIAN_POINT('',(-8.541482663289E-02,0.381250062731,
    0.337805754699));
#4529 = B_SPLINE_CURVE_WITH_KNOTS('',1,(#4530,#4531),.UNSPECIFIED.,.F.,
  .F.,(2,2),(-2.027527936582E-04,0.),.PIECEWISE_BEZIER_KNOTS.);
#4530 = CARTESIAN_POINT('',(-8.521207893843E-02,0.381249903935,
    0.337807183863));
#4531 = CARTESIAN_POINT('',(-8.541482663289E-02,0.381250062731,
    0.337805754699));
#4532 = ORIENTED_EDGE('',*,*,#4533,.T.);
#4533 = EDGE_CURVE('',#4527,#4534,#4536,.T.);
#4534 = VERTEX_POINT('',#4535);
#4535 = CARTESIAN_POINT('',(-8.536704214899E-02,0.381994090924,
    0.331109500956));
#4536 = B_SPLINE_CURVE_WITH_KNOTS('',1,(#4537,#4538),.UNSPECIFIED.,.F.,
  .F.,(2,2),(-6.737631297541E-03,0.),.PIECEWISE_BEZIER_KNOTS.);
#4537 = CARTESIAN_POINT('',(-8.541482663289E-02,0.381250062731,
    0.337805754699));
#4538 = CARTESIAN_POINT('',(-8.536704214899E-02,0.381994090924,
    0.331109500956));
#4539 = ORIENTED_EDGE('',*,*,#4540,.T.);
#4540 = EDGE_CURVE('',#4534,#4541,#4543,.T.);
#4541 = VERTEX_POINT('',#4542);
#4542 = CARTESIAN_POINT('',(-9.300907063352E-02,0.382000076312,
    0.331055632464));
#4543 = B_SPLINE_CURVE_WITH_KNOTS('',1,(#4544,#4545),.UNSPECIFIED.,.F.,
  .F.,(2,2),(-7.642220684954E-03,0.),.PIECEWISE_BEZIER_KNOTS.);
#4544 = CARTESIAN_POINT('',(-8.536704214899E-02,0.381994090924,
    0.331109500956));
#4545 = CARTESIAN_POINT('',(-9.300907063352E-02,0.382000076312,
    0.331055632464));
#4546 = ORIENTED_EDGE('',*,*,#4547,.T.);
#4547 = EDGE_CURVE('',#4541,#4548,#4550,.T.);
#4548 = VERTEX_POINT('',#4549);
#4549 = CARTESIAN_POINT('',(-9.320795142529E-02,0.378903403414,
    0.358925688553));
#4550 = B_SPLINE_CURVE_WITH_KNOTS('',1,(#4551,#4552),.UNSPECIFIED.,.F.,
  .F.,(2,2),(-2.804227100272E-02,0.),.PIECEWISE_BEZIER_KNOTS.);
#4551 = CARTESIAN_POINT('',(-9.300907063352E-02,0.382000076312,
    0.331055632464));
#4552 = CARTESIAN_POINT('',(-9.320795142529E-02,0.378903403414,
    0.358925688553));
#4553 = ORIENTED_EDGE('',*,*,#4554,.T.);
#4554 = EDGE_CURVE('',#4548,#4448,#4555,.T.);
#4555 = B_SPLINE_CURVE_WITH_KNOTS('',3,(#4556,#4557,#4558,#4559),
  .UNSPECIFIED.,.F.,.F.,(4,4),(1.,2.),.PIECEWISE_BEZIER_KNOTS.);
#4556 = CARTESIAN_POINT('',(-9.320795142529E-02,0.378903403414,
    0.358925688553));
#4557 = CARTESIAN_POINT('',(-9.328626488502E-02,0.377684023874,
    0.36990010441));
#4558 = CARTESIAN_POINT('',(-8.806935631022E-02,0.377073662198,
    0.375393359494));
#4559 = CARTESIAN_POINT('',(-7.757326412652E-02,0.377065441451,
    0.375467346218));
#4560 = FACE_BOUND('',#4561,.T.);
#4561 = EDGE_LOOP('',(#4562,#4573,#4582,#4589,#4596,#4605,#4614,#4623));
#4562 = ORIENTED_EDGE('',*,*,#4563,.F.);
#4563 = EDGE_CURVE('',#4564,#4566,#4568,.T.);
#4564 = VERTEX_POINT('',#4565);
#4565 = CARTESIAN_POINT('',(-6.790109982631E-02,0.380013460009,
    0.348935179197));
#4566 = VERTEX_POINT('',#4567);
#4567 = CARTESIAN_POINT('',(-6.583446615161E-02,0.380621561818,
    0.34346226291));
#4568 = B_SPLINE_CURVE_WITH_KNOTS('',3,(#4569,#4570,#4571,#4572),
  .UNSPECIFIED.,.F.,.F.,(4,4),(1.,2.),.PIECEWISE_BEZIER_KNOTS.);
#4569 = CARTESIAN_POINT('',(-6.790109982631E-02,0.380013460009,
    0.348935179197));
#4570 = CARTESIAN_POINT('',(-6.655055441984E-02,0.380157081661,
    0.347642584329));
#4571 = CARTESIAN_POINT('',(-6.585127921076E-02,0.380359774121,
    0.34581835219));
#4572 = CARTESIAN_POINT('',(-6.583446615161E-02,0.380621561818,
    0.34346226291));
#4573 = ORIENTED_EDGE('',*,*,#4574,.F.);
#4574 = EDGE_CURVE('',#4575,#4564,#4577,.T.);
#4575 = VERTEX_POINT('',#4576);
#4576 = CARTESIAN_POINT('',(-7.53126179905E-02,0.379723016508,
    0.351549170704));
#4577 = B_SPLINE_CURVE_WITH_KNOTS('',3,(#4578,#4579,#4580,#4581),
  .UNSPECIFIED.,.F.,.F.,(4,4),(0.,1.),.PIECEWISE_BEZIER_KNOTS.);
#4578 = CARTESIAN_POINT('',(-7.53126179905E-02,0.379723016508,
    0.351549170704));
#4579 = CARTESIAN_POINT('',(-7.173759978095E-02,0.379775332455,
    0.351078327183));
#4580 = CARTESIAN_POINT('',(-6.926724120906E-02,0.379869850572,
    0.350227664131));
#4581 = CARTESIAN_POINT('',(-6.790109982631E-02,0.380013460009,
    0.348935179197));
#4582 = ORIENTED_EDGE('',*,*,#4583,.F.);
#4583 = EDGE_CURVE('',#4584,#4575,#4586,.T.);
#4584 = VERTEX_POINT('',#4585);
#4585 = CARTESIAN_POINT('',(-8.55221204972E-02,0.37957944387,
    0.352841324447));
#4586 = B_SPLINE_CURVE_WITH_KNOTS('',1,(#4587,#4588),.UNSPECIFIED.,.F.,
  .F.,(2,2),(2.323140844094E-18,1.029194907832E-02),
  .PIECEWISE_BEZIER_KNOTS.);
#4587 = CARTESIAN_POINT('',(-8.55221204972E-02,0.37957944387,
    0.352841324447));
#4588 = CARTESIAN_POINT('',(-7.53126179905E-02,0.379723016508,
    0.351549170704));
#4589 = ORIENTED_EDGE('',*,*,#4590,.F.);
#4590 = EDGE_CURVE('',#4591,#4584,#4593,.T.);
#4591 = VERTEX_POINT('',#4592);
#4592 = CARTESIAN_POINT('',(-8.549247641922E-02,0.380041016916,
    0.348687167032));
#4593 = B_SPLINE_CURVE_WITH_KNOTS('',1,(#4594,#4595),.UNSPECIFIED.,.F.,
  .F.,(2,2),(0.,4.179826823819E-03),.PIECEWISE_BEZIER_KNOTS.);
#4594 = CARTESIAN_POINT('',(-8.549247641922E-02,0.380041016916,
    0.348687167032));
#4595 = CARTESIAN_POINT('',(-8.55221204972E-02,0.37957944387,
    0.352841324447));
#4596 = ORIENTED_EDGE('',*,*,#4597,.F.);
#4597 = EDGE_CURVE('',#4598,#4591,#4600,.T.);
#4598 = VERTEX_POINT('',#4599);
#4599 = CARTESIAN_POINT('',(-8.215427238262E-02,0.381020155616,
    0.339874918728));
#4600 = B_SPLINE_CURVE_WITH_KNOTS('',3,(#4601,#4602,#4603,#4604),
  .UNSPECIFIED.,.F.,.F.,(4,4),(5.,6.),.PIECEWISE_BEZIER_KNOTS.);
#4601 = CARTESIAN_POINT('',(-8.215427238262E-02,0.381020155616,
    0.339874918728));
#4602 = CARTESIAN_POINT('',(-8.435430092717E-02,0.380763522604,
    0.342184615836));
#4603 = CARTESIAN_POINT('',(-8.546703560604E-02,0.380437143038,
    0.345122031937));
#4604 = CARTESIAN_POINT('',(-8.549247641922E-02,0.380041016916,
    0.348687167032));
#4605 = ORIENTED_EDGE('',*,*,#4606,.F.);
#4606 = EDGE_CURVE('',#4607,#4598,#4609,.T.);
#4607 = VERTEX_POINT('',#4608);
#4608 = CARTESIAN_POINT('',(-7.383199329654E-02,0.381406338742,
    0.336399270599));
#4609 = B_SPLINE_CURVE_WITH_KNOTS('',3,(#4610,#4611,#4612,#4613),
  .UNSPECIFIED.,.F.,.F.,(4,4),(4.,5.),.PIECEWISE_BEZIER_KNOTS.);
#4610 = CARTESIAN_POINT('',(-7.383199329654E-02,0.381406338742,
    0.336399270599));
#4611 = CARTESIAN_POINT('',(-7.718512824374E-02,0.381408964984,
    0.336375634424));
#4612 = CARTESIAN_POINT('',(-7.996961859009E-02,0.381280245418,
    0.33753411051));
#4613 = CARTESIAN_POINT('',(-8.215427238262E-02,0.381020155616,
    0.339874918728));
#4614 = ORIENTED_EDGE('',*,*,#4615,.F.);
#4615 = EDGE_CURVE('',#4616,#4607,#4618,.T.);
#4616 = VERTEX_POINT('',#4617);
#4617 = CARTESIAN_POINT('',(-6.801303522705E-02,0.38118476208,
    0.338393460558));
#4618 = B_SPLINE_CURVE_WITH_KNOTS('',3,(#4619,#4620,#4621,#4622),
  .UNSPECIFIED.,.F.,.F.,(4,4),(3.,4.),.PIECEWISE_BEZIER_KNOTS.);
#4619 = CARTESIAN_POINT('',(-6.801303522705E-02,0.38118476208,
    0.338393460558));
#4620 = CARTESIAN_POINT('',(-6.946976559052E-02,0.381330582446,
    0.337081077264));
#4621 = CARTESIAN_POINT('',(-7.141461693904E-02,0.381404445405,
    0.336416310632));
#4622 = CARTESIAN_POINT('',(-7.383199329654E-02,0.381406338742,
    0.336399270599));
#4623 = ORIENTED_EDGE('',*,*,#4624,.F.);
#4624 = EDGE_CURVE('',#4566,#4616,#4625,.T.);
#4625 = B_SPLINE_CURVE_WITH_KNOTS('',3,(#4626,#4627,#4628,#4629),
  .UNSPECIFIED.,.F.,.F.,(4,4),(2.,3.),.PIECEWISE_BEZIER_KNOTS.);
#4626 = CARTESIAN_POINT('',(-6.583446615161E-02,0.380621561818,
    0.34346226291));
#4627 = CARTESIAN_POINT('',(-6.581964411262E-02,0.380852348342,
    0.341385184202));
#4628 = CARTESIAN_POINT('',(-6.65407088871E-02,0.381038929499,
    0.339705953789));
#4629 = CARTESIAN_POINT('',(-6.801303522705E-02,0.38118476208,
    0.338393460558));
#4630 = B_SPLINE_SURFACE_WITH_KNOTS('',1,1,(
    (#4631,#4632)
    ,(#4633,#4634
    )),.UNSPECIFIED.,.F.,.F.,.F.,(2,2),(2,2),(-4.465270615442E-02,
    9.932891232536E-04),(-2.373064632981E-02,1.150443027076E-02),
  .PIECEWISE_BEZIER_KNOTS.);
#4631 = CARTESIAN_POINT('',(-9.328626488502E-02,0.38210175208,
    0.330140550553));
#4632 = CARTESIAN_POINT('',(-5.805118828445E-02,0.38210175208,
    0.330140550553));
#4633 = CARTESIAN_POINT('',(-9.328626488502E-02,0.377060995163,
    0.375507362812));
#4634 = CARTESIAN_POINT('',(-5.805118828445E-02,0.377060995163,
    0.375507362812));
#4635 = ADVANCED_FACE('',(#4636),#4650,.F.);
#4636 = FACE_BOUND('',#4637,.F.);
#4637 = EDGE_LOOP('',(#4638,#4643,#4644,#4649));
#4638 = ORIENTED_EDGE('',*,*,#4639,.F.);
#4639 = EDGE_CURVE('',#4448,#557,#4640,.T.);
#4640 = B_SPLINE_CURVE_WITH_KNOTS('',1,(#4641,#4642),.UNSPECIFIED.,.F.,
  .F.,(2,2),(-0.,1.E-03),.PIECEWISE_BEZIER_KNOTS.);
#4641 = CARTESIAN_POINT('',(-7.757326412652E-02,0.377065441451,
    0.375467346218));
#4642 = CARTESIAN_POINT('',(-7.757326412652E-02,0.376071557716,
    0.375356914692));
#4643 = ORIENTED_EDGE('',*,*,#4447,.T.);
#4644 = ORIENTED_EDGE('',*,*,#4645,.T.);
#4645 = EDGE_CURVE('',#4450,#559,#4646,.T.);
#4646 = B_SPLINE_CURVE_WITH_KNOTS('',1,(#4647,#4648),.UNSPECIFIED.,.F.,
  .F.,(2,2),(-0.,9.999998807054E-04),.PIECEWISE_BEZIER_KNOTS.);
#4647 = CARTESIAN_POINT('',(-6.254117555422E-02,0.377501485293,
    0.371542951643));
#4648 = CARTESIAN_POINT('',(-6.254117555422E-02,0.376507601676,
    0.37143252013));
#4649 = ORIENTED_EDGE('',*,*,#556,.F.);
#4650 = B_SPLINE_SURFACE_WITH_KNOTS('',3,1,(
    (#4651,#4652)
    ,(#4653,#4654)
    ,(#4655,#4656)
    ,(#4657,#4658
    )),.UNSPECIFIED.,.F.,.F.,.F.,(4,4),(2,2),(0.,1.),(0.,1.),
  .PIECEWISE_BEZIER_KNOTS.);
#4651 = CARTESIAN_POINT('',(-7.757326412652E-02,0.377065441451,
    0.375467346218));
#4652 = CARTESIAN_POINT('',(-7.757326412652E-02,0.376071557716,
    0.375356914692));
#4653 = CARTESIAN_POINT('',(-7.189632868091E-02,0.377060995163,
    0.375507362812));
#4654 = CARTESIAN_POINT('',(-7.189632868091E-02,0.376067111428,
    0.375396931286));
#4655 = CARTESIAN_POINT('',(-6.688050757273E-02,0.377205190847,
    0.374209601657));
#4656 = CARTESIAN_POINT('',(-6.688050757273E-02,0.376211307112,
    0.374099170131));
#4657 = CARTESIAN_POINT('',(-6.254117555422E-02,0.377501485293,
    0.371542951643));
#4658 = CARTESIAN_POINT('',(-6.254117555422E-02,0.376507601558,
    0.371432520117));
#4659 = ADVANCED_FACE('',(#4660),#4670,.F.);
#4660 = FACE_BOUND('',#4661,.T.);
#4661 = EDGE_LOOP('',(#4662,#4663,#4668,#4669));
#4662 = ORIENTED_EDGE('',*,*,#665,.T.);
#4663 = ORIENTED_EDGE('',*,*,#4664,.F.);
#4664 = EDGE_CURVE('',#4459,#657,#4665,.T.);
#4665 = B_SPLINE_CURVE_WITH_KNOTS('',1,(#4666,#4667),.UNSPECIFIED.,.F.,
  .F.,(2,2),(-0.,9.999998807054E-04),.PIECEWISE_BEZIER_KNOTS.);
#4666 = CARTESIAN_POINT('',(-6.248852413214E-02,0.378321294136,
    0.364164672056));
#4667 = CARTESIAN_POINT('',(-6.248852413214E-02,0.377327410519,
    0.364054240543));
#4668 = ORIENTED_EDGE('',*,*,#4458,.F.);
#4669 = ORIENTED_EDGE('',*,*,#4645,.T.);
#4670 = B_SPLINE_SURFACE_WITH_KNOTS('',1,1,(
    (#4671,#4672)
    ,(#4673,#4674
    )),.UNSPECIFIED.,.F.,.F.,.F.,(2,2),(2,2),(-1.104287826112E-04,
    7.37846741778E-03),(-1.813693134021E-03,0.),
  .PIECEWISE_BEZIER_KNOTS.);
#4671 = CARTESIAN_POINT('',(-6.248916619075E-02,0.376507601558,
    0.364054236004));
#4672 = CARTESIAN_POINT('',(-6.24877457414E-02,0.378321294136,
    0.364054246016));
#4673 = CARTESIAN_POINT('',(-6.254195394495E-02,0.376507601558,
    0.371542946156));
#4674 = CARTESIAN_POINT('',(-6.254053349561E-02,0.378321294136,
    0.371542956169));
#4675 = ADVANCED_FACE('',(#4676),#4686,.F.);
#4676 = FACE_BOUND('',#4677,.F.);
#4677 = EDGE_LOOP('',(#4678,#4679,#4680,#4685));
#4678 = ORIENTED_EDGE('',*,*,#4664,.F.);
#4679 = ORIENTED_EDGE('',*,*,#4465,.T.);
#4680 = ORIENTED_EDGE('',*,*,#4681,.T.);
#4681 = EDGE_CURVE('',#4466,#648,#4682,.T.);
#4682 = B_SPLINE_CURVE_WITH_KNOTS('',1,(#4683,#4684),.UNSPECIFIED.,.F.,
  .F.,(2,2),(-0.,9.999998807053E-04),.PIECEWISE_BEZIER_KNOTS.);
#4683 = CARTESIAN_POINT('',(-7.681182553951E-02,0.377750349976,
    0.369303169488));
#4684 = CARTESIAN_POINT('',(-7.681182553951E-02,0.37675646636,
    0.369192737975));
#4685 = ORIENTED_EDGE('',*,*,#656,.F.);
#4686 = B_SPLINE_SURFACE_WITH_KNOTS('',3,1,(
    (#4687,#4688)
    ,(#4689,#4690)
    ,(#4691,#4692)
    ,(#4693,#4694
    )),.UNSPECIFIED.,.F.,.F.,.F.,(4,4),(2,2),(12.,13.),(0.,1.),
  .PIECEWISE_BEZIER_KNOTS.);
#4687 = CARTESIAN_POINT('',(-6.248852413214E-02,0.378321294136,
    0.364164672056));
#4688 = CARTESIAN_POINT('',(-6.248852413214E-02,0.377327410519,
    0.364054240543));
#4689 = CARTESIAN_POINT('',(-6.681779078574E-02,0.3779388731,
    0.367606461374));
#4690 = CARTESIAN_POINT('',(-6.681779078574E-02,0.376944989484,
    0.367496029861));
#4691 = CARTESIAN_POINT('',(-7.158717341228E-02,0.377746257926,
    0.369339997946));
#4692 = CARTESIAN_POINT('',(-7.158717341228E-02,0.376752374309,
    0.369229566433));
#4693 = CARTESIAN_POINT('',(-7.681182553951E-02,0.377750349976,
    0.369303169488));
#4694 = CARTESIAN_POINT('',(-7.681182553951E-02,0.37675646636,
    0.369192737975));
#4695 = ADVANCED_FACE('',(#4696),#4706,.F.);
#4696 = FACE_BOUND('',#4697,.F.);
#4697 = EDGE_LOOP('',(#4698,#4699,#4700,#4705));
#4698 = ORIENTED_EDGE('',*,*,#4681,.F.);
#4699 = ORIENTED_EDGE('',*,*,#4474,.T.);
#4700 = ORIENTED_EDGE('',*,*,#4701,.T.);
#4701 = EDGE_CURVE('',#4475,#641,#4702,.T.);
#4702 = B_SPLINE_CURVE_WITH_KNOTS('',1,(#4703,#4704),.UNSPECIFIED.,.F.,
  .F.,(2,2),(-0.,9.999998807053E-04),.PIECEWISE_BEZIER_KNOTS.);
#4703 = CARTESIAN_POINT('',(-8.556348947169E-02,0.37893530835,
    0.358638544123));
#4704 = CARTESIAN_POINT('',(-8.556348947169E-02,0.377941424734,
    0.35852811261));
#4705 = ORIENTED_EDGE('',*,*,#647,.F.);
#4706 = B_SPLINE_SURFACE_WITH_KNOTS('',3,1,(
    (#4707,#4708)
    ,(#4709,#4710)
    ,(#4711,#4712)
    ,(#4713,#4714
    )),.UNSPECIFIED.,.F.,.F.,.F.,(4,4),(2,2),(11.,12.),(0.,1.),
  .PIECEWISE_BEZIER_KNOTS.);
#4707 = CARTESIAN_POINT('',(-7.681182553951E-02,0.377750349976,
    0.369303169488));
#4708 = CARTESIAN_POINT('',(-7.681182553951E-02,0.37675646636,
    0.369192737975));
#4709 = CARTESIAN_POINT('',(-8.269150867958E-02,0.377754955061,
    0.36926172373));
#4710 = CARTESIAN_POINT('',(-8.269150867958E-02,0.376761071445,
    0.369151292217));
#4711 = CARTESIAN_POINT('',(-8.561392864913E-02,0.378149945257,
    0.365706811963));
#4712 = CARTESIAN_POINT('',(-8.561392864913E-02,0.377156061641,
    0.36559638045));
#4713 = CARTESIAN_POINT('',(-8.556348947169E-02,0.37893530835,
    0.358638544123));
#4714 = CARTESIAN_POINT('',(-8.556348947169E-02,0.377941424734,
    0.35852811261));
#4715 = ADVANCED_FACE('',(#4716),#4726,.F.);
#4716 = FACE_BOUND('',#4717,.T.);
#4717 = EDGE_LOOP('',(#4718,#4719,#4724,#4725));
#4718 = ORIENTED_EDGE('',*,*,#640,.T.);
#4719 = ORIENTED_EDGE('',*,*,#4720,.F.);
#4720 = EDGE_CURVE('',#4484,#632,#4721,.T.);
#4721 = B_SPLINE_CURVE_WITH_KNOTS('',1,(#4722,#4723),.UNSPECIFIED.,.F.,
  .F.,(2,2),(-0.,9.999998807054E-04),.PIECEWISE_BEZIER_KNOTS.);
#4722 = CARTESIAN_POINT('',(-7.263718991166E-02,0.379124979615,
    0.356931502745));
#4723 = CARTESIAN_POINT('',(-7.263718991166E-02,0.378131095998,
    0.356821071233));
#4724 = ORIENTED_EDGE('',*,*,#4483,.F.);
#4725 = ORIENTED_EDGE('',*,*,#4701,.T.);
#4726 = B_SPLINE_SURFACE_WITH_KNOTS('',1,1,(
    (#4727,#4728)
    ,(#4729,#4730
    )),.UNSPECIFIED.,.F.,.F.,.F.,(2,2),(2,2),(-1.46333898589E-05,
    1.303851119721E-02),(-1.190710975357E-03,0.),
  .PIECEWISE_BEZIER_KNOTS.);
#4727 = CARTESIAN_POINT('',(-7.263995789902E-02,0.377941424616,
    0.356800366686));
#4728 = CARTESIAN_POINT('',(-7.26226855658E-02,0.379124979615,
    0.356929563661));
#4729 = CARTESIAN_POINT('',(-8.557799381754E-02,0.377941424616,
    0.358530051681));
#4730 = CARTESIAN_POINT('',(-8.556072148433E-02,0.379124979615,
    0.358659248656));
#4731 = ADVANCED_FACE('',(#4732),#4742,.F.);
#4732 = FACE_BOUND('',#4733,.F.);
#4733 = EDGE_LOOP('',(#4734,#4735,#4736,#4741));
#4734 = ORIENTED_EDGE('',*,*,#4720,.F.);
#4735 = ORIENTED_EDGE('',*,*,#4490,.T.);
#4736 = ORIENTED_EDGE('',*,*,#4737,.T.);
#4737 = EDGE_CURVE('',#4491,#623,#4738,.T.);
#4738 = B_SPLINE_CURVE_WITH_KNOTS('',1,(#4739,#4740),.UNSPECIFIED.,.F.,
  .F.,(2,2),(-0.,9.999998807054E-04),.PIECEWISE_BEZIER_KNOTS.);
#4739 = CARTESIAN_POINT('',(-5.807884134226E-02,0.380684382424,
    0.342896877457));
#4740 = CARTESIAN_POINT('',(-5.807884134226E-02,0.379690498808,
    0.342786445944));
#4741 = ORIENTED_EDGE('',*,*,#631,.F.);
#4742 = B_SPLINE_SURFACE_WITH_KNOTS('',3,1,(
    (#4743,#4744)
    ,(#4745,#4746)
    ,(#4747,#4748)
    ,(#4749,#4750
    )),.UNSPECIFIED.,.F.,.F.,.F.,(4,4),(2,2),(9.,10.),(0.,1.),
  .PIECEWISE_BEZIER_KNOTS.);
#4743 = CARTESIAN_POINT('',(-7.263718991166E-02,0.379124979615,
    0.356931502745));
#4744 = CARTESIAN_POINT('',(-7.263718991166E-02,0.378131095998,
    0.356821071233));
#4745 = CARTESIAN_POINT('',(-6.298936378358E-02,0.37926554742,
    0.355666392493));
#4746 = CARTESIAN_POINT('',(-6.298936378358E-02,0.378271663804,
    0.35555596098));
#4747 = CARTESIAN_POINT('',(-5.813658092697E-02,0.379785348357,
    0.350988184063));
#4748 = CARTESIAN_POINT('',(-5.813658092697E-02,0.378791464741,
    0.35087775255));
#4749 = CARTESIAN_POINT('',(-5.807884134226E-02,0.380684382424,
    0.342896877457));
#4750 = CARTESIAN_POINT('',(-5.807884134226E-02,0.379690498808,
    0.342786445944));
#4751 = ADVANCED_FACE('',(#4752),#4762,.F.);
#4752 = FACE_BOUND('',#4753,.F.);
#4753 = EDGE_LOOP('',(#4754,#4755,#4756,#4761));
#4754 = ORIENTED_EDGE('',*,*,#4737,.F.);
#4755 = ORIENTED_EDGE('',*,*,#4499,.T.);
#4756 = ORIENTED_EDGE('',*,*,#4757,.T.);
#4757 = EDGE_CURVE('',#4500,#614,#4758,.T.);
#4758 = B_SPLINE_CURVE_WITH_KNOTS('',1,(#4759,#4760),.UNSPECIFIED.,.F.,
  .F.,(2,2),(-0.,9.999998807054E-04),.PIECEWISE_BEZIER_KNOTS.);
#4759 = CARTESIAN_POINT('',(-6.175617203676E-02,0.381710352809,
    0.333663143992));
#4760 = CARTESIAN_POINT('',(-6.175617203676E-02,0.380716469193,
    0.333552712479));
#4761 = ORIENTED_EDGE('',*,*,#622,.F.);
#4762 = B_SPLINE_SURFACE_WITH_KNOTS('',3,1,(
    (#4763,#4764)
    ,(#4765,#4766)
    ,(#4767,#4768)
    ,(#4769,#4770
    )),.UNSPECIFIED.,.F.,.F.,.F.,(4,4),(2,2),(8.,9.),(0.,1.),
  .PIECEWISE_BEZIER_KNOTS.);
#4763 = CARTESIAN_POINT('',(-5.807884134226E-02,0.380684382424,
    0.342896877457));
#4764 = CARTESIAN_POINT('',(-5.807884134226E-02,0.379690498808,
    0.342786445944));
#4765 = CARTESIAN_POINT('',(-5.805118828445E-02,0.381114954296,
    0.339021730614));
#4766 = CARTESIAN_POINT('',(-5.805118828445E-02,0.38012107068,
    0.338911299102));
#4767 = CARTESIAN_POINT('',(-5.927696518261E-02,0.381456944424,
    0.335943819459));
#4768 = CARTESIAN_POINT('',(-5.927696518261E-02,0.380463060808,
    0.335833387947));
#4769 = CARTESIAN_POINT('',(-6.175617203676E-02,0.381710352809,
    0.333663143992));
#4770 = CARTESIAN_POINT('',(-6.175617203676E-02,0.380716469193,
    0.333552712479));
#4771 = ADVANCED_FACE('',(#4772),#4782,.F.);
#4772 = FACE_BOUND('',#4773,.F.);
#4773 = EDGE_LOOP('',(#4774,#4775,#4776,#4781));
#4774 = ORIENTED_EDGE('',*,*,#4757,.F.);
#4775 = ORIENTED_EDGE('',*,*,#4508,.T.);
#4776 = ORIENTED_EDGE('',*,*,#4777,.T.);
#4777 = EDGE_CURVE('',#4509,#605,#4778,.T.);
#4778 = B_SPLINE_CURVE_WITH_KNOTS('',1,(#4779,#4780),.UNSPECIFIED.,.F.,
  .F.,(2,2),(-0.,9.999998807053E-04),.PIECEWISE_BEZIER_KNOTS.);
#4779 = CARTESIAN_POINT('',(-7.180683816418E-02,0.382097146996,
    0.330181996311));
#4780 = CARTESIAN_POINT('',(-7.180683816418E-02,0.38110326338,
    0.330071564798));
#4781 = ORIENTED_EDGE('',*,*,#613,.F.);
#4782 = B_SPLINE_SURFACE_WITH_KNOTS('',3,1,(
    (#4783,#4784)
    ,(#4785,#4786)
    ,(#4787,#4788)
    ,(#4789,#4790
    )),.UNSPECIFIED.,.F.,.F.,.F.,(4,4),(2,2),(7.,8.),(0.,1.),
  .PIECEWISE_BEZIER_KNOTS.);
#4783 = CARTESIAN_POINT('',(-6.175617203676E-02,0.381710352809,
    0.333663143992));
#4784 = CARTESIAN_POINT('',(-6.175617203676E-02,0.380716469193,
    0.333552712479));
#4785 = CARTESIAN_POINT('',(-6.423537889069E-02,0.381963761195,
    0.331382468525));
#4786 = CARTESIAN_POINT('',(-6.423537889069E-02,0.380969877578,
    0.331272037012));
#4787 = CARTESIAN_POINT('',(-6.758032853299E-02,0.38209383671,
    0.330211788885));
#4788 = CARTESIAN_POINT('',(-6.758032853299E-02,0.381099953094,
    0.330101357372));
#4789 = CARTESIAN_POINT('',(-7.180683816418E-02,0.382097146996,
    0.330181996311));
#4790 = CARTESIAN_POINT('',(-7.180683816418E-02,0.38110326338,
    0.330071564798));
#4791 = ADVANCED_FACE('',(#4792),#4802,.F.);
#4792 = FACE_BOUND('',#4793,.F.);
#4793 = EDGE_LOOP('',(#4794,#4795,#4796,#4801));
#4794 = ORIENTED_EDGE('',*,*,#4777,.F.);
#4795 = ORIENTED_EDGE('',*,*,#4517,.T.);
#4796 = ORIENTED_EDGE('',*,*,#4797,.T.);
#4797 = EDGE_CURVE('',#4518,#598,#4798,.T.);
#4798 = B_SPLINE_CURVE_WITH_KNOTS('',1,(#4799,#4800),.UNSPECIFIED.,.F.,
  .F.,(2,2),(-0.,9.999998807053E-04),.PIECEWISE_BEZIER_KNOTS.);
#4799 = CARTESIAN_POINT('',(-8.521207893843E-02,0.381249903935,
    0.337807183863));
#4800 = CARTESIAN_POINT('',(-8.521207893843E-02,0.380256020319,
    0.33769675235));
#4801 = ORIENTED_EDGE('',*,*,#604,.F.);
#4802 = B_SPLINE_SURFACE_WITH_KNOTS('',3,1,(
    (#4803,#4804)
    ,(#4805,#4806)
    ,(#4807,#4808)
    ,(#4809,#4810
    )),.UNSPECIFIED.,.F.,.F.,.F.,(4,4),(2,2),(6.,7.),(0.,1.),
  .PIECEWISE_BEZIER_KNOTS.);
#4803 = CARTESIAN_POINT('',(-7.180683816418E-02,0.382097146996,
    0.330181996311));
#4804 = CARTESIAN_POINT('',(-7.180683816418E-02,0.38110326338,
    0.330071564798));
#4805 = CARTESIAN_POINT('',(-7.768652130424E-02,0.38210175208,
    0.330140550553));
#4806 = CARTESIAN_POINT('',(-7.768652130424E-02,0.381107868464,
    0.33003011904));
#4807 = CARTESIAN_POINT('',(-8.216533221345E-02,0.38181934587,
    0.332682206446));
#4808 = CARTESIAN_POINT('',(-8.216533221345E-02,0.380825462254,
    0.332571774933));
#4809 = CARTESIAN_POINT('',(-8.521207893843E-02,0.381249903935,
    0.337807183863));
#4810 = CARTESIAN_POINT('',(-8.521207893843E-02,0.380256020319,
    0.33769675235));
#4811 = ADVANCED_FACE('',(#4812),#4822,.F.);
#4812 = FACE_BOUND('',#4813,.T.);
#4813 = EDGE_LOOP('',(#4814,#4815,#4820,#4821));
#4814 = ORIENTED_EDGE('',*,*,#597,.T.);
#4815 = ORIENTED_EDGE('',*,*,#4816,.F.);
#4816 = EDGE_CURVE('',#4527,#591,#4817,.T.);
#4817 = B_SPLINE_CURVE_WITH_KNOTS('',1,(#4818,#4819),.UNSPECIFIED.,.F.,
  .F.,(2,2),(-0.,9.999998807054E-04),.PIECEWISE_BEZIER_KNOTS.);
#4818 = CARTESIAN_POINT('',(-8.541482663289E-02,0.381250062731,
    0.337805754699));
#4819 = CARTESIAN_POINT('',(-8.541482663289E-02,0.380256179115,
    0.337695323186));
#4820 = ORIENTED_EDGE('',*,*,#4526,.F.);
#4821 = ORIENTED_EDGE('',*,*,#4797,.T.);
#4822 = B_SPLINE_SURFACE_WITH_KNOTS('',1,1,(
    (#4823,#4824)
    ,(#4825,#4826
    )),.UNSPECIFIED.,.F.,.F.,.F.,(2,2),(2,2),(0.,1.E-03),(
    -8.50209788986E-19,2.027527936582E-04),.PIECEWISE_BEZIER_KNOTS.);
#4823 = CARTESIAN_POINT('',(-8.541482663289E-02,0.381250062731,
    0.337805754699));
#4824 = CARTESIAN_POINT('',(-8.521207893843E-02,0.381249903935,
    0.337807183863));
#4825 = CARTESIAN_POINT('',(-8.541482663289E-02,0.380256178996,
    0.337695323173));
#4826 = CARTESIAN_POINT('',(-8.521207893843E-02,0.3802560202,
    0.337696752337));
#4827 = ADVANCED_FACE('',(#4828),#4838,.F.);
#4828 = FACE_BOUND('',#4829,.T.);
#4829 = EDGE_LOOP('',(#4830,#4831,#4836,#4837));
#4830 = ORIENTED_EDGE('',*,*,#590,.T.);
#4831 = ORIENTED_EDGE('',*,*,#4832,.F.);
#4832 = EDGE_CURVE('',#4534,#584,#4833,.T.);
#4833 = B_SPLINE_CURVE_WITH_KNOTS('',1,(#4834,#4835),.UNSPECIFIED.,.F.,
  .F.,(2,2),(-0.,9.999998807054E-04),.PIECEWISE_BEZIER_KNOTS.);
#4834 = CARTESIAN_POINT('',(-8.536704214899E-02,0.381994090924,
    0.331109500956));
#4835 = CARTESIAN_POINT('',(-8.536704214899E-02,0.381000207308,
    0.330999069443));
#4836 = ORIENTED_EDGE('',*,*,#4533,.F.);
#4837 = ORIENTED_EDGE('',*,*,#4816,.T.);
#4838 = B_SPLINE_SURFACE_WITH_KNOTS('',1,1,(
    (#4839,#4840)
    ,(#4841,#4842
    )),.UNSPECIFIED.,.F.,.F.,.F.,(2,2),(2,2),(-1.104287826111E-04,
    6.696424210656E-03),(-1.737912461369E-03,0.),
  .PIECEWISE_BEZIER_KNOTS.);
#4839 = CARTESIAN_POINT('',(-8.536762485765E-02,0.380256178996,
    0.330999065322));
#4840 = CARTESIAN_POINT('',(-8.536626375826E-02,0.381994090924,
    0.330999074917));
#4841 = CARTESIAN_POINT('',(-8.541560502363E-02,0.380256178996,
    0.337805749212));
#4842 = CARTESIAN_POINT('',(-8.541424392424E-02,0.381994090924,
    0.337805758806));
#4843 = ADVANCED_FACE('',(#4844),#4854,.F.);
#4844 = FACE_BOUND('',#4845,.T.);
#4845 = EDGE_LOOP('',(#4846,#4847,#4852,#4853));
#4846 = ORIENTED_EDGE('',*,*,#583,.T.);
#4847 = ORIENTED_EDGE('',*,*,#4848,.F.);
#4848 = EDGE_CURVE('',#4541,#577,#4849,.T.);
#4849 = B_SPLINE_CURVE_WITH_KNOTS('',1,(#4850,#4851),.UNSPECIFIED.,.F.,
  .F.,(2,2),(-0.,9.999998807054E-04),.PIECEWISE_BEZIER_KNOTS.);
#4850 = CARTESIAN_POINT('',(-9.300907063352E-02,0.382000076312,
    0.331055632464));
#4851 = CARTESIAN_POINT('',(-9.300907063352E-02,0.381006192696,
    0.330945200951));
#4852 = ORIENTED_EDGE('',*,*,#4540,.F.);
#4853 = ORIENTED_EDGE('',*,*,#4832,.T.);
#4854 = B_SPLINE_SURFACE_WITH_KNOTS('',1,1,(
    (#4855,#4856)
    ,(#4857,#4858)),.UNSPECIFIED.,.F.,.F.,.F.,(2,2),(2,2),(0.,1.E-03),(
    -1.441013885987E-17,7.642220684954E-03),.PIECEWISE_BEZIER_KNOTS.);
#4855 = CARTESIAN_POINT('',(-9.300907063352E-02,0.382000076312,
    0.331055632464));
#4856 = CARTESIAN_POINT('',(-8.536704214899E-02,0.381994090924,
    0.331109500956));
#4857 = CARTESIAN_POINT('',(-9.300907063352E-02,0.381006192578,
    0.330945200938));
#4858 = CARTESIAN_POINT('',(-8.536704214899E-02,0.38100020719,
    0.33099906943));
#4859 = ADVANCED_FACE('',(#4860),#4870,.F.);
#4860 = FACE_BOUND('',#4861,.T.);
#4861 = EDGE_LOOP('',(#4862,#4863,#4868,#4869));
#4862 = ORIENTED_EDGE('',*,*,#576,.T.);
#4863 = ORIENTED_EDGE('',*,*,#4864,.F.);
#4864 = EDGE_CURVE('',#4548,#568,#4865,.T.);
#4865 = B_SPLINE_CURVE_WITH_KNOTS('',1,(#4866,#4867),.UNSPECIFIED.,.F.,
  .F.,(2,2),(-0.,9.999998807054E-04),.PIECEWISE_BEZIER_KNOTS.);
#4866 = CARTESIAN_POINT('',(-9.320795142529E-02,0.378903403414,
    0.358925688553));
#4867 = CARTESIAN_POINT('',(-9.320795142529E-02,0.377909519798,
    0.35881525704));
#4868 = ORIENTED_EDGE('',*,*,#4547,.F.);
#4869 = ORIENTED_EDGE('',*,*,#4848,.T.);
#4870 = B_SPLINE_SURFACE_WITH_KNOTS('',1,1,(
    (#4871,#4872)
    ,(#4873,#4874
    )),.UNSPECIFIED.,.F.,.F.,.F.,(2,2),(2,2),(0.,2.79811943767E-02),(
    -9.938840394991E-04,3.096673848481E-03),.PIECEWISE_BEZIER_KNOTS.);
#4871 = CARTESIAN_POINT('',(-9.320872981603E-02,0.377909519679,
    0.358925683066));
#4872 = CARTESIAN_POINT('',(-9.320552617029E-02,0.382000076312,
    0.358925705648));
#4873 = CARTESIAN_POINT('',(-9.301149588843E-02,0.377909519679,
    0.330945183829));
#4874 = CARTESIAN_POINT('',(-9.300829224269E-02,0.382000076312,
    0.330945206412));
#4875 = ADVANCED_FACE('',(#4876),#4882,.F.);
#4876 = FACE_BOUND('',#4877,.F.);
#4877 = EDGE_LOOP('',(#4878,#4879,#4880,#4881));
#4878 = ORIENTED_EDGE('',*,*,#4864,.F.);
#4879 = ORIENTED_EDGE('',*,*,#4554,.T.);
#4880 = ORIENTED_EDGE('',*,*,#4639,.T.);
#4881 = ORIENTED_EDGE('',*,*,#567,.F.);
#4882 = B_SPLINE_SURFACE_WITH_KNOTS('',3,1,(
    (#4883,#4884)
    ,(#4885,#4886)
    ,(#4887,#4888)
    ,(#4889,#4890
    )),.UNSPECIFIED.,.F.,.F.,.F.,(4,4),(2,2),(1.,2.),(0.,1.),
  .PIECEWISE_BEZIER_KNOTS.);
#4883 = CARTESIAN_POINT('',(-9.320795142529E-02,0.378903403414,
    0.358925688553));
#4884 = CARTESIAN_POINT('',(-9.320795142529E-02,0.377909519679,
    0.358815257027));
#4885 = CARTESIAN_POINT('',(-9.328626488502E-02,0.377684023874,
    0.36990010441));
#4886 = CARTESIAN_POINT('',(-9.328626488502E-02,0.376690140139,
    0.369789672884));
#4887 = CARTESIAN_POINT('',(-8.806935631022E-02,0.377073662198,
    0.375393359494));
#4888 = CARTESIAN_POINT('',(-8.806935631022E-02,0.376079778463,
    0.375282927968));
#4889 = CARTESIAN_POINT('',(-7.757326412652E-02,0.377065441451,
    0.375467346218));
#4890 = CARTESIAN_POINT('',(-7.757326412652E-02,0.376071557716,
    0.375356914692));
#4891 = ADVANCED_FACE('',(#4892),#4916,.T.);
#4892 = FACE_BOUND('',#4893,.T.);
#4893 = EDGE_LOOP('',(#4894,#4905,#4910,#4911));
#4894 = ORIENTED_EDGE('',*,*,#4895,.F.);
#4895 = EDGE_CURVE('',#4896,#4898,#4900,.T.);
#4896 = VERTEX_POINT('',#4897);
#4897 = CARTESIAN_POINT('',(-7.53126179905E-02,0.378729132892,
    0.351438739191));
#4898 = VERTEX_POINT('',#4899);
#4899 = CARTESIAN_POINT('',(-6.790109982631E-02,0.379019576393,
    0.348824747684));
#4900 = B_SPLINE_CURVE_WITH_KNOTS('',3,(#4901,#4902,#4903,#4904),
  .UNSPECIFIED.,.F.,.F.,(4,4),(0.,1.),.PIECEWISE_BEZIER_KNOTS.);
#4901 = CARTESIAN_POINT('',(-7.53126179905E-02,0.378729132892,
    0.351438739191));
#4902 = CARTESIAN_POINT('',(-7.173759978095E-02,0.37878144872,
    0.350967895657));
#4903 = CARTESIAN_POINT('',(-6.926724120906E-02,0.378875966837,
    0.350117232605));
#4904 = CARTESIAN_POINT('',(-6.790109982631E-02,0.379019576393,
    0.348824747684));
#4905 = ORIENTED_EDGE('',*,*,#4906,.F.);
#4906 = EDGE_CURVE('',#4575,#4896,#4907,.T.);
#4907 = B_SPLINE_CURVE_WITH_KNOTS('',1,(#4908,#4909),.UNSPECIFIED.,.F.,
  .F.,(2,2),(-0.,9.999998807054E-04),.PIECEWISE_BEZIER_KNOTS.);
#4908 = CARTESIAN_POINT('',(-7.53126179905E-02,0.379723016508,
    0.351549170704));
#4909 = CARTESIAN_POINT('',(-7.53126179905E-02,0.378729132892,
    0.351438739191));
#4910 = ORIENTED_EDGE('',*,*,#4574,.T.);
#4911 = ORIENTED_EDGE('',*,*,#4912,.T.);
#4912 = EDGE_CURVE('',#4564,#4898,#4913,.T.);
#4913 = B_SPLINE_CURVE_WITH_KNOTS('',1,(#4914,#4915),.UNSPECIFIED.,.F.,
  .F.,(2,2),(-0.,9.999998807053E-04),.PIECEWISE_BEZIER_KNOTS.);
#4914 = CARTESIAN_POINT('',(-6.790109982631E-02,0.380013460009,
    0.348935179197));
#4915 = CARTESIAN_POINT('',(-6.790109982631E-02,0.379019576393,
    0.348824747684));
#4916 = B_SPLINE_SURFACE_WITH_KNOTS('',3,1,(
    (#4917,#4918)
    ,(#4919,#4920)
    ,(#4921,#4922)
    ,(#4923,#4924
    )),.UNSPECIFIED.,.F.,.F.,.F.,(4,4),(2,2),(0.,1.),(0.,1.),
  .PIECEWISE_BEZIER_KNOTS.);
#4917 = CARTESIAN_POINT('',(-7.53126179905E-02,0.379723016508,
    0.351549170704));
#4918 = CARTESIAN_POINT('',(-7.53126179905E-02,0.378729132892,
    0.351438739191));
#4919 = CARTESIAN_POINT('',(-7.173759978095E-02,0.379775332455,
    0.351078327183));
#4920 = CARTESIAN_POINT('',(-7.173759978095E-02,0.378781448839,
    0.35096789567));
#4921 = CARTESIAN_POINT('',(-6.926724120906E-02,0.379869850572,
    0.350227664131));
#4922 = CARTESIAN_POINT('',(-6.926724120906E-02,0.378875966956,
    0.350117232618));
#4923 = CARTESIAN_POINT('',(-6.790109982631E-02,0.380013460009,
    0.348935179197));
#4924 = CARTESIAN_POINT('',(-6.790109982631E-02,0.379019576393,
    0.348824747684));
#4925 = ADVANCED_FACE('',(#4926),#4944,.T.);
#4926 = FACE_BOUND('',#4927,.T.);
#4927 = EDGE_LOOP('',(#4928,#4937,#4938,#4939));
#4928 = ORIENTED_EDGE('',*,*,#4929,.F.);
#4929 = EDGE_CURVE('',#4898,#4930,#4932,.T.);
#4930 = VERTEX_POINT('',#4931);
#4931 = CARTESIAN_POINT('',(-6.583446615161E-02,0.379627678202,
    0.343351831397));
#4932 = B_SPLINE_CURVE_WITH_KNOTS('',3,(#4933,#4934,#4935,#4936),
  .UNSPECIFIED.,.F.,.F.,(4,4),(1.,2.),.PIECEWISE_BEZIER_KNOTS.);
#4933 = CARTESIAN_POINT('',(-6.790109982631E-02,0.379019576393,
    0.348824747684));
#4934 = CARTESIAN_POINT('',(-6.655055441984E-02,0.379163197926,
    0.347532152803));
#4935 = CARTESIAN_POINT('',(-6.585127921076E-02,0.379365890386,
    0.345707920664));
#4936 = CARTESIAN_POINT('',(-6.583446615161E-02,0.379627678202,
    0.343351831397));
#4937 = ORIENTED_EDGE('',*,*,#4912,.F.);
#4938 = ORIENTED_EDGE('',*,*,#4563,.T.);
#4939 = ORIENTED_EDGE('',*,*,#4940,.T.);
#4940 = EDGE_CURVE('',#4566,#4930,#4941,.T.);
#4941 = B_SPLINE_CURVE_WITH_KNOTS('',1,(#4942,#4943),.UNSPECIFIED.,.F.,
  .F.,(2,2),(-0.,9.999998807053E-04),.PIECEWISE_BEZIER_KNOTS.);
#4942 = CARTESIAN_POINT('',(-6.583446615161E-02,0.380621561818,
    0.34346226291));
#4943 = CARTESIAN_POINT('',(-6.583446615161E-02,0.379627678202,
    0.343351831397));
#4944 = B_SPLINE_SURFACE_WITH_KNOTS('',3,1,(
    (#4945,#4946)
    ,(#4947,#4948)
    ,(#4949,#4950)
    ,(#4951,#4952
    )),.UNSPECIFIED.,.F.,.F.,.F.,(4,4),(2,2),(1.,2.),(0.,1.),
  .PIECEWISE_BEZIER_KNOTS.);
#4945 = CARTESIAN_POINT('',(-6.790109982631E-02,0.380013460009,
    0.348935179197));
#4946 = CARTESIAN_POINT('',(-6.790109982631E-02,0.379019576393,
    0.348824747684));
#4947 = CARTESIAN_POINT('',(-6.655055441984E-02,0.380157081661,
    0.347642584329));
#4948 = CARTESIAN_POINT('',(-6.655055441984E-02,0.379163198045,
    0.347532152816));
#4949 = CARTESIAN_POINT('',(-6.585127921076E-02,0.380359774121,
    0.34581835219));
#4950 = CARTESIAN_POINT('',(-6.585127921076E-02,0.379365890505,
    0.345707920677));
#4951 = CARTESIAN_POINT('',(-6.583446615161E-02,0.380621561818,
    0.34346226291));
#4952 = CARTESIAN_POINT('',(-6.583446615161E-02,0.379627678202,
    0.343351831397));
#4953 = ADVANCED_FACE('',(#4954),#4972,.T.);
#4954 = FACE_BOUND('',#4955,.T.);
#4955 = EDGE_LOOP('',(#4956,#4965,#4966,#4967));
#4956 = ORIENTED_EDGE('',*,*,#4957,.F.);
#4957 = EDGE_CURVE('',#4930,#4958,#4960,.T.);
#4958 = VERTEX_POINT('',#4959);
#4959 = CARTESIAN_POINT('',(-6.801303522705E-02,0.380190878464,
    0.338283029045));
#4960 = B_SPLINE_CURVE_WITH_KNOTS('',3,(#4961,#4962,#4963,#4964),
  .UNSPECIFIED.,.F.,.F.,(4,4),(2.,3.),.PIECEWISE_BEZIER_KNOTS.);
#4961 = CARTESIAN_POINT('',(-6.583446615161E-02,0.379627678202,
    0.343351831397));
#4962 = CARTESIAN_POINT('',(-6.581964411262E-02,0.379858464607,
    0.341274752676));
#4963 = CARTESIAN_POINT('',(-6.65407088871E-02,0.380045045764,
    0.339595522263));
#4964 = CARTESIAN_POINT('',(-6.801303522705E-02,0.380190878464,
    0.338283029045));
#4965 = ORIENTED_EDGE('',*,*,#4940,.F.);
#4966 = ORIENTED_EDGE('',*,*,#4624,.T.);
#4967 = ORIENTED_EDGE('',*,*,#4968,.T.);
#4968 = EDGE_CURVE('',#4616,#4958,#4969,.T.);
#4969 = B_SPLINE_CURVE_WITH_KNOTS('',1,(#4970,#4971),.UNSPECIFIED.,.F.,
  .F.,(2,2),(-0.,9.999998807054E-04),.PIECEWISE_BEZIER_KNOTS.);
#4970 = CARTESIAN_POINT('',(-6.801303522705E-02,0.38118476208,
    0.338393460558));
#4971 = CARTESIAN_POINT('',(-6.801303522705E-02,0.380190878464,
    0.338283029045));
#4972 = B_SPLINE_SURFACE_WITH_KNOTS('',3,1,(
    (#4973,#4974)
    ,(#4975,#4976)
    ,(#4977,#4978)
    ,(#4979,#4980
    )),.UNSPECIFIED.,.F.,.F.,.F.,(4,4),(2,2),(2.,3.),(0.,1.),
  .PIECEWISE_BEZIER_KNOTS.);
#4973 = CARTESIAN_POINT('',(-6.583446615161E-02,0.380621561818,
    0.34346226291));
#4974 = CARTESIAN_POINT('',(-6.583446615161E-02,0.379627678202,
    0.343351831397));
#4975 = CARTESIAN_POINT('',(-6.581964411262E-02,0.380852348342,
    0.341385184202));
#4976 = CARTESIAN_POINT('',(-6.581964411262E-02,0.379858464725,
    0.34127475269));
#4977 = CARTESIAN_POINT('',(-6.65407088871E-02,0.381038929499,
    0.339705953789));
#4978 = CARTESIAN_POINT('',(-6.65407088871E-02,0.380045045882,
    0.339595522276));
#4979 = CARTESIAN_POINT('',(-6.801303522705E-02,0.38118476208,
    0.338393460558));
#4980 = CARTESIAN_POINT('',(-6.801303522705E-02,0.380190878464,
    0.338283029045));
#4981 = ADVANCED_FACE('',(#4982),#5000,.T.);
#4982 = FACE_BOUND('',#4983,.T.);
#4983 = EDGE_LOOP('',(#4984,#4993,#4994,#4995));
#4984 = ORIENTED_EDGE('',*,*,#4985,.F.);
#4985 = EDGE_CURVE('',#4958,#4986,#4988,.T.);
#4986 = VERTEX_POINT('',#4987);
#4987 = CARTESIAN_POINT('',(-7.383199329654E-02,0.380412455126,
    0.336288839086));
#4988 = B_SPLINE_CURVE_WITH_KNOTS('',3,(#4989,#4990,#4991,#4992),
  .UNSPECIFIED.,.F.,.F.,(4,4),(3.,4.),.PIECEWISE_BEZIER_KNOTS.);
#4989 = CARTESIAN_POINT('',(-6.801303522705E-02,0.380190878464,
    0.338283029045));
#4990 = CARTESIAN_POINT('',(-6.946976559052E-02,0.380336698711,
    0.336970645738));
#4991 = CARTESIAN_POINT('',(-7.141461693904E-02,0.38041056167,
    0.336305879106));
#4992 = CARTESIAN_POINT('',(-7.383199329654E-02,0.380412455126,
    0.336288839086));
#4993 = ORIENTED_EDGE('',*,*,#4968,.F.);
#4994 = ORIENTED_EDGE('',*,*,#4615,.T.);
#4995 = ORIENTED_EDGE('',*,*,#4996,.T.);
#4996 = EDGE_CURVE('',#4607,#4986,#4997,.T.);
#4997 = B_SPLINE_CURVE_WITH_KNOTS('',1,(#4998,#4999),.UNSPECIFIED.,.F.,
  .F.,(2,2),(-0.,9.999998807053E-04),.PIECEWISE_BEZIER_KNOTS.);
#4998 = CARTESIAN_POINT('',(-7.383199329654E-02,0.381406338742,
    0.336399270599));
#4999 = CARTESIAN_POINT('',(-7.383199329654E-02,0.380412455126,
    0.336288839086));
#5000 = B_SPLINE_SURFACE_WITH_KNOTS('',3,1,(
    (#5001,#5002)
    ,(#5003,#5004)
    ,(#5005,#5006)
    ,(#5007,#5008
    )),.UNSPECIFIED.,.F.,.F.,.F.,(4,4),(2,2),(3.,4.),(0.,1.),
  .PIECEWISE_BEZIER_KNOTS.);
#5001 = CARTESIAN_POINT('',(-6.801303522705E-02,0.38118476208,
    0.338393460558));
#5002 = CARTESIAN_POINT('',(-6.801303522705E-02,0.380190878464,
    0.338283029045));
#5003 = CARTESIAN_POINT('',(-6.946976559052E-02,0.381330582446,
    0.337081077264));
#5004 = CARTESIAN_POINT('',(-6.946976559052E-02,0.38033669883,
    0.336970645751));
#5005 = CARTESIAN_POINT('',(-7.141461693904E-02,0.381404445405,
    0.336416310632));
#5006 = CARTESIAN_POINT('',(-7.141461693904E-02,0.380410561789,
    0.336305879119));
#5007 = CARTESIAN_POINT('',(-7.383199329654E-02,0.381406338742,
    0.336399270599));
#5008 = CARTESIAN_POINT('',(-7.383199329654E-02,0.380412455126,
    0.336288839086));
#5009 = ADVANCED_FACE('',(#5010),#5028,.T.);
#5010 = FACE_BOUND('',#5011,.T.);
#5011 = EDGE_LOOP('',(#5012,#5021,#5022,#5023));
#5012 = ORIENTED_EDGE('',*,*,#5013,.F.);
#5013 = EDGE_CURVE('',#4986,#5014,#5016,.T.);
#5014 = VERTEX_POINT('',#5015);
#5015 = CARTESIAN_POINT('',(-8.215427238262E-02,0.380026272,
    0.339764487215));
#5016 = B_SPLINE_CURVE_WITH_KNOTS('',3,(#5017,#5018,#5019,#5020),
  .UNSPECIFIED.,.F.,.F.,(4,4),(4.,5.),.PIECEWISE_BEZIER_KNOTS.);
#5017 = CARTESIAN_POINT('',(-7.383199329654E-02,0.380412455126,
    0.336288839086));
#5018 = CARTESIAN_POINT('',(-7.718512824374E-02,0.380415081249,
    0.336265202898));
#5019 = CARTESIAN_POINT('',(-7.996961859009E-02,0.380286361684,
    0.337423678984));
#5020 = CARTESIAN_POINT('',(-8.215427238262E-02,0.380026272,
    0.339764487215));
#5021 = ORIENTED_EDGE('',*,*,#4996,.F.);
#5022 = ORIENTED_EDGE('',*,*,#4606,.T.);
#5023 = ORIENTED_EDGE('',*,*,#5024,.T.);
#5024 = EDGE_CURVE('',#4598,#5014,#5025,.T.);
#5025 = B_SPLINE_CURVE_WITH_KNOTS('',1,(#5026,#5027),.UNSPECIFIED.,.F.,
  .F.,(2,2),(-0.,9.999998807054E-04),.PIECEWISE_BEZIER_KNOTS.);
#5026 = CARTESIAN_POINT('',(-8.215427238262E-02,0.381020155616,
    0.339874918728));
#5027 = CARTESIAN_POINT('',(-8.215427238262E-02,0.380026272,
    0.339764487215));
#5028 = B_SPLINE_SURFACE_WITH_KNOTS('',3,1,(
    (#5029,#5030)
    ,(#5031,#5032)
    ,(#5033,#5034)
    ,(#5035,#5036
    )),.UNSPECIFIED.,.F.,.F.,.F.,(4,4),(2,2),(4.,5.),(0.,1.),
  .PIECEWISE_BEZIER_KNOTS.);
#5029 = CARTESIAN_POINT('',(-7.383199329654E-02,0.381406338742,
    0.336399270599));
#5030 = CARTESIAN_POINT('',(-7.383199329654E-02,0.380412455126,
    0.336288839086));
#5031 = CARTESIAN_POINT('',(-7.718512824374E-02,0.381408964984,
    0.336375634424));
#5032 = CARTESIAN_POINT('',(-7.718512824374E-02,0.380415081367,
    0.336265202911));
#5033 = CARTESIAN_POINT('',(-7.996961859009E-02,0.381280245418,
    0.33753411051));
#5034 = CARTESIAN_POINT('',(-7.996961859009E-02,0.380286361802,
    0.337423678997));
#5035 = CARTESIAN_POINT('',(-8.215427238262E-02,0.381020155616,
    0.339874918728));
#5036 = CARTESIAN_POINT('',(-8.215427238262E-02,0.380026272,
    0.339764487215));
#5037 = ADVANCED_FACE('',(#5038),#5056,.T.);
#5038 = FACE_BOUND('',#5039,.T.);
#5039 = EDGE_LOOP('',(#5040,#5049,#5050,#5051));
#5040 = ORIENTED_EDGE('',*,*,#5041,.F.);
#5041 = EDGE_CURVE('',#5014,#5042,#5044,.T.);
#5042 = VERTEX_POINT('',#5043);
#5043 = CARTESIAN_POINT('',(-8.549247641913E-02,0.379047133301,
    0.348576735506));
#5044 = B_SPLINE_CURVE_WITH_KNOTS('',3,(#5045,#5046,#5047,#5048),
  .UNSPECIFIED.,.F.,.F.,(4,4),(5.,6.),.PIECEWISE_BEZIER_KNOTS.);
#5045 = CARTESIAN_POINT('',(-8.215427238262E-02,0.380026272,
    0.339764487215));
#5046 = CARTESIAN_POINT('',(-8.435430092717E-02,0.37976963887,
    0.34207418431));
#5047 = CARTESIAN_POINT('',(-8.546703560604E-02,0.379443259303,
    0.345011600411));
#5048 = CARTESIAN_POINT('',(-8.549247641913E-02,0.379047133301,
    0.348576735506));
#5049 = ORIENTED_EDGE('',*,*,#5024,.F.);
#5050 = ORIENTED_EDGE('',*,*,#4597,.T.);
#5051 = ORIENTED_EDGE('',*,*,#5052,.T.);
#5052 = EDGE_CURVE('',#4591,#5042,#5053,.T.);
#5053 = B_SPLINE_CURVE_WITH_KNOTS('',1,(#5054,#5055),.UNSPECIFIED.,.F.,
  .F.,(2,2),(-0.,9.999998807054E-04),.PIECEWISE_BEZIER_KNOTS.);
#5054 = CARTESIAN_POINT('',(-8.549247641922E-02,0.380041016916,
    0.348687167032));
#5055 = CARTESIAN_POINT('',(-8.549247641922E-02,0.3790471333,
    0.348576735519));
#5056 = B_SPLINE_SURFACE_WITH_KNOTS('',3,1,(
    (#5057,#5058)
    ,(#5059,#5060)
    ,(#5061,#5062)
    ,(#5063,#5064
    )),.UNSPECIFIED.,.F.,.F.,.F.,(4,4),(2,2),(5.,6.),(0.,1.),
  .PIECEWISE_BEZIER_KNOTS.);
#5057 = CARTESIAN_POINT('',(-8.215427238262E-02,0.381020155616,
    0.339874918728));
#5058 = CARTESIAN_POINT('',(-8.215427238262E-02,0.380026272,
    0.339764487215));
#5059 = CARTESIAN_POINT('',(-8.435430092717E-02,0.380763522604,
    0.342184615836));
#5060 = CARTESIAN_POINT('',(-8.435430092717E-02,0.379769638988,
    0.342074184323));
#5061 = CARTESIAN_POINT('',(-8.546703560604E-02,0.380437143038,
    0.345122031937));
#5062 = CARTESIAN_POINT('',(-8.546703560604E-02,0.379443259422,
    0.345011600424));
#5063 = CARTESIAN_POINT('',(-8.549247641922E-02,0.380041016916,
    0.348687167032));
#5064 = CARTESIAN_POINT('',(-8.549247641922E-02,0.3790471333,
    0.348576735519));
#5065 = ADVANCED_FACE('',(#5066),#5082,.T.);
#5066 = FACE_BOUND('',#5067,.T.);
#5067 = EDGE_LOOP('',(#5068,#5075,#5076,#5077));
#5068 = ORIENTED_EDGE('',*,*,#5069,.F.);
#5069 = EDGE_CURVE('',#5042,#5070,#5072,.T.);
#5070 = VERTEX_POINT('',#5071);
#5071 = CARTESIAN_POINT('',(-8.55221204972E-02,0.378585560135,
    0.352730892921));
#5072 = B_SPLINE_CURVE_WITH_KNOTS('',1,(#5073,#5074),.UNSPECIFIED.,.F.,
  .F.,(2,2),(-1.32552377533E-11,4.179826823819E-03),
  .PIECEWISE_BEZIER_KNOTS.);
#5073 = CARTESIAN_POINT('',(-8.549247641913E-02,0.379047133183,
    0.348576735492));
#5074 = CARTESIAN_POINT('',(-8.55221204972E-02,0.378585560135,
    0.352730892921));
#5075 = ORIENTED_EDGE('',*,*,#5052,.F.);
#5076 = ORIENTED_EDGE('',*,*,#4590,.T.);
#5077 = ORIENTED_EDGE('',*,*,#5078,.T.);
#5078 = EDGE_CURVE('',#4584,#5070,#5079,.T.);
#5079 = B_SPLINE_CURVE_WITH_KNOTS('',1,(#5080,#5081),.UNSPECIFIED.,.F.,
  .F.,(2,2),(-6.681897447657E-16,1.E-03),.PIECEWISE_BEZIER_KNOTS.);
#5080 = CARTESIAN_POINT('',(-8.55221204972E-02,0.37957944387,
    0.352841324447));
#5081 = CARTESIAN_POINT('',(-8.55221204972E-02,0.378585560135,
    0.352730892921));
#5082 = B_SPLINE_SURFACE_WITH_KNOTS('',1,1,(
    (#5083,#5084)
    ,(#5085,#5086
    )),.UNSPECIFIED.,.F.,.F.,.F.,(2,2),(2,2),(-4.154263168064E-03,
    1.104287957853E-04),(-1.455457227179E-03,0.),
  .PIECEWISE_BEZIER_KNOTS.);
#5083 = CARTESIAN_POINT('',(-8.552289888794E-02,0.378585560135,
    0.35284131896));
#5084 = CARTESIAN_POINT('',(-8.552175900202E-02,0.380041016916,
    0.352841326995));
#5085 = CARTESIAN_POINT('',(-8.549283791432E-02,0.378585560135,
    0.348576732944));
#5086 = CARTESIAN_POINT('',(-8.549169802839E-02,0.380041016916,
    0.348576740979));
#5087 = ADVANCED_FACE('',(#5088),#5098,.T.);
#5088 = FACE_BOUND('',#5089,.T.);
#5089 = EDGE_LOOP('',(#5090,#5095,#5096,#5097));
#5090 = ORIENTED_EDGE('',*,*,#5091,.F.);
#5091 = EDGE_CURVE('',#5070,#4896,#5092,.T.);
#5092 = B_SPLINE_CURVE_WITH_KNOTS('',1,(#5093,#5094),.UNSPECIFIED.,.F.,
  .F.,(2,2),(0.,1.029194907832E-02),.PIECEWISE_BEZIER_KNOTS.);
#5093 = CARTESIAN_POINT('',(-8.55221204972E-02,0.378585560135,
    0.352730892921));
#5094 = CARTESIAN_POINT('',(-7.53126179905E-02,0.378729132773,
    0.351438739178));
#5095 = ORIENTED_EDGE('',*,*,#5078,.F.);
#5096 = ORIENTED_EDGE('',*,*,#4583,.T.);
#5097 = ORIENTED_EDGE('',*,*,#4906,.T.);
#5098 = B_SPLINE_SURFACE_WITH_KNOTS('',1,1,(
    (#5099,#5100)
    ,(#5101,#5102
    )),.UNSPECIFIED.,.F.,.F.,.F.,(2,2),(2,2),(-1.030496990566E-02,
    9.377681950898E-18),(-9.999015121225E-04,1.444419431267E-04),
  .PIECEWISE_BEZIER_KNOTS.);
#5099 = CARTESIAN_POINT('',(-7.531462891593E-02,0.378585560135,
    0.351423044316));
#5100 = CARTESIAN_POINT('',(-7.52986973291E-02,0.379723016508,
    0.351547387101));
#5101 = CARTESIAN_POINT('',(-8.55360411586E-02,0.378585560135,
    0.352732676524));
#5102 = CARTESIAN_POINT('',(-8.552010957177E-02,0.379723016508,
    0.35285701931));
#5103 = ADVANCED_FACE('',(#5104),#5114,.F.);
#5104 = FACE_BOUND('',#5105,.T.);
#5105 = EDGE_LOOP('',(#5106,#5107,#5108,#5109,#5110,#5111,#5112,#5113));
#5106 = ORIENTED_EDGE('',*,*,#5091,.T.);
#5107 = ORIENTED_EDGE('',*,*,#4895,.T.);
#5108 = ORIENTED_EDGE('',*,*,#4929,.T.);
#5109 = ORIENTED_EDGE('',*,*,#4957,.T.);
#5110 = ORIENTED_EDGE('',*,*,#4985,.T.);
#5111 = ORIENTED_EDGE('',*,*,#5013,.T.);
#5112 = ORIENTED_EDGE('',*,*,#5041,.T.);
#5113 = ORIENTED_EDGE('',*,*,#5069,.T.);
#5114 = B_SPLINE_SURFACE_WITH_KNOTS('',1,1,(
    (#5115,#5116)
    ,(#5117,#5118
    )),.UNSPECIFIED.,.F.,.F.,.F.,(2,2),(2,2),(6.581964411262E-02,
    8.55221204972E-02),(0.258853257488,0.27542027579),
  .PIECEWISE_BEZIER_KNOTS.);
#5115 = CARTESIAN_POINT('',(-6.581964411262E-02,0.378585560254,
    0.352730892934));
#5116 = CARTESIAN_POINT('',(-6.581964411262E-02,0.380415081367,
    0.336265202911));
#5117 = CARTESIAN_POINT('',(-8.55221204972E-02,0.378585560254,
    0.352730892934));
#5118 = CARTESIAN_POINT('',(-8.55221204972E-02,0.380415081367,
    0.336265202911));
#5119 = ADVANCED_FACE('',(#5120),#5144,.F.);
#5120 = FACE_BOUND('',#5121,.F.);
#5121 = EDGE_LOOP('',(#5122,#5129,#5138,#5143));
#5122 = ORIENTED_EDGE('',*,*,#5123,.F.);
#5123 = EDGE_CURVE('',#5124,#370,#5126,.T.);
#5124 = VERTEX_POINT('',#5125);
#5125 = CARTESIAN_POINT('',(-0.115972100572,0.381442788456,0.33607122317
    ));
#5126 = B_SPLINE_CURVE_WITH_KNOTS('',1,(#5127,#5128),.UNSPECIFIED.,.F.,
  .F.,(2,2),(-0.,1.E-03),.PIECEWISE_BEZIER_KNOTS.);
#5127 = CARTESIAN_POINT('',(-0.115972100572,0.381442788456,0.33607122317
    ));
#5128 = CARTESIAN_POINT('',(-0.115972100572,0.380448904722,
    0.335960791644));
#5129 = ORIENTED_EDGE('',*,*,#5130,.T.);
#5130 = EDGE_CURVE('',#5124,#5131,#5133,.T.);
#5131 = VERTEX_POINT('',#5132);
#5132 = CARTESIAN_POINT('',(-0.103431608817,0.380967925483,
    0.340344989931));
#5133 = B_SPLINE_CURVE_WITH_KNOTS('',3,(#5134,#5135,#5136,#5137),
  .UNSPECIFIED.,.F.,.F.,(4,4),(0.,1.),.PIECEWISE_BEZIER_KNOTS.);
#5134 = CARTESIAN_POINT('',(-0.115972100572,0.381442788456,0.33607122317
    ));
#5135 = CARTESIAN_POINT('',(-0.111480459341,0.381439270514,
    0.336102884651));
#5136 = CARTESIAN_POINT('',(-0.10731069274,0.381280990999,0.337527400281
    ));
#5137 = CARTESIAN_POINT('',(-0.103431608817,0.380967925483,
    0.340344989931));
#5138 = ORIENTED_EDGE('',*,*,#5139,.T.);
#5139 = EDGE_CURVE('',#5131,#372,#5140,.T.);
#5140 = B_SPLINE_CURVE_WITH_KNOTS('',1,(#5141,#5142),.UNSPECIFIED.,.F.,
  .F.,(2,2),(-0.,9.999998807054E-04),.PIECEWISE_BEZIER_KNOTS.);
#5141 = CARTESIAN_POINT('',(-0.103431608817,0.380967925483,
    0.340344989931));
#5142 = CARTESIAN_POINT('',(-0.103431608817,0.379974041867,
    0.340234558418));
#5143 = ORIENTED_EDGE('',*,*,#369,.F.);
#5144 = B_SPLINE_SURFACE_WITH_KNOTS('',3,1,(
    (#5145,#5146)
    ,(#5147,#5148)
    ,(#5149,#5150)
    ,(#5151,#5152
    )),.UNSPECIFIED.,.F.,.F.,.F.,(4,4),(2,2),(0.,1.),(0.,1.),
  .PIECEWISE_BEZIER_KNOTS.);
#5145 = CARTESIAN_POINT('',(-0.115972100572,0.381442788456,0.33607122317
    ));
#5146 = CARTESIAN_POINT('',(-0.115972100572,0.380448904722,
    0.335960791644));
#5147 = CARTESIAN_POINT('',(-0.111480459341,0.381439270514,
    0.336102884651));
#5148 = CARTESIAN_POINT('',(-0.111480459341,0.380445386779,
    0.335992453125));
#5149 = CARTESIAN_POINT('',(-0.10731069274,0.381280990999,0.337527400281
    ));
#5150 = CARTESIAN_POINT('',(-0.10731069274,0.380287107265,0.337416968755
    ));
#5151 = CARTESIAN_POINT('',(-0.103431608817,0.380967925483,
    0.340344989931));
#5152 = CARTESIAN_POINT('',(-0.103431608817,0.379974041748,
    0.340234558405));
#5153 = ADVANCED_FACE('',(#5154),#5170,.F.);
#5154 = FACE_BOUND('',#5155,.T.);
#5155 = EDGE_LOOP('',(#5156,#5157,#5164,#5169));
#5156 = ORIENTED_EDGE('',*,*,#549,.T.);
#5157 = ORIENTED_EDGE('',*,*,#5158,.F.);
#5158 = EDGE_CURVE('',#5159,#541,#5161,.T.);
#5159 = VERTEX_POINT('',#5160);
#5160 = CARTESIAN_POINT('',(-0.103375639028,0.38183940295,0.332501692723
    ));
#5161 = B_SPLINE_CURVE_WITH_KNOTS('',1,(#5162,#5163),.UNSPECIFIED.,.F.,
  .F.,(2,2),(-0.,9.999998807054E-04),.PIECEWISE_BEZIER_KNOTS.);
#5162 = CARTESIAN_POINT('',(-0.103375639028,0.38183940295,0.332501692723
    ));
#5163 = CARTESIAN_POINT('',(-0.103375639028,0.380845519334,0.33239126121
    ));
#5164 = ORIENTED_EDGE('',*,*,#5165,.F.);
#5165 = EDGE_CURVE('',#5131,#5159,#5166,.T.);
#5166 = B_SPLINE_CURVE_WITH_KNOTS('',1,(#5167,#5168),.UNSPECIFIED.,.F.,
  .F.,(2,2),(-7.891762584584E-03,0.),.PIECEWISE_BEZIER_KNOTS.);
#5167 = CARTESIAN_POINT('',(-0.103431608817,0.380967925483,
    0.340344989931));
#5168 = CARTESIAN_POINT('',(-0.103375639028,0.38183940295,0.332501692723
    ));
#5169 = ORIENTED_EDGE('',*,*,#5139,.T.);
#5170 = B_SPLINE_SURFACE_WITH_KNOTS('',1,1,(
    (#5171,#5172)
    ,(#5173,#5174
    )),.UNSPECIFIED.,.F.,.F.,.F.,(2,2),(2,2),(-1.104287826111E-04,
    7.843496876334E-03),(-1.865361774371E-03,0.),
  .PIECEWISE_BEZIER_KNOTS.);
#5171 = CARTESIAN_POINT('',(-0.103376321552,0.379974041748,
    0.332391256386));
#5172 = CARTESIAN_POINT('',(-0.103374860637,0.38183940295,0.332391266684
    ));
#5173 = CARTESIAN_POINT('',(-0.103432387207,0.379974041748,
    0.340344984444));
#5174 = CARTESIAN_POINT('',(-0.103430926292,0.38183940295,0.340344994742
    ));
#5175 = ADVANCED_FACE('',(#5176),#5194,.F.);
#5176 = FACE_BOUND('',#5177,.F.);
#5177 = EDGE_LOOP('',(#5178,#5179,#5188,#5193));
#5178 = ORIENTED_EDGE('',*,*,#5158,.F.);
#5179 = ORIENTED_EDGE('',*,*,#5180,.T.);
#5180 = EDGE_CURVE('',#5159,#5181,#5183,.T.);
#5181 = VERTEX_POINT('',#5182);
#5182 = CARTESIAN_POINT('',(-0.115179248808,0.382131117127,
    0.329876265136));
#5183 = B_SPLINE_CURVE_WITH_KNOTS('',3,(#5184,#5185,#5186,#5187),
  .UNSPECIFIED.,.F.,.F.,(4,4),(19.,20.),.PIECEWISE_BEZIER_KNOTS.);
#5184 = CARTESIAN_POINT('',(-0.103375639028,0.38183940295,0.332501692723
    ));
#5185 = CARTESIAN_POINT('',(-0.10673242383,0.382028048456,0.330803883176
    ));
#5186 = CARTESIAN_POINT('',(-0.110656415623,0.382127574754,
    0.329908146488));
#5187 = CARTESIAN_POINT('',(-0.115179248808,0.382131117127,
    0.329876265136));
#5188 = ORIENTED_EDGE('',*,*,#5189,.T.);
#5189 = EDGE_CURVE('',#5181,#532,#5190,.T.);
#5190 = B_SPLINE_CURVE_WITH_KNOTS('',1,(#5191,#5192),.UNSPECIFIED.,.F.,
  .F.,(2,2),(-0.,9.999998807053E-04),.PIECEWISE_BEZIER_KNOTS.);
#5191 = CARTESIAN_POINT('',(-0.115179248808,0.382131117127,
    0.329876265136));
#5192 = CARTESIAN_POINT('',(-0.115179248808,0.381137233511,
    0.329765833623));
#5193 = ORIENTED_EDGE('',*,*,#540,.F.);
#5194 = B_SPLINE_SURFACE_WITH_KNOTS('',3,1,(
    (#5195,#5196)
    ,(#5197,#5198)
    ,(#5199,#5200)
    ,(#5201,#5202
    )),.UNSPECIFIED.,.F.,.F.,.F.,(4,4),(2,2),(19.,20.),(0.,1.),
  .PIECEWISE_BEZIER_KNOTS.);
#5195 = CARTESIAN_POINT('',(-0.103375639028,0.38183940295,0.332501692723
    ));
#5196 = CARTESIAN_POINT('',(-0.103375639028,0.380845519334,0.33239126121
    ));
#5197 = CARTESIAN_POINT('',(-0.10673242383,0.382028048456,0.330803883176
    ));
#5198 = CARTESIAN_POINT('',(-0.10673242383,0.381034164839,0.330693451663
    ));
#5199 = CARTESIAN_POINT('',(-0.110656415623,0.382127574754,
    0.329908146488));
#5200 = CARTESIAN_POINT('',(-0.110656415623,0.381133691138,
    0.329797714975));
#5201 = CARTESIAN_POINT('',(-0.115179248808,0.382131117127,
    0.329876265136));
#5202 = CARTESIAN_POINT('',(-0.115179248808,0.381137233511,
    0.329765833623));
#5203 = ADVANCED_FACE('',(#5204),#5222,.F.);
#5204 = FACE_BOUND('',#5205,.F.);
#5205 = EDGE_LOOP('',(#5206,#5207,#5216,#5221));
#5206 = ORIENTED_EDGE('',*,*,#5189,.F.);
#5207 = ORIENTED_EDGE('',*,*,#5208,.T.);
#5208 = EDGE_CURVE('',#5181,#5209,#5211,.T.);
#5209 = VERTEX_POINT('',#5210);
#5210 = CARTESIAN_POINT('',(-0.127898929593,0.381758712378,
    0.333227907874));
#5211 = B_SPLINE_CURVE_WITH_KNOTS('',3,(#5212,#5213,#5214,#5215),
  .UNSPECIFIED.,.F.,.F.,(4,4),(18.,19.),.PIECEWISE_BEZIER_KNOTS.);
#5212 = CARTESIAN_POINT('',(-0.115179248808,0.382131117127,
    0.329876265136));
#5213 = CARTESIAN_POINT('',(-0.120372708982,0.382135184747,
    0.329839656549));
#5214 = CARTESIAN_POINT('',(-0.124622999895,0.382011057975,
    0.330956797504));
#5215 = CARTESIAN_POINT('',(-0.127898929593,0.381758712378,
    0.333227907874));
#5216 = ORIENTED_EDGE('',*,*,#5217,.T.);
#5217 = EDGE_CURVE('',#5209,#523,#5218,.T.);
#5218 = B_SPLINE_CURVE_WITH_KNOTS('',1,(#5219,#5220),.UNSPECIFIED.,.F.,
  .F.,(2,2),(-0.,9.999998807054E-04),.PIECEWISE_BEZIER_KNOTS.);
#5219 = CARTESIAN_POINT('',(-0.127898929593,0.381758712378,
    0.333227907874));
#5220 = CARTESIAN_POINT('',(-0.127898929593,0.380764828762,
    0.333117476361));
#5221 = ORIENTED_EDGE('',*,*,#531,.F.);
#5222 = B_SPLINE_SURFACE_WITH_KNOTS('',3,1,(
    (#5223,#5224)
    ,(#5225,#5226)
    ,(#5227,#5228)
    ,(#5229,#5230
    )),.UNSPECIFIED.,.F.,.F.,.F.,(4,4),(2,2),(18.,19.),(0.,1.),
  .PIECEWISE_BEZIER_KNOTS.);
#5223 = CARTESIAN_POINT('',(-0.115179248808,0.382131117127,
    0.329876265136));
#5224 = CARTESIAN_POINT('',(-0.115179248808,0.381137233511,
    0.329765833623));
#5225 = CARTESIAN_POINT('',(-0.120372708982,0.382135184747,
    0.329839656549));
#5226 = CARTESIAN_POINT('',(-0.120372708982,0.381141301131,
    0.329729225036));
#5227 = CARTESIAN_POINT('',(-0.124622999895,0.382011057975,
    0.330956797504));
#5228 = CARTESIAN_POINT('',(-0.124622999895,0.381017174359,
    0.330846365991));
#5229 = CARTESIAN_POINT('',(-0.127898929593,0.381758712378,
    0.333227907874));
#5230 = CARTESIAN_POINT('',(-0.127898929593,0.380764828762,
    0.333117476361));
#5231 = ADVANCED_FACE('',(#5232),#5250,.F.);
#5232 = FACE_BOUND('',#5233,.F.);
#5233 = EDGE_LOOP('',(#5234,#5235,#5244,#5249));
#5234 = ORIENTED_EDGE('',*,*,#5217,.F.);
#5235 = ORIENTED_EDGE('',*,*,#5236,.T.);
#5236 = EDGE_CURVE('',#5209,#5237,#5239,.T.);
#5237 = VERTEX_POINT('',#5238);
#5238 = CARTESIAN_POINT('',(-0.132878471978,0.380722298486,0.3425556329)
  );
#5239 = B_SPLINE_CURVE_WITH_KNOTS('',3,(#5240,#5241,#5242,#5243),
  .UNSPECIFIED.,.F.,.F.,(4,4),(17.,18.),.PIECEWISE_BEZIER_KNOTS.);
#5240 = CARTESIAN_POINT('',(-0.127898929593,0.381758712378,
    0.333227907874));
#5241 = CARTESIAN_POINT('',(-0.131190234044,0.381509823571,
    0.335467907133));
#5242 = CARTESIAN_POINT('',(-0.132850155247,0.381163204083,
    0.338587482533));
#5243 = CARTESIAN_POINT('',(-0.132878471978,0.380722298486,0.3425556329)
  );
#5244 = ORIENTED_EDGE('',*,*,#5245,.T.);
#5245 = EDGE_CURVE('',#5237,#514,#5246,.T.);
#5246 = B_SPLINE_CURVE_WITH_KNOTS('',1,(#5247,#5248),.UNSPECIFIED.,.F.,
  .F.,(2,2),(-0.,9.999998807053E-04),.PIECEWISE_BEZIER_KNOTS.);
#5247 = CARTESIAN_POINT('',(-0.132878471978,0.380722298486,0.3425556329)
  );
#5248 = CARTESIAN_POINT('',(-0.132878471978,0.37972841487,0.342445201387
    ));
#5249 = ORIENTED_EDGE('',*,*,#522,.F.);
#5250 = B_SPLINE_SURFACE_WITH_KNOTS('',3,1,(
    (#5251,#5252)
    ,(#5253,#5254)
    ,(#5255,#5256)
    ,(#5257,#5258
    )),.UNSPECIFIED.,.F.,.F.,.F.,(4,4),(2,2),(17.,18.),(0.,1.),
  .PIECEWISE_BEZIER_KNOTS.);
#5251 = CARTESIAN_POINT('',(-0.127898929593,0.381758712378,
    0.333227907874));
#5252 = CARTESIAN_POINT('',(-0.127898929593,0.380764828762,
    0.333117476361));
#5253 = CARTESIAN_POINT('',(-0.131190234044,0.381509823571,
    0.335467907133));
#5254 = CARTESIAN_POINT('',(-0.131190234044,0.380515939955,0.33535747562
    ));
#5255 = CARTESIAN_POINT('',(-0.132850155247,0.381163204083,
    0.338587482533));
#5256 = CARTESIAN_POINT('',(-0.132850155247,0.380169320466,0.33847705102
    ));
#5257 = CARTESIAN_POINT('',(-0.132878471978,0.380722298486,0.3425556329)
  );
#5258 = CARTESIAN_POINT('',(-0.132878471978,0.37972841487,0.342445201387
    ));
#5259 = ADVANCED_FACE('',(#5260),#5278,.F.);
#5260 = FACE_BOUND('',#5261,.F.);
#5261 = EDGE_LOOP('',(#5262,#5263,#5272,#5277));
#5262 = ORIENTED_EDGE('',*,*,#5245,.F.);
#5263 = ORIENTED_EDGE('',*,*,#5264,.T.);
#5264 = EDGE_CURVE('',#5237,#5265,#5267,.T.);
#5265 = VERTEX_POINT('',#5266);
#5266 = CARTESIAN_POINT('',(-0.130371834683,0.379924598395,
    0.349734933719));
#5267 = B_SPLINE_CURVE_WITH_KNOTS('',3,(#5268,#5269,#5270,#5271),
  .UNSPECIFIED.,.F.,.F.,(4,4),(16.,17.),.PIECEWISE_BEZIER_KNOTS.);
#5268 = CARTESIAN_POINT('',(-0.132878471978,0.380722298486,0.3425556329)
  );
#5269 = CARTESIAN_POINT('',(-0.132898824629,0.380405397589,
    0.345407740976));
#5270 = CARTESIAN_POINT('',(-0.132058080205,0.380139493487,
    0.347800877894));
#5271 = CARTESIAN_POINT('',(-0.130371834683,0.379924598395,
    0.349734933719));
#5272 = ORIENTED_EDGE('',*,*,#5273,.T.);
#5273 = EDGE_CURVE('',#5265,#505,#5274,.T.);
#5274 = B_SPLINE_CURVE_WITH_KNOTS('',1,(#5275,#5276),.UNSPECIFIED.,.F.,
  .F.,(2,2),(-0.,9.999998807054E-04),.PIECEWISE_BEZIER_KNOTS.);
#5275 = CARTESIAN_POINT('',(-0.130371834683,0.379924598395,
    0.349734933719));
#5276 = CARTESIAN_POINT('',(-0.130371834683,0.378930714779,
    0.349624502206));
#5277 = ORIENTED_EDGE('',*,*,#513,.F.);
#5278 = B_SPLINE_SURFACE_WITH_KNOTS('',3,1,(
    (#5279,#5280)
    ,(#5281,#5282)
    ,(#5283,#5284)
    ,(#5285,#5286
    )),.UNSPECIFIED.,.F.,.F.,.F.,(4,4),(2,2),(16.,17.),(0.,1.),
  .PIECEWISE_BEZIER_KNOTS.);
#5279 = CARTESIAN_POINT('',(-0.132878471978,0.380722298486,0.3425556329)
  );
#5280 = CARTESIAN_POINT('',(-0.132878471978,0.37972841487,0.342445201387
    ));
#5281 = CARTESIAN_POINT('',(-0.132898824629,0.380405397589,
    0.345407740976));
#5282 = CARTESIAN_POINT('',(-0.132898824629,0.379411513973,
    0.345297309463));
#5283 = CARTESIAN_POINT('',(-0.132058080205,0.380139493487,
    0.347800877894));
#5284 = CARTESIAN_POINT('',(-0.132058080205,0.379145609871,
    0.347690446381));
#5285 = CARTESIAN_POINT('',(-0.130371834683,0.379924598395,
    0.349734933719));
#5286 = CARTESIAN_POINT('',(-0.130371834683,0.378930714779,
    0.349624502206));
#5287 = ADVANCED_FACE('',(#5288),#5306,.F.);
#5288 = FACE_BOUND('',#5289,.F.);
#5289 = EDGE_LOOP('',(#5290,#5291,#5300,#5305));
#5290 = ORIENTED_EDGE('',*,*,#5273,.F.);
#5291 = ORIENTED_EDGE('',*,*,#5292,.T.);
#5292 = EDGE_CURVE('',#5265,#5293,#5295,.T.);
#5293 = VERTEX_POINT('',#5294);
#5294 = CARTESIAN_POINT('',(-0.120555219164,0.379293410397,
    0.355415625707));
#5295 = B_SPLINE_CURVE_WITH_KNOTS('',3,(#5296,#5297,#5298,#5299),
  .UNSPECIFIED.,.F.,.F.,(4,4),(15.,16.),.PIECEWISE_BEZIER_KNOTS.);
#5296 = CARTESIAN_POINT('',(-0.130371834683,0.379924598395,
    0.349734933719));
#5297 = CARTESIAN_POINT('',(-0.128669993185,0.379709691089,
    0.351669099479));
#5298 = CARTESIAN_POINT('',(-0.125408332812,0.379497006849,
    0.353583257634));
#5299 = CARTESIAN_POINT('',(-0.120555219164,0.379293410397,
    0.355415625707));
#5300 = ORIENTED_EDGE('',*,*,#5301,.T.);
#5301 = EDGE_CURVE('',#5293,#496,#5302,.T.);
#5302 = B_SPLINE_CURVE_WITH_KNOTS('',1,(#5303,#5304),.UNSPECIFIED.,.F.,
  .F.,(2,2),(-0.,9.999998807053E-04),.PIECEWISE_BEZIER_KNOTS.);
#5303 = CARTESIAN_POINT('',(-0.120555219164,0.379293410397,
    0.355415625707));
#5304 = CARTESIAN_POINT('',(-0.120555219164,0.37829952678,0.355305194194
    ));
#5305 = ORIENTED_EDGE('',*,*,#504,.F.);
#5306 = B_SPLINE_SURFACE_WITH_KNOTS('',3,1,(
    (#5307,#5308)
    ,(#5309,#5310)
    ,(#5311,#5312)
    ,(#5313,#5314
    )),.UNSPECIFIED.,.F.,.F.,.F.,(4,4),(2,2),(15.,16.),(0.,1.),
  .PIECEWISE_BEZIER_KNOTS.);
#5307 = CARTESIAN_POINT('',(-0.130371834683,0.379924598395,
    0.349734933719));
#5308 = CARTESIAN_POINT('',(-0.130371834683,0.378930714779,
    0.349624502206));
#5309 = CARTESIAN_POINT('',(-0.128669993185,0.379709691089,
    0.351669099479));
#5310 = CARTESIAN_POINT('',(-0.128669993185,0.378715807472,
    0.351558667966));
#5311 = CARTESIAN_POINT('',(-0.125408332812,0.379497006849,
    0.353583257634));
#5312 = CARTESIAN_POINT('',(-0.125408332812,0.378503123233,
    0.353472826121));
#5313 = CARTESIAN_POINT('',(-0.120555219164,0.379293410397,
    0.355415625707));
#5314 = CARTESIAN_POINT('',(-0.120555219164,0.37829952678,0.355305194194
    ));
#5315 = ADVANCED_FACE('',(#5316),#5334,.F.);
#5316 = FACE_BOUND('',#5317,.F.);
#5317 = EDGE_LOOP('',(#5318,#5319,#5328,#5333));
#5318 = ORIENTED_EDGE('',*,*,#5301,.F.);
#5319 = ORIENTED_EDGE('',*,*,#5320,.T.);
#5320 = EDGE_CURVE('',#5293,#5321,#5323,.T.);
#5321 = VERTEX_POINT('',#5322);
#5322 = CARTESIAN_POINT('',(-0.113158081285,0.378874247023,
    0.359188096067));
#5323 = B_SPLINE_CURVE_WITH_KNOTS('',3,(#5324,#5325,#5326,#5327),
  .UNSPECIFIED.,.F.,.F.,(4,4),(14.,15.),.PIECEWISE_BEZIER_KNOTS.);
#5324 = CARTESIAN_POINT('',(-0.120555219164,0.379293410397,
    0.355415625707));
#5325 = CARTESIAN_POINT('',(-0.116729227719,0.379125065889,
    0.356930726276));
#5326 = CARTESIAN_POINT('',(-0.114273912411,0.378985352908,
    0.358188143106));
#5327 = CARTESIAN_POINT('',(-0.113158081285,0.378874247023,
    0.359188096067));
#5328 = ORIENTED_EDGE('',*,*,#5329,.T.);
#5329 = EDGE_CURVE('',#5321,#487,#5330,.T.);
#5330 = B_SPLINE_CURVE_WITH_KNOTS('',1,(#5331,#5332),.UNSPECIFIED.,.F.,
  .F.,(2,2),(-0.,9.999998807053E-04),.PIECEWISE_BEZIER_KNOTS.);
#5331 = CARTESIAN_POINT('',(-0.113158081285,0.378874247023,
    0.359188096067));
#5332 = CARTESIAN_POINT('',(-0.113158081285,0.377880363407,
    0.359077664555));
#5333 = ORIENTED_EDGE('',*,*,#495,.F.);
#5334 = B_SPLINE_SURFACE_WITH_KNOTS('',3,1,(
    (#5335,#5336)
    ,(#5337,#5338)
    ,(#5339,#5340)
    ,(#5341,#5342
    )),.UNSPECIFIED.,.F.,.F.,.F.,(4,4),(2,2),(14.,15.),(0.,1.),
  .PIECEWISE_BEZIER_KNOTS.);
#5335 = CARTESIAN_POINT('',(-0.120555219164,0.379293410397,
    0.355415625707));
#5336 = CARTESIAN_POINT('',(-0.120555219164,0.37829952678,0.355305194194
    ));
#5337 = CARTESIAN_POINT('',(-0.116729227719,0.379125065889,
    0.356930726276));
#5338 = CARTESIAN_POINT('',(-0.116729227719,0.378131182273,
    0.356820294763));
#5339 = CARTESIAN_POINT('',(-0.114273912411,0.378985352908,
    0.358188143106));
#5340 = CARTESIAN_POINT('',(-0.114273912411,0.377991469292,
    0.358077711593));
#5341 = CARTESIAN_POINT('',(-0.113158081285,0.378874247023,
    0.359188096067));
#5342 = CARTESIAN_POINT('',(-0.113158081285,0.377880363407,
    0.359077664555));
#5343 = ADVANCED_FACE('',(#5344),#5362,.F.);
#5344 = FACE_BOUND('',#5345,.F.);
#5345 = EDGE_LOOP('',(#5346,#5347,#5356,#5361));
#5346 = ORIENTED_EDGE('',*,*,#5329,.F.);
#5347 = ORIENTED_EDGE('',*,*,#5348,.T.);
#5348 = EDGE_CURVE('',#5321,#5349,#5351,.T.);
#5349 = VERTEX_POINT('',#5350);
#5350 = CARTESIAN_POINT('',(-0.11151807098,0.378425145264,0.363230011903
    ));
#5351 = B_SPLINE_CURVE_WITH_KNOTS('',3,(#5352,#5353,#5354,#5355),
  .UNSPECIFIED.,.F.,.F.,(4,4),(13.,14.),.PIECEWISE_BEZIER_KNOTS.);
#5352 = CARTESIAN_POINT('',(-0.113158081285,0.378874247023,
    0.359188096067));
#5353 = CARTESIAN_POINT('',(-0.112057624912,0.378766597929,
    0.360156937919));
#5354 = CARTESIAN_POINT('',(-0.11150568241,0.378618041462,0.361493946118
    ));
#5355 = CARTESIAN_POINT('',(-0.11151807098,0.378425145264,0.363230011903
    ));
#5356 = ORIENTED_EDGE('',*,*,#5357,.T.);
#5357 = EDGE_CURVE('',#5349,#478,#5358,.T.);
#5358 = B_SPLINE_CURVE_WITH_KNOTS('',1,(#5359,#5360),.UNSPECIFIED.,.F.,
  .F.,(2,2),(-0.,9.999998807054E-04),.PIECEWISE_BEZIER_KNOTS.);
#5359 = CARTESIAN_POINT('',(-0.11151807098,0.378425145264,0.363230011903
    ));
#5360 = CARTESIAN_POINT('',(-0.11151807098,0.377431261648,0.36311958039)
  );
#5361 = ORIENTED_EDGE('',*,*,#486,.F.);
#5362 = B_SPLINE_SURFACE_WITH_KNOTS('',3,1,(
    (#5363,#5364)
    ,(#5365,#5366)
    ,(#5367,#5368)
    ,(#5369,#5370
    )),.UNSPECIFIED.,.F.,.F.,.F.,(4,4),(2,2),(13.,14.),(0.,1.),
  .PIECEWISE_BEZIER_KNOTS.);
#5363 = CARTESIAN_POINT('',(-0.113158081285,0.378874247023,
    0.359188096067));
#5364 = CARTESIAN_POINT('',(-0.113158081285,0.377880363407,
    0.359077664555));
#5365 = CARTESIAN_POINT('',(-0.112057624912,0.378766597929,
    0.360156937919));
#5366 = CARTESIAN_POINT('',(-0.112057624912,0.377772714312,
    0.360046506406));
#5367 = CARTESIAN_POINT('',(-0.11150568241,0.378618041462,0.361493946118
    ));
#5368 = CARTESIAN_POINT('',(-0.11150568241,0.377624157846,0.361383514605
    ));
#5369 = CARTESIAN_POINT('',(-0.11151807098,0.378425145264,0.363230011903
    ));
#5370 = CARTESIAN_POINT('',(-0.11151807098,0.377431261648,0.36311958039)
  );
#5371 = ADVANCED_FACE('',(#5372),#5390,.F.);
#5372 = FACE_BOUND('',#5373,.F.);
#5373 = EDGE_LOOP('',(#5374,#5375,#5384,#5389));
#5374 = ORIENTED_EDGE('',*,*,#5357,.F.);
#5375 = ORIENTED_EDGE('',*,*,#5376,.T.);
#5376 = EDGE_CURVE('',#5349,#5377,#5379,.T.);
#5377 = VERTEX_POINT('',#5378);
#5378 = CARTESIAN_POINT('',(-0.113871958005,0.377958503114,
    0.367429791248));
#5379 = B_SPLINE_CURVE_WITH_KNOTS('',3,(#5380,#5381,#5382,#5383),
  .UNSPECIFIED.,.F.,.F.,(4,4),(12.,13.),.PIECEWISE_BEZIER_KNOTS.);
#5380 = CARTESIAN_POINT('',(-0.11151807098,0.378425145264,0.363230011903
    ));
#5381 = CARTESIAN_POINT('',(-0.11153045955,0.378232249065,0.364966077688
    ));
#5382 = CARTESIAN_POINT('',(-0.1123204347,0.378074409371,0.366386634941)
  );
#5383 = CARTESIAN_POINT('',(-0.113871958005,0.377958503114,
    0.367429791248));
#5384 = ORIENTED_EDGE('',*,*,#5385,.T.);
#5385 = EDGE_CURVE('',#5377,#469,#5386,.T.);
#5386 = B_SPLINE_CURVE_WITH_KNOTS('',1,(#5387,#5388),.UNSPECIFIED.,.F.,
  .F.,(2,2),(-0.,9.999998807053E-04),.PIECEWISE_BEZIER_KNOTS.);
#5387 = CARTESIAN_POINT('',(-0.113871958005,0.377958503114,
    0.367429791248));
#5388 = CARTESIAN_POINT('',(-0.113871958005,0.376964619498,
    0.367319359735));
#5389 = ORIENTED_EDGE('',*,*,#477,.F.);
#5390 = B_SPLINE_SURFACE_WITH_KNOTS('',3,1,(
    (#5391,#5392)
    ,(#5393,#5394)
    ,(#5395,#5396)
    ,(#5397,#5398
    )),.UNSPECIFIED.,.F.,.F.,.F.,(4,4),(2,2),(12.,13.),(0.,1.),
  .PIECEWISE_BEZIER_KNOTS.);
#5391 = CARTESIAN_POINT('',(-0.11151807098,0.378425145264,0.363230011903
    ));
#5392 = CARTESIAN_POINT('',(-0.11151807098,0.377431261648,0.36311958039)
  );
#5393 = CARTESIAN_POINT('',(-0.11153045955,0.378232249065,0.364966077688
    ));
#5394 = CARTESIAN_POINT('',(-0.11153045955,0.377238365449,0.364855646175
    ));
#5395 = CARTESIAN_POINT('',(-0.1123204347,0.378074409371,0.366386634941)
  );
#5396 = CARTESIAN_POINT('',(-0.1123204347,0.377080525754,0.366276203428)
  );
#5397 = CARTESIAN_POINT('',(-0.113871958005,0.377958503114,
    0.367429791248));
#5398 = CARTESIAN_POINT('',(-0.113871958005,0.376964619498,
    0.367319359735));
#5399 = ADVANCED_FACE('',(#5400),#5418,.F.);
#5400 = FACE_BOUND('',#5401,.F.);
#5401 = EDGE_LOOP('',(#5402,#5403,#5412,#5417));
#5402 = ORIENTED_EDGE('',*,*,#5385,.F.);
#5403 = ORIENTED_EDGE('',*,*,#5404,.T.);
#5404 = EDGE_CURVE('',#5377,#5405,#5407,.T.);
#5405 = VERTEX_POINT('',#5406);
#5406 = CARTESIAN_POINT('',(-0.119903508606,0.377784100236,
    0.368999417155));
#5407 = B_SPLINE_CURVE_WITH_KNOTS('',3,(#5408,#5409,#5410,#5411),
  .UNSPECIFIED.,.F.,.F.,(4,4),(11.,12.),.PIECEWISE_BEZIER_KNOTS.);
#5408 = CARTESIAN_POINT('',(-0.113871958005,0.377958503114,
    0.367429791248));
#5409 = CARTESIAN_POINT('',(-0.115423702535,0.377839152283,0.36850394873
    ));
#5410 = CARTESIAN_POINT('',(-0.117439344319,0.377782170253,
    0.369016786996));
#5411 = CARTESIAN_POINT('',(-0.119903508606,0.377784100236,
    0.368999417155));
#5412 = ORIENTED_EDGE('',*,*,#5413,.T.);
#5413 = EDGE_CURVE('',#5405,#460,#5414,.T.);
#5414 = B_SPLINE_CURVE_WITH_KNOTS('',1,(#5415,#5416),.UNSPECIFIED.,.F.,
  .F.,(2,2),(-0.,9.999998807053E-04),.PIECEWISE_BEZIER_KNOTS.);
#5415 = CARTESIAN_POINT('',(-0.119903508606,0.377784100236,
    0.368999417155));
#5416 = CARTESIAN_POINT('',(-0.119903508606,0.37679021662,0.368888985642
    ));
#5417 = ORIENTED_EDGE('',*,*,#468,.F.);
#5418 = B_SPLINE_SURFACE_WITH_KNOTS('',3,1,(
    (#5419,#5420)
    ,(#5421,#5422)
    ,(#5423,#5424)
    ,(#5425,#5426
    )),.UNSPECIFIED.,.F.,.F.,.F.,(4,4),(2,2),(11.,12.),(0.,1.),
  .PIECEWISE_BEZIER_KNOTS.);
#5419 = CARTESIAN_POINT('',(-0.113871958005,0.377958503114,
    0.367429791248));
#5420 = CARTESIAN_POINT('',(-0.113871958005,0.376964619498,
    0.367319359735));
#5421 = CARTESIAN_POINT('',(-0.115423702535,0.377839152283,0.36850394873
    ));
#5422 = CARTESIAN_POINT('',(-0.115423702535,0.376845268667,
    0.368393517217));
#5423 = CARTESIAN_POINT('',(-0.117439344319,0.377782170253,
    0.369016786996));
#5424 = CARTESIAN_POINT('',(-0.117439344319,0.376788286637,
    0.368906355483));
#5425 = CARTESIAN_POINT('',(-0.119903508606,0.377784100236,
    0.368999417155));
#5426 = CARTESIAN_POINT('',(-0.119903508606,0.37679021662,0.368888985642
    ));
#5427 = ADVANCED_FACE('',(#5428),#5446,.F.);
#5428 = FACE_BOUND('',#5429,.F.);
#5429 = EDGE_LOOP('',(#5430,#5431,#5440,#5445));
#5430 = ORIENTED_EDGE('',*,*,#5413,.F.);
#5431 = ORIENTED_EDGE('',*,*,#5432,.T.);
#5432 = EDGE_CURVE('',#5405,#5433,#5435,.T.);
#5433 = VERTEX_POINT('',#5434);
#5434 = CARTESIAN_POINT('',(-0.13095430825,0.378140675013,0.365790244162
    ));
#5435 = B_SPLINE_CURVE_WITH_KNOTS('',3,(#5436,#5437,#5438,#5439),
  .UNSPECIFIED.,.F.,.F.,(4,4),(10.,11.),.PIECEWISE_BEZIER_KNOTS.);
#5436 = CARTESIAN_POINT('',(-0.119903508606,0.377784100236,
    0.368999417155));
#5437 = CARTESIAN_POINT('',(-0.124036442378,0.377787337231,
    0.368970284196));
#5438 = CARTESIAN_POINT('',(-0.1277095712,0.377907335538,0.36789029943)
  );
#5439 = CARTESIAN_POINT('',(-0.13095430825,0.378140675013,0.365790244162
    ));
#5440 = ORIENTED_EDGE('',*,*,#5441,.T.);
#5441 = EDGE_CURVE('',#5433,#453,#5442,.T.);
#5442 = B_SPLINE_CURVE_WITH_KNOTS('',1,(#5443,#5444),.UNSPECIFIED.,.F.,
  .F.,(2,2),(-0.,9.999998807054E-04),.PIECEWISE_BEZIER_KNOTS.);
#5443 = CARTESIAN_POINT('',(-0.13095430825,0.378140675013,0.365790244162
    ));
#5444 = CARTESIAN_POINT('',(-0.13095430825,0.377146791397,0.365679812649
    ));
#5445 = ORIENTED_EDGE('',*,*,#459,.F.);
#5446 = B_SPLINE_SURFACE_WITH_KNOTS('',3,1,(
    (#5447,#5448)
    ,(#5449,#5450)
    ,(#5451,#5452)
    ,(#5453,#5454
    )),.UNSPECIFIED.,.F.,.F.,.F.,(4,4),(2,2),(10.,11.),(0.,1.),
  .PIECEWISE_BEZIER_KNOTS.);
#5447 = CARTESIAN_POINT('',(-0.119903508606,0.377784100236,
    0.368999417155));
#5448 = CARTESIAN_POINT('',(-0.119903508606,0.37679021662,0.368888985642
    ));
#5449 = CARTESIAN_POINT('',(-0.124036442378,0.377787337231,
    0.368970284196));
#5450 = CARTESIAN_POINT('',(-0.124036442378,0.376793453615,
    0.368859852683));
#5451 = CARTESIAN_POINT('',(-0.1277095712,0.377907335538,0.36789029943)
  );
#5452 = CARTESIAN_POINT('',(-0.1277095712,0.376913451922,0.367779867917)
  );
#5453 = CARTESIAN_POINT('',(-0.13095430825,0.378140675013,0.365790244162
    ));
#5454 = CARTESIAN_POINT('',(-0.13095430825,0.377146791397,0.365679812649
    ));
#5455 = ADVANCED_FACE('',(#5456),#5472,.F.);
#5456 = FACE_BOUND('',#5457,.T.);
#5457 = EDGE_LOOP('',(#5458,#5459,#5466,#5471));
#5458 = ORIENTED_EDGE('',*,*,#452,.T.);
#5459 = ORIENTED_EDGE('',*,*,#5460,.F.);
#5460 = EDGE_CURVE('',#5461,#444,#5463,.T.);
#5461 = VERTEX_POINT('',#5462);
#5462 = CARTESIAN_POINT('',(-0.131006959672,0.37732086617,0.373168523749
    ));
#5463 = B_SPLINE_CURVE_WITH_KNOTS('',1,(#5464,#5465),.UNSPECIFIED.,.F.,
  .F.,(2,2),(-0.,9.999998807054E-04),.PIECEWISE_BEZIER_KNOTS.);
#5464 = CARTESIAN_POINT('',(-0.131006959672,0.37732086617,0.373168523749
    ));
#5465 = CARTESIAN_POINT('',(-0.131006959672,0.376326982554,
    0.373058092236));
#5466 = ORIENTED_EDGE('',*,*,#5467,.F.);
#5467 = EDGE_CURVE('',#5433,#5461,#5468,.T.);
#5468 = B_SPLINE_CURVE_WITH_KNOTS('',1,(#5469,#5470),.UNSPECIFIED.,.F.,
  .F.,(2,2),(-7.423871522359E-03,0.),.PIECEWISE_BEZIER_KNOTS.);
#5469 = CARTESIAN_POINT('',(-0.13095430825,0.378140675013,0.365790244162
    ));
#5470 = CARTESIAN_POINT('',(-0.131006959672,0.37732086617,0.373168523749
    ));
#5471 = ORIENTED_EDGE('',*,*,#5441,.T.);
#5472 = B_SPLINE_SURFACE_WITH_KNOTS('',1,1,(
    (#5473,#5474)
    ,(#5475,#5476
    )),.UNSPECIFIED.,.F.,.F.,.F.,(2,2),(2,2),(0.,7.488896213149E-03),(
    -9.938840394991E-04,8.198090944754E-04),.PIECEWISE_BEZIER_KNOTS.);
#5473 = CARTESIAN_POINT('',(-0.131007738063,0.376326982435,
    0.373168518262));
#5474 = CARTESIAN_POINT('',(-0.131006317613,0.378140675013,
    0.373168528275));
#5475 = CARTESIAN_POINT('',(-0.130954950308,0.376326982435,
    0.365679808096));
#5476 = CARTESIAN_POINT('',(-0.130953529859,0.378140675013,
    0.365679818109));
#5477 = ADVANCED_FACE('',(#5478),#5496,.F.);
#5478 = FACE_BOUND('',#5479,.F.);
#5479 = EDGE_LOOP('',(#5480,#5481,#5490,#5495));
#5480 = ORIENTED_EDGE('',*,*,#5460,.F.);
#5481 = ORIENTED_EDGE('',*,*,#5482,.T.);
#5482 = EDGE_CURVE('',#5461,#5483,#5485,.T.);
#5483 = VERTEX_POINT('',#5484);
#5484 = CARTESIAN_POINT('',(-0.120696139146,0.37709921614,0.375163374015
    ));
#5485 = B_SPLINE_CURVE_WITH_KNOTS('',3,(#5486,#5487,#5488,#5489),
  .UNSPECIFIED.,.F.,.F.,(4,4),(8.,9.),.PIECEWISE_BEZIER_KNOTS.);
#5486 = CARTESIAN_POINT('',(-0.131006959672,0.37732086617,0.373168523749
    ));
#5487 = CARTESIAN_POINT('',(-0.127834671893,0.377173702145,0.37449299997
    ));
#5488 = CARTESIAN_POINT('',(-0.124407981553,0.377102123329,
    0.375137209319));
#5489 = CARTESIAN_POINT('',(-0.120696139146,0.37709921614,0.375163374015
    ));
#5490 = ORIENTED_EDGE('',*,*,#5491,.T.);
#5491 = EDGE_CURVE('',#5483,#435,#5492,.T.);
#5492 = B_SPLINE_CURVE_WITH_KNOTS('',1,(#5493,#5494),.UNSPECIFIED.,.F.,
  .F.,(2,2),(-0.,9.999998807053E-04),.PIECEWISE_BEZIER_KNOTS.);
#5493 = CARTESIAN_POINT('',(-0.120696139146,0.37709921614,0.375163374015
    ));
#5494 = CARTESIAN_POINT('',(-0.120696139146,0.376105332524,
    0.375052942502));
#5495 = ORIENTED_EDGE('',*,*,#443,.F.);
#5496 = B_SPLINE_SURFACE_WITH_KNOTS('',3,1,(
    (#5497,#5498)
    ,(#5499,#5500)
    ,(#5501,#5502)
    ,(#5503,#5504
    )),.UNSPECIFIED.,.F.,.F.,.F.,(4,4),(2,2),(8.,9.),(0.,1.),
  .PIECEWISE_BEZIER_KNOTS.);
#5497 = CARTESIAN_POINT('',(-0.131006959672,0.37732086617,0.373168523749
    ));
#5498 = CARTESIAN_POINT('',(-0.131006959672,0.376326982554,
    0.373058092236));
#5499 = CARTESIAN_POINT('',(-0.127834671893,0.377173702145,0.37449299997
    ));
#5500 = CARTESIAN_POINT('',(-0.127834671893,0.376179818529,
    0.374382568457));
#5501 = CARTESIAN_POINT('',(-0.124407981553,0.377102123329,
    0.375137209319));
#5502 = CARTESIAN_POINT('',(-0.124407981553,0.376108239712,
    0.375026777806));
#5503 = CARTESIAN_POINT('',(-0.120696139146,0.37709921614,0.375163374015
    ));
#5504 = CARTESIAN_POINT('',(-0.120696139146,0.376105332524,
    0.375052942502));
#5505 = ADVANCED_FACE('',(#5506),#5524,.F.);
#5506 = FACE_BOUND('',#5507,.F.);
#5507 = EDGE_LOOP('',(#5508,#5509,#5518,#5523));
#5508 = ORIENTED_EDGE('',*,*,#5491,.F.);
#5509 = ORIENTED_EDGE('',*,*,#5510,.T.);
#5510 = EDGE_CURVE('',#5483,#5511,#5513,.T.);
#5511 = VERTEX_POINT('',#5512);
#5512 = CARTESIAN_POINT('',(-0.108600297421,0.377472109492,
    0.371807333848));
#5513 = B_SPLINE_CURVE_WITH_KNOTS('',3,(#5514,#5515,#5516,#5517),
  .UNSPECIFIED.,.F.,.F.,(4,4),(7.,8.),.PIECEWISE_BEZIER_KNOTS.);
#5514 = CARTESIAN_POINT('',(-0.120696139146,0.37709921614,0.375163374015
    ));
#5515 = CARTESIAN_POINT('',(-0.115923770337,0.377095478326,
    0.375197014338));
#5516 = CARTESIAN_POINT('',(-0.111891823096,0.37721977611,0.374078334283
    ));
#5517 = CARTESIAN_POINT('',(-0.108600297421,0.377472109492,
    0.371807333848));
#5518 = ORIENTED_EDGE('',*,*,#5519,.T.);
#5519 = EDGE_CURVE('',#5511,#426,#5520,.T.);
#5520 = B_SPLINE_CURVE_WITH_KNOTS('',1,(#5521,#5522),.UNSPECIFIED.,.F.,
  .F.,(2,2),(-0.,9.999998807054E-04),.PIECEWISE_BEZIER_KNOTS.);
#5521 = CARTESIAN_POINT('',(-0.108600297421,0.377472109492,
    0.371807333848));
#5522 = CARTESIAN_POINT('',(-0.108600297421,0.376478225876,
    0.371696902336));
#5523 = ORIENTED_EDGE('',*,*,#434,.F.);
#5524 = B_SPLINE_SURFACE_WITH_KNOTS('',3,1,(
    (#5525,#5526)
    ,(#5527,#5528)
    ,(#5529,#5530)
    ,(#5531,#5532
    )),.UNSPECIFIED.,.F.,.F.,.F.,(4,4),(2,2),(7.,8.),(0.,1.),
  .PIECEWISE_BEZIER_KNOTS.);
#5525 = CARTESIAN_POINT('',(-0.120696139146,0.37709921614,0.375163374015
    ));
#5526 = CARTESIAN_POINT('',(-0.120696139146,0.376105332524,
    0.375052942502));
#5527 = CARTESIAN_POINT('',(-0.115923770337,0.377095478326,
    0.375197014338));
#5528 = CARTESIAN_POINT('',(-0.115923770337,0.37610159471,0.375086582825
    ));
#5529 = CARTESIAN_POINT('',(-0.111891823096,0.37721977611,0.374078334283
    ));
#5530 = CARTESIAN_POINT('',(-0.111891823096,0.376225892494,0.37396790277
    ));
#5531 = CARTESIAN_POINT('',(-0.108600297421,0.377472109492,
    0.371807333848));
#5532 = CARTESIAN_POINT('',(-0.108600297421,0.376478225876,
    0.371696902336));
#5533 = ADVANCED_FACE('',(#5534),#5552,.F.);
#5534 = FACE_BOUND('',#5535,.F.);
#5535 = EDGE_LOOP('',(#5536,#5537,#5546,#5551));
#5536 = ORIENTED_EDGE('',*,*,#5519,.F.);
#5537 = ORIENTED_EDGE('',*,*,#5538,.T.);
#5538 = EDGE_CURVE('',#5511,#5539,#5541,.T.);
#5539 = VERTEX_POINT('',#5540);
#5540 = CARTESIAN_POINT('',(-0.10363723591,0.378494757299,0.362603503586
    ));
#5541 = B_SPLINE_CURVE_WITH_KNOTS('',3,(#5542,#5543,#5544,#5545),
  .UNSPECIFIED.,.F.,.F.,(4,4),(6.,7.),.PIECEWISE_BEZIER_KNOTS.);
#5542 = CARTESIAN_POINT('',(-0.108600297421,0.377472109492,
    0.371807333848));
#5543 = CARTESIAN_POINT('',(-0.105324146498,0.377727899664,
    0.369505222304));
#5544 = CARTESIAN_POINT('',(-0.103664667743,0.378067630003,
    0.366447649253));
#5545 = CARTESIAN_POINT('',(-0.10363723591,0.378494757299,0.362603503586
    ));
#5546 = ORIENTED_EDGE('',*,*,#5547,.T.);
#5547 = EDGE_CURVE('',#5539,#417,#5548,.T.);
#5548 = B_SPLINE_CURVE_WITH_KNOTS('',1,(#5549,#5550),.UNSPECIFIED.,.F.,
  .F.,(2,2),(-0.,9.999998807054E-04),.PIECEWISE_BEZIER_KNOTS.);
#5549 = CARTESIAN_POINT('',(-0.10363723591,0.378494757299,0.362603503586
    ));
#5550 = CARTESIAN_POINT('',(-0.10363723591,0.377500873683,0.362493072073
    ));
#5551 = ORIENTED_EDGE('',*,*,#425,.F.);
#5552 = B_SPLINE_SURFACE_WITH_KNOTS('',3,1,(
    (#5553,#5554)
    ,(#5555,#5556)
    ,(#5557,#5558)
    ,(#5559,#5560
    )),.UNSPECIFIED.,.F.,.F.,.F.,(4,4),(2,2),(6.,7.),(0.,1.),
  .PIECEWISE_BEZIER_KNOTS.);
#5553 = CARTESIAN_POINT('',(-0.108600297421,0.377472109492,
    0.371807333848));
#5554 = CARTESIAN_POINT('',(-0.108600297421,0.376478225876,
    0.371696902336));
#5555 = CARTESIAN_POINT('',(-0.105324146498,0.377727899664,
    0.369505222304));
#5556 = CARTESIAN_POINT('',(-0.105324146498,0.376734016047,
    0.369394790791));
#5557 = CARTESIAN_POINT('',(-0.103664667743,0.378067630003,
    0.366447649253));
#5558 = CARTESIAN_POINT('',(-0.103664667743,0.377073746386,0.36633721774
    ));
#5559 = CARTESIAN_POINT('',(-0.10363723591,0.378494757299,0.362603503586
    ));
#5560 = CARTESIAN_POINT('',(-0.10363723591,0.377500873683,0.362493072073
    ));
#5561 = ADVANCED_FACE('',(#5562),#5580,.F.);
#5562 = FACE_BOUND('',#5563,.F.);
#5563 = EDGE_LOOP('',(#5564,#5565,#5574,#5579));
#5564 = ORIENTED_EDGE('',*,*,#5547,.F.);
#5565 = ORIENTED_EDGE('',*,*,#5566,.T.);
#5566 = EDGE_CURVE('',#5539,#5567,#5569,.T.);
#5567 = VERTEX_POINT('',#5568);
#5568 = CARTESIAN_POINT('',(-0.105756186037,0.379257706263,
    0.355736962907));
#5569 = B_SPLINE_CURVE_WITH_KNOTS('',3,(#5570,#5571,#5572,#5573),
  .UNSPECIFIED.,.F.,.F.,(4,4),(5.,6.),.PIECEWISE_BEZIER_KNOTS.);
#5570 = CARTESIAN_POINT('',(-0.10363723591,0.378494757299,0.362603503586
    ));
#5571 = CARTESIAN_POINT('',(-0.103618210606,0.378790990746,
    0.359937402558));
#5572 = CARTESIAN_POINT('',(-0.104319254915,0.379046451188,
    0.357638258586));
#5573 = CARTESIAN_POINT('',(-0.105756186037,0.379257706263,
    0.355736962907));
#5574 = ORIENTED_EDGE('',*,*,#5575,.T.);
#5575 = EDGE_CURVE('',#5567,#408,#5576,.T.);
#5576 = B_SPLINE_CURVE_WITH_KNOTS('',1,(#5577,#5578),.UNSPECIFIED.,.F.,
  .F.,(2,2),(-0.,9.999998807053E-04),.PIECEWISE_BEZIER_KNOTS.);
#5577 = CARTESIAN_POINT('',(-0.105756186037,0.379257706263,
    0.355736962907));
#5578 = CARTESIAN_POINT('',(-0.105756186037,0.378263822647,
    0.355626531394));
#5579 = ORIENTED_EDGE('',*,*,#416,.F.);
#5580 = B_SPLINE_SURFACE_WITH_KNOTS('',3,1,(
    (#5581,#5582)
    ,(#5583,#5584)
    ,(#5585,#5586)
    ,(#5587,#5588
    )),.UNSPECIFIED.,.F.,.F.,.F.,(4,4),(2,2),(5.,6.),(0.,1.),
  .PIECEWISE_BEZIER_KNOTS.);
#5581 = CARTESIAN_POINT('',(-0.10363723591,0.378494757299,0.362603503586
    ));
#5582 = CARTESIAN_POINT('',(-0.10363723591,0.377500873683,0.362493072073
    ));
#5583 = CARTESIAN_POINT('',(-0.103618210606,0.378790990746,
    0.359937402558));
#5584 = CARTESIAN_POINT('',(-0.103618210606,0.37779710713,0.359826971045
    ));
#5585 = CARTESIAN_POINT('',(-0.104319254915,0.379046451188,
    0.357638258586));
#5586 = CARTESIAN_POINT('',(-0.104319254915,0.378052567572,
    0.357527827073));
#5587 = CARTESIAN_POINT('',(-0.105756186037,0.379257706263,
    0.355736962907));
#5588 = CARTESIAN_POINT('',(-0.105756186037,0.378263822647,
    0.355626531394));
#5589 = ADVANCED_FACE('',(#5590),#5608,.F.);
#5590 = FACE_BOUND('',#5591,.F.);
#5591 = EDGE_LOOP('',(#5592,#5593,#5602,#5607));
#5592 = ORIENTED_EDGE('',*,*,#5575,.F.);
#5593 = ORIENTED_EDGE('',*,*,#5594,.T.);
#5594 = EDGE_CURVE('',#5567,#5595,#5597,.T.);
#5595 = VERTEX_POINT('',#5596);
#5596 = CARTESIAN_POINT('',(-0.115119633341,0.379902318325,
    0.349935454355));
#5597 = B_SPLINE_CURVE_WITH_KNOTS('',3,(#5598,#5599,#5600,#5601),
  .UNSPECIFIED.,.F.,.F.,(4,4),(4.,5.),.PIECEWISE_BEZIER_KNOTS.);
#5598 = CARTESIAN_POINT('',(-0.105756186037,0.379257706263,
    0.355736962907));
#5599 = CARTESIAN_POINT('',(-0.107177521183,0.379468949124,
    0.353835777164));
#5600 = CARTESIAN_POINT('',(-0.110314192519,0.379684980217,
    0.351891497319));
#5601 = CARTESIAN_POINT('',(-0.115119633341,0.379902318325,
    0.349935454355));
#5602 = ORIENTED_EDGE('',*,*,#5603,.T.);
#5603 = EDGE_CURVE('',#5595,#399,#5604,.T.);
#5604 = B_SPLINE_CURVE_WITH_KNOTS('',1,(#5605,#5606),.UNSPECIFIED.,.F.,
  .F.,(2,2),(-0.,9.999998807054E-04),.PIECEWISE_BEZIER_KNOTS.);
#5605 = CARTESIAN_POINT('',(-0.115119633341,0.379902318325,
    0.349935454355));
#5606 = CARTESIAN_POINT('',(-0.115119633341,0.378908434708,
    0.349825022842));
#5607 = ORIENTED_EDGE('',*,*,#407,.F.);
#5608 = B_SPLINE_SURFACE_WITH_KNOTS('',3,1,(
    (#5609,#5610)
    ,(#5611,#5612)
    ,(#5613,#5614)
    ,(#5615,#5616
    )),.UNSPECIFIED.,.F.,.F.,.F.,(4,4),(2,2),(4.,5.),(0.,1.),
  .PIECEWISE_BEZIER_KNOTS.);
#5609 = CARTESIAN_POINT('',(-0.105756186037,0.379257706263,
    0.355736962907));
#5610 = CARTESIAN_POINT('',(-0.105756186037,0.378263822647,
    0.355626531394));
#5611 = CARTESIAN_POINT('',(-0.107177521183,0.379468949124,
    0.353835777164));
#5612 = CARTESIAN_POINT('',(-0.107177521183,0.378475065507,
    0.353725345651));
#5613 = CARTESIAN_POINT('',(-0.110314192519,0.379684980217,
    0.351891497319));
#5614 = CARTESIAN_POINT('',(-0.110314192519,0.378691096601,
    0.351781065806));
#5615 = CARTESIAN_POINT('',(-0.115119633341,0.379902318325,
    0.349935454355));
#5616 = CARTESIAN_POINT('',(-0.115119633341,0.378908434708,
    0.349825022842));
#5617 = ADVANCED_FACE('',(#5618),#5636,.F.);
#5618 = FACE_BOUND('',#5619,.F.);
#5619 = EDGE_LOOP('',(#5620,#5621,#5630,#5635));
#5620 = ORIENTED_EDGE('',*,*,#5603,.F.);
#5621 = ORIENTED_EDGE('',*,*,#5622,.T.);
#5622 = EDGE_CURVE('',#5595,#5623,#5625,.T.);
#5623 = VERTEX_POINT('',#5624);
#5624 = CARTESIAN_POINT('',(-0.123092716227,0.380339156531,0.3460039105)
  );
#5625 = B_SPLINE_CURVE_WITH_KNOTS('',3,(#5626,#5627,#5628,#5629),
  .UNSPECIFIED.,.F.,.F.,(4,4),(3.,4.),.PIECEWISE_BEZIER_KNOTS.);
#5626 = CARTESIAN_POINT('',(-0.115119633341,0.379902318325,
    0.349935454355));
#5627 = CARTESIAN_POINT('',(-0.119132776503,0.380070809413,
    0.348419034558));
#5628 = CARTESIAN_POINT('',(-0.121790397057,0.38021757034,0.347098186214
    ));
#5629 = CARTESIAN_POINT('',(-0.123092716227,0.380339156531,0.3460039105)
  );
#5630 = ORIENTED_EDGE('',*,*,#5631,.T.);
#5631 = EDGE_CURVE('',#5623,#390,#5632,.T.);
#5632 = B_SPLINE_CURVE_WITH_KNOTS('',1,(#5633,#5634),.UNSPECIFIED.,.F.,
  .F.,(2,2),(-0.,9.999998807054E-04),.PIECEWISE_BEZIER_KNOTS.);
#5633 = CARTESIAN_POINT('',(-0.123092716227,0.380339156531,0.3460039105)
  );
#5634 = CARTESIAN_POINT('',(-0.123092716227,0.379345272915,
    0.345893478987));
#5635 = ORIENTED_EDGE('',*,*,#398,.F.);
#5636 = B_SPLINE_SURFACE_WITH_KNOTS('',3,1,(
    (#5637,#5638)
    ,(#5639,#5640)
    ,(#5641,#5642)
    ,(#5643,#5644
    )),.UNSPECIFIED.,.F.,.F.,.F.,(4,4),(2,2),(3.,4.),(0.,1.),
  .PIECEWISE_BEZIER_KNOTS.);
#5637 = CARTESIAN_POINT('',(-0.115119633341,0.379902318325,
    0.349935454355));
#5638 = CARTESIAN_POINT('',(-0.115119633341,0.378908434708,
    0.349825022842));
#5639 = CARTESIAN_POINT('',(-0.119132776503,0.380070809413,
    0.348419034558));
#5640 = CARTESIAN_POINT('',(-0.119132776503,0.379076925797,
    0.348308603045));
#5641 = CARTESIAN_POINT('',(-0.121790397057,0.38021757034,0.347098186214
    ));
#5642 = CARTESIAN_POINT('',(-0.121790397057,0.379223686724,
    0.346987754701));
#5643 = CARTESIAN_POINT('',(-0.123092716227,0.380339156531,0.3460039105)
  );
#5644 = CARTESIAN_POINT('',(-0.123092716227,0.379345272915,
    0.345893478987));
#5645 = ADVANCED_FACE('',(#5646),#5664,.F.);
#5646 = FACE_BOUND('',#5647,.F.);
#5647 = EDGE_LOOP('',(#5648,#5649,#5658,#5663));
#5648 = ORIENTED_EDGE('',*,*,#5631,.F.);
#5649 = ORIENTED_EDGE('',*,*,#5650,.T.);
#5650 = EDGE_CURVE('',#5623,#5651,#5653,.T.);
#5651 = VERTEX_POINT('',#5652);
#5652 = CARTESIAN_POINT('',(-0.125028386412,0.380798824102,
    0.341866902362));
#5653 = B_SPLINE_CURVE_WITH_KNOTS('',3,(#5654,#5655,#5656,#5657),
  .UNSPECIFIED.,.F.,.F.,(4,4),(2.,3.),.PIECEWISE_BEZIER_KNOTS.);
#5654 = CARTESIAN_POINT('',(-0.123092716227,0.380339156531,0.3460039105)
  );
#5655 = CARTESIAN_POINT('',(-0.124395035397,0.380460742721,
    0.344909634785));
#5656 = CARTESIAN_POINT('',(-0.125040332533,0.380612817053,
    0.343540965798));
#5657 = CARTESIAN_POINT('',(-0.125028386412,0.380798824102,
    0.341866902362));
#5658 = ORIENTED_EDGE('',*,*,#5659,.T.);
#5659 = EDGE_CURVE('',#5651,#381,#5660,.T.);
#5660 = B_SPLINE_CURVE_WITH_KNOTS('',1,(#5661,#5662),.UNSPECIFIED.,.F.,
  .F.,(2,2),(-0.,9.999998807053E-04),.PIECEWISE_BEZIER_KNOTS.);
#5661 = CARTESIAN_POINT('',(-0.125028386412,0.380798824102,
    0.341866902362));
#5662 = CARTESIAN_POINT('',(-0.125028386412,0.379804940485,
    0.341756470849));
#5663 = ORIENTED_EDGE('',*,*,#389,.F.);
#5664 = B_SPLINE_SURFACE_WITH_KNOTS('',3,1,(
    (#5665,#5666)
    ,(#5667,#5668)
    ,(#5669,#5670)
    ,(#5671,#5672
    )),.UNSPECIFIED.,.F.,.F.,.F.,(4,4),(2,2),(2.,3.),(0.,1.),
  .PIECEWISE_BEZIER_KNOTS.);
#5665 = CARTESIAN_POINT('',(-0.123092716227,0.380339156531,0.3460039105)
  );
#5666 = CARTESIAN_POINT('',(-0.123092716227,0.379345272915,
    0.345893478987));
#5667 = CARTESIAN_POINT('',(-0.124395035397,0.380460742721,
    0.344909634785));
#5668 = CARTESIAN_POINT('',(-0.124395035397,0.379466859105,
    0.344799203272));
#5669 = CARTESIAN_POINT('',(-0.125040332533,0.380612817053,
    0.343540965798));
#5670 = CARTESIAN_POINT('',(-0.125040332533,0.379618933437,
    0.343430534285));
#5671 = CARTESIAN_POINT('',(-0.125028386412,0.380798824102,
    0.341866902362));
#5672 = CARTESIAN_POINT('',(-0.125028386412,0.379804940485,
    0.341756470849));
#5673 = ADVANCED_FACE('',(#5674),#5686,.F.);
#5674 = FACE_BOUND('',#5675,.F.);
#5675 = EDGE_LOOP('',(#5676,#5677,#5684,#5685));
#5676 = ORIENTED_EDGE('',*,*,#5659,.F.);
#5677 = ORIENTED_EDGE('',*,*,#5678,.T.);
#5678 = EDGE_CURVE('',#5651,#5124,#5679,.T.);
#5679 = B_SPLINE_CURVE_WITH_KNOTS('',3,(#5680,#5681,#5682,#5683),
  .UNSPECIFIED.,.F.,.F.,(4,4),(1.,2.),.PIECEWISE_BEZIER_KNOTS.);
#5680 = CARTESIAN_POINT('',(-0.125028386412,0.380798824102,
    0.341866902362));
#5681 = CARTESIAN_POINT('',(-0.12500051213,0.381232840548,0.337960754345
    ));
#5682 = CARTESIAN_POINT('',(-0.121976551524,0.381447491261,
    0.336028897926));
#5683 = CARTESIAN_POINT('',(-0.115972100572,0.381442788456,0.33607122317
    ));
#5684 = ORIENTED_EDGE('',*,*,#5123,.T.);
#5685 = ORIENTED_EDGE('',*,*,#380,.F.);
#5686 = B_SPLINE_SURFACE_WITH_KNOTS('',3,1,(
    (#5687,#5688)
    ,(#5689,#5690)
    ,(#5691,#5692)
    ,(#5693,#5694
    )),.UNSPECIFIED.,.F.,.F.,.F.,(4,4),(2,2),(1.,2.),(0.,1.),
  .PIECEWISE_BEZIER_KNOTS.);
#5687 = CARTESIAN_POINT('',(-0.125028386412,0.380798824102,
    0.341866902362));
#5688 = CARTESIAN_POINT('',(-0.125028386412,0.379804940367,
    0.341756470836));
#5689 = CARTESIAN_POINT('',(-0.12500051213,0.381232840548,0.337960754345
    ));
#5690 = CARTESIAN_POINT('',(-0.12500051213,0.380238956813,0.337850322819
    ));
#5691 = CARTESIAN_POINT('',(-0.121976551524,0.381447491261,
    0.336028897926));
#5692 = CARTESIAN_POINT('',(-0.121976551524,0.380453607526,0.3359184664)
  );
#5693 = CARTESIAN_POINT('',(-0.115972100572,0.381442788456,0.33607122317
    ));
#5694 = CARTESIAN_POINT('',(-0.115972100572,0.380448904722,
    0.335960791644));
#5695 = ADVANCED_FACE('',(#5696),#5719,.F.);
#5696 = FACE_BOUND('',#5697,.T.);
#5697 = EDGE_LOOP('',(#5698,#5699,#5700,#5701,#5702,#5703,#5704,#5705,
    #5706,#5707,#5708,#5709,#5710,#5711,#5712,#5713,#5714,#5715,#5716,
    #5717,#5718));
#5698 = ORIENTED_EDGE('',*,*,#5130,.T.);
#5699 = ORIENTED_EDGE('',*,*,#5165,.T.);
#5700 = ORIENTED_EDGE('',*,*,#5180,.T.);
#5701 = ORIENTED_EDGE('',*,*,#5208,.T.);
#5702 = ORIENTED_EDGE('',*,*,#5236,.T.);
#5703 = ORIENTED_EDGE('',*,*,#5264,.T.);
#5704 = ORIENTED_EDGE('',*,*,#5292,.T.);
#5705 = ORIENTED_EDGE('',*,*,#5320,.T.);
#5706 = ORIENTED_EDGE('',*,*,#5348,.T.);
#5707 = ORIENTED_EDGE('',*,*,#5376,.T.);
#5708 = ORIENTED_EDGE('',*,*,#5404,.T.);
#5709 = ORIENTED_EDGE('',*,*,#5432,.T.);
#5710 = ORIENTED_EDGE('',*,*,#5467,.T.);
#5711 = ORIENTED_EDGE('',*,*,#5482,.T.);
#5712 = ORIENTED_EDGE('',*,*,#5510,.T.);
#5713 = ORIENTED_EDGE('',*,*,#5538,.T.);
#5714 = ORIENTED_EDGE('',*,*,#5566,.T.);
#5715 = ORIENTED_EDGE('',*,*,#5594,.T.);
#5716 = ORIENTED_EDGE('',*,*,#5622,.T.);
#5717 = ORIENTED_EDGE('',*,*,#5650,.T.);
#5718 = ORIENTED_EDGE('',*,*,#5678,.T.);
#5719 = B_SPLINE_SURFACE_WITH_KNOTS('',1,1,(
    (#5720,#5721)
    ,(#5722,#5723
    )),.UNSPECIFIED.,.F.,.F.,.F.,(2,2),(2,2),(-3.826768617317E-02,
    7.368796452621E-03),(-2.342667892503E-02,6.096506676112E-03),
  .PIECEWISE_BEZIER_KNOTS.);
#5720 = CARTESIAN_POINT('',(-0.132898824629,0.377095478326,
    0.375197014338));
#5721 = CARTESIAN_POINT('',(-0.103375639028,0.377095478326,
    0.375197014338));
#5722 = CARTESIAN_POINT('',(-0.132898824629,0.382135184747,
    0.329839656549));
#5723 = CARTESIAN_POINT('',(-0.103375639028,0.382135184747,
    0.329839656549));
#5724 = ADVANCED_FACE('',(#5725),#5747,.F.);
#5725 = FACE_BOUND('',#5726,.T.);
#5726 = EDGE_LOOP('',(#5727,#5728,#5735,#5742));
#5727 = ORIENTED_EDGE('',*,*,#1182,.T.);
#5728 = ORIENTED_EDGE('',*,*,#5729,.F.);
#5729 = EDGE_CURVE('',#5730,#1174,#5732,.T.);
#5730 = VERTEX_POINT('',#5731);
#5731 = CARTESIAN_POINT('',(-0.170986084173,0.377248836164,
    0.373816793799));
#5732 = B_SPLINE_CURVE_WITH_KNOTS('',1,(#5733,#5734),.UNSPECIFIED.,.F.,
  .F.,(2,2),(-0.,1.E-03),.PIECEWISE_BEZIER_KNOTS.);
#5733 = CARTESIAN_POINT('',(-0.170986084173,0.377248836164,
    0.373816793799));
#5734 = CARTESIAN_POINT('',(-0.170986084173,0.376254952429,
    0.373706362272));
#5735 = ORIENTED_EDGE('',*,*,#5736,.F.);
#5736 = EDGE_CURVE('',#5737,#5730,#5739,.T.);
#5737 = VERTEX_POINT('',#5738);
#5738 = CARTESIAN_POINT('',(-0.178908840234,0.377255041424,
    0.373760946464));
#5739 = B_SPLINE_CURVE_WITH_KNOTS('',1,(#5740,#5741),.UNSPECIFIED.,.F.,
  .F.,(2,2),(-7.922955322041E-03,0.),.PIECEWISE_BEZIER_KNOTS.);
#5740 = CARTESIAN_POINT('',(-0.178908840234,0.377255041424,
    0.373760946464));
#5741 = CARTESIAN_POINT('',(-0.170986084173,0.377248836164,
    0.373816793799));
#5742 = ORIENTED_EDGE('',*,*,#5743,.T.);
#5743 = EDGE_CURVE('',#5737,#1183,#5744,.T.);
#5744 = B_SPLINE_CURVE_WITH_KNOTS('',1,(#5745,#5746),.UNSPECIFIED.,.F.,
  .F.,(2,2),(-0.,1.E-03),.PIECEWISE_BEZIER_KNOTS.);
#5745 = CARTESIAN_POINT('',(-0.178908840234,0.377255041424,
    0.373760946464));
#5746 = CARTESIAN_POINT('',(-0.178908840234,0.376261157689,
    0.373650514938));
#5747 = B_SPLINE_SURFACE_WITH_KNOTS('',1,1,(
    (#5748,#5749)
    ,(#5750,#5751)),.UNSPECIFIED.,.F.,.F.,.F.,(2,2),(2,2),(-1.E-03,0.),(
    -7.922955322041E-03,0.),.PIECEWISE_BEZIER_KNOTS.);
#5748 = CARTESIAN_POINT('',(-0.178908840234,0.376261157689,
    0.373650514938));
#5749 = CARTESIAN_POINT('',(-0.170986084173,0.376254952429,
    0.373706362272));
#5750 = CARTESIAN_POINT('',(-0.178908840234,0.377255041424,
    0.373760946464));
#5751 = CARTESIAN_POINT('',(-0.170986084173,0.377248836164,
    0.373816793799));
#5752 = ADVANCED_FACE('',(#5753),#5769,.F.);
#5753 = FACE_BOUND('',#5754,.T.);
#5754 = EDGE_LOOP('',(#5755,#5756,#5763,#5768));
#5755 = ORIENTED_EDGE('',*,*,#1173,.T.);
#5756 = ORIENTED_EDGE('',*,*,#5757,.F.);
#5757 = EDGE_CURVE('',#5758,#1176,#5760,.T.);
#5758 = VERTEX_POINT('',#5759);
#5759 = CARTESIAN_POINT('',(-0.158853625969,0.380863208929,
    0.341287438912));
#5760 = B_SPLINE_CURVE_WITH_KNOTS('',1,(#5761,#5762),.UNSPECIFIED.,.F.,
  .F.,(2,2),(-0.,1.E-03),.PIECEWISE_BEZIER_KNOTS.);
#5761 = CARTESIAN_POINT('',(-0.158853625969,0.380863208929,
    0.341287438912));
#5762 = CARTESIAN_POINT('',(-0.158853625969,0.379869325195,
    0.341177007386));
#5763 = ORIENTED_EDGE('',*,*,#5764,.F.);
#5764 = EDGE_CURVE('',#5730,#5758,#5765,.T.);
#5765 = B_SPLINE_CURVE_WITH_KNOTS('',1,(#5766,#5767),.UNSPECIFIED.,.F.,
  .F.,(2,2),(-3.490586142583E-02,9.64718667047E-18),
  .PIECEWISE_BEZIER_KNOTS.);
#5766 = CARTESIAN_POINT('',(-0.170986084173,0.377248836164,
    0.373816793799));
#5767 = CARTESIAN_POINT('',(-0.158853625969,0.380863208929,
    0.341287438912));
#5768 = ORIENTED_EDGE('',*,*,#5729,.T.);
#5769 = B_SPLINE_SURFACE_WITH_KNOTS('',1,1,(
    (#5770,#5771)
    ,(#5772,#5773
    )),.UNSPECIFIED.,.F.,.F.,.F.,(2,2),(2,2),(-1.036226600704E-04,
    3.471795207735E-02),(-4.611654895095E-03,9.996671449891E-19),
  .PIECEWISE_BEZIER_KNOTS.);
#5770 = CARTESIAN_POINT('',(-0.158983900128,0.376254952429,
    0.341129011634));
#5771 = CARTESIAN_POINT('',(-0.158817803055,0.380863208929,
    0.341190205304));
#5772 = CARTESIAN_POINT('',(-0.171021907088,0.376254952429,0.37380359588
    ));
#5773 = CARTESIAN_POINT('',(-0.170855810014,0.380863208929,0.37386478955
    ));
#5774 = ADVANCED_FACE('',(#5775),#5793,.F.);
#5775 = FACE_BOUND('',#5776,.F.);
#5776 = EDGE_LOOP('',(#5777,#5778,#5787,#5792));
#5777 = ORIENTED_EDGE('',*,*,#5757,.F.);
#5778 = ORIENTED_EDGE('',*,*,#5779,.T.);
#5779 = EDGE_CURVE('',#5758,#5780,#5782,.T.);
#5780 = VERTEX_POINT('',#5781);
#5781 = CARTESIAN_POINT('',(-0.157892869015,0.381251712996,
    0.337790902308));
#5782 = B_SPLINE_CURVE_WITH_KNOTS('',3,(#5783,#5784,#5785,#5786),
  .UNSPECIFIED.,.F.,.F.,(4,4),(12.,13.),.PIECEWISE_BEZIER_KNOTS.);
#5783 = CARTESIAN_POINT('',(-0.158853625969,0.380863208929,
    0.341287438912));
#5784 = CARTESIAN_POINT('',(-0.158374906676,0.381031626651,
    0.339771679421));
#5785 = CARTESIAN_POINT('',(-0.158054580616,0.381162276198,
    0.338595833495));
#5786 = CARTESIAN_POINT('',(-0.157892869015,0.381251712996,
    0.337790902308));
#5787 = ORIENTED_EDGE('',*,*,#5788,.T.);
#5788 = EDGE_CURVE('',#5780,#1275,#5789,.T.);
#5789 = B_SPLINE_CURVE_WITH_KNOTS('',1,(#5790,#5791),.UNSPECIFIED.,.F.,
  .F.,(2,2),(-0.,1.E-03),.PIECEWISE_BEZIER_KNOTS.);
#5790 = CARTESIAN_POINT('',(-0.157892869015,0.381251712996,
    0.337790902308));
#5791 = CARTESIAN_POINT('',(-0.157892869015,0.380257829262,
    0.337680470782));
#5792 = ORIENTED_EDGE('',*,*,#1281,.F.);
#5793 = B_SPLINE_SURFACE_WITH_KNOTS('',3,1,(
    (#5794,#5795)
    ,(#5796,#5797)
    ,(#5798,#5799)
    ,(#5800,#5801
    )),.UNSPECIFIED.,.F.,.F.,.F.,(4,4),(2,2),(12.,13.),(0.,1.),
  .PIECEWISE_BEZIER_KNOTS.);
#5794 = CARTESIAN_POINT('',(-0.158853625969,0.380863208929,
    0.341287438912));
#5795 = CARTESIAN_POINT('',(-0.158853625969,0.379869325195,
    0.341177007386));
#5796 = CARTESIAN_POINT('',(-0.158374906676,0.381031626651,
    0.339771679421));
#5797 = CARTESIAN_POINT('',(-0.158374906676,0.380037742916,
    0.339661247895));
#5798 = CARTESIAN_POINT('',(-0.158054580616,0.381162276198,
    0.338595833495));
#5799 = CARTESIAN_POINT('',(-0.158054580616,0.380168392463,
    0.338485401969));
#5800 = CARTESIAN_POINT('',(-0.157892869015,0.381251712996,
    0.337790902308));
#5801 = CARTESIAN_POINT('',(-0.157892869015,0.380257829262,
    0.337680470782));
#5802 = ADVANCED_FACE('',(#5803),#5819,.F.);
#5803 = FACE_BOUND('',#5804,.T.);
#5804 = EDGE_LOOP('',(#5805,#5806,#5813,#5818));
#5805 = ORIENTED_EDGE('',*,*,#1274,.T.);
#5806 = ORIENTED_EDGE('',*,*,#5807,.F.);
#5807 = EDGE_CURVE('',#5808,#1268,#5810,.T.);
#5808 = VERTEX_POINT('',#5809);
#5809 = CARTESIAN_POINT('',(-0.157690121321,0.3812515542,0.337792331472)
  );
#5810 = B_SPLINE_CURVE_WITH_KNOTS('',1,(#5811,#5812),.UNSPECIFIED.,.F.,
  .F.,(2,2),(-0.,1.E-03),.PIECEWISE_BEZIER_KNOTS.);
#5811 = CARTESIAN_POINT('',(-0.157690121321,0.3812515542,0.337792331472)
  );
#5812 = CARTESIAN_POINT('',(-0.157690121321,0.380257670466,
    0.337681899946));
#5813 = ORIENTED_EDGE('',*,*,#5814,.F.);
#5814 = EDGE_CURVE('',#5780,#5808,#5815,.T.);
#5815 = B_SPLINE_CURVE_WITH_KNOTS('',1,(#5816,#5817),.UNSPECIFIED.,.F.,
  .F.,(2,2),(-2.027527934504E-04,0.),.PIECEWISE_BEZIER_KNOTS.);
#5816 = CARTESIAN_POINT('',(-0.157892869015,0.381251712996,
    0.337790902308));
#5817 = CARTESIAN_POINT('',(-0.157690121321,0.3812515542,0.337792331472)
  );
#5818 = ORIENTED_EDGE('',*,*,#5788,.T.);
#5819 = B_SPLINE_SURFACE_WITH_KNOTS('',1,1,(
    (#5820,#5821)
    ,(#5822,#5823
    )),.UNSPECIFIED.,.F.,.F.,.F.,(2,2),(2,2),(-1.E-03,3.678595268498E-17
    ),(-2.027527934504E-04,0.),.PIECEWISE_BEZIER_KNOTS.);
#5820 = CARTESIAN_POINT('',(-0.157892869015,0.380257829262,
    0.337680470782));
#5821 = CARTESIAN_POINT('',(-0.157690121321,0.380257670466,
    0.337681899946));
#5822 = CARTESIAN_POINT('',(-0.157892869015,0.381251712996,
    0.337790902308));
#5823 = CARTESIAN_POINT('',(-0.157690121321,0.3812515542,0.337792331472)
  );
#5824 = ADVANCED_FACE('',(#5825),#5841,.F.);
#5825 = FACE_BOUND('',#5826,.T.);
#5826 = EDGE_LOOP('',(#5827,#5828,#5835,#5840));
#5827 = ORIENTED_EDGE('',*,*,#1267,.T.);
#5828 = ORIENTED_EDGE('',*,*,#5829,.F.);
#5829 = EDGE_CURVE('',#5830,#1261,#5832,.T.);
#5830 = VERTEX_POINT('',#5831);
#5831 = CARTESIAN_POINT('',(-0.156779803544,0.380854695174,
    0.341364062709));
#5832 = B_SPLINE_CURVE_WITH_KNOTS('',1,(#5833,#5834),.UNSPECIFIED.,.F.,
  .F.,(2,2),(-0.,1.E-03),.PIECEWISE_BEZIER_KNOTS.);
#5833 = CARTESIAN_POINT('',(-0.156779803544,0.380854695174,
    0.341364062709));
#5834 = CARTESIAN_POINT('',(-0.156779803544,0.379860811439,
    0.341253631183));
#5835 = ORIENTED_EDGE('',*,*,#5836,.F.);
#5836 = EDGE_CURVE('',#5808,#5830,#5837,.T.);
#5837 = B_SPLINE_CURVE_WITH_KNOTS('',1,(#5838,#5839),.UNSPECIFIED.,.F.,
  .F.,(2,2),(-3.707214529686E-03,0.),.PIECEWISE_BEZIER_KNOTS.);
#5838 = CARTESIAN_POINT('',(-0.157690121321,0.3812515542,0.337792331472)
  );
#5839 = CARTESIAN_POINT('',(-0.156779803544,0.380854695174,
    0.341364062709));
#5840 = ORIENTED_EDGE('',*,*,#5807,.T.);
#5841 = B_SPLINE_SURFACE_WITH_KNOTS('',1,1,(
    (#5842,#5843)
    ,(#5844,#5845
    )),.UNSPECIFIED.,.F.,.F.,.F.,(2,2),(2,2),(0.,3.792985470213E-03),(
    -9.942493479315E-04,3.970050161362E-04),.PIECEWISE_BEZIER_KNOTS.);
#5842 = CARTESIAN_POINT('',(-0.156753658529,0.379860811439,0.34135748046
    ));
#5843 = CARTESIAN_POINT('',(-0.156790243281,0.3812515542,0.341366691009)
  );
#5844 = CARTESIAN_POINT('',(-0.157679681583,0.379860811439,
    0.337679271646));
#5845 = CARTESIAN_POINT('',(-0.157716266336,0.3812515542,0.337688482195)
  );
#5846 = ADVANCED_FACE('',(#5847),#5863,.F.);
#5847 = FACE_BOUND('',#5848,.T.);
#5848 = EDGE_LOOP('',(#5849,#5850,#5857,#5862));
#5849 = ORIENTED_EDGE('',*,*,#1260,.T.);
#5850 = ORIENTED_EDGE('',*,*,#5851,.F.);
#5851 = EDGE_CURVE('',#5852,#1254,#5854,.T.);
#5852 = VERTEX_POINT('',#5853);
#5853 = CARTESIAN_POINT('',(-0.145627026385,0.377228974448,
    0.373995549243));
#5854 = B_SPLINE_CURVE_WITH_KNOTS('',1,(#5855,#5856),.UNSPECIFIED.,.F.,
  .F.,(2,2),(-0.,1.E-03),.PIECEWISE_BEZIER_KNOTS.);
#5855 = CARTESIAN_POINT('',(-0.145627026385,0.377228974448,
    0.373995549243));
#5856 = CARTESIAN_POINT('',(-0.145627026385,0.376235090713,
    0.373885117717));
#5857 = ORIENTED_EDGE('',*,*,#5858,.F.);
#5858 = EDGE_CURVE('',#5830,#5852,#5859,.T.);
#5859 = B_SPLINE_CURVE_WITH_KNOTS('',1,(#5860,#5861),.UNSPECIFIED.,.F.,
  .F.,(2,2),(-3.467483529186E-02,0.),.PIECEWISE_BEZIER_KNOTS.);
#5860 = CARTESIAN_POINT('',(-0.156779803544,0.380854695174,
    0.341364062709));
#5861 = CARTESIAN_POINT('',(-0.145627026385,0.377228974448,
    0.373995549243));
#5862 = ORIENTED_EDGE('',*,*,#5829,.T.);
#5863 = B_SPLINE_SURFACE_WITH_KNOTS('',1,1,(
    (#5864,#5865)
    ,(#5866,#5867
    )),.UNSPECIFIED.,.F.,.F.,.F.,(2,2),(2,2),(0.,3.458914406198E-02),(
    -9.945112728335E-04,3.628010005902E-03),.PIECEWISE_BEZIER_KNOTS.);
#5864 = CARTESIAN_POINT('',(-0.145593558182,0.376235090713,0.37398424999
    ));
#5865 = CARTESIAN_POINT('',(-0.145749119497,0.380854695174,
    0.374036769291));
#5866 = CARTESIAN_POINT('',(-0.156657710432,0.376235090713,
    0.341212411135));
#5867 = CARTESIAN_POINT('',(-0.156813271747,0.380854695174,
    0.341264930436));
#5868 = ADVANCED_FACE('',(#5869),#5885,.F.);
#5869 = FACE_BOUND('',#5870,.T.);
#5870 = EDGE_LOOP('',(#5871,#5872,#5879,#5884));
#5871 = ORIENTED_EDGE('',*,*,#1253,.T.);
#5872 = ORIENTED_EDGE('',*,*,#5873,.F.);
#5873 = EDGE_CURVE('',#5874,#1247,#5876,.T.);
#5874 = VERTEX_POINT('',#5875);
#5875 = CARTESIAN_POINT('',(-0.137080431264,0.377222280586,
    0.374055794005));
#5876 = B_SPLINE_CURVE_WITH_KNOTS('',1,(#5877,#5878),.UNSPECIFIED.,.F.,
  .F.,(2,2),(-0.,1.E-03),.PIECEWISE_BEZIER_KNOTS.);
#5877 = CARTESIAN_POINT('',(-0.137080431264,0.377222280586,
    0.374055794005));
#5878 = CARTESIAN_POINT('',(-0.137080431264,0.376228396851,
    0.373945362479));
#5879 = ORIENTED_EDGE('',*,*,#5880,.F.);
#5880 = EDGE_CURVE('',#5852,#5874,#5881,.T.);
#5881 = B_SPLINE_CURVE_WITH_KNOTS('',1,(#5882,#5883),.UNSPECIFIED.,.F.,
  .F.,(2,2),(-8.546810072159E-03,0.),.PIECEWISE_BEZIER_KNOTS.);
#5882 = CARTESIAN_POINT('',(-0.145627026385,0.377228974448,
    0.373995549243));
#5883 = CARTESIAN_POINT('',(-0.137080431264,0.377222280586,
    0.374055794005));
#5884 = ORIENTED_EDGE('',*,*,#5851,.T.);
#5885 = B_SPLINE_SURFACE_WITH_KNOTS('',1,1,(
    (#5886,#5887)
    ,(#5888,#5889)),.UNSPECIFIED.,.F.,.F.,.F.,(2,2),(2,2),(-1.E-03,0.),(
    -8.546810072159E-03,2.168404344971E-22),.PIECEWISE_BEZIER_KNOTS.);
#5886 = CARTESIAN_POINT('',(-0.145627026385,0.376235090713,
    0.373885117717));
#5887 = CARTESIAN_POINT('',(-0.137080431264,0.376228396851,
    0.373945362479));
#5888 = CARTESIAN_POINT('',(-0.145627026385,0.377228974448,
    0.373995549243));
#5889 = CARTESIAN_POINT('',(-0.137080431264,0.377222280586,
    0.374055794005));
#5890 = ADVANCED_FACE('',(#5891),#5907,.F.);
#5891 = FACE_BOUND('',#5892,.T.);
#5892 = EDGE_LOOP('',(#5893,#5894,#5901,#5906));
#5893 = ORIENTED_EDGE('',*,*,#1246,.T.);
#5894 = ORIENTED_EDGE('',*,*,#5895,.F.);
#5895 = EDGE_CURVE('',#5896,#1240,#5898,.T.);
#5896 = VERTEX_POINT('',#5897);
#5897 = CARTESIAN_POINT('',(-0.153865234606,0.38203740582,0.330719666897
    ));
#5898 = B_SPLINE_CURVE_WITH_KNOTS('',1,(#5899,#5900),.UNSPECIFIED.,.F.,
  .F.,(2,2),(-0.,1.E-03),.PIECEWISE_BEZIER_KNOTS.);
#5899 = CARTESIAN_POINT('',(-0.153865234606,0.38203740582,0.330719666897
    ));
#5900 = CARTESIAN_POINT('',(-0.153865234606,0.381043522085,0.33060923537
    ));
#5901 = ORIENTED_EDGE('',*,*,#5902,.F.);
#5902 = EDGE_CURVE('',#5874,#5896,#5903,.T.);
#5903 = B_SPLINE_CURVE_WITH_KNOTS('',1,(#5904,#5905),.UNSPECIFIED.,.F.,
  .F.,(2,2),(-4.672188959154E-02,0.),.PIECEWISE_BEZIER_KNOTS.);
#5904 = CARTESIAN_POINT('',(-0.137080431264,0.377222280586,
    0.374055794005));
#5905 = CARTESIAN_POINT('',(-0.153865234606,0.38203740582,0.330719666897
    ));
#5906 = ORIENTED_EDGE('',*,*,#5873,.T.);
#5907 = B_SPLINE_SURFACE_WITH_KNOTS('',1,1,(
    (#5908,#5909)
    ,(#5910,#5911
    )),.UNSPECIFIED.,.F.,.F.,.F.,(2,2),(2,2),(-1.031404984768E-04,
    4.647271228201E-02),(-5.81358577951E-03,0.),
  .PIECEWISE_BEZIER_KNOTS.);
#5908 = CARTESIAN_POINT('',(-0.153686678499,0.376228396851,
    0.330540921005));
#5909 = CARTESIAN_POINT('',(-0.15390209014,0.38203740582,0.33062333605)
  );
#5910 = CARTESIAN_POINT('',(-0.13704357573,0.376228396851,0.374041693326
    ));
#5911 = CARTESIAN_POINT('',(-0.137258987371,0.38203740582,0.37412410837)
  );
#5912 = ADVANCED_FACE('',(#5913),#5929,.F.);
#5913 = FACE_BOUND('',#5914,.T.);
#5914 = EDGE_LOOP('',(#5915,#5916,#5923,#5928));
#5915 = ORIENTED_EDGE('',*,*,#1239,.T.);
#5916 = ORIENTED_EDGE('',*,*,#5917,.F.);
#5917 = EDGE_CURVE('',#5918,#1231,#5920,.T.);
#5918 = VERTEX_POINT('',#5919);
#5919 = CARTESIAN_POINT('',(-0.150455908645,0.382909701621,
    0.322869004688));
#5920 = B_SPLINE_CURVE_WITH_KNOTS('',1,(#5921,#5922),.UNSPECIFIED.,.F.,
  .F.,(2,2),(-0.,1.E-03),.PIECEWISE_BEZIER_KNOTS.);
#5921 = CARTESIAN_POINT('',(-0.150455908645,0.382909701621,
    0.322869004688));
#5922 = CARTESIAN_POINT('',(-0.150455908645,0.381915817886,
    0.322758573162));
#5923 = ORIENTED_EDGE('',*,*,#5924,.F.);
#5924 = EDGE_CURVE('',#5896,#5918,#5925,.T.);
#5925 = B_SPLINE_CURVE_WITH_KNOTS('',1,(#5926,#5927),.UNSPECIFIED.,.F.,
  .F.,(2,2),(-8.603330784243E-03,-5.628302030768E-18),
  .PIECEWISE_BEZIER_KNOTS.);
#5926 = CARTESIAN_POINT('',(-0.153865234606,0.38203740582,0.330719666897
    ));
#5927 = CARTESIAN_POINT('',(-0.150455908645,0.382909701621,
    0.322869004688));
#5928 = ORIENTED_EDGE('',*,*,#5895,.T.);
#5929 = B_SPLINE_SURFACE_WITH_KNOTS('',1,1,(
    (#5930,#5931)
    ,(#5932,#5933
    )),.UNSPECIFIED.,.F.,.F.,.F.,(2,2),(2,2),(-1.014877014984E-04,
    8.55891001403E-03),(-1.867969060396E-03,-5.712034364411E-19),
  .PIECEWISE_BEZIER_KNOTS.);
#5930 = CARTESIAN_POINT('',(-0.150491023862,0.381043522085,
    0.322743509563));
#5931 = CARTESIAN_POINT('',(-0.150415898773,0.382909701621,
    0.322775736453));
#5932 = CARTESIAN_POINT('',(-0.153905244478,0.381043522085,
    0.330702503606));
#5933 = CARTESIAN_POINT('',(-0.153830119389,0.382909701621,
    0.330734730496));
#5934 = ADVANCED_FACE('',(#5935),#5953,.F.);
#5935 = FACE_BOUND('',#5936,.F.);
#5936 = EDGE_LOOP('',(#5937,#5938,#5947,#5952));
#5937 = ORIENTED_EDGE('',*,*,#5917,.F.);
#5938 = ORIENTED_EDGE('',*,*,#5939,.T.);
#5939 = EDGE_CURVE('',#5918,#5940,#5942,.T.);
#5940 = VERTEX_POINT('',#5941);
#5941 = CARTESIAN_POINT('',(-0.142583147224,0.383582150921,
    0.316816960985));
#5942 = B_SPLINE_CURVE_WITH_KNOTS('',3,(#5943,#5944,#5945,#5946),
  .UNSPECIFIED.,.F.,.F.,(4,4),(5.,6.),.PIECEWISE_BEZIER_KNOTS.);
#5943 = CARTESIAN_POINT('',(-0.150455908645,0.382909701621,
    0.322869004688));
#5944 = CARTESIAN_POINT('',(-0.148695553625,0.383363029643,
    0.318789052485));
#5945 = CARTESIAN_POINT('',(-0.146076645959,0.383584887099,
    0.316792335389));
#5946 = CARTESIAN_POINT('',(-0.142583147224,0.383582150921,
    0.316816960985));
#5947 = ORIENTED_EDGE('',*,*,#5948,.T.);
#5948 = EDGE_CURVE('',#5940,#1222,#5949,.T.);
#5949 = B_SPLINE_CURVE_WITH_KNOTS('',1,(#5950,#5951),.UNSPECIFIED.,.F.,
  .F.,(2,2),(-0.,1.E-03),.PIECEWISE_BEZIER_KNOTS.);
#5950 = CARTESIAN_POINT('',(-0.142583147224,0.383582150921,
    0.316816960985));
#5951 = CARTESIAN_POINT('',(-0.142583147224,0.382588267187,
    0.316706529459));
#5952 = ORIENTED_EDGE('',*,*,#1230,.F.);
#5953 = B_SPLINE_SURFACE_WITH_KNOTS('',3,1,(
    (#5954,#5955)
    ,(#5956,#5957)
    ,(#5958,#5959)
    ,(#5960,#5961
    )),.UNSPECIFIED.,.F.,.F.,.F.,(4,4),(2,2),(5.,6.),(0.,1.),
  .PIECEWISE_BEZIER_KNOTS.);
#5954 = CARTESIAN_POINT('',(-0.150455908645,0.382909701621,
    0.322869004688));
#5955 = CARTESIAN_POINT('',(-0.150455908645,0.381915817886,
    0.322758573162));
#5956 = CARTESIAN_POINT('',(-0.148695553625,0.383363029643,
    0.318789052485));
#5957 = CARTESIAN_POINT('',(-0.148695553625,0.382369145909,
    0.318678620959));
#5958 = CARTESIAN_POINT('',(-0.146076645959,0.383584887099,
    0.316792335389));
#5959 = CARTESIAN_POINT('',(-0.146076645959,0.382591003364,
    0.316681903863));
#5960 = CARTESIAN_POINT('',(-0.142583147224,0.383582150921,
    0.316816960985));
#5961 = CARTESIAN_POINT('',(-0.142583147224,0.382588267187,
    0.316706529459));
#5962 = ADVANCED_FACE('',(#5963),#5981,.F.);
#5963 = FACE_BOUND('',#5964,.F.);
#5964 = EDGE_LOOP('',(#5965,#5966,#5975,#5980));
#5965 = ORIENTED_EDGE('',*,*,#5948,.F.);
#5966 = ORIENTED_EDGE('',*,*,#5967,.T.);
#5967 = EDGE_CURVE('',#5940,#5968,#5970,.T.);
#5968 = VERTEX_POINT('',#5969);
#5969 = CARTESIAN_POINT('',(-0.138253660042,0.38348230703,0.317715556002
    ));
#5970 = B_SPLINE_CURVE_WITH_KNOTS('',3,(#5971,#5972,#5973,#5974),
  .UNSPECIFIED.,.F.,.F.,(4,4),(4.,5.),.PIECEWISE_BEZIER_KNOTS.);
#5971 = CARTESIAN_POINT('',(-0.142583147224,0.383582150921,
    0.316816960985));
#5972 = CARTESIAN_POINT('',(-0.141179509339,0.383581051564,
    0.316826855198));
#5973 = CARTESIAN_POINT('',(-0.139746670521,0.383548926602,
    0.317115979855));
#5974 = CARTESIAN_POINT('',(-0.138253660042,0.38348230703,0.317715556002
    ));
#5975 = ORIENTED_EDGE('',*,*,#5976,.T.);
#5976 = EDGE_CURVE('',#5968,#1215,#5977,.T.);
#5977 = B_SPLINE_CURVE_WITH_KNOTS('',1,(#5978,#5979),.UNSPECIFIED.,.F.,
  .F.,(2,2),(-0.,1.E-03),.PIECEWISE_BEZIER_KNOTS.);
#5978 = CARTESIAN_POINT('',(-0.138253660042,0.38348230703,0.317715556002
    ));
#5979 = CARTESIAN_POINT('',(-0.138253660042,0.382488423296,
    0.317605124476));
#5980 = ORIENTED_EDGE('',*,*,#1221,.F.);
#5981 = B_SPLINE_SURFACE_WITH_KNOTS('',3,1,(
    (#5982,#5983)
    ,(#5984,#5985)
    ,(#5986,#5987)
    ,(#5988,#5989
    )),.UNSPECIFIED.,.F.,.F.,.F.,(4,4),(2,2),(4.,5.),(0.,1.),
  .PIECEWISE_BEZIER_KNOTS.);
#5982 = CARTESIAN_POINT('',(-0.142583147224,0.383582150921,
    0.316816960985));
#5983 = CARTESIAN_POINT('',(-0.142583147224,0.382588267187,
    0.316706529459));
#5984 = CARTESIAN_POINT('',(-0.141179509339,0.383581051564,
    0.316826855198));
#5985 = CARTESIAN_POINT('',(-0.141179509339,0.38258716783,0.316716423672
    ));
#5986 = CARTESIAN_POINT('',(-0.139746670521,0.383548926602,
    0.317115979855));
#5987 = CARTESIAN_POINT('',(-0.139746670521,0.382555042868,
    0.317005548329));
#5988 = CARTESIAN_POINT('',(-0.138253660042,0.38348230703,0.317715556002
    ));
#5989 = CARTESIAN_POINT('',(-0.138253660042,0.382488423296,
    0.317605124476));
#5990 = ADVANCED_FACE('',(#5991),#6007,.F.);
#5991 = FACE_BOUND('',#5992,.T.);
#5992 = EDGE_LOOP('',(#5993,#5994,#6001,#6006));
#5993 = ORIENTED_EDGE('',*,*,#1214,.T.);
#5994 = ORIENTED_EDGE('',*,*,#5995,.F.);
#5995 = EDGE_CURVE('',#5996,#1206,#5998,.T.);
#5996 = VERTEX_POINT('',#5997);
#5997 = CARTESIAN_POINT('',(-0.138205433109,0.384233224374,
    0.310957299909));
#5998 = B_SPLINE_CURVE_WITH_KNOTS('',1,(#5999,#6000),.UNSPECIFIED.,.F.,
  .F.,(2,2),(-0.,1.E-03),.PIECEWISE_BEZIER_KNOTS.);
#5999 = CARTESIAN_POINT('',(-0.138205433109,0.384233224374,
    0.310957299909));
#6000 = CARTESIAN_POINT('',(-0.138205433109,0.383239340639,
    0.310846868383));
#6001 = ORIENTED_EDGE('',*,*,#6002,.F.);
#6002 = EDGE_CURVE('',#5968,#5996,#6003,.T.);
#6003 = B_SPLINE_CURVE_WITH_KNOTS('',1,(#6004,#6005),.UNSPECIFIED.,.F.,
  .F.,(2,2),(-6.800016772865E-03,-5.51702427455E-17),
  .PIECEWISE_BEZIER_KNOTS.);
#6004 = CARTESIAN_POINT('',(-0.138253660042,0.38348230703,0.317715556002
    ));
#6005 = CARTESIAN_POINT('',(-0.138205433109,0.384233224374,
    0.310957299909));
#6006 = ORIENTED_EDGE('',*,*,#5976,.T.);
#6007 = B_SPLINE_SURFACE_WITH_KNOTS('',1,1,(
    (#6008,#6009)
    ,(#6010,#6011
    )),.UNSPECIFIED.,.F.,.F.,.F.,(2,2),(2,2),(-1.104287826111E-04,
    6.758428138877E-03),(-1.744801613462E-03,3.064561497488E-22),
  .PIECEWISE_BEZIER_KNOTS.);
#6008 = CARTESIAN_POINT('',(-0.138206021213,0.382488423296,
    0.310846864237));
#6009 = CARTESIAN_POINT('',(-0.138204654718,0.384233224374,0.31084687387
    ));
#6010 = CARTESIAN_POINT('',(-0.138254438433,0.382488423296,
    0.317715550515));
#6011 = CARTESIAN_POINT('',(-0.138253071938,0.384233224374,
    0.317715560147));
#6012 = ADVANCED_FACE('',(#6013),#6031,.F.);
#6013 = FACE_BOUND('',#6014,.F.);
#6014 = EDGE_LOOP('',(#6015,#6016,#6025,#6030));
#6015 = ORIENTED_EDGE('',*,*,#5995,.F.);
#6016 = ORIENTED_EDGE('',*,*,#6017,.T.);
#6017 = EDGE_CURVE('',#5996,#6018,#6020,.T.);
#6018 = VERTEX_POINT('',#6019);
#6019 = CARTESIAN_POINT('',(-0.143129337194,0.384305975838,
    0.310302536734));
#6020 = B_SPLINE_CURVE_WITH_KNOTS('',3,(#6021,#6022,#6023,#6024),
  .UNSPECIFIED.,.F.,.F.,(4,4),(2.,3.),.PIECEWISE_BEZIER_KNOTS.);
#6021 = CARTESIAN_POINT('',(-0.138205433109,0.384233224374,
    0.310957299909));
#6022 = CARTESIAN_POINT('',(-0.139559407146,0.38427906656,0.310544720232
    ));
#6023 = CARTESIAN_POINT('',(-0.141211032084,0.384304473384,
    0.310316058824));
#6024 = CARTESIAN_POINT('',(-0.143129337194,0.384305975838,
    0.310302536734));
#6025 = ORIENTED_EDGE('',*,*,#6026,.T.);
#6026 = EDGE_CURVE('',#6018,#1197,#6027,.T.);
#6027 = B_SPLINE_CURVE_WITH_KNOTS('',1,(#6028,#6029),.UNSPECIFIED.,.F.,
  .F.,(2,2),(-0.,1.E-03),.PIECEWISE_BEZIER_KNOTS.);
#6028 = CARTESIAN_POINT('',(-0.143129337194,0.384305975838,
    0.310302536734));
#6029 = CARTESIAN_POINT('',(-0.143129337194,0.383312092103,
    0.310192105207));
#6030 = ORIENTED_EDGE('',*,*,#1205,.F.);
#6031 = B_SPLINE_SURFACE_WITH_KNOTS('',3,1,(
    (#6032,#6033)
    ,(#6034,#6035)
    ,(#6036,#6037)
    ,(#6038,#6039
    )),.UNSPECIFIED.,.F.,.F.,.F.,(4,4),(2,2),(2.,3.),(0.,1.),
  .PIECEWISE_BEZIER_KNOTS.);
#6032 = CARTESIAN_POINT('',(-0.138205433109,0.384233224374,
    0.310957299909));
#6033 = CARTESIAN_POINT('',(-0.138205433109,0.383239340639,
    0.310846868383));
#6034 = CARTESIAN_POINT('',(-0.139559407146,0.38427906656,0.310544720232
    ));
#6035 = CARTESIAN_POINT('',(-0.139559407146,0.383285182826,
    0.310434288706));
#6036 = CARTESIAN_POINT('',(-0.141211032084,0.384304473384,
    0.310316058824));
#6037 = CARTESIAN_POINT('',(-0.141211032084,0.383310589649,
    0.310205627298));
#6038 = CARTESIAN_POINT('',(-0.143129337194,0.384305975838,
    0.310302536734));
#6039 = CARTESIAN_POINT('',(-0.143129337194,0.383312092103,
    0.310192105207));
#6040 = ADVANCED_FACE('',(#6041),#6059,.F.);
#6041 = FACE_BOUND('',#6042,.F.);
#6042 = EDGE_LOOP('',(#6043,#6044,#6053,#6058));
#6043 = ORIENTED_EDGE('',*,*,#6026,.F.);
#6044 = ORIENTED_EDGE('',*,*,#6045,.T.);
#6045 = EDGE_CURVE('',#6018,#6046,#6048,.T.);
#6046 = VERTEX_POINT('',#6047);
#6047 = CARTESIAN_POINT('',(-0.158777413098,0.382778429258,
    0.324050455951));
#6048 = B_SPLINE_CURVE_WITH_KNOTS('',3,(#6049,#6050,#6051,#6052),
  .UNSPECIFIED.,.F.,.F.,(4,4),(1.,2.),.PIECEWISE_BEZIER_KNOTS.);
#6049 = CARTESIAN_POINT('',(-0.143129337194,0.384305975838,
    0.310302536734));
#6050 = CARTESIAN_POINT('',(-0.149820011111,0.384311216106,
    0.310255374319));
#6051 = CARTESIAN_POINT('',(-0.155030837754,0.383802029841,
    0.314838050704));
#6052 = CARTESIAN_POINT('',(-0.158777413098,0.382778429258,
    0.324050455951));
#6053 = ORIENTED_EDGE('',*,*,#6054,.T.);
#6054 = EDGE_CURVE('',#6046,#1190,#6055,.T.);
#6055 = B_SPLINE_CURVE_WITH_KNOTS('',1,(#6056,#6057),.UNSPECIFIED.,.F.,
  .F.,(2,2),(-0.,9.999998807053E-04),.PIECEWISE_BEZIER_KNOTS.);
#6056 = CARTESIAN_POINT('',(-0.158777413098,0.382778429258,
    0.324050455951));
#6057 = CARTESIAN_POINT('',(-0.158777413098,0.381784545642,
    0.323940024438));
#6058 = ORIENTED_EDGE('',*,*,#1196,.F.);
#6059 = B_SPLINE_SURFACE_WITH_KNOTS('',3,1,(
    (#6060,#6061)
    ,(#6062,#6063)
    ,(#6064,#6065)
    ,(#6066,#6067
    )),.UNSPECIFIED.,.F.,.F.,.F.,(4,4),(2,2),(1.,2.),(0.,1.),
  .PIECEWISE_BEZIER_KNOTS.);
#6060 = CARTESIAN_POINT('',(-0.143129337194,0.384305975838,
    0.310302536734));
#6061 = CARTESIAN_POINT('',(-0.143129337194,0.383312092103,
    0.310192105207));
#6062 = CARTESIAN_POINT('',(-0.149820011111,0.384311216106,
    0.310255374319));
#6063 = CARTESIAN_POINT('',(-0.149820011111,0.383317332372,
    0.310144942793));
#6064 = CARTESIAN_POINT('',(-0.155030837754,0.383802029841,
    0.314838050704));
#6065 = CARTESIAN_POINT('',(-0.155030837754,0.382808146107,
    0.314727619178));
#6066 = CARTESIAN_POINT('',(-0.158777413098,0.382778429258,
    0.324050455951));
#6067 = CARTESIAN_POINT('',(-0.158777413098,0.381784545524,
    0.323940024425));
#6068 = ADVANCED_FACE('',(#6069),#6079,.F.);
#6069 = FACE_BOUND('',#6070,.T.);
#6070 = EDGE_LOOP('',(#6071,#6072,#6073,#6078));
#6071 = ORIENTED_EDGE('',*,*,#1189,.T.);
#6072 = ORIENTED_EDGE('',*,*,#5743,.F.);
#6073 = ORIENTED_EDGE('',*,*,#6074,.F.);
#6074 = EDGE_CURVE('',#6046,#5737,#6075,.T.);
#6075 = B_SPLINE_CURVE_WITH_KNOTS('',1,(#6076,#6077),.UNSPECIFIED.,.F.,
  .F.,(2,2),(-5.39158143662E-02,0.),.PIECEWISE_BEZIER_KNOTS.);
#6076 = CARTESIAN_POINT('',(-0.158777413098,0.382778429258,
    0.324050455951));
#6077 = CARTESIAN_POINT('',(-0.178908840234,0.377255041424,
    0.373760946464));
#6078 = ORIENTED_EDGE('',*,*,#6054,.T.);
#6079 = B_SPLINE_SURFACE_WITH_KNOTS('',1,1,(
    (#6080,#6081)
    ,(#6082,#6083
    )),.UNSPECIFIED.,.F.,.F.,.F.,(2,2),(2,2),(0.,5.373419480429E-02),(
    -9.947297198434E-04,5.528089294358E-03),.PIECEWISE_BEZIER_KNOTS.);
#6080 = CARTESIAN_POINT('',(-0.178946922464,0.376261157689,0.37374571225
    ));
#6081 = CARTESIAN_POINT('',(-0.17869720288,0.382778429258,0.373845608753
    ));
#6082 = CARTESIAN_POINT('',(-0.158989050447,0.376261157689,
    0.323855362123));
#6083 = CARTESIAN_POINT('',(-0.158739330863,0.382778429258,
    0.323955258626));
#6084 = ADVANCED_FACE('',(#6085),#6102,.T.);
#6085 = FACE_BOUND('',#6086,.T.);
#6086 = EDGE_LOOP('',(#6087,#6088,#6089,#6090,#6091,#6092,#6093,#6094,
    #6095,#6096,#6097,#6098,#6099,#6100,#6101));
#6087 = ORIENTED_EDGE('',*,*,#5736,.T.);
#6088 = ORIENTED_EDGE('',*,*,#5764,.T.);
#6089 = ORIENTED_EDGE('',*,*,#5779,.T.);
#6090 = ORIENTED_EDGE('',*,*,#5814,.T.);
#6091 = ORIENTED_EDGE('',*,*,#5836,.T.);
#6092 = ORIENTED_EDGE('',*,*,#5858,.T.);
#6093 = ORIENTED_EDGE('',*,*,#5880,.T.);
#6094 = ORIENTED_EDGE('',*,*,#5902,.T.);
#6095 = ORIENTED_EDGE('',*,*,#5924,.T.);
#6096 = ORIENTED_EDGE('',*,*,#5939,.T.);
#6097 = ORIENTED_EDGE('',*,*,#5967,.T.);
#6098 = ORIENTED_EDGE('',*,*,#6002,.T.);
#6099 = ORIENTED_EDGE('',*,*,#6017,.T.);
#6100 = ORIENTED_EDGE('',*,*,#6045,.T.);
#6101 = ORIENTED_EDGE('',*,*,#6074,.T.);
#6102 = B_SPLINE_SURFACE_WITH_KNOTS('',1,1,(
    (#6103,#6104)
    ,(#6105,#6106
    )),.UNSPECIFIED.,.F.,.F.,.F.,(2,2),(2,2),(-3.470007637295E-03,
    6.072303372128E-02),(-2.6851428123E-02,1.497698084721E-02),
  .PIECEWISE_BEZIER_KNOTS.);
#6103 = CARTESIAN_POINT('',(-0.178908840234,0.384311216106,
    0.310255374319));
#6104 = CARTESIAN_POINT('',(-0.137080431264,0.384311216106,
    0.310255374319));
#6105 = CARTESIAN_POINT('',(-0.178908840234,0.377222280586,
    0.374055794005));
#6106 = CARTESIAN_POINT('',(-0.137080431264,0.377222280586,
    0.374055794005));
#6107 = ADVANCED_FACE('',(#6108),#6130,.F.);
#6108 = FACE_BOUND('',#6109,.T.);
#6109 = EDGE_LOOP('',(#6110,#6111,#6118,#6125));
#6110 = ORIENTED_EDGE('',*,*,#1299,.T.);
#6111 = ORIENTED_EDGE('',*,*,#6112,.F.);
#6112 = EDGE_CURVE('',#6113,#1291,#6115,.T.);
#6113 = VERTEX_POINT('',#6114);
#6114 = CARTESIAN_POINT('',(-0.219697732861,0.381331122523,
    0.337076216567));
#6115 = B_SPLINE_CURVE_WITH_KNOTS('',1,(#6116,#6117),.UNSPECIFIED.,.F.,
  .F.,(2,2),(-0.,1.E-03),.PIECEWISE_BEZIER_KNOTS.);
#6116 = CARTESIAN_POINT('',(-0.219697732861,0.381331122523,
    0.337076216567));
#6117 = CARTESIAN_POINT('',(-0.219697732861,0.380337238789,
    0.336965785041));
#6118 = ORIENTED_EDGE('',*,*,#6119,.F.);
#6119 = EDGE_CURVE('',#6120,#6113,#6122,.T.);
#6120 = VERTEX_POINT('',#6121);
#6121 = CARTESIAN_POINT('',(-0.219648399805,0.382099262742,0.3301629546)
  );
#6122 = B_SPLINE_CURVE_WITH_KNOTS('',1,(#6123,#6124),.UNSPECIFIED.,.F.,
  .F.,(2,2),(-6.955980460136E-03,0.),.PIECEWISE_BEZIER_KNOTS.);
#6123 = CARTESIAN_POINT('',(-0.219648399805,0.382099262742,0.3301629546)
  );
#6124 = CARTESIAN_POINT('',(-0.219697732861,0.381331122523,
    0.337076216567));
#6125 = ORIENTED_EDGE('',*,*,#6126,.T.);
#6126 = EDGE_CURVE('',#6120,#1300,#6127,.T.);
#6127 = B_SPLINE_CURVE_WITH_KNOTS('',1,(#6128,#6129),.UNSPECIFIED.,.F.,
  .F.,(2,2),(-0.,1.E-03),.PIECEWISE_BEZIER_KNOTS.);
#6128 = CARTESIAN_POINT('',(-0.219648399805,0.382099262742,0.3301629546)
  );
#6129 = CARTESIAN_POINT('',(-0.219648399805,0.381105379007,
    0.330052523074));
#6130 = B_SPLINE_SURFACE_WITH_KNOTS('',1,1,(
    (#6131,#6132)
    ,(#6133,#6134
    )),.UNSPECIFIED.,.F.,.F.,.F.,(2,2),(2,2),(0.,7.023866741008E-03),(
    -9.938840394991E-04,7.681404540796E-04),.PIECEWISE_BEZIER_KNOTS.);
#6131 = CARTESIAN_POINT('',(-0.219698511251,0.380337238789,0.33707621108
    ));
#6132 = CARTESIAN_POINT('',(-0.219697131268,0.382099262742,
    0.337076220807));
#6133 = CARTESIAN_POINT('',(-0.219649001398,0.380337238789,
    0.330052518834));
#6134 = CARTESIAN_POINT('',(-0.219647621415,0.382099262742,
    0.330052528561));
#6135 = ADVANCED_FACE('',(#6136),#6152,.F.);
#6136 = FACE_BOUND('',#6137,.T.);
#6137 = EDGE_LOOP('',(#6138,#6139,#6146,#6151));
#6138 = ORIENTED_EDGE('',*,*,#1290,.T.);
#6139 = ORIENTED_EDGE('',*,*,#6140,.F.);
#6140 = EDGE_CURVE('',#6141,#1293,#6143,.T.);
#6141 = VERTEX_POINT('',#6142);
#6142 = CARTESIAN_POINT('',(-0.194759766439,0.381311590614,
    0.337252003747));
#6143 = B_SPLINE_CURVE_WITH_KNOTS('',1,(#6144,#6145),.UNSPECIFIED.,.F.,
  .F.,(2,2),(-0.,1.E-03),.PIECEWISE_BEZIER_KNOTS.);
#6144 = CARTESIAN_POINT('',(-0.194759766439,0.381311590614,
    0.337252003747));
#6145 = CARTESIAN_POINT('',(-0.194759766439,0.38031770688,0.337141572221
    ));
#6146 = ORIENTED_EDGE('',*,*,#6147,.F.);
#6147 = EDGE_CURVE('',#6113,#6141,#6148,.T.);
#6148 = B_SPLINE_CURVE_WITH_KNOTS('',1,(#6149,#6150),.UNSPECIFIED.,.F.,
  .F.,(2,2),(-2.493859362272E-02,0.),.PIECEWISE_BEZIER_KNOTS.);
#6149 = CARTESIAN_POINT('',(-0.219697732861,0.381331122523,
    0.337076216567));
#6150 = CARTESIAN_POINT('',(-0.194759766439,0.381311590614,
    0.337252003747));
#6151 = ORIENTED_EDGE('',*,*,#6112,.T.);
#6152 = B_SPLINE_SURFACE_WITH_KNOTS('',1,1,(
    (#6153,#6154)
    ,(#6155,#6156
    )),.UNSPECIFIED.,.F.,.F.,.F.,(2,2),(2,2),(-1.E-03,6.5892769386E-18),
  (-2.493859362272E-02,0.),.PIECEWISE_BEZIER_KNOTS.);
#6153 = CARTESIAN_POINT('',(-0.219697732861,0.380337238789,
    0.336965785041));
#6154 = CARTESIAN_POINT('',(-0.194759766439,0.38031770688,0.337141572221
    ));
#6155 = CARTESIAN_POINT('',(-0.219697732861,0.381331122523,
    0.337076216567));
#6156 = CARTESIAN_POINT('',(-0.194759766439,0.381311590614,
    0.337252003747));
#6157 = ADVANCED_FACE('',(#6158),#6174,.F.);
#6158 = FACE_BOUND('',#6159,.T.);
#6159 = EDGE_LOOP('',(#6160,#6161,#6168,#6173));
#6160 = ORIENTED_EDGE('',*,*,#1369,.T.);
#6161 = ORIENTED_EDGE('',*,*,#6162,.F.);
#6162 = EDGE_CURVE('',#6163,#1363,#6165,.T.);
#6163 = VERTEX_POINT('',#6164);
#6164 = CARTESIAN_POINT('',(-0.194905332135,0.379045060284,
    0.357650776724));
#6165 = B_SPLINE_CURVE_WITH_KNOTS('',1,(#6166,#6167),.UNSPECIFIED.,.F.,
  .F.,(2,2),(-0.,1.E-03),.PIECEWISE_BEZIER_KNOTS.);
#6166 = CARTESIAN_POINT('',(-0.194905332135,0.379045060284,
    0.357650776724));
#6167 = CARTESIAN_POINT('',(-0.194905332135,0.378051176549,
    0.357540345198));
#6168 = ORIENTED_EDGE('',*,*,#6169,.F.);
#6169 = EDGE_CURVE('',#6141,#6163,#6170,.T.);
#6170 = B_SPLINE_CURVE_WITH_KNOTS('',1,(#6171,#6172),.UNSPECIFIED.,.F.,
  .F.,(2,2),(-2.052482126799E-02,0.),.PIECEWISE_BEZIER_KNOTS.);
#6171 = CARTESIAN_POINT('',(-0.194759766439,0.381311590614,
    0.337252003747));
#6172 = CARTESIAN_POINT('',(-0.194905332135,0.379045060284,
    0.357650776724));
#6173 = ORIENTED_EDGE('',*,*,#6140,.T.);
#6174 = B_SPLINE_SURFACE_WITH_KNOTS('',1,1,(
    (#6175,#6176)
    ,(#6177,#6178
    )),.UNSPECIFIED.,.F.,.F.,.F.,(2,2),(2,2),(0.,2.050972105444E-02),(
    -9.938840394991E-04,2.266531025935E-03),.PIECEWISE_BEZIER_KNOTS.);
#6175 = CARTESIAN_POINT('',(-0.194906110526,0.378051176549,
    0.357650771237));
#6176 = CARTESIAN_POINT('',(-0.194903557032,0.381311590614,
    0.357650789237));
#6177 = CARTESIAN_POINT('',(-0.194761541542,0.378051176549,
    0.337141559708));
#6178 = CARTESIAN_POINT('',(-0.194758988048,0.381311590614,
    0.337141577708));
#6179 = ADVANCED_FACE('',(#6180),#6196,.F.);
#6180 = FACE_BOUND('',#6181,.T.);
#6181 = EDGE_LOOP('',(#6182,#6183,#6190,#6195));
#6182 = ORIENTED_EDGE('',*,*,#1362,.T.);
#6183 = ORIENTED_EDGE('',*,*,#6184,.F.);
#6184 = EDGE_CURVE('',#6185,#1356,#6187,.T.);
#6185 = VERTEX_POINT('',#6186);
#6186 = CARTESIAN_POINT('',(-0.216724103257,0.379062149177,
    0.357496976683));
#6187 = B_SPLINE_CURVE_WITH_KNOTS('',1,(#6188,#6189),.UNSPECIFIED.,.F.,
  .F.,(2,2),(-0.,1.E-03),.PIECEWISE_BEZIER_KNOTS.);
#6188 = CARTESIAN_POINT('',(-0.216724103257,0.379062149177,
    0.357496976683));
#6189 = CARTESIAN_POINT('',(-0.216724103257,0.378068265442,
    0.357386545157));
#6190 = ORIENTED_EDGE('',*,*,#6191,.F.);
#6191 = EDGE_CURVE('',#6163,#6185,#6192,.T.);
#6192 = B_SPLINE_CURVE_WITH_KNOTS('',1,(#6193,#6194),.UNSPECIFIED.,.F.,
  .F.,(2,2),(-2.181931987358E-02,0.),.PIECEWISE_BEZIER_KNOTS.);
#6193 = CARTESIAN_POINT('',(-0.194905332135,0.379045060284,
    0.357650776724));
#6194 = CARTESIAN_POINT('',(-0.216724103257,0.379062149177,
    0.357496976683));
#6195 = ORIENTED_EDGE('',*,*,#6162,.T.);
#6196 = B_SPLINE_SURFACE_WITH_KNOTS('',1,1,(
    (#6197,#6198)
    ,(#6199,#6200
    )),.UNSPECIFIED.,.F.,.F.,.F.,(2,2),(2,2),(-2.399474932982E-17,1.E-03
    ),(-1.980998305391E-19,2.181931987358E-02),
  .PIECEWISE_BEZIER_KNOTS.);
#6197 = CARTESIAN_POINT('',(-0.216724103257,0.379062149177,
    0.357496976683));
#6198 = CARTESIAN_POINT('',(-0.194905332135,0.379045060284,
    0.357650776724));
#6199 = CARTESIAN_POINT('',(-0.216724103257,0.378068265442,
    0.357386545157));
#6200 = CARTESIAN_POINT('',(-0.194905332135,0.378051176549,
    0.357540345198));
#6201 = ADVANCED_FACE('',(#6202),#6218,.F.);
#6202 = FACE_BOUND('',#6203,.T.);
#6203 = EDGE_LOOP('',(#6204,#6205,#6212,#6217));
#6204 = ORIENTED_EDGE('',*,*,#1355,.T.);
#6205 = ORIENTED_EDGE('',*,*,#6206,.F.);
#6206 = EDGE_CURVE('',#6207,#1349,#6209,.T.);
#6207 = VERTEX_POINT('',#6208);
#6208 = CARTESIAN_POINT('',(-0.216773657536,0.378290564383,
    0.364441239825));
#6209 = B_SPLINE_CURVE_WITH_KNOTS('',1,(#6210,#6211),.UNSPECIFIED.,.F.,
  .F.,(2,2),(-0.,1.E-03),.PIECEWISE_BEZIER_KNOTS.);
#6210 = CARTESIAN_POINT('',(-0.216773657536,0.378290564383,
    0.364441239825));
#6211 = CARTESIAN_POINT('',(-0.216773657536,0.377296680649,
    0.364330808298));
#6212 = ORIENTED_EDGE('',*,*,#6213,.F.);
#6213 = EDGE_CURVE('',#6185,#6207,#6214,.T.);
#6214 = B_SPLINE_CURVE_WITH_KNOTS('',1,(#6215,#6216),.UNSPECIFIED.,.F.,
  .F.,(2,2),(-6.987173197589E-03,0.),.PIECEWISE_BEZIER_KNOTS.);
#6215 = CARTESIAN_POINT('',(-0.216724103257,0.379062149177,
    0.357496976683));
#6216 = CARTESIAN_POINT('',(-0.216773657536,0.378290564383,
    0.364441239825));
#6217 = ORIENTED_EDGE('',*,*,#6184,.T.);
#6218 = B_SPLINE_SURFACE_WITH_KNOTS('',1,1,(
    (#6219,#6220)
    ,(#6221,#6222
    )),.UNSPECIFIED.,.F.,.F.,.F.,(2,2),(2,2),(0.,7.054868704911E-03),(
    -9.938840394991E-04,7.715850301028E-04),.PIECEWISE_BEZIER_KNOTS.);
#6219 = CARTESIAN_POINT('',(-0.216774435927,0.377296680649,
    0.364441234338));
#6220 = CARTESIAN_POINT('',(-0.216773053246,0.379062149177,
    0.364441244084));
#6221 = CARTESIAN_POINT('',(-0.216724707547,0.377296680649,
    0.357386540898));
#6222 = CARTESIAN_POINT('',(-0.216723324866,0.379062149177,
    0.357386550644));
#6223 = ADVANCED_FACE('',(#6224),#6240,.F.);
#6224 = FACE_BOUND('',#6225,.T.);
#6225 = EDGE_LOOP('',(#6226,#6227,#6234,#6239));
#6226 = ORIENTED_EDGE('',*,*,#1348,.T.);
#6227 = ORIENTED_EDGE('',*,*,#6228,.F.);
#6228 = EDGE_CURVE('',#6229,#1342,#6231,.T.);
#6229 = VERTEX_POINT('',#6230);
#6230 = CARTESIAN_POINT('',(-0.194954886415,0.37827347549,0.364595039865
    ));
#6231 = B_SPLINE_CURVE_WITH_KNOTS('',1,(#6232,#6233),.UNSPECIFIED.,.F.,
  .F.,(2,2),(-0.,1.E-03),.PIECEWISE_BEZIER_KNOTS.);
#6232 = CARTESIAN_POINT('',(-0.194954886415,0.37827347549,0.364595039865
    ));
#6233 = CARTESIAN_POINT('',(-0.194954886415,0.377279591755,
    0.364484608339));
#6234 = ORIENTED_EDGE('',*,*,#6235,.F.);
#6235 = EDGE_CURVE('',#6207,#6229,#6236,.T.);
#6236 = B_SPLINE_CURVE_WITH_KNOTS('',1,(#6237,#6238),.UNSPECIFIED.,.F.,
  .F.,(2,2),(-2.181931987358E-02,0.),.PIECEWISE_BEZIER_KNOTS.);
#6237 = CARTESIAN_POINT('',(-0.216773657536,0.378290564383,
    0.364441239825));
#6238 = CARTESIAN_POINT('',(-0.194954886415,0.37827347549,0.364595039865
    ));
#6239 = ORIENTED_EDGE('',*,*,#6206,.T.);
#6240 = B_SPLINE_SURFACE_WITH_KNOTS('',1,1,(
    (#6241,#6242)
    ,(#6243,#6244)),.UNSPECIFIED.,.F.,.F.,.F.,(2,2),(2,2),(-1.E-03,0.),(
    -2.181931987358E-02,1.934411493292E-19),.PIECEWISE_BEZIER_KNOTS.);
#6241 = CARTESIAN_POINT('',(-0.216773657536,0.377296680649,
    0.364330808298));
#6242 = CARTESIAN_POINT('',(-0.194954886415,0.377279591755,
    0.364484608339));
#6243 = CARTESIAN_POINT('',(-0.216773657536,0.378290564383,
    0.364441239825));
#6244 = CARTESIAN_POINT('',(-0.194954886415,0.37827347549,0.364595039865
    ));
#6245 = ADVANCED_FACE('',(#6246),#6262,.F.);
#6246 = FACE_BOUND('',#6247,.T.);
#6247 = EDGE_LOOP('',(#6248,#6249,#6256,#6261));
#6248 = ORIENTED_EDGE('',*,*,#1341,.T.);
#6249 = ORIENTED_EDGE('',*,*,#6250,.F.);
#6250 = EDGE_CURVE('',#6251,#1335,#6253,.T.);
#6251 = VERTEX_POINT('',#6252);
#6252 = CARTESIAN_POINT('',(-0.195093372928,0.376117171558,
    0.384001775251));
#6253 = B_SPLINE_CURVE_WITH_KNOTS('',1,(#6254,#6255),.UNSPECIFIED.,.F.,
  .F.,(2,2),(-0.,1.E-03),.PIECEWISE_BEZIER_KNOTS.);
#6254 = CARTESIAN_POINT('',(-0.195093372928,0.376117171558,
    0.384001775251));
#6255 = CARTESIAN_POINT('',(-0.195093372928,0.375123287824,
    0.383891343725));
#6256 = ORIENTED_EDGE('',*,*,#6257,.F.);
#6257 = EDGE_CURVE('',#6229,#6251,#6258,.T.);
#6258 = B_SPLINE_CURVE_WITH_KNOTS('',1,(#6259,#6260),.UNSPECIFIED.,.F.,
  .F.,(2,2),(-1.952665366864E-02,0.),.PIECEWISE_BEZIER_KNOTS.);
#6259 = CARTESIAN_POINT('',(-0.194954886415,0.37827347549,0.364595039865
    ));
#6260 = CARTESIAN_POINT('',(-0.195093372928,0.376117171558,
    0.384001775251));
#6261 = ORIENTED_EDGE('',*,*,#6228,.T.);
#6262 = B_SPLINE_SURFACE_WITH_KNOTS('',1,1,(
    (#6263,#6264)
    ,(#6265,#6266
    )),.UNSPECIFIED.,.F.,.F.,.F.,(2,2),(2,2),(0.,1.95176582087E-02),(
    -9.93884039499E-04,2.156304593097E-03),.PIECEWISE_BEZIER_KNOTS.);
#6263 = CARTESIAN_POINT('',(-0.195094151319,0.375123287824,
    0.384001769764));
#6264 = CARTESIAN_POINT('',(-0.195091684152,0.37827347549,0.384001787155
    ));
#6265 = CARTESIAN_POINT('',(-0.194956575191,0.375123287824,
    0.364484596435));
#6266 = CARTESIAN_POINT('',(-0.194954108024,0.37827347549,0.364484613826
    ));
#6267 = ADVANCED_FACE('',(#6268),#6284,.F.);
#6268 = FACE_BOUND('',#6269,.T.);
#6269 = EDGE_LOOP('',(#6270,#6271,#6278,#6283));
#6270 = ORIENTED_EDGE('',*,*,#1334,.T.);
#6271 = ORIENTED_EDGE('',*,*,#6272,.F.);
#6272 = EDGE_CURVE('',#6273,#1328,#6275,.T.);
#6273 = VERTEX_POINT('',#6274);
#6274 = CARTESIAN_POINT('',(-0.218643297441,0.376135616325,
    0.383835772348));
#6275 = B_SPLINE_CURVE_WITH_KNOTS('',1,(#6276,#6277),.UNSPECIFIED.,.F.,
  .F.,(2,2),(-0.,1.E-03),.PIECEWISE_BEZIER_KNOTS.);
#6276 = CARTESIAN_POINT('',(-0.218643297441,0.376135616325,
    0.383835772348));
#6277 = CARTESIAN_POINT('',(-0.218643297441,0.375141732591,
    0.383725340822));
#6278 = ORIENTED_EDGE('',*,*,#6279,.F.);
#6279 = EDGE_CURVE('',#6251,#6273,#6280,.T.);
#6280 = B_SPLINE_CURVE_WITH_KNOTS('',1,(#6281,#6282),.UNSPECIFIED.,.F.,
  .F.,(2,2),(-2.355051680436E-02,0.),.PIECEWISE_BEZIER_KNOTS.);
#6281 = CARTESIAN_POINT('',(-0.195093372928,0.376117171558,
    0.384001775251));
#6282 = CARTESIAN_POINT('',(-0.218643297441,0.376135616325,
    0.383835772348));
#6283 = ORIENTED_EDGE('',*,*,#6250,.T.);
#6284 = B_SPLINE_SURFACE_WITH_KNOTS('',1,1,(
    (#6285,#6286)
    ,(#6287,#6288)),.UNSPECIFIED.,.F.,.F.,.F.,(2,2),(2,2),(0.,1.E-03),(
    -1.084202172486E-22,2.355051680436E-02),.PIECEWISE_BEZIER_KNOTS.);
#6285 = CARTESIAN_POINT('',(-0.218643297441,0.376135616325,
    0.383835772348));
#6286 = CARTESIAN_POINT('',(-0.195093372928,0.376117171558,
    0.384001775251));
#6287 = CARTESIAN_POINT('',(-0.218643297441,0.375141732591,
    0.383725340822));
#6288 = CARTESIAN_POINT('',(-0.195093372928,0.375123287824,
    0.383891343725));
#6289 = ADVANCED_FACE('',(#6290),#6306,.F.);
#6290 = FACE_BOUND('',#6291,.T.);
#6291 = EDGE_LOOP('',(#6292,#6293,#6300,#6305));
#6292 = ORIENTED_EDGE('',*,*,#1327,.T.);
#6293 = ORIENTED_EDGE('',*,*,#6294,.F.);
#6294 = EDGE_CURVE('',#6295,#1321,#6297,.T.);
#6295 = VERTEX_POINT('',#6296);
#6296 = CARTESIAN_POINT('',(-0.218693072946,0.375360586957,
    0.390811036664));
#6297 = B_SPLINE_CURVE_WITH_KNOTS('',1,(#6298,#6299),.UNSPECIFIED.,.F.,
  .F.,(2,2),(-0.,1.E-03),.PIECEWISE_BEZIER_KNOTS.);
#6298 = CARTESIAN_POINT('',(-0.218693072946,0.375360586957,
    0.390811036664));
#6299 = CARTESIAN_POINT('',(-0.218693072946,0.374366703222,
    0.390700605138));
#6300 = ORIENTED_EDGE('',*,*,#6301,.F.);
#6301 = EDGE_CURVE('',#6273,#6295,#6302,.T.);
#6302 = B_SPLINE_CURVE_WITH_KNOTS('',1,(#6303,#6304),.UNSPECIFIED.,.F.,
  .F.,(2,2),(-7.018365935043E-03,0.),.PIECEWISE_BEZIER_KNOTS.);
#6303 = CARTESIAN_POINT('',(-0.218643297441,0.376135616325,
    0.383835772348));
#6304 = CARTESIAN_POINT('',(-0.218693072946,0.375360586957,
    0.390811036664));
#6305 = ORIENTED_EDGE('',*,*,#6272,.T.);
#6306 = B_SPLINE_SURFACE_WITH_KNOTS('',1,1,(
    (#6307,#6308)
    ,(#6309,#6310
    )),.UNSPECIFIED.,.F.,.F.,.F.,(2,2),(2,2),(0.,7.085870668814E-03),(
    -9.938840394991E-04,7.750296061261E-04),.PIECEWISE_BEZIER_KNOTS.);
#6307 = CARTESIAN_POINT('',(-0.218693851336,0.374366703222,
    0.390811031177));
#6308 = CARTESIAN_POINT('',(-0.218692465957,0.376135616325,
    0.390811040942));
#6309 = CARTESIAN_POINT('',(-0.21864390443,0.374366703222,0.383725336543
    ));
#6310 = CARTESIAN_POINT('',(-0.218642519051,0.376135616325,
    0.383725346309));
#6311 = ADVANCED_FACE('',(#6312),#6328,.F.);
#6312 = FACE_BOUND('',#6313,.T.);
#6313 = EDGE_LOOP('',(#6314,#6315,#6322,#6327));
#6314 = ORIENTED_EDGE('',*,*,#1320,.T.);
#6315 = ORIENTED_EDGE('',*,*,#6316,.F.);
#6316 = EDGE_CURVE('',#6317,#1314,#6319,.T.);
#6317 = VERTEX_POINT('',#6318);
#6318 = CARTESIAN_POINT('',(-0.1872671803,0.375335973576,0.391032557094)
  );
#6319 = B_SPLINE_CURVE_WITH_KNOTS('',1,(#6320,#6321),.UNSPECIFIED.,.F.,
  .F.,(2,2),(-0.,1.E-03),.PIECEWISE_BEZIER_KNOTS.);
#6320 = CARTESIAN_POINT('',(-0.1872671803,0.375335973576,0.391032557094)
  );
#6321 = CARTESIAN_POINT('',(-0.1872671803,0.374342089841,0.390922125568)
  );
#6322 = ORIENTED_EDGE('',*,*,#6323,.F.);
#6323 = EDGE_CURVE('',#6295,#6317,#6324,.T.);
#6324 = B_SPLINE_CURVE_WITH_KNOTS('',1,(#6325,#6326),.UNSPECIFIED.,.F.,
  .F.,(2,2),(-3.142668302063E-02,0.),.PIECEWISE_BEZIER_KNOTS.);
#6325 = CARTESIAN_POINT('',(-0.218693072946,0.375360586957,
    0.390811036664));
#6326 = CARTESIAN_POINT('',(-0.1872671803,0.375335973576,0.391032557094)
  );
#6327 = ORIENTED_EDGE('',*,*,#6294,.T.);
#6328 = B_SPLINE_SURFACE_WITH_KNOTS('',1,1,(
    (#6329,#6330)
    ,(#6331,#6332
    )),.UNSPECIFIED.,.F.,.F.,.F.,(2,2),(2,2),(-1.E-03,2.527885127786E-17
    ),(-3.142668302063E-02,0.),.PIECEWISE_BEZIER_KNOTS.);
#6329 = CARTESIAN_POINT('',(-0.218693072946,0.374366703222,
    0.390700605138));
#6330 = CARTESIAN_POINT('',(-0.1872671803,0.374342089841,0.390922125568)
  );
#6331 = CARTESIAN_POINT('',(-0.218693072946,0.375360586957,
    0.390811036664));
#6332 = CARTESIAN_POINT('',(-0.1872671803,0.375335973576,0.391032557094)
  );
#6333 = ADVANCED_FACE('',(#6334),#6350,.F.);
#6334 = FACE_BOUND('',#6335,.T.);
#6335 = EDGE_LOOP('',(#6336,#6337,#6344,#6349));
#6336 = ORIENTED_EDGE('',*,*,#1313,.T.);
#6337 = ORIENTED_EDGE('',*,*,#6338,.F.);
#6338 = EDGE_CURVE('',#6339,#1307,#6341,.T.);
#6339 = VERTEX_POINT('',#6340);
#6340 = CARTESIAN_POINT('',(-0.186834465252,0.382073562219,
    0.330394259308));
#6341 = B_SPLINE_CURVE_WITH_KNOTS('',1,(#6342,#6343),.UNSPECIFIED.,.F.,
  .F.,(2,2),(-0.,9.999998807054E-04),.PIECEWISE_BEZIER_KNOTS.);
#6342 = CARTESIAN_POINT('',(-0.186834465252,0.382073562219,
    0.330394259308));
#6343 = CARTESIAN_POINT('',(-0.186834465252,0.381079678603,
    0.330283827795));
#6344 = ORIENTED_EDGE('',*,*,#6345,.F.);
#6345 = EDGE_CURVE('',#6317,#6339,#6346,.T.);
#6346 = B_SPLINE_CURVE_WITH_KNOTS('',1,(#6347,#6348),.UNSPECIFIED.,.F.,
  .F.,(2,2),(-6.10129945294E-02,0.),.PIECEWISE_BEZIER_KNOTS.);
#6347 = CARTESIAN_POINT('',(-0.1872671803,0.375335973576,0.391032557094)
  );
#6348 = CARTESIAN_POINT('',(-0.186834465252,0.382073562219,
    0.330394259308));
#6349 = ORIENTED_EDGE('',*,*,#6316,.T.);
#6350 = B_SPLINE_SURFACE_WITH_KNOTS('',1,1,(
    (#6351,#6352)
    ,(#6353,#6354
    )),.UNSPECIFIED.,.F.,.F.,.F.,(2,2),(2,2),(-1.104287826112E-04,
    6.063984146482E-02),(-7.73147474884E-03,0.),
  .PIECEWISE_BEZIER_KNOTS.);
#6351 = CARTESIAN_POINT('',(-0.186839742002,0.374342089841,
    0.330283790586));
#6352 = CARTESIAN_POINT('',(-0.186833686861,0.382073562219,
    0.330283833269));
#6353 = CARTESIAN_POINT('',(-0.187267958691,0.374342089841,
    0.391032551607));
#6354 = CARTESIAN_POINT('',(-0.18726190355,0.382073562219,0.39103259429)
  );
#6355 = ADVANCED_FACE('',(#6356),#6366,.F.);
#6356 = FACE_BOUND('',#6357,.T.);
#6357 = EDGE_LOOP('',(#6358,#6359,#6360,#6365));
#6358 = ORIENTED_EDGE('',*,*,#1306,.T.);
#6359 = ORIENTED_EDGE('',*,*,#6126,.F.);
#6360 = ORIENTED_EDGE('',*,*,#6361,.F.);
#6361 = EDGE_CURVE('',#6339,#6120,#6362,.T.);
#6362 = B_SPLINE_CURVE_WITH_KNOTS('',1,(#6363,#6364),.UNSPECIFIED.,.F.,
  .F.,(2,2),(-3.2814759839E-02,0.),.PIECEWISE_BEZIER_KNOTS.);
#6363 = CARTESIAN_POINT('',(-0.186834465252,0.382073562219,
    0.330394259308));
#6364 = CARTESIAN_POINT('',(-0.219648399805,0.382099262742,0.3301629546)
  );
#6365 = ORIENTED_EDGE('',*,*,#6338,.T.);
#6366 = B_SPLINE_SURFACE_WITH_KNOTS('',1,1,(
    (#6367,#6368)
    ,(#6369,#6370
    )),.UNSPECIFIED.,.F.,.F.,.F.,(2,2),(2,2),(-5.43862914773E-17,1.E-03)
  ,(-1.977821931839E-19,3.2814759839E-02),.PIECEWISE_BEZIER_KNOTS.);
#6367 = CARTESIAN_POINT('',(-0.219648399805,0.382099262742,0.3301629546)
  );
#6368 = CARTESIAN_POINT('',(-0.186834465252,0.382073562219,
    0.330394259308));
#6369 = CARTESIAN_POINT('',(-0.219648399805,0.381105379007,
    0.330052523074));
#6370 = CARTESIAN_POINT('',(-0.186834465252,0.381079678484,
    0.330283827782));
#6371 = ADVANCED_FACE('',(#6372),#6386,.F.);
#6372 = FACE_BOUND('',#6373,.T.);
#6373 = EDGE_LOOP('',(#6374,#6375,#6376,#6377,#6378,#6379,#6380,#6381,
    #6382,#6383,#6384,#6385));
#6374 = ORIENTED_EDGE('',*,*,#6119,.T.);
#6375 = ORIENTED_EDGE('',*,*,#6147,.T.);
#6376 = ORIENTED_EDGE('',*,*,#6169,.T.);
#6377 = ORIENTED_EDGE('',*,*,#6191,.T.);
#6378 = ORIENTED_EDGE('',*,*,#6213,.T.);
#6379 = ORIENTED_EDGE('',*,*,#6235,.T.);
#6380 = ORIENTED_EDGE('',*,*,#6257,.T.);
#6381 = ORIENTED_EDGE('',*,*,#6279,.T.);
#6382 = ORIENTED_EDGE('',*,*,#6301,.T.);
#6383 = ORIENTED_EDGE('',*,*,#6323,.T.);
#6384 = ORIENTED_EDGE('',*,*,#6345,.T.);
#6385 = ORIENTED_EDGE('',*,*,#6361,.T.);
#6386 = B_SPLINE_SURFACE_WITH_KNOTS('',1,1,(
    (#6387,#6388)
    ,(#6389,#6390
    )),.UNSPECIFIED.,.F.,.F.,.F.,(2,2),(2,2),(-0.347191044373,
    -0.285946856174),(-0.219697732861,-0.186834465252),
  .PIECEWISE_BEZIER_KNOTS.);
#6387 = CARTESIAN_POINT('',(-0.219697732861,0.375335973576,
    0.391032557094));
#6388 = CARTESIAN_POINT('',(-0.186834465252,0.375335973576,
    0.391032557094));
#6389 = CARTESIAN_POINT('',(-0.219697732861,0.382099262742,0.3301629546)
  );
#6390 = CARTESIAN_POINT('',(-0.186834465252,0.382099262742,0.3301629546)
  );
#6391 = ADVANCED_FACE('',(#6392,#6451),#6510,.T.);
#6392 = FACE_BOUND('',#6393,.T.);
#6393 = EDGE_LOOP('',(#6394,#6403,#6412,#6421,#6430,#6439,#6446));
#6394 = ORIENTED_EDGE('',*,*,#6395,.T.);
#6395 = EDGE_CURVE('',#6396,#6398,#6400,.T.);
#6396 = VERTEX_POINT('',#6397);
#6397 = CARTESIAN_POINT('',(-0.231173826438,0.382108289684,0.33008171212
    ));
#6398 = VERTEX_POINT('',#6399);
#6399 = CARTESIAN_POINT('',(-0.247955097151,0.382121433107,0.32996342131
    ));
#6400 = B_SPLINE_CURVE_WITH_KNOTS('',1,(#6401,#6402),.UNSPECIFIED.,.F.,
  .F.,(2,2),(-1.678169276936E-02,-5.511846808533E-17),
  .PIECEWISE_BEZIER_KNOTS.);
#6401 = CARTESIAN_POINT('',(-0.231173826438,0.382108289684,0.33008171212
    ));
#6402 = CARTESIAN_POINT('',(-0.247955097151,0.382121433107,0.32996342131
    ));
#6403 = ORIENTED_EDGE('',*,*,#6404,.T.);
#6404 = EDGE_CURVE('',#6398,#6405,#6407,.T.);
#6405 = VERTEX_POINT('',#6406);
#6406 = CARTESIAN_POINT('',(-0.271706000956,0.381196174268,
    0.338290750863));
#6407 = B_SPLINE_CURVE_WITH_KNOTS('',3,(#6408,#6409,#6410,#6411),
  .UNSPECIFIED.,.F.,.F.,(4,4),(5.,6.),.PIECEWISE_BEZIER_KNOTS.);
#6408 = CARTESIAN_POINT('',(-0.247955097151,0.382121433107,0.32996342131
    ));
#6409 = CARTESIAN_POINT('',(-0.257609006604,0.38212899424,0.329895371113
    ));
#6410 = CARTESIAN_POINT('',(-0.265536298115,0.381821730962,
    0.332660740615));
#6411 = CARTESIAN_POINT('',(-0.271706000956,0.381196174268,
    0.338290750863));
#6412 = ORIENTED_EDGE('',*,*,#6413,.T.);
#6413 = EDGE_CURVE('',#6405,#6414,#6416,.T.);
#6414 = VERTEX_POINT('',#6415);
#6415 = CARTESIAN_POINT('',(-0.281068899723,0.37869228601,0.360825745185
    ));
#6416 = B_SPLINE_CURVE_WITH_KNOTS('',3,(#6417,#6418,#6419,#6420),
  .UNSPECIFIED.,.F.,.F.,(4,4),(4.,5.),.PIECEWISE_BEZIER_KNOTS.);
#6417 = CARTESIAN_POINT('',(-0.271706000956,0.381196174268,
    0.338290750863));
#6418 = CARTESIAN_POINT('',(-0.277875703796,0.380570617574,
    0.343920761111));
#6419 = CARTESIAN_POINT('',(-0.281001868711,0.379735992226,
    0.351432389239));
#6420 = CARTESIAN_POINT('',(-0.281068899723,0.37869228601,0.360825745185
    ));
#6421 = ORIENTED_EDGE('',*,*,#6422,.T.);
#6422 = EDGE_CURVE('',#6414,#6423,#6425,.T.);
#6423 = VERTEX_POINT('',#6424);
#6424 = CARTESIAN_POINT('',(-0.272020803366,0.376294544085,
    0.382405422514));
#6425 = B_SPLINE_CURVE_WITH_KNOTS('',3,(#6426,#6427,#6428,#6429),
  .UNSPECIFIED.,.F.,.F.,(4,4),(3.,4.),.PIECEWISE_BEZIER_KNOTS.);
#6426 = CARTESIAN_POINT('',(-0.281068899723,0.37869228601,0.360825745185
    ));
#6427 = CARTESIAN_POINT('',(-0.281133054818,0.377693359269,
    0.369816085859));
#6428 = CARTESIAN_POINT('',(-0.278111750298,0.37689525608,0.376999014556
    ));
#6429 = CARTESIAN_POINT('',(-0.272020803366,0.376294544085,
    0.382405422514));
#6430 = ORIENTED_EDGE('',*,*,#6431,.T.);
#6431 = EDGE_CURVE('',#6423,#6432,#6434,.T.);
#6432 = VERTEX_POINT('',#6433);
#6433 = CARTESIAN_POINT('',(-0.24901165126,0.375384333068,0.390597321668
    ));
#6434 = B_SPLINE_CURVE_WITH_KNOTS('',3,(#6435,#6436,#6437,#6438),
  .UNSPECIFIED.,.F.,.F.,(4,4),(2.,3.),.PIECEWISE_BEZIER_KNOTS.);
#6435 = CARTESIAN_POINT('',(-0.272020803366,0.376294544085,
    0.382405422514));
#6436 = CARTESIAN_POINT('',(-0.265929856434,0.375693832089,
    0.387811830473));
#6437 = CARTESIAN_POINT('',(-0.258260065323,0.375391576609,
    0.390532129799));
#6438 = CARTESIAN_POINT('',(-0.24901165126,0.375384333068,0.390597321668
    ));
#6439 = ORIENTED_EDGE('',*,*,#6440,.T.);
#6440 = EDGE_CURVE('',#6432,#6441,#6443,.T.);
#6441 = VERTEX_POINT('',#6442);
#6442 = CARTESIAN_POINT('',(-0.231606541487,0.375370701041,
    0.390720009906));
#6443 = B_SPLINE_CURVE_WITH_KNOTS('',1,(#6444,#6445),.UNSPECIFIED.,.F.,
  .F.,(2,2),(-1.740554751886E-02,0.),.PIECEWISE_BEZIER_KNOTS.);
#6444 = CARTESIAN_POINT('',(-0.24901165126,0.375384333068,0.390597321668
    ));
#6445 = CARTESIAN_POINT('',(-0.231606541487,0.375370701041,
    0.390720009906));
#6446 = ORIENTED_EDGE('',*,*,#6447,.T.);
#6447 = EDGE_CURVE('',#6441,#6396,#6448,.T.);
#6448 = B_SPLINE_CURVE_WITH_KNOTS('',1,(#6449,#6450),.UNSPECIFIED.,.F.,
  .F.,(2,2),(-6.10129945294E-02,0.),.PIECEWISE_BEZIER_KNOTS.);
#6449 = CARTESIAN_POINT('',(-0.231606541487,0.375370701041,
    0.390720009906));
#6450 = CARTESIAN_POINT('',(-0.231173826438,0.382108289684,0.33008171212
    ));
#6451 = FACE_BOUND('',#6452,.T.);
#6452 = EDGE_LOOP('',(#6453,#6462,#6469,#6478,#6487,#6496,#6505));
#6453 = ORIENTED_EDGE('',*,*,#6454,.F.);
#6454 = EDGE_CURVE('',#6455,#6457,#6459,.T.);
#6455 = VERTEX_POINT('',#6456);
#6456 = CARTESIAN_POINT('',(-0.239432734115,0.376151899024,
    0.383689228063));
#6457 = VERTEX_POINT('',#6458);
#6458 = CARTESIAN_POINT('',(-0.239099127625,0.38134631808,0.336939456559
    ));
#6459 = B_SPLINE_CURVE_WITH_KNOTS('',1,(#6460,#6461),.UNSPECIFIED.,.F.,
  .F.,(2,2),(0.,4.703864813422E-02),.PIECEWISE_BEZIER_KNOTS.);
#6460 = CARTESIAN_POINT('',(-0.239432734115,0.376151899024,
    0.383689228063));
#6461 = CARTESIAN_POINT('',(-0.239099127625,0.38134631808,0.336939456559
    ));
#6462 = ORIENTED_EDGE('',*,*,#6463,.F.);
#6463 = EDGE_CURVE('',#6464,#6455,#6466,.T.);
#6464 = VERTEX_POINT('',#6465);
#6465 = CARTESIAN_POINT('',(-0.248649956225,0.376159118134,
    0.383624256066));
#6466 = B_SPLINE_CURVE_WITH_KNOTS('',1,(#6467,#6468),.UNSPECIFIED.,.F.,
  .F.,(2,2),(-3.478107118092E-19,9.217453928043E-03),
  .PIECEWISE_BEZIER_KNOTS.);
#6467 = CARTESIAN_POINT('',(-0.248649956225,0.376159118134,
    0.383624256066));
#6468 = CARTESIAN_POINT('',(-0.239432734115,0.376151899024,
    0.383689228063));
#6469 = ORIENTED_EDGE('',*,*,#6470,.F.);
#6470 = EDGE_CURVE('',#6471,#6464,#6473,.T.);
#6471 = VERTEX_POINT('',#6472);
#6472 = CARTESIAN_POINT('',(-0.266217108392,0.376806710752,
    0.377795922512));
#6473 = B_SPLINE_CURVE_WITH_KNOTS('',3,(#6474,#6475,#6476,#6477),
  .UNSPECIFIED.,.F.,.F.,(4,4),(5.,6.),.PIECEWISE_BEZIER_KNOTS.);
#6474 = CARTESIAN_POINT('',(-0.266217108392,0.376806710752,
    0.377795922512));
#6475 = CARTESIAN_POINT('',(-0.261783869722,0.376379534518,
    0.381640508614));
#6476 = CARTESIAN_POINT('',(-0.255917681274,0.376164810361,
    0.383573026031));
#6477 = CARTESIAN_POINT('',(-0.248649956225,0.376159118134,
    0.383624256066));
#6478 = ORIENTED_EDGE('',*,*,#6479,.F.);
#6479 = EDGE_CURVE('',#6480,#6471,#6482,.T.);
#6480 = VERTEX_POINT('',#6481);
#6481 = CARTESIAN_POINT('',(-0.272785887631,0.378709911829,
    0.360667112817));
#6482 = B_SPLINE_CURVE_WITH_KNOTS('',3,(#6483,#6484,#6485,#6486),
  .UNSPECIFIED.,.F.,.F.,(4,4),(4.,5.),.PIECEWISE_BEZIER_KNOTS.);
#6483 = CARTESIAN_POINT('',(-0.272785887631,0.378709911829,
    0.360667112817));
#6484 = CARTESIAN_POINT('',(-0.2728398664,0.377869435536,0.368231399453)
  );
#6485 = CARTESIAN_POINT('',(-0.270650347061,0.377233886985,
    0.373951336409));
#6486 = CARTESIAN_POINT('',(-0.266217108392,0.376806710752,
    0.377795922512));
#6487 = ORIENTED_EDGE('',*,*,#6488,.F.);
#6488 = EDGE_CURVE('',#6489,#6480,#6491,.T.);
#6489 = VERTEX_POINT('',#6490);
#6490 = CARTESIAN_POINT('',(-0.266140892735,0.380664769085,
    0.343073397513));
#6491 = B_SPLINE_CURVE_WITH_KNOTS('',3,(#6492,#6493,#6494,#6495),
  .UNSPECIFIED.,.F.,.F.,(4,4),(3.,4.),.PIECEWISE_BEZIER_KNOTS.);
#6492 = CARTESIAN_POINT('',(-0.266140892735,0.380664769085,
    0.343073397513));
#6493 = CARTESIAN_POINT('',(-0.270522035481,0.38020315947,0.347227884043
    ));
#6494 = CARTESIAN_POINT('',(-0.272731908862,0.379550388122,
    0.353102826181));
#6495 = CARTESIAN_POINT('',(-0.272785887631,0.378709911829,
    0.360667112817));
#6496 = ORIENTED_EDGE('',*,*,#6497,.F.);
#6497 = EDGE_CURVE('',#6498,#6489,#6500,.T.);
#6498 = VERTEX_POINT('',#6499);
#6499 = CARTESIAN_POINT('',(-0.247957642277,0.381353256244,
    0.336877013083));
#6500 = B_SPLINE_CURVE_WITH_KNOTS('',3,(#6501,#6502,#6503,#6504),
  .UNSPECIFIED.,.F.,.F.,(4,4),(2.,3.),.PIECEWISE_BEZIER_KNOTS.);
#6501 = CARTESIAN_POINT('',(-0.247957642277,0.381353256244,
    0.336877013083));
#6502 = CARTESIAN_POINT('',(-0.255708842596,0.381359327137,
    0.336822375041));
#6503 = CARTESIAN_POINT('',(-0.261775124742,0.381129835489,
    0.338887799873));
#6504 = CARTESIAN_POINT('',(-0.266140892735,0.380664769085,
    0.343073397513));
#6505 = ORIENTED_EDGE('',*,*,#6506,.F.);
#6506 = EDGE_CURVE('',#6457,#6498,#6507,.T.);
#6507 = B_SPLINE_CURVE_WITH_KNOTS('',1,(#6508,#6509),.UNSPECIFIED.,.F.,
  .F.,(2,2),(0.,8.858737446907E-03),.PIECEWISE_BEZIER_KNOTS.);
#6508 = CARTESIAN_POINT('',(-0.239099127625,0.38134631808,0.336939456559
    ));
#6509 = CARTESIAN_POINT('',(-0.247957642277,0.381353256244,
    0.336877013083));
#6510 = B_SPLINE_SURFACE_WITH_KNOTS('',1,1,(
    (#6511,#6512)
    ,(#6513,#6514
    )),.UNSPECIFIED.,.F.,.F.,.F.,(2,2),(2,2),(-5.896963092088E-02,
    2.229316875004E-03),(-1.943277733044E-02,3.052645104875E-02),
  .PIECEWISE_BEZIER_KNOTS.);
#6511 = CARTESIAN_POINT('',(-0.281133054818,0.38212899424,0.329895371113
    ));
#6512 = CARTESIAN_POINT('',(-0.231173826438,0.38212899424,0.329895371113
    ));
#6513 = CARTESIAN_POINT('',(-0.281133054818,0.375370701041,
    0.390720009906));
#6514 = CARTESIAN_POINT('',(-0.231173826438,0.375370701041,
    0.390720009906));
#6515 = ADVANCED_FACE('',(#6516),#6530,.F.);
#6516 = FACE_BOUND('',#6517,.T.);
#6517 = EDGE_LOOP('',(#6518,#6519,#6524,#6525));
#6518 = ORIENTED_EDGE('',*,*,#321,.T.);
#6519 = ORIENTED_EDGE('',*,*,#6520,.F.);
#6520 = EDGE_CURVE('',#6398,#311,#6521,.T.);
#6521 = B_SPLINE_CURVE_WITH_KNOTS('',1,(#6522,#6523),.UNSPECIFIED.,.F.,
  .F.,(2,2),(-0.,1.E-03),.PIECEWISE_BEZIER_KNOTS.);
#6522 = CARTESIAN_POINT('',(-0.247955097151,0.382121433107,0.32996342131
    ));
#6523 = CARTESIAN_POINT('',(-0.247955097151,0.381127549373,
    0.329852989783));
#6524 = ORIENTED_EDGE('',*,*,#6395,.F.);
#6525 = ORIENTED_EDGE('',*,*,#6526,.T.);
#6526 = EDGE_CURVE('',#6396,#322,#6527,.T.);
#6527 = B_SPLINE_CURVE_WITH_KNOTS('',1,(#6528,#6529),.UNSPECIFIED.,.F.,
  .F.,(2,2),(-0.,1.E-03),.PIECEWISE_BEZIER_KNOTS.);
#6528 = CARTESIAN_POINT('',(-0.231173826438,0.382108289684,0.33008171212
    ));
#6529 = CARTESIAN_POINT('',(-0.231173826438,0.381114405949,
    0.329971280594));
#6530 = B_SPLINE_SURFACE_WITH_KNOTS('',1,1,(
    (#6531,#6532)
    ,(#6533,#6534
    )),.UNSPECIFIED.,.F.,.F.,.F.,(2,2),(2,2),(-6.01853107621E-36,1.E-03)
  ,(5.511846808533E-17,1.678169276936E-02),.PIECEWISE_BEZIER_KNOTS.);
#6531 = CARTESIAN_POINT('',(-0.247955097151,0.382121433107,0.32996342131
    ));
#6532 = CARTESIAN_POINT('',(-0.231173826438,0.382108289684,0.33008171212
    ));
#6533 = CARTESIAN_POINT('',(-0.247955097151,0.381127549373,
    0.329852989783));
#6534 = CARTESIAN_POINT('',(-0.231173826438,0.381114405949,
    0.329971280594));
#6535 = ADVANCED_FACE('',(#6536),#6546,.F.);
#6536 = FACE_BOUND('',#6537,.F.);
#6537 = EDGE_LOOP('',(#6538,#6539,#6540,#6545));
#6538 = ORIENTED_EDGE('',*,*,#6520,.F.);
#6539 = ORIENTED_EDGE('',*,*,#6404,.T.);
#6540 = ORIENTED_EDGE('',*,*,#6541,.T.);
#6541 = EDGE_CURVE('',#6405,#313,#6542,.T.);
#6542 = B_SPLINE_CURVE_WITH_KNOTS('',1,(#6543,#6544),.UNSPECIFIED.,.F.,
  .F.,(2,2),(-0.,1.E-03),.PIECEWISE_BEZIER_KNOTS.);
#6543 = CARTESIAN_POINT('',(-0.271706000956,0.381196174268,
    0.338290750863));
#6544 = CARTESIAN_POINT('',(-0.271706000956,0.380202290533,
    0.338180319337));
#6545 = ORIENTED_EDGE('',*,*,#310,.F.);
#6546 = B_SPLINE_SURFACE_WITH_KNOTS('',3,1,(
    (#6547,#6548)
    ,(#6549,#6550)
    ,(#6551,#6552)
    ,(#6553,#6554
    )),.UNSPECIFIED.,.F.,.F.,.F.,(4,4),(2,2),(5.,6.),(0.,1.),
  .PIECEWISE_BEZIER_KNOTS.);
#6547 = CARTESIAN_POINT('',(-0.247955097151,0.382121433107,0.32996342131
    ));
#6548 = CARTESIAN_POINT('',(-0.247955097151,0.381127549373,
    0.329852989783));
#6549 = CARTESIAN_POINT('',(-0.257609006604,0.38212899424,0.329895371113
    ));
#6550 = CARTESIAN_POINT('',(-0.257609006604,0.381135110506,
    0.329784939587));
#6551 = CARTESIAN_POINT('',(-0.265536298115,0.381821730962,
    0.332660740615));
#6552 = CARTESIAN_POINT('',(-0.265536298115,0.380827847228,
    0.332550309089));
#6553 = CARTESIAN_POINT('',(-0.271706000956,0.381196174268,
    0.338290750863));
#6554 = CARTESIAN_POINT('',(-0.271706000956,0.380202290533,
    0.338180319337));
#6555 = ADVANCED_FACE('',(#6556),#6566,.F.);
#6556 = FACE_BOUND('',#6557,.F.);
#6557 = EDGE_LOOP('',(#6558,#6559,#6560,#6565));
#6558 = ORIENTED_EDGE('',*,*,#6541,.F.);
#6559 = ORIENTED_EDGE('',*,*,#6413,.T.);
#6560 = ORIENTED_EDGE('',*,*,#6561,.T.);
#6561 = EDGE_CURVE('',#6414,#352,#6562,.T.);
#6562 = B_SPLINE_CURVE_WITH_KNOTS('',1,(#6563,#6564),.UNSPECIFIED.,.F.,
  .F.,(2,2),(-0.,1.E-03),.PIECEWISE_BEZIER_KNOTS.);
#6563 = CARTESIAN_POINT('',(-0.281068899723,0.37869228601,0.360825745185
    ));
#6564 = CARTESIAN_POINT('',(-0.281068899723,0.377698402275,
    0.360715313659));
#6565 = ORIENTED_EDGE('',*,*,#360,.F.);
#6566 = B_SPLINE_SURFACE_WITH_KNOTS('',3,1,(
    (#6567,#6568)
    ,(#6569,#6570)
    ,(#6571,#6572)
    ,(#6573,#6574
    )),.UNSPECIFIED.,.F.,.F.,.F.,(4,4),(2,2),(4.,5.),(0.,1.),
  .PIECEWISE_BEZIER_KNOTS.);
#6567 = CARTESIAN_POINT('',(-0.271706000956,0.381196174268,
    0.338290750863));
#6568 = CARTESIAN_POINT('',(-0.271706000956,0.380202290533,
    0.338180319337));
#6569 = CARTESIAN_POINT('',(-0.277875703796,0.380570617574,
    0.343920761111));
#6570 = CARTESIAN_POINT('',(-0.277875703796,0.379576733839,
    0.343810329585));
#6571 = CARTESIAN_POINT('',(-0.281001868711,0.379735992226,
    0.351432389239));
#6572 = CARTESIAN_POINT('',(-0.281001868711,0.378742108492,
    0.351321957713));
#6573 = CARTESIAN_POINT('',(-0.281068899723,0.37869228601,0.360825745185
    ));
#6574 = CARTESIAN_POINT('',(-0.281068899723,0.377698402275,
    0.360715313659));
#6575 = ADVANCED_FACE('',(#6576),#6586,.F.);
#6576 = FACE_BOUND('',#6577,.F.);
#6577 = EDGE_LOOP('',(#6578,#6579,#6580,#6585));
#6578 = ORIENTED_EDGE('',*,*,#6561,.F.);
#6579 = ORIENTED_EDGE('',*,*,#6422,.T.);
#6580 = ORIENTED_EDGE('',*,*,#6581,.T.);
#6581 = EDGE_CURVE('',#6423,#343,#6582,.T.);
#6582 = B_SPLINE_CURVE_WITH_KNOTS('',1,(#6583,#6584),.UNSPECIFIED.,.F.,
  .F.,(2,2),(-0.,1.E-03),.PIECEWISE_BEZIER_KNOTS.);
#6583 = CARTESIAN_POINT('',(-0.272020803366,0.376294544085,
    0.382405422514));
#6584 = CARTESIAN_POINT('',(-0.272020803366,0.37530066035,0.382294990988
    ));
#6585 = ORIENTED_EDGE('',*,*,#351,.F.);
#6586 = B_SPLINE_SURFACE_WITH_KNOTS('',3,1,(
    (#6587,#6588)
    ,(#6589,#6590)
    ,(#6591,#6592)
    ,(#6593,#6594
    )),.UNSPECIFIED.,.F.,.F.,.F.,(4,4),(2,2),(3.,4.),(0.,1.),
  .PIECEWISE_BEZIER_KNOTS.);
#6587 = CARTESIAN_POINT('',(-0.281068899723,0.37869228601,0.360825745185
    ));
#6588 = CARTESIAN_POINT('',(-0.281068899723,0.377698402275,
    0.360715313659));
#6589 = CARTESIAN_POINT('',(-0.281133054818,0.377693359269,
    0.369816085859));
#6590 = CARTESIAN_POINT('',(-0.281133054818,0.376699475534,
    0.369705654333));
#6591 = CARTESIAN_POINT('',(-0.278111750298,0.37689525608,0.376999014556
    ));
#6592 = CARTESIAN_POINT('',(-0.278111750298,0.375901372345,
    0.376888583029));
#6593 = CARTESIAN_POINT('',(-0.272020803366,0.376294544085,
    0.382405422514));
#6594 = CARTESIAN_POINT('',(-0.272020803366,0.37530066035,0.382294990988
    ));
#6595 = ADVANCED_FACE('',(#6596),#6606,.F.);
#6596 = FACE_BOUND('',#6597,.F.);
#6597 = EDGE_LOOP('',(#6598,#6599,#6600,#6605));
#6598 = ORIENTED_EDGE('',*,*,#6581,.F.);
#6599 = ORIENTED_EDGE('',*,*,#6431,.T.);
#6600 = ORIENTED_EDGE('',*,*,#6601,.T.);
#6601 = EDGE_CURVE('',#6432,#336,#6602,.T.);
#6602 = B_SPLINE_CURVE_WITH_KNOTS('',1,(#6603,#6604),.UNSPECIFIED.,.F.,
  .F.,(2,2),(-0.,1.E-03),.PIECEWISE_BEZIER_KNOTS.);
#6603 = CARTESIAN_POINT('',(-0.24901165126,0.375384333068,0.390597321668
    ));
#6604 = CARTESIAN_POINT('',(-0.24901165126,0.374390449333,0.390486890142
    ));
#6605 = ORIENTED_EDGE('',*,*,#342,.F.);
#6606 = B_SPLINE_SURFACE_WITH_KNOTS('',3,1,(
    (#6607,#6608)
    ,(#6609,#6610)
    ,(#6611,#6612)
    ,(#6613,#6614
    )),.UNSPECIFIED.,.F.,.F.,.F.,(4,4),(2,2),(2.,3.),(0.,1.),
  .PIECEWISE_BEZIER_KNOTS.);
#6607 = CARTESIAN_POINT('',(-0.272020803366,0.376294544085,
    0.382405422514));
#6608 = CARTESIAN_POINT('',(-0.272020803366,0.37530066035,0.382294990988
    ));
#6609 = CARTESIAN_POINT('',(-0.265929856434,0.375693832089,
    0.387811830473));
#6610 = CARTESIAN_POINT('',(-0.265929856434,0.374699948355,
    0.387701398947));
#6611 = CARTESIAN_POINT('',(-0.258260065323,0.375391576609,
    0.390532129799));
#6612 = CARTESIAN_POINT('',(-0.258260065323,0.374397692874,
    0.390421698273));
#6613 = CARTESIAN_POINT('',(-0.24901165126,0.375384333068,0.390597321668
    ));
#6614 = CARTESIAN_POINT('',(-0.24901165126,0.374390449333,0.390486890142
    ));
#6615 = ADVANCED_FACE('',(#6616),#6626,.F.);
#6616 = FACE_BOUND('',#6617,.T.);
#6617 = EDGE_LOOP('',(#6618,#6619,#6624,#6625));
#6618 = ORIENTED_EDGE('',*,*,#335,.T.);
#6619 = ORIENTED_EDGE('',*,*,#6620,.F.);
#6620 = EDGE_CURVE('',#6441,#329,#6621,.T.);
#6621 = B_SPLINE_CURVE_WITH_KNOTS('',1,(#6622,#6623),.UNSPECIFIED.,.F.,
  .F.,(2,2),(-0.,9.999998807054E-04),.PIECEWISE_BEZIER_KNOTS.);
#6622 = CARTESIAN_POINT('',(-0.231606541487,0.375370701041,
    0.390720009906));
#6623 = CARTESIAN_POINT('',(-0.231606541487,0.374376817425,
    0.390609578393));
#6624 = ORIENTED_EDGE('',*,*,#6440,.F.);
#6625 = ORIENTED_EDGE('',*,*,#6601,.T.);
#6626 = B_SPLINE_SURFACE_WITH_KNOTS('',1,1,(
    (#6627,#6628)
    ,(#6629,#6630
    )),.UNSPECIFIED.,.F.,.F.,.F.,(2,2),(2,2),(-1.E-03,6.4029752346E-18),
  (-1.740554751886E-02,0.),.PIECEWISE_BEZIER_KNOTS.);
#6627 = CARTESIAN_POINT('',(-0.24901165126,0.374390449333,0.390486890142
    ));
#6628 = CARTESIAN_POINT('',(-0.231606541487,0.374376817306,0.39060957838
    ));
#6629 = CARTESIAN_POINT('',(-0.24901165126,0.375384333068,0.390597321668
    ));
#6630 = CARTESIAN_POINT('',(-0.231606541487,0.375370701041,
    0.390720009906));
#6631 = ADVANCED_FACE('',(#6632),#6638,.F.);
#6632 = FACE_BOUND('',#6633,.T.);
#6633 = EDGE_LOOP('',(#6634,#6635,#6636,#6637));
#6634 = ORIENTED_EDGE('',*,*,#328,.T.);
#6635 = ORIENTED_EDGE('',*,*,#6526,.F.);
#6636 = ORIENTED_EDGE('',*,*,#6447,.F.);
#6637 = ORIENTED_EDGE('',*,*,#6620,.T.);
#6638 = B_SPLINE_SURFACE_WITH_KNOTS('',1,1,(
    (#6639,#6640)
    ,(#6641,#6642
    )),.UNSPECIFIED.,.F.,.F.,.F.,(2,2),(2,2),(-1.104287826111E-04,
    6.063984146482E-02),(-7.73147474884E-03,0.),
  .PIECEWISE_BEZIER_KNOTS.);
#6639 = CARTESIAN_POINT('',(-0.231179103189,0.374376817306,
    0.329971243398));
#6640 = CARTESIAN_POINT('',(-0.231173048048,0.382108289684,
    0.329971286081));
#6641 = CARTESIAN_POINT('',(-0.231607319878,0.374376817306,
    0.390720004419));
#6642 = CARTESIAN_POINT('',(-0.231601264736,0.382108289684,
    0.390720047102));
#6643 = ADVANCED_FACE('',(#6644),#6666,.T.);
#6644 = FACE_BOUND('',#6645,.T.);
#6645 = EDGE_LOOP('',(#6646,#6655,#6660,#6661));
#6646 = ORIENTED_EDGE('',*,*,#6647,.F.);
#6647 = EDGE_CURVE('',#6648,#6650,#6652,.T.);
#6648 = VERTEX_POINT('',#6649);
#6649 = CARTESIAN_POINT('',(-0.248649956225,0.375165234518,
    0.383513824553));
#6650 = VERTEX_POINT('',#6651);
#6651 = CARTESIAN_POINT('',(-0.239432734115,0.375158015289,
    0.383578796537));
#6652 = B_SPLINE_CURVE_WITH_KNOTS('',1,(#6653,#6654),.UNSPECIFIED.,.F.,
  .F.,(2,2),(-2.608585762326E-19,9.217453928043E-03),
  .PIECEWISE_BEZIER_KNOTS.);
#6653 = CARTESIAN_POINT('',(-0.248649956225,0.3751652344,0.38351382454)
  );
#6654 = CARTESIAN_POINT('',(-0.239432734115,0.375158015289,
    0.383578796537));
#6655 = ORIENTED_EDGE('',*,*,#6656,.F.);
#6656 = EDGE_CURVE('',#6464,#6648,#6657,.T.);
#6657 = B_SPLINE_CURVE_WITH_KNOTS('',1,(#6658,#6659),.UNSPECIFIED.,.F.,
  .F.,(2,2),(-0.,9.999998807053E-04),.PIECEWISE_BEZIER_KNOTS.);
#6658 = CARTESIAN_POINT('',(-0.248649956225,0.376159118134,
    0.383624256066));
#6659 = CARTESIAN_POINT('',(-0.248649956225,0.375165234518,
    0.383513824553));
#6660 = ORIENTED_EDGE('',*,*,#6463,.T.);
#6661 = ORIENTED_EDGE('',*,*,#6662,.T.);
#6662 = EDGE_CURVE('',#6455,#6650,#6663,.T.);
#6663 = B_SPLINE_CURVE_WITH_KNOTS('',1,(#6664,#6665),.UNSPECIFIED.,.F.,
  .F.,(2,2),(-0.,1.E-03),.PIECEWISE_BEZIER_KNOTS.);
#6664 = CARTESIAN_POINT('',(-0.239432734115,0.376151899024,
    0.383689228063));
#6665 = CARTESIAN_POINT('',(-0.239432734115,0.375158015289,
    0.383578796537));
#6666 = B_SPLINE_SURFACE_WITH_KNOTS('',1,1,(
    (#6667,#6668)
    ,(#6669,#6670
    )),.UNSPECIFIED.,.F.,.F.,.F.,(2,2),(2,2),(-1.E-03,1.58957752938E-33)
  ,(-3.478107118092E-19,9.217453928043E-03),.PIECEWISE_BEZIER_KNOTS.);
#6667 = CARTESIAN_POINT('',(-0.248649956225,0.3751652344,0.38351382454)
  );
#6668 = CARTESIAN_POINT('',(-0.239432734115,0.375158015289,
    0.383578796537));
#6669 = CARTESIAN_POINT('',(-0.248649956225,0.376159118134,
    0.383624256066));
#6670 = CARTESIAN_POINT('',(-0.239432734115,0.376151899024,
    0.383689228063));
#6671 = ADVANCED_FACE('',(#6672),#6688,.T.);
#6672 = FACE_BOUND('',#6673,.T.);
#6673 = EDGE_LOOP('',(#6674,#6681,#6682,#6683));
#6674 = ORIENTED_EDGE('',*,*,#6675,.F.);
#6675 = EDGE_CURVE('',#6650,#6676,#6678,.T.);
#6676 = VERTEX_POINT('',#6677);
#6677 = CARTESIAN_POINT('',(-0.239099127625,0.380352434345,
    0.336829025033));
#6678 = B_SPLINE_CURVE_WITH_KNOTS('',1,(#6679,#6680),.UNSPECIFIED.,.F.,
  .F.,(2,2),(0.,4.703864813422E-02),.PIECEWISE_BEZIER_KNOTS.);
#6679 = CARTESIAN_POINT('',(-0.239432734115,0.375158015289,
    0.383578796537));
#6680 = CARTESIAN_POINT('',(-0.239099127625,0.380352434345,
    0.336829025033));
#6681 = ORIENTED_EDGE('',*,*,#6662,.F.);
#6682 = ORIENTED_EDGE('',*,*,#6454,.T.);
#6683 = ORIENTED_EDGE('',*,*,#6684,.T.);
#6684 = EDGE_CURVE('',#6457,#6676,#6685,.T.);
#6685 = B_SPLINE_CURVE_WITH_KNOTS('',1,(#6686,#6687),.UNSPECIFIED.,.F.,
  .F.,(2,2),(-0.,1.E-03),.PIECEWISE_BEZIER_KNOTS.);
#6686 = CARTESIAN_POINT('',(-0.239099127625,0.38134631808,0.336939456559
    ));
#6687 = CARTESIAN_POINT('',(-0.239099127625,0.380352434345,
    0.336829025033));
#6688 = B_SPLINE_SURFACE_WITH_KNOTS('',1,1,(
    (#6689,#6690)
    ,(#6691,#6692
    )),.UNSPECIFIED.,.F.,.F.,.F.,(2,2),(2,2),(-4.686139040283E-02,0.),(
    -9.938840394991E-04,5.194420649135E-03),.PIECEWISE_BEZIER_KNOTS.);
#6689 = CARTESIAN_POINT('',(-0.239103195795,0.375158015289,
    0.336828996357));
#6690 = CARTESIAN_POINT('',(-0.239098349234,0.38134631808,0.33682903052)
  );
#6691 = CARTESIAN_POINT('',(-0.239433512505,0.375158015289,
    0.383689222576));
#6692 = CARTESIAN_POINT('',(-0.239428665945,0.38134631808,0.38368925674)
  );
#6693 = ADVANCED_FACE('',(#6694),#6710,.T.);
#6694 = FACE_BOUND('',#6695,.T.);
#6695 = EDGE_LOOP('',(#6696,#6703,#6704,#6705));
#6696 = ORIENTED_EDGE('',*,*,#6697,.F.);
#6697 = EDGE_CURVE('',#6676,#6698,#6700,.T.);
#6698 = VERTEX_POINT('',#6699);
#6699 = CARTESIAN_POINT('',(-0.247957642277,0.380359372509,
    0.336766581557));
#6700 = B_SPLINE_CURVE_WITH_KNOTS('',1,(#6701,#6702),.UNSPECIFIED.,.F.,
  .F.,(2,2),(0.,8.858737446907E-03),.PIECEWISE_BEZIER_KNOTS.);
#6701 = CARTESIAN_POINT('',(-0.239099127625,0.380352434345,
    0.336829025033));
#6702 = CARTESIAN_POINT('',(-0.247957642277,0.380359372509,
    0.336766581557));
#6703 = ORIENTED_EDGE('',*,*,#6684,.F.);
#6704 = ORIENTED_EDGE('',*,*,#6506,.T.);
#6705 = ORIENTED_EDGE('',*,*,#6706,.T.);
#6706 = EDGE_CURVE('',#6498,#6698,#6707,.T.);
#6707 = B_SPLINE_CURVE_WITH_KNOTS('',1,(#6708,#6709),.UNSPECIFIED.,.F.,
  .F.,(2,2),(-0.,1.E-03),.PIECEWISE_BEZIER_KNOTS.);
#6708 = CARTESIAN_POINT('',(-0.247957642277,0.381353256244,
    0.336877013083));
#6709 = CARTESIAN_POINT('',(-0.247957642277,0.380359372509,
    0.336766581557));
#6710 = B_SPLINE_SURFACE_WITH_KNOTS('',1,1,(
    (#6711,#6712)
    ,(#6713,#6714
    )),.UNSPECIFIED.,.F.,.F.,.F.,(2,2),(2,2),(-2.415956776427E-17,1.E-03
    ),(-8.858737446907E-03,0.),.PIECEWISE_BEZIER_KNOTS.);
#6711 = CARTESIAN_POINT('',(-0.247957642277,0.381353256244,
    0.336877013083));
#6712 = CARTESIAN_POINT('',(-0.239099127625,0.38134631808,0.336939456559
    ));
#6713 = CARTESIAN_POINT('',(-0.247957642277,0.380359372509,
    0.336766581557));
#6714 = CARTESIAN_POINT('',(-0.239099127625,0.380352434345,
    0.336829025033));
#6715 = ADVANCED_FACE('',(#6716),#6734,.T.);
#6716 = FACE_BOUND('',#6717,.T.);
#6717 = EDGE_LOOP('',(#6718,#6727,#6728,#6729));
#6718 = ORIENTED_EDGE('',*,*,#6719,.F.);
#6719 = EDGE_CURVE('',#6698,#6720,#6722,.T.);
#6720 = VERTEX_POINT('',#6721);
#6721 = CARTESIAN_POINT('',(-0.266140892735,0.37967088535,0.342962965987
    ));
#6722 = B_SPLINE_CURVE_WITH_KNOTS('',3,(#6723,#6724,#6725,#6726),
  .UNSPECIFIED.,.F.,.F.,(4,4),(2.,3.),.PIECEWISE_BEZIER_KNOTS.);
#6723 = CARTESIAN_POINT('',(-0.247957642277,0.380359372509,
    0.336766581557));
#6724 = CARTESIAN_POINT('',(-0.255708842596,0.380365443403,
    0.336711943515));
#6725 = CARTESIAN_POINT('',(-0.261775124742,0.380135951755,
    0.338777368346));
#6726 = CARTESIAN_POINT('',(-0.266140892735,0.37967088535,0.342962965987
    ));
#6727 = ORIENTED_EDGE('',*,*,#6706,.F.);
#6728 = ORIENTED_EDGE('',*,*,#6497,.T.);
#6729 = ORIENTED_EDGE('',*,*,#6730,.T.);
#6730 = EDGE_CURVE('',#6489,#6720,#6731,.T.);
#6731 = B_SPLINE_CURVE_WITH_KNOTS('',1,(#6732,#6733),.UNSPECIFIED.,.F.,
  .F.,(2,2),(-0.,1.E-03),.PIECEWISE_BEZIER_KNOTS.);
#6732 = CARTESIAN_POINT('',(-0.266140892735,0.380664769085,
    0.343073397513));
#6733 = CARTESIAN_POINT('',(-0.266140892735,0.37967088535,0.342962965987
    ));
#6734 = B_SPLINE_SURFACE_WITH_KNOTS('',3,1,(
    (#6735,#6736)
    ,(#6737,#6738)
    ,(#6739,#6740)
    ,(#6741,#6742
    )),.UNSPECIFIED.,.F.,.F.,.F.,(4,4),(2,2),(2.,3.),(0.,1.),
  .PIECEWISE_BEZIER_KNOTS.);
#6735 = CARTESIAN_POINT('',(-0.247957642277,0.381353256244,
    0.336877013083));
#6736 = CARTESIAN_POINT('',(-0.247957642277,0.380359372509,
    0.336766581557));
#6737 = CARTESIAN_POINT('',(-0.255708842596,0.381359327137,
    0.336822375041));
#6738 = CARTESIAN_POINT('',(-0.255708842596,0.380365443403,
    0.336711943515));
#6739 = CARTESIAN_POINT('',(-0.261775124742,0.381129835489,
    0.338887799873));
#6740 = CARTESIAN_POINT('',(-0.261775124742,0.380135951755,
    0.338777368346));
#6741 = CARTESIAN_POINT('',(-0.266140892735,0.380664769085,
    0.343073397513));
#6742 = CARTESIAN_POINT('',(-0.266140892735,0.37967088535,0.342962965987
    ));
#6743 = ADVANCED_FACE('',(#6744),#6762,.T.);
#6744 = FACE_BOUND('',#6745,.T.);
#6745 = EDGE_LOOP('',(#6746,#6755,#6756,#6757));
#6746 = ORIENTED_EDGE('',*,*,#6747,.F.);
#6747 = EDGE_CURVE('',#6720,#6748,#6750,.T.);
#6748 = VERTEX_POINT('',#6749);
#6749 = CARTESIAN_POINT('',(-0.272785887631,0.377716028094,
    0.360556681291));
#6750 = B_SPLINE_CURVE_WITH_KNOTS('',3,(#6751,#6752,#6753,#6754),
  .UNSPECIFIED.,.F.,.F.,(4,4),(3.,4.),.PIECEWISE_BEZIER_KNOTS.);
#6751 = CARTESIAN_POINT('',(-0.266140892735,0.37967088535,0.342962965987
    ));
#6752 = CARTESIAN_POINT('',(-0.270522035481,0.379209275736,
    0.347117452517));
#6753 = CARTESIAN_POINT('',(-0.272731908862,0.378556504387,
    0.352992394655));
#6754 = CARTESIAN_POINT('',(-0.272785887631,0.377716028094,
    0.360556681291));
#6755 = ORIENTED_EDGE('',*,*,#6730,.F.);
#6756 = ORIENTED_EDGE('',*,*,#6488,.T.);
#6757 = ORIENTED_EDGE('',*,*,#6758,.T.);
#6758 = EDGE_CURVE('',#6480,#6748,#6759,.T.);
#6759 = B_SPLINE_CURVE_WITH_KNOTS('',1,(#6760,#6761),.UNSPECIFIED.,.F.,
  .F.,(2,2),(-0.,1.E-03),.PIECEWISE_BEZIER_KNOTS.);
#6760 = CARTESIAN_POINT('',(-0.272785887631,0.378709911829,
    0.360667112817));
#6761 = CARTESIAN_POINT('',(-0.272785887631,0.377716028094,
    0.360556681291));
#6762 = B_SPLINE_SURFACE_WITH_KNOTS('',3,1,(
    (#6763,#6764)
    ,(#6765,#6766)
    ,(#6767,#6768)
    ,(#6769,#6770
    )),.UNSPECIFIED.,.F.,.F.,.F.,(4,4),(2,2),(3.,4.),(0.,1.),
  .PIECEWISE_BEZIER_KNOTS.);
#6763 = CARTESIAN_POINT('',(-0.266140892735,0.380664769085,
    0.343073397513));
#6764 = CARTESIAN_POINT('',(-0.266140892735,0.37967088535,0.342962965987
    ));
#6765 = CARTESIAN_POINT('',(-0.270522035481,0.38020315947,0.347227884043
    ));
#6766 = CARTESIAN_POINT('',(-0.270522035481,0.379209275736,
    0.347117452517));
#6767 = CARTESIAN_POINT('',(-0.272731908862,0.379550388122,
    0.353102826181));
#6768 = CARTESIAN_POINT('',(-0.272731908862,0.378556504387,
    0.352992394655));
#6769 = CARTESIAN_POINT('',(-0.272785887631,0.378709911829,
    0.360667112817));
#6770 = CARTESIAN_POINT('',(-0.272785887631,0.377716028094,
    0.360556681291));
#6771 = ADVANCED_FACE('',(#6772),#6790,.T.);
#6772 = FACE_BOUND('',#6773,.T.);
#6773 = EDGE_LOOP('',(#6774,#6783,#6784,#6785));
#6774 = ORIENTED_EDGE('',*,*,#6775,.F.);
#6775 = EDGE_CURVE('',#6748,#6776,#6778,.T.);
#6776 = VERTEX_POINT('',#6777);
#6777 = CARTESIAN_POINT('',(-0.266217108392,0.375812827017,
    0.377685490986));
#6778 = B_SPLINE_CURVE_WITH_KNOTS('',3,(#6779,#6780,#6781,#6782),
  .UNSPECIFIED.,.F.,.F.,(4,4),(4.,5.),.PIECEWISE_BEZIER_KNOTS.);
#6779 = CARTESIAN_POINT('',(-0.272785887631,0.377716028094,
    0.360556681291));
#6780 = CARTESIAN_POINT('',(-0.2728398664,0.376875551801,0.368120967927)
  );
#6781 = CARTESIAN_POINT('',(-0.270650347061,0.376240003251,
    0.373840904883));
#6782 = CARTESIAN_POINT('',(-0.266217108392,0.375812827017,
    0.377685490986));
#6783 = ORIENTED_EDGE('',*,*,#6758,.F.);
#6784 = ORIENTED_EDGE('',*,*,#6479,.T.);
#6785 = ORIENTED_EDGE('',*,*,#6786,.T.);
#6786 = EDGE_CURVE('',#6471,#6776,#6787,.T.);
#6787 = B_SPLINE_CURVE_WITH_KNOTS('',1,(#6788,#6789),.UNSPECIFIED.,.F.,
  .F.,(2,2),(-0.,1.E-03),.PIECEWISE_BEZIER_KNOTS.);
#6788 = CARTESIAN_POINT('',(-0.266217108392,0.376806710752,
    0.377795922512));
#6789 = CARTESIAN_POINT('',(-0.266217108392,0.375812827017,
    0.377685490986));
#6790 = B_SPLINE_SURFACE_WITH_KNOTS('',3,1,(
    (#6791,#6792)
    ,(#6793,#6794)
    ,(#6795,#6796)
    ,(#6797,#6798
    )),.UNSPECIFIED.,.F.,.F.,.F.,(4,4),(2,2),(4.,5.),(0.,1.),
  .PIECEWISE_BEZIER_KNOTS.);
#6791 = CARTESIAN_POINT('',(-0.272785887631,0.378709911829,
    0.360667112817));
#6792 = CARTESIAN_POINT('',(-0.272785887631,0.377716028094,
    0.360556681291));
#6793 = CARTESIAN_POINT('',(-0.2728398664,0.377869435536,0.368231399453)
  );
#6794 = CARTESIAN_POINT('',(-0.2728398664,0.376875551801,0.368120967927)
  );
#6795 = CARTESIAN_POINT('',(-0.270650347061,0.377233886985,
    0.373951336409));
#6796 = CARTESIAN_POINT('',(-0.270650347061,0.376240003251,
    0.373840904883));
#6797 = CARTESIAN_POINT('',(-0.266217108392,0.376806710752,
    0.377795922512));
#6798 = CARTESIAN_POINT('',(-0.266217108392,0.375812827017,
    0.377685490986));
#6799 = ADVANCED_FACE('',(#6800),#6812,.T.);
#6800 = FACE_BOUND('',#6801,.T.);
#6801 = EDGE_LOOP('',(#6802,#6809,#6810,#6811));
#6802 = ORIENTED_EDGE('',*,*,#6803,.F.);
#6803 = EDGE_CURVE('',#6776,#6648,#6804,.T.);
#6804 = B_SPLINE_CURVE_WITH_KNOTS('',3,(#6805,#6806,#6807,#6808),
  .UNSPECIFIED.,.F.,.F.,(4,4),(5.,6.),.PIECEWISE_BEZIER_KNOTS.);
#6805 = CARTESIAN_POINT('',(-0.266217108392,0.375812827017,
    0.377685490986));
#6806 = CARTESIAN_POINT('',(-0.261783869722,0.375385650783,
    0.381530077088));
#6807 = CARTESIAN_POINT('',(-0.255917681274,0.375170926626,
    0.383462594505));
#6808 = CARTESIAN_POINT('',(-0.248649956225,0.375165234518,
    0.383513824553));
#6809 = ORIENTED_EDGE('',*,*,#6786,.F.);
#6810 = ORIENTED_EDGE('',*,*,#6470,.T.);
#6811 = ORIENTED_EDGE('',*,*,#6656,.T.);
#6812 = B_SPLINE_SURFACE_WITH_KNOTS('',3,1,(
    (#6813,#6814)
    ,(#6815,#6816)
    ,(#6817,#6818)
    ,(#6819,#6820
    )),.UNSPECIFIED.,.F.,.F.,.F.,(4,4),(2,2),(5.,6.),(0.,1.),
  .PIECEWISE_BEZIER_KNOTS.);
#6813 = CARTESIAN_POINT('',(-0.266217108392,0.376806710752,
    0.377795922512));
#6814 = CARTESIAN_POINT('',(-0.266217108392,0.375812827017,
    0.377685490986));
#6815 = CARTESIAN_POINT('',(-0.261783869722,0.376379534518,
    0.381640508614));
#6816 = CARTESIAN_POINT('',(-0.261783869722,0.375385650783,
    0.381530077088));
#6817 = CARTESIAN_POINT('',(-0.255917681274,0.376164810361,
    0.383573026031));
#6818 = CARTESIAN_POINT('',(-0.255917681274,0.375170926626,
    0.383462594505));
#6819 = CARTESIAN_POINT('',(-0.248649956225,0.376159118134,
    0.383624256066));
#6820 = CARTESIAN_POINT('',(-0.248649956225,0.3751652344,0.38351382454)
  );
#6821 = ADVANCED_FACE('',(#6822),#6831,.F.);
#6822 = FACE_BOUND('',#6823,.T.);
#6823 = EDGE_LOOP('',(#6824,#6825,#6826,#6827,#6828,#6829,#6830));
#6824 = ORIENTED_EDGE('',*,*,#6647,.T.);
#6825 = ORIENTED_EDGE('',*,*,#6675,.T.);
#6826 = ORIENTED_EDGE('',*,*,#6697,.T.);
#6827 = ORIENTED_EDGE('',*,*,#6719,.T.);
#6828 = ORIENTED_EDGE('',*,*,#6747,.T.);
#6829 = ORIENTED_EDGE('',*,*,#6775,.T.);
#6830 = ORIENTED_EDGE('',*,*,#6803,.T.);
#6831 = B_SPLINE_SURFACE_WITH_KNOTS('',1,1,(
    (#6832,#6833)
    ,(#6834,#6835
    )),.UNSPECIFIED.,.F.,.F.,.F.,(2,2),(2,2),(0.239099127625,
    0.2728398664),(0.227815518826,0.274970785974),
  .PIECEWISE_BEZIER_KNOTS.);
#6832 = CARTESIAN_POINT('',(-0.239099127625,0.375158015408,0.38357879655
    ));
#6833 = CARTESIAN_POINT('',(-0.239099127625,0.380365443521,
    0.336711943528));
#6834 = CARTESIAN_POINT('',(-0.2728398664,0.375158015408,0.38357879655)
  );
#6835 = CARTESIAN_POINT('',(-0.2728398664,0.380365443521,0.336711943528)
  );
#6836 = ADVANCED_FACE('',(#6837,#6895),#6943,.F.);
#6837 = FACE_BOUND('',#6838,.T.);
#6838 = EDGE_LOOP('',(#6839,#6848,#6855,#6862,#6869,#6876,#6883,#6890));
#6839 = ORIENTED_EDGE('',*,*,#6840,.T.);
#6840 = EDGE_CURVE('',#6841,#6843,#6845,.T.);
#6841 = VERTEX_POINT('',#6842);
#6842 = CARTESIAN_POINT('',(-0.339129175764,0.38219284245,0.329320737222
    ));
#6843 = VERTEX_POINT('',#6844);
#6844 = CARTESIAN_POINT('',(-0.316323885829,0.375437053342,
    0.390122839197));
#6845 = B_SPLINE_CURVE_WITH_KNOTS('',1,(#6846,#6847),.UNSPECIFIED.,.F.,
  .F.,(2,2),(-6.528872444851E-02,0.),.PIECEWISE_BEZIER_KNOTS.);
#6846 = CARTESIAN_POINT('',(-0.339129175764,0.38219284245,0.329320737222
    ));
#6847 = CARTESIAN_POINT('',(-0.316323885829,0.375437053342,
    0.390122839197));
#6848 = ORIENTED_EDGE('',*,*,#6849,.T.);
#6849 = EDGE_CURVE('',#6843,#6850,#6852,.T.);
#6850 = VERTEX_POINT('',#6851);
#6851 = CARTESIAN_POINT('',(-0.30790205852,0.3754304572,0.390182204474)
  );
#6852 = B_SPLINE_CURVE_WITH_KNOTS('',1,(#6853,#6854),.UNSPECIFIED.,.F.,
  .F.,(2,2),(-8.422039122551E-03,0.),.PIECEWISE_BEZIER_KNOTS.);
#6853 = CARTESIAN_POINT('',(-0.316323885829,0.375437053342,
    0.390122839197));
#6854 = CARTESIAN_POINT('',(-0.30790205852,0.3754304572,0.390182204474)
  );
#6855 = ORIENTED_EDGE('',*,*,#6856,.T.);
#6856 = EDGE_CURVE('',#6850,#6857,#6859,.T.);
#6857 = VERTEX_POINT('',#6858);
#6858 = CARTESIAN_POINT('',(-0.284231338487,0.382149845378,
    0.329707710877));
#6859 = B_SPLINE_CURVE_WITH_KNOTS('',1,(#6860,#6861),.UNSPECIFIED.,.F.,
  .F.,(2,2),(-6.528872444865E-02,0.),.PIECEWISE_BEZIER_KNOTS.);
#6860 = CARTESIAN_POINT('',(-0.30790205852,0.3754304572,0.390182204474)
  );
#6861 = CARTESIAN_POINT('',(-0.284231338487,0.382149845378,
    0.329707710877));
#6862 = ORIENTED_EDGE('',*,*,#6863,.T.);
#6863 = EDGE_CURVE('',#6857,#6864,#6866,.T.);
#6864 = VERTEX_POINT('',#6865);
#6865 = CARTESIAN_POINT('',(-0.292933893374,0.382156661391,
    0.329646366758));
#6866 = B_SPLINE_CURVE_WITH_KNOTS('',1,(#6867,#6868),.UNSPECIFIED.,.F.,
  .F.,(2,2),(-8.702773759636E-03,0.),.PIECEWISE_BEZIER_KNOTS.);
#6867 = CARTESIAN_POINT('',(-0.284231338487,0.382149845378,
    0.329707710877));
#6868 = CARTESIAN_POINT('',(-0.292933893374,0.382156661391,
    0.329646366758));
#6869 = ORIENTED_EDGE('',*,*,#6870,.T.);
#6870 = EDGE_CURVE('',#6864,#6871,#6873,.T.);
#6871 = VERTEX_POINT('',#6872);
#6872 = CARTESIAN_POINT('',(-0.298916335625,0.380318406651,0.34619065942
    ));
#6873 = B_SPLINE_CURVE_WITH_KNOTS('',1,(#6874,#6875),.UNSPECIFIED.,.F.,
  .F.,(2,2),(-1.768848256523E-02,0.),.PIECEWISE_BEZIER_KNOTS.);
#6874 = CARTESIAN_POINT('',(-0.292933893374,0.382156661391,
    0.329646366758));
#6875 = CARTESIAN_POINT('',(-0.298916335625,0.380318406651,0.34619065942
    ));
#6876 = ORIENTED_EDGE('',*,*,#6877,.T.);
#6877 = EDGE_CURVE('',#6871,#6878,#6880,.T.);
#6878 = VERTEX_POINT('',#6879);
#6879 = CARTESIAN_POINT('',(-0.324322181342,0.380338305012,
    0.346011574169));
#6880 = B_SPLINE_CURVE_WITH_KNOTS('',1,(#6881,#6882),.UNSPECIFIED.,.F.,
  .F.,(2,2),(-2.540648468536E-02,0.),.PIECEWISE_BEZIER_KNOTS.);
#6881 = CARTESIAN_POINT('',(-0.298916335625,0.380318406651,0.34619065942
    ));
#6882 = CARTESIAN_POINT('',(-0.324322181342,0.380338305012,
    0.346011574169));
#6883 = ORIENTED_EDGE('',*,*,#6884,.T.);
#6884 = EDGE_CURVE('',#6878,#6885,#6887,.T.);
#6885 = VERTEX_POINT('',#6886);
#6886 = CARTESIAN_POINT('',(-0.330426620878,0.382186026437,
    0.329382081341));
#6887 = B_SPLINE_CURVE_WITH_KNOTS('',1,(#6888,#6889),.UNSPECIFIED.,.F.,
  .F.,(2,2),(-1.781062290361E-02,0.),.PIECEWISE_BEZIER_KNOTS.);
#6888 = CARTESIAN_POINT('',(-0.324322181342,0.380338305012,
    0.346011574169));
#6889 = CARTESIAN_POINT('',(-0.330426620878,0.382186026437,
    0.329382081341));
#6890 = ORIENTED_EDGE('',*,*,#6891,.T.);
#6891 = EDGE_CURVE('',#6885,#6841,#6892,.T.);
#6892 = B_SPLINE_CURVE_WITH_KNOTS('',1,(#6893,#6894),.UNSPECIFIED.,.F.,
  .F.,(2,2),(-8.70277375922E-03,0.),.PIECEWISE_BEZIER_KNOTS.);
#6893 = CARTESIAN_POINT('',(-0.330426620878,0.382186026437,
    0.329382081341));
#6894 = CARTESIAN_POINT('',(-0.339129175764,0.38219284245,0.329320737222
    ));
#6895 = FACE_BOUND('',#6896,.T.);
#6896 = EDGE_LOOP('',(#6897,#6906,#6913,#6922,#6929,#6938));
#6897 = ORIENTED_EDGE('',*,*,#6898,.F.);
#6898 = EDGE_CURVE('',#6899,#6901,#6903,.T.);
#6899 = VERTEX_POINT('',#6900);
#6900 = CARTESIAN_POINT('',(-0.301460582471,0.379559109995,
    0.353024329325));
#6901 = VERTEX_POINT('',#6902);
#6902 = CARTESIAN_POINT('',(-0.321938099614,0.379575148391,
    0.352879983754));
#6903 = B_SPLINE_CURVE_WITH_KNOTS('',1,(#6904,#6905),.UNSPECIFIED.,.F.,
  .F.,(2,2),(0.,2.047803216182E-02),.PIECEWISE_BEZIER_KNOTS.);
#6904 = CARTESIAN_POINT('',(-0.301460582471,0.379559109995,
    0.353024329325));
#6905 = CARTESIAN_POINT('',(-0.321938099614,0.379575148391,
    0.352879983754));
#6906 = ORIENTED_EDGE('',*,*,#6907,.F.);
#6907 = EDGE_CURVE('',#6908,#6899,#6910,.T.);
#6908 = VERTEX_POINT('',#6909);
#6909 = CARTESIAN_POINT('',(-0.310764084211,0.376765816364,
    0.378163972004));
#6910 = B_SPLINE_CURVE_WITH_KNOTS('',1,(#6911,#6912),.UNSPECIFIED.,.F.,
  .F.,(2,2),(-1.340909182065E-17,2.695105318789E-02),
  .PIECEWISE_BEZIER_KNOTS.);
#6911 = CARTESIAN_POINT('',(-0.310764084211,0.376765816364,
    0.378163972004));
#6912 = CARTESIAN_POINT('',(-0.301460582471,0.379559109995,
    0.353024329325));
#6913 = ORIENTED_EDGE('',*,*,#6914,.F.);
#6914 = EDGE_CURVE('',#6915,#6908,#6917,.T.);
#6915 = VERTEX_POINT('',#6916);
#6916 = CARTESIAN_POINT('',(-0.311792534458,0.376294691358,
    0.382404097058));
#6917 = B_SPLINE_CURVE_WITH_KNOTS('',3,(#6918,#6919,#6920,#6921),
  .UNSPECIFIED.,.F.,.F.,(4,4),(3.,4.),.PIECEWISE_BEZIER_KNOTS.);
#6918 = CARTESIAN_POINT('',(-0.311792534458,0.376294691358,
    0.382404097058));
#6919 = CARTESIAN_POINT('',(-0.311483158661,0.376497689194,
    0.380577116527));
#6920 = CARTESIAN_POINT('',(-0.31114546683,0.376655883126,0.379153371138
    ));
#6921 = CARTESIAN_POINT('',(-0.310764084211,0.376765816364,
    0.378163972004));
#6922 = ORIENTED_EDGE('',*,*,#6923,.F.);
#6923 = EDGE_CURVE('',#6924,#6915,#6926,.T.);
#6924 = VERTEX_POINT('',#6925);
#6925 = CARTESIAN_POINT('',(-0.311979686176,0.376294837938,0.38240277783
    ));
#6926 = B_SPLINE_CURVE_WITH_KNOTS('',1,(#6927,#6928),.UNSPECIFIED.,.F.,
  .F.,(2,2),(-5.546627879713E-17,1.8715642514E-04),
  .PIECEWISE_BEZIER_KNOTS.);
#6927 = CARTESIAN_POINT('',(-0.311979686176,0.376294837938,0.38240277783
    ));
#6928 = CARTESIAN_POINT('',(-0.311792534458,0.376294691358,
    0.382404097058));
#6929 = ORIENTED_EDGE('',*,*,#6930,.F.);
#6930 = EDGE_CURVE('',#6931,#6924,#6933,.T.);
#6931 = VERTEX_POINT('',#6932);
#6932 = CARTESIAN_POINT('',(-0.312900732991,0.376767489829,
    0.378148910813));
#6933 = B_SPLINE_CURVE_WITH_KNOTS('',3,(#6934,#6935,#6936,#6937),
  .UNSPECIFIED.,.F.,.F.,(4,4),(1.,2.),.PIECEWISE_BEZIER_KNOTS.);
#6934 = CARTESIAN_POINT('',(-0.312900732991,0.376767489829,
    0.378148910813));
#6935 = CARTESIAN_POINT('',(-0.312610382499,0.376674254219,
    0.378988031309));
#6936 = CARTESIAN_POINT('',(-0.312308418069,0.376519004043,
    0.380385282887));
#6937 = CARTESIAN_POINT('',(-0.311979686176,0.376294837938,0.38240277783
    ));
#6938 = ORIENTED_EDGE('',*,*,#6939,.F.);
#6939 = EDGE_CURVE('',#6901,#6931,#6940,.T.);
#6940 = B_SPLINE_CURVE_WITH_KNOTS('',1,(#6941,#6942),.UNSPECIFIED.,.F.,
  .F.,(2,2),(0.,2.698287636246E-02),.PIECEWISE_BEZIER_KNOTS.);
#6941 = CARTESIAN_POINT('',(-0.321938099614,0.379575148391,
    0.352879983754));
#6942 = CARTESIAN_POINT('',(-0.312900732991,0.376767489829,
    0.378148910813));
#6943 = B_SPLINE_SURFACE_WITH_KNOTS('',1,1,(
    (#6944,#6945)
    ,(#6946,#6947
    )),.UNSPECIFIED.,.F.,.F.,.F.,(2,2),(2,2),(-0.346335458764,
    -0.285099455871),(-0.339129175764,-0.284231338487),
  .PIECEWISE_BEZIER_KNOTS.);
#6944 = CARTESIAN_POINT('',(-0.339129175764,0.3754304572,0.390182204474)
  );
#6945 = CARTESIAN_POINT('',(-0.284231338487,0.3754304572,0.390182204474)
  );
#6946 = CARTESIAN_POINT('',(-0.339129175764,0.38219284245,0.329320737222
    ));
#6947 = CARTESIAN_POINT('',(-0.284231338487,0.38219284245,0.329320737222
    ));
#6948 = ADVANCED_FACE('',(#6949),#6963,.F.);
#6949 = FACE_BOUND('',#6950,.T.);
#6950 = EDGE_LOOP('',(#6951,#6952,#6957,#6958));
#6951 = ORIENTED_EDGE('',*,*,#1385,.T.);
#6952 = ORIENTED_EDGE('',*,*,#6953,.F.);
#6953 = EDGE_CURVE('',#6843,#1377,#6954,.T.);
#6954 = B_SPLINE_CURVE_WITH_KNOTS('',1,(#6955,#6956),.UNSPECIFIED.,.F.,
  .F.,(2,2),(-0.,1.E-03),.PIECEWISE_BEZIER_KNOTS.);
#6955 = CARTESIAN_POINT('',(-0.316323885829,0.375437053342,
    0.390122839197));
#6956 = CARTESIAN_POINT('',(-0.316323885829,0.374443169607,
    0.390012407671));
#6957 = ORIENTED_EDGE('',*,*,#6840,.F.);
#6958 = ORIENTED_EDGE('',*,*,#6959,.T.);
#6959 = EDGE_CURVE('',#6841,#1386,#6960,.T.);
#6960 = B_SPLINE_CURVE_WITH_KNOTS('',1,(#6961,#6962),.UNSPECIFIED.,.F.,
  .F.,(2,2),(-0.,1.E-03),.PIECEWISE_BEZIER_KNOTS.);
#6961 = CARTESIAN_POINT('',(-0.339129175764,0.38219284245,0.329320737222
    ));
#6962 = CARTESIAN_POINT('',(-0.339129175764,0.381198958716,
    0.329210305696));
#6963 = B_SPLINE_SURFACE_WITH_KNOTS('',1,1,(
    (#6964,#6965)
    ,(#6966,#6967
    )),.UNSPECIFIED.,.F.,.F.,.F.,(2,2),(2,2),(0.,6.504128315561E-02),(
    -9.946239729578E-04,6.760820777145E-03),.PIECEWISE_BEZIER_KNOTS.);
#6964 = CARTESIAN_POINT('',(-0.31628790944,0.374443169607,0.390109509946
    ));
#6965 = CARTESIAN_POINT('',(-0.316568430429,0.38219284245,0.390213442963
    ));
#6966 = CARTESIAN_POINT('',(-0.338884631164,0.374443169607,0.32911970193
    ));
#6967 = CARTESIAN_POINT('',(-0.339165152153,0.38219284245,0.329223634947
    ));
#6968 = ADVANCED_FACE('',(#6969),#6979,.F.);
#6969 = FACE_BOUND('',#6970,.T.);
#6970 = EDGE_LOOP('',(#6971,#6972,#6977,#6978));
#6971 = ORIENTED_EDGE('',*,*,#1376,.T.);
#6972 = ORIENTED_EDGE('',*,*,#6973,.F.);
#6973 = EDGE_CURVE('',#6850,#1379,#6974,.T.);
#6974 = B_SPLINE_CURVE_WITH_KNOTS('',1,(#6975,#6976),.UNSPECIFIED.,.F.,
  .F.,(2,2),(-0.,1.E-03),.PIECEWISE_BEZIER_KNOTS.);
#6975 = CARTESIAN_POINT('',(-0.30790205852,0.3754304572,0.390182204474)
  );
#6976 = CARTESIAN_POINT('',(-0.30790205852,0.374436573466,0.390071772948
    ));
#6977 = ORIENTED_EDGE('',*,*,#6849,.F.);
#6978 = ORIENTED_EDGE('',*,*,#6953,.T.);
#6979 = B_SPLINE_SURFACE_WITH_KNOTS('',1,1,(
    (#6980,#6981)
    ,(#6982,#6983
    )),.UNSPECIFIED.,.F.,.F.,.F.,(2,2),(2,2),(-1.E-03,1.217461977813E-17
    ),(-8.422039122551E-03,0.),.PIECEWISE_BEZIER_KNOTS.);
#6980 = CARTESIAN_POINT('',(-0.316323885829,0.374443169607,
    0.390012407671));
#6981 = CARTESIAN_POINT('',(-0.30790205852,0.374436573466,0.390071772948
    ));
#6982 = CARTESIAN_POINT('',(-0.316323885829,0.375437053342,
    0.390122839197));
#6983 = CARTESIAN_POINT('',(-0.30790205852,0.3754304572,0.390182204474)
  );
#6984 = ADVANCED_FACE('',(#6985),#6995,.F.);
#6985 = FACE_BOUND('',#6986,.T.);
#6986 = EDGE_LOOP('',(#6987,#6988,#6993,#6994));
#6987 = ORIENTED_EDGE('',*,*,#1427,.T.);
#6988 = ORIENTED_EDGE('',*,*,#6989,.F.);
#6989 = EDGE_CURVE('',#6857,#1421,#6990,.T.);
#6990 = B_SPLINE_CURVE_WITH_KNOTS('',1,(#6991,#6992),.UNSPECIFIED.,.F.,
  .F.,(2,2),(-0.,1.E-03),.PIECEWISE_BEZIER_KNOTS.);
#6991 = CARTESIAN_POINT('',(-0.284231338487,0.382149845378,
    0.329707710877));
#6992 = CARTESIAN_POINT('',(-0.284231338487,0.381155961643,
    0.329597279351));
#6993 = ORIENTED_EDGE('',*,*,#6856,.F.);
#6994 = ORIENTED_EDGE('',*,*,#6973,.T.);
#6995 = B_SPLINE_SURFACE_WITH_KNOTS('',1,1,(
    (#6996,#6997)
    ,(#6998,#6999
    )),.UNSPECIFIED.,.F.,.F.,.F.,(2,2),(2,2),(-1.030006375119E-04,
    6.494147265691E-02),(-7.719461530544E-03,0.),
  .PIECEWISE_BEZIER_KNOTS.);
#6996 = CARTESIAN_POINT('',(-0.284482464265,0.374436573466,
    0.329500183273));
#6997 = CARTESIAN_POINT('',(-0.284194193762,0.382149845378,
    0.329611641107));
#6998 = CARTESIAN_POINT('',(-0.307939203244,0.374436573466,
    0.390167842718));
#6999 = CARTESIAN_POINT('',(-0.307650932742,0.382149845378,
    0.390279300552));
#7000 = ADVANCED_FACE('',(#7001),#7011,.F.);
#7001 = FACE_BOUND('',#7002,.T.);
#7002 = EDGE_LOOP('',(#7003,#7004,#7009,#7010));
#7003 = ORIENTED_EDGE('',*,*,#1420,.T.);
#7004 = ORIENTED_EDGE('',*,*,#7005,.F.);
#7005 = EDGE_CURVE('',#6864,#1414,#7006,.T.);
#7006 = B_SPLINE_CURVE_WITH_KNOTS('',1,(#7007,#7008),.UNSPECIFIED.,.F.,
  .F.,(2,2),(-0.,1.E-03),.PIECEWISE_BEZIER_KNOTS.);
#7007 = CARTESIAN_POINT('',(-0.292933893374,0.382156661391,
    0.329646366758));
#7008 = CARTESIAN_POINT('',(-0.292933893374,0.381162777656,
    0.329535935232));
#7009 = ORIENTED_EDGE('',*,*,#6863,.F.);
#7010 = ORIENTED_EDGE('',*,*,#6989,.T.);
#7011 = B_SPLINE_SURFACE_WITH_KNOTS('',1,1,(
    (#7012,#7013)
    ,(#7014,#7015)),.UNSPECIFIED.,.F.,.F.,.F.,(2,2),(2,2),(0.,1.E-03),(
    -1.979939514207E-19,8.702773759636E-03),.PIECEWISE_BEZIER_KNOTS.);
#7012 = CARTESIAN_POINT('',(-0.292933893374,0.382156661391,
    0.329646366758));
#7013 = CARTESIAN_POINT('',(-0.284231338487,0.382149845378,
    0.329707710877));
#7014 = CARTESIAN_POINT('',(-0.292933893374,0.381162777656,
    0.329535935232));
#7015 = CARTESIAN_POINT('',(-0.284231338487,0.381155961643,
    0.329597279351));
#7016 = ADVANCED_FACE('',(#7017),#7027,.F.);
#7017 = FACE_BOUND('',#7018,.T.);
#7018 = EDGE_LOOP('',(#7019,#7020,#7025,#7026));
#7019 = ORIENTED_EDGE('',*,*,#1413,.T.);
#7020 = ORIENTED_EDGE('',*,*,#7021,.F.);
#7021 = EDGE_CURVE('',#6871,#1407,#7022,.T.);
#7022 = B_SPLINE_CURVE_WITH_KNOTS('',1,(#7023,#7024),.UNSPECIFIED.,.F.,
  .F.,(2,2),(-0.,1.E-03),.PIECEWISE_BEZIER_KNOTS.);
#7023 = CARTESIAN_POINT('',(-0.298916335625,0.380318406651,0.34619065942
    ));
#7024 = CARTESIAN_POINT('',(-0.298916335625,0.379324522916,
    0.346080227894));
#7025 = ORIENTED_EDGE('',*,*,#6870,.F.);
#7026 = ORIENTED_EDGE('',*,*,#7005,.T.);
#7027 = B_SPLINE_SURFACE_WITH_KNOTS('',1,1,(
    (#7028,#7029)
    ,(#7030,#7031
    )),.UNSPECIFIED.,.F.,.F.,.F.,(2,2),(2,2),(0.,1.769656625228E-02),(
    -9.945776752271E-04,1.83953822989E-03),.PIECEWISE_BEZIER_KNOTS.);
#7028 = CARTESIAN_POINT('',(-0.298951317645,0.379324522916,
    0.346178164129));
#7029 = CARTESIAN_POINT('',(-0.298851634029,0.382156661391,
    0.346213770299));
#7030 = CARTESIAN_POINT('',(-0.29299859497,0.379324522916,0.329512824352
    ));
#7031 = CARTESIAN_POINT('',(-0.292898911354,0.382156661391,
    0.329548430522));
#7032 = ADVANCED_FACE('',(#7033),#7043,.F.);
#7033 = FACE_BOUND('',#7034,.T.);
#7034 = EDGE_LOOP('',(#7035,#7036,#7041,#7042));
#7035 = ORIENTED_EDGE('',*,*,#1406,.T.);
#7036 = ORIENTED_EDGE('',*,*,#7037,.F.);
#7037 = EDGE_CURVE('',#6878,#1400,#7038,.T.);
#7038 = B_SPLINE_CURVE_WITH_KNOTS('',1,(#7039,#7040),.UNSPECIFIED.,.F.,
  .F.,(2,2),(-0.,1.E-03),.PIECEWISE_BEZIER_KNOTS.);
#7039 = CARTESIAN_POINT('',(-0.324322181342,0.380338305012,
    0.346011574169));
#7040 = CARTESIAN_POINT('',(-0.324322181342,0.379344421277,
    0.345901142643));
#7041 = ORIENTED_EDGE('',*,*,#6877,.F.);
#7042 = ORIENTED_EDGE('',*,*,#7021,.T.);
#7043 = B_SPLINE_SURFACE_WITH_KNOTS('',1,1,(
    (#7044,#7045)
    ,(#7046,#7047)),.UNSPECIFIED.,.F.,.F.,.F.,(2,2),(2,2),(-0.,1.E-03),(
    -1.976763140655E-19,2.540648468536E-02),.PIECEWISE_BEZIER_KNOTS.);
#7044 = CARTESIAN_POINT('',(-0.324322181342,0.380338305012,
    0.346011574169));
#7045 = CARTESIAN_POINT('',(-0.298916335625,0.380318406651,0.34619065942
    ));
#7046 = CARTESIAN_POINT('',(-0.324322181342,0.379344421277,
    0.345901142643));
#7047 = CARTESIAN_POINT('',(-0.298916335625,0.379324522916,
    0.346080227894));
#7048 = ADVANCED_FACE('',(#7049),#7059,.F.);
#7049 = FACE_BOUND('',#7050,.T.);
#7050 = EDGE_LOOP('',(#7051,#7052,#7057,#7058));
#7051 = ORIENTED_EDGE('',*,*,#1399,.T.);
#7052 = ORIENTED_EDGE('',*,*,#7053,.F.);
#7053 = EDGE_CURVE('',#6885,#1393,#7054,.T.);
#7054 = B_SPLINE_CURVE_WITH_KNOTS('',1,(#7055,#7056),.UNSPECIFIED.,.F.,
  .F.,(2,2),(-0.,9.999998807054E-04),.PIECEWISE_BEZIER_KNOTS.);
#7055 = CARTESIAN_POINT('',(-0.330426620878,0.382186026437,
    0.329382081341));
#7056 = CARTESIAN_POINT('',(-0.330426620878,0.381192142821,
    0.329271649828));
#7057 = ORIENTED_EDGE('',*,*,#6884,.F.);
#7058 = ORIENTED_EDGE('',*,*,#7037,.T.);
#7059 = B_SPLINE_SURFACE_WITH_KNOTS('',1,1,(
    (#7060,#7061)
    ,(#7062,#7063
    )),.UNSPECIFIED.,.F.,.F.,.F.,(2,2),(2,2),(-1.038170515056E-04,
    1.771438160903E-02),(-2.843642765848E-03,0.),
  .PIECEWISE_BEZIER_KNOTS.);
#7060 = CARTESIAN_POINT('',(-0.330360827349,0.379344421277,
    0.329247792524));
#7061 = CARTESIAN_POINT('',(-0.330462011017,0.382186026437,0.32928448258
    ));
#7062 = CARTESIAN_POINT('',(-0.324286791203,0.379344421277,
    0.345998741404));
#7063 = CARTESIAN_POINT('',(-0.32438797487,0.382186026437,0.34603543146)
  );
#7064 = ADVANCED_FACE('',(#7065),#7071,.F.);
#7065 = FACE_BOUND('',#7066,.T.);
#7066 = EDGE_LOOP('',(#7067,#7068,#7069,#7070));
#7067 = ORIENTED_EDGE('',*,*,#1392,.T.);
#7068 = ORIENTED_EDGE('',*,*,#6959,.F.);
#7069 = ORIENTED_EDGE('',*,*,#6891,.F.);
#7070 = ORIENTED_EDGE('',*,*,#7053,.T.);
#7071 = B_SPLINE_SURFACE_WITH_KNOTS('',1,1,(
    (#7072,#7073)
    ,(#7074,#7075
    )),.UNSPECIFIED.,.F.,.F.,.F.,(2,2),(2,2),(-3.657318859655E-17,1.E-03
    ),(-1.976763140655E-19,8.70277375922E-03),.PIECEWISE_BEZIER_KNOTS.);
#7072 = CARTESIAN_POINT('',(-0.339129175764,0.38219284245,0.329320737222
    ));
#7073 = CARTESIAN_POINT('',(-0.330426620878,0.382186026437,
    0.329382081341));
#7074 = CARTESIAN_POINT('',(-0.339129175764,0.381198958716,
    0.329210305696));
#7075 = CARTESIAN_POINT('',(-0.330426620878,0.381192142703,
    0.329271649815));
#7076 = ADVANCED_FACE('',(#7077),#7099,.T.);
#7077 = FACE_BOUND('',#7078,.T.);
#7078 = EDGE_LOOP('',(#7079,#7088,#7093,#7094));
#7079 = ORIENTED_EDGE('',*,*,#7080,.F.);
#7080 = EDGE_CURVE('',#7081,#7083,#7085,.T.);
#7081 = VERTEX_POINT('',#7082);
#7082 = CARTESIAN_POINT('',(-0.301460582466,0.37856522638,0.352913897799
    ));
#7083 = VERTEX_POINT('',#7084);
#7084 = CARTESIAN_POINT('',(-0.321938099619,0.378581264777,
    0.352769552228));
#7085 = B_SPLINE_CURVE_WITH_KNOTS('',1,(#7086,#7087),.UNSPECIFIED.,.F.,
  .F.,(2,2),(-4.781193562349E-12,2.047803216662E-02),
  .PIECEWISE_BEZIER_KNOTS.);
#7086 = CARTESIAN_POINT('',(-0.301460582467,0.37856522626,0.352913897799
    ));
#7087 = CARTESIAN_POINT('',(-0.321938099619,0.378581264657,
    0.352769552228));
#7088 = ORIENTED_EDGE('',*,*,#7089,.F.);
#7089 = EDGE_CURVE('',#6899,#7081,#7090,.T.);
#7090 = B_SPLINE_CURVE_WITH_KNOTS('',1,(#7091,#7092),.UNSPECIFIED.,.F.,
  .F.,(2,2),(-0.,9.999998807053E-04),.PIECEWISE_BEZIER_KNOTS.);
#7091 = CARTESIAN_POINT('',(-0.301460582471,0.379559109995,
    0.353024329325));
#7092 = CARTESIAN_POINT('',(-0.301460582471,0.378565226378,
    0.352913897812));
#7093 = ORIENTED_EDGE('',*,*,#6898,.T.);
#7094 = ORIENTED_EDGE('',*,*,#7095,.T.);
#7095 = EDGE_CURVE('',#6901,#7083,#7096,.T.);
#7096 = B_SPLINE_CURVE_WITH_KNOTS('',1,(#7097,#7098),.UNSPECIFIED.,.F.,
  .F.,(2,2),(-0.,9.999998807053E-04),.PIECEWISE_BEZIER_KNOTS.);
#7097 = CARTESIAN_POINT('',(-0.321938099614,0.379575148391,
    0.352879983754));
#7098 = CARTESIAN_POINT('',(-0.321938099614,0.378581264775,
    0.352769552242));
#7099 = B_SPLINE_SURFACE_WITH_KNOTS('',1,1,(
    (#7100,#7101)
    ,(#7102,#7103
    )),.UNSPECIFIED.,.F.,.F.,.F.,(2,2),(2,2),(-1.845457416755E-17,1.E-03
    ),(-2.047803216662E-02,4.781193364249E-12),
  .PIECEWISE_BEZIER_KNOTS.);
#7100 = CARTESIAN_POINT('',(-0.321938099619,0.379575148391,
    0.352879983754));
#7101 = CARTESIAN_POINT('',(-0.301460582467,0.379559109995,
    0.353024329325));
#7102 = CARTESIAN_POINT('',(-0.321938099619,0.378581264657,
    0.352769552228));
#7103 = CARTESIAN_POINT('',(-0.301460582467,0.37856522626,0.352913897799
    ));
#7104 = ADVANCED_FACE('',(#7105),#7121,.T.);
#7105 = FACE_BOUND('',#7106,.T.);
#7106 = EDGE_LOOP('',(#7107,#7114,#7115,#7116));
#7107 = ORIENTED_EDGE('',*,*,#7108,.F.);
#7108 = EDGE_CURVE('',#7083,#7109,#7111,.T.);
#7109 = VERTEX_POINT('',#7110);
#7110 = CARTESIAN_POINT('',(-0.312900732991,0.375773606213,0.3780384793)
  );
#7111 = B_SPLINE_CURVE_WITH_KNOTS('',1,(#7112,#7113),.UNSPECIFIED.,.F.,
  .F.,(2,2),(-1.406740401923E-11,2.698287636246E-02),
  .PIECEWISE_BEZIER_KNOTS.);
#7112 = CARTESIAN_POINT('',(-0.321938099619,0.378581264658,
    0.352769552215));
#7113 = CARTESIAN_POINT('',(-0.312900732991,0.375773606095,
    0.378038479287));
#7114 = ORIENTED_EDGE('',*,*,#7095,.F.);
#7115 = ORIENTED_EDGE('',*,*,#6939,.T.);
#7116 = ORIENTED_EDGE('',*,*,#7117,.T.);
#7117 = EDGE_CURVE('',#6931,#7109,#7118,.T.);
#7118 = B_SPLINE_CURVE_WITH_KNOTS('',1,(#7119,#7120),.UNSPECIFIED.,.F.,
  .F.,(2,2),(-0.,9.999998807053E-04),.PIECEWISE_BEZIER_KNOTS.);
#7119 = CARTESIAN_POINT('',(-0.312900732991,0.376767489829,
    0.378148910813));
#7120 = CARTESIAN_POINT('',(-0.312900732991,0.375773606213,0.3780384793)
  );
#7121 = B_SPLINE_SURFACE_WITH_KNOTS('',1,1,(
    (#7122,#7123)
    ,(#7124,#7125
    )),.UNSPECIFIED.,.F.,.F.,.F.,(2,2),(2,2),(-2.683620448878E-02,
    1.041246064944E-04),(-3.804145266801E-03,0.),
  .PIECEWISE_BEZIER_KNOTS.);
#7122 = CARTESIAN_POINT('',(-0.312866048141,0.375773606095,
    0.378136657146));
#7123 = CARTESIAN_POINT('',(-0.312998715494,0.379575148391,
    0.378183526647));
#7124 = CARTESIAN_POINT('',(-0.321840117116,0.375773606095,
    0.352734936381));
#7125 = CARTESIAN_POINT('',(-0.321972784469,0.379575148391,
    0.352781805883));
#7126 = ADVANCED_FACE('',(#7127),#7145,.T.);
#7127 = FACE_BOUND('',#7128,.T.);
#7128 = EDGE_LOOP('',(#7129,#7138,#7139,#7140));
#7129 = ORIENTED_EDGE('',*,*,#7130,.F.);
#7130 = EDGE_CURVE('',#7109,#7131,#7133,.T.);
#7131 = VERTEX_POINT('',#7132);
#7132 = CARTESIAN_POINT('',(-0.311979686176,0.375300954322,
    0.382292346317));
#7133 = B_SPLINE_CURVE_WITH_KNOTS('',3,(#7134,#7135,#7136,#7137),
  .UNSPECIFIED.,.F.,.F.,(4,4),(1.,2.),.PIECEWISE_BEZIER_KNOTS.);
#7134 = CARTESIAN_POINT('',(-0.312900732991,0.375773606213,0.3780384793)
  );
#7135 = CARTESIAN_POINT('',(-0.312610382499,0.375680370484,
    0.378877599783));
#7136 = CARTESIAN_POINT('',(-0.312308418069,0.375525120309,
    0.380274851361));
#7137 = CARTESIAN_POINT('',(-0.311979686176,0.375300954322,
    0.382292346317));
#7138 = ORIENTED_EDGE('',*,*,#7117,.F.);
#7139 = ORIENTED_EDGE('',*,*,#6930,.T.);
#7140 = ORIENTED_EDGE('',*,*,#7141,.T.);
#7141 = EDGE_CURVE('',#6924,#7131,#7142,.T.);
#7142 = B_SPLINE_CURVE_WITH_KNOTS('',1,(#7143,#7144),.UNSPECIFIED.,.F.,
  .F.,(2,2),(-0.,9.999998807053E-04),.PIECEWISE_BEZIER_KNOTS.);
#7143 = CARTESIAN_POINT('',(-0.311979686176,0.376294837938,0.38240277783
    ));
#7144 = CARTESIAN_POINT('',(-0.311979686176,0.375300954322,
    0.382292346317));
#7145 = B_SPLINE_SURFACE_WITH_KNOTS('',3,1,(
    (#7146,#7147)
    ,(#7148,#7149)
    ,(#7150,#7151)
    ,(#7152,#7153
    )),.UNSPECIFIED.,.F.,.F.,.F.,(4,4),(2,2),(1.,2.),(0.,1.),
  .PIECEWISE_BEZIER_KNOTS.);
#7146 = CARTESIAN_POINT('',(-0.312900732991,0.376767489829,
    0.378148910813));
#7147 = CARTESIAN_POINT('',(-0.312900732991,0.375773606213,0.3780384793)
  );
#7148 = CARTESIAN_POINT('',(-0.312610382499,0.376674254219,
    0.378988031309));
#7149 = CARTESIAN_POINT('',(-0.312610382499,0.375680370602,
    0.378877599797));
#7150 = CARTESIAN_POINT('',(-0.312308418069,0.376519004043,
    0.380385282887));
#7151 = CARTESIAN_POINT('',(-0.312308418069,0.375525120427,
    0.380274851374));
#7152 = CARTESIAN_POINT('',(-0.311979686176,0.376294837938,0.38240277783
    ));
#7153 = CARTESIAN_POINT('',(-0.311979686176,0.375300954322,
    0.382292346317));
#7154 = ADVANCED_FACE('',(#7155),#7171,.T.);
#7155 = FACE_BOUND('',#7156,.T.);
#7156 = EDGE_LOOP('',(#7157,#7164,#7165,#7166));
#7157 = ORIENTED_EDGE('',*,*,#7158,.F.);
#7158 = EDGE_CURVE('',#7131,#7159,#7161,.T.);
#7159 = VERTEX_POINT('',#7160);
#7160 = CARTESIAN_POINT('',(-0.311792534458,0.375300807741,
    0.382293665545));
#7161 = B_SPLINE_CURVE_WITH_KNOTS('',1,(#7162,#7163),.UNSPECIFIED.,.F.,
  .F.,(2,2),(-5.537934138252E-17,1.871564251401E-04),
  .PIECEWISE_BEZIER_KNOTS.);
#7162 = CARTESIAN_POINT('',(-0.311979686176,0.375300954204,
    0.382292346304));
#7163 = CARTESIAN_POINT('',(-0.311792534458,0.375300807623,
    0.382293665532));
#7164 = ORIENTED_EDGE('',*,*,#7141,.F.);
#7165 = ORIENTED_EDGE('',*,*,#6923,.T.);
#7166 = ORIENTED_EDGE('',*,*,#7167,.T.);
#7167 = EDGE_CURVE('',#6915,#7159,#7168,.T.);
#7168 = B_SPLINE_CURVE_WITH_KNOTS('',1,(#7169,#7170),.UNSPECIFIED.,.F.,
  .F.,(2,2),(-0.,9.999998807053E-04),.PIECEWISE_BEZIER_KNOTS.);
#7169 = CARTESIAN_POINT('',(-0.311792534458,0.376294691358,
    0.382404097058));
#7170 = CARTESIAN_POINT('',(-0.311792534458,0.375300807741,
    0.382293665545));
#7171 = B_SPLINE_SURFACE_WITH_KNOTS('',1,1,(
    (#7172,#7173)
    ,(#7174,#7175
    )),.UNSPECIFIED.,.F.,.F.,.F.,(2,2),(2,2),(-1.E-03,7.098038222428E-30
    ),(-5.557691181746E-17,1.871564251401E-04),
  .PIECEWISE_BEZIER_KNOTS.);
#7172 = CARTESIAN_POINT('',(-0.311979686176,0.375300954204,
    0.382292346304));
#7173 = CARTESIAN_POINT('',(-0.311792534458,0.375300807623,
    0.382293665532));
#7174 = CARTESIAN_POINT('',(-0.311979686176,0.376294837938,0.38240277783
    ));
#7175 = CARTESIAN_POINT('',(-0.311792534458,0.376294691358,
    0.382404097058));
#7176 = ADVANCED_FACE('',(#7177),#7195,.T.);
#7177 = FACE_BOUND('',#7178,.T.);
#7178 = EDGE_LOOP('',(#7179,#7188,#7189,#7190));
#7179 = ORIENTED_EDGE('',*,*,#7180,.F.);
#7180 = EDGE_CURVE('',#7159,#7181,#7183,.T.);
#7181 = VERTEX_POINT('',#7182);
#7182 = CARTESIAN_POINT('',(-0.310764084211,0.375771932629,
    0.378053540478));
#7183 = B_SPLINE_CURVE_WITH_KNOTS('',3,(#7184,#7185,#7186,#7187),
  .UNSPECIFIED.,.F.,.F.,(4,4),(3.,4.),.PIECEWISE_BEZIER_KNOTS.);
#7184 = CARTESIAN_POINT('',(-0.311792534458,0.375300807741,
    0.382293665545));
#7185 = CARTESIAN_POINT('',(-0.311483158661,0.37550380546,0.380466685001
    ));
#7186 = CARTESIAN_POINT('',(-0.31114546683,0.375661999392,0.379042939612
    ));
#7187 = CARTESIAN_POINT('',(-0.310764084211,0.375771932629,
    0.378053540478));
#7188 = ORIENTED_EDGE('',*,*,#7167,.F.);
#7189 = ORIENTED_EDGE('',*,*,#6914,.T.);
#7190 = ORIENTED_EDGE('',*,*,#7191,.T.);
#7191 = EDGE_CURVE('',#6908,#7181,#7192,.T.);
#7192 = B_SPLINE_CURVE_WITH_KNOTS('',1,(#7193,#7194),.UNSPECIFIED.,.F.,
  .F.,(2,2),(-1.103432606035E-16,1.E-03),.PIECEWISE_BEZIER_KNOTS.);
#7193 = CARTESIAN_POINT('',(-0.310764084211,0.376765816364,
    0.378163972004));
#7194 = CARTESIAN_POINT('',(-0.310764084211,0.375771932629,
    0.378053540478));
#7195 = B_SPLINE_SURFACE_WITH_KNOTS('',3,1,(
    (#7196,#7197)
    ,(#7198,#7199)
    ,(#7200,#7201)
    ,(#7202,#7203
    )),.UNSPECIFIED.,.F.,.F.,.F.,(4,4),(2,2),(3.,4.),(0.,1.),
  .PIECEWISE_BEZIER_KNOTS.);
#7196 = CARTESIAN_POINT('',(-0.311792534458,0.376294691358,
    0.382404097058));
#7197 = CARTESIAN_POINT('',(-0.311792534458,0.375300807623,
    0.382293665532));
#7198 = CARTESIAN_POINT('',(-0.311483158661,0.376497689194,
    0.380577116527));
#7199 = CARTESIAN_POINT('',(-0.311483158661,0.37550380546,0.380466685001
    ));
#7200 = CARTESIAN_POINT('',(-0.31114546683,0.376655883126,0.379153371138
    ));
#7201 = CARTESIAN_POINT('',(-0.31114546683,0.375661999392,0.379042939612
    ));
#7202 = CARTESIAN_POINT('',(-0.310764084211,0.376765816364,
    0.378163972004));
#7203 = CARTESIAN_POINT('',(-0.310764084211,0.375771932629,
    0.378053540478));
#7204 = ADVANCED_FACE('',(#7205),#7215,.T.);
#7205 = FACE_BOUND('',#7206,.T.);
#7206 = EDGE_LOOP('',(#7207,#7212,#7213,#7214));
#7207 = ORIENTED_EDGE('',*,*,#7208,.F.);
#7208 = EDGE_CURVE('',#7181,#7081,#7209,.T.);
#7209 = B_SPLINE_CURVE_WITH_KNOTS('',1,(#7210,#7211),.UNSPECIFIED.,.F.,
  .F.,(2,2),(-5.753353833733E-18,2.695105320201E-02),
  .PIECEWISE_BEZIER_KNOTS.);
#7210 = CARTESIAN_POINT('',(-0.310764084211,0.375771932629,
    0.378053540478));
#7211 = CARTESIAN_POINT('',(-0.301460582466,0.378565226261,
    0.352913897786));
#7212 = ORIENTED_EDGE('',*,*,#7191,.F.);
#7213 = ORIENTED_EDGE('',*,*,#6907,.T.);
#7214 = ORIENTED_EDGE('',*,*,#7089,.T.);
#7215 = B_SPLINE_SURFACE_WITH_KNOTS('',1,1,(
    (#7216,#7217)
    ,(#7218,#7219
    )),.UNSPECIFIED.,.F.,.F.,.F.,(2,2),(2,2),(-2.690941620632E-02,
    1.333677232747E-17),(-9.946066822311E-04,2.795325462994E-03),
  .PIECEWISE_BEZIER_KNOTS.);
#7216 = CARTESIAN_POINT('',(-0.30156066533,0.375771932629,0.352877311508
    ));
#7217 = CARTESIAN_POINT('',(-0.301424971914,0.379559109995,
    0.352926915575));
#7218 = CARTESIAN_POINT('',(-0.310799694763,0.375771932629,
    0.378150954215));
#7219 = CARTESIAN_POINT('',(-0.310664001347,0.379559109995,
    0.378200558282));
#7220 = ADVANCED_FACE('',(#7221),#7229,.F.);
#7221 = FACE_BOUND('',#7222,.T.);
#7222 = EDGE_LOOP('',(#7223,#7224,#7225,#7226,#7227,#7228));
#7223 = ORIENTED_EDGE('',*,*,#7080,.T.);
#7224 = ORIENTED_EDGE('',*,*,#7108,.T.);
#7225 = ORIENTED_EDGE('',*,*,#7130,.T.);
#7226 = ORIENTED_EDGE('',*,*,#7158,.T.);
#7227 = ORIENTED_EDGE('',*,*,#7180,.T.);
#7228 = ORIENTED_EDGE('',*,*,#7208,.T.);
#7229 = B_SPLINE_SURFACE_WITH_KNOTS('',1,1,(
    (#7230,#7231)
    ,(#7232,#7233
    )),.UNSPECIFIED.,.F.,.F.,.F.,(2,2),(2,2),(0.301460582466,
    0.321938099619),(0.229108558405,0.258814360288),
  .PIECEWISE_BEZIER_KNOTS.);
#7230 = CARTESIAN_POINT('',(-0.301460582466,0.375300807741,
    0.382293665545));
#7231 = CARTESIAN_POINT('',(-0.301460582466,0.378581264777,
    0.352769552228));
#7232 = CARTESIAN_POINT('',(-0.321938099619,0.375300807741,
    0.382293665545));
#7233 = CARTESIAN_POINT('',(-0.321938099619,0.378581264777,
    0.352769552228));
#7234 = ADVANCED_FACE('',(#7235,#7524),#7549,.F.);
#7235 = FACE_BOUND('',#7236,.T.);
#7236 = EDGE_LOOP('',(#7237,#7248,#7257,#7266,#7275,#7284,#7293,#7302,
    #7311,#7320,#7329,#7338,#7347,#7356,#7363,#7370,#7377,#7386,#7395,
    #7404,#7413,#7422,#7431,#7440,#7449,#7458,#7467,#7474,#7483,#7492,
    #7501,#7508,#7517));
#7237 = ORIENTED_EDGE('',*,*,#7238,.T.);
#7238 = EDGE_CURVE('',#7239,#7241,#7243,.T.);
#7239 = VERTEX_POINT('',#7240);
#7240 = CARTESIAN_POINT('',(3.167032889232E-02,0.37521895656,
    0.39208571024));
#7241 = VERTEX_POINT('',#7242);
#7242 = CARTESIAN_POINT('',(7.421202862995E-02,0.368909955872,
    0.448866716424));
#7243 = B_SPLINE_CURVE_WITH_KNOTS('',3,(#7244,#7245,#7246,#7247),
  .UNSPECIFIED.,.F.,.F.,(4,4),(35.,36.),.PIECEWISE_BEZIER_KNOTS.);
#7244 = CARTESIAN_POINT('',(3.167032889232E-02,0.37521895656,
    0.39208571024));
#7245 = CARTESIAN_POINT('',(3.191951404757E-02,0.372344404672,
    0.417956677229));
#7246 = CARTESIAN_POINT('',(4.954166116708E-02,0.369791585392,
    0.440932050752));
#7247 = CARTESIAN_POINT('',(7.421202862995E-02,0.368909955872,
    0.448866716424));
#7248 = ORIENTED_EDGE('',*,*,#7249,.T.);
#7249 = EDGE_CURVE('',#7241,#7250,#7252,.T.);
#7250 = VERTEX_POINT('',#7251);
#7251 = CARTESIAN_POINT('',(9.739339005557E-02,0.365107227637,
    0.483091270543));
#7252 = B_SPLINE_CURVE_WITH_KNOTS('',3,(#7253,#7254,#7255,#7256),
  .UNSPECIFIED.,.F.,.F.,(4,4),(0.,1.),.PIECEWISE_BEZIER_KNOTS.);
#7253 = CARTESIAN_POINT('',(7.421202862995E-02,0.368909955872,
    0.448866716424));
#7254 = CARTESIAN_POINT('',(7.889136287273E-02,0.367469111651,
    0.461834314416));
#7255 = CARTESIAN_POINT('',(8.705022196897E-02,0.366169260216,
    0.473532977334));
#7256 = CARTESIAN_POINT('',(9.739339005557E-02,0.365107227637,
    0.483091270543));
#7257 = ORIENTED_EDGE('',*,*,#7258,.T.);
#7258 = EDGE_CURVE('',#7250,#7259,#7261,.T.);
#7259 = VERTEX_POINT('',#7260);
#7260 = CARTESIAN_POINT('',(0.156228195135,0.362570036174,0.505925993709
    ));
#7261 = B_SPLINE_CURVE_WITH_KNOTS('',3,(#7262,#7263,#7264,#7265),
  .UNSPECIFIED.,.F.,.F.,(4,4),(1.,2.),.PIECEWISE_BEZIER_KNOTS.);
#7262 = CARTESIAN_POINT('',(9.739339005557E-02,0.365107227637,
    0.483091270543));
#7263 = CARTESIAN_POINT('',(0.113775699434,0.363513499338,0.497434825235
    ));
#7264 = CARTESIAN_POINT('',(0.134538933071,0.362587023633,0.505773106575
    ));
#7265 = CARTESIAN_POINT('',(0.156228195135,0.362570036174,0.505925993709
    ));
#7266 = ORIENTED_EDGE('',*,*,#7267,.T.);
#7267 = EDGE_CURVE('',#7259,#7268,#7270,.T.);
#7268 = VERTEX_POINT('',#7269);
#7269 = CARTESIAN_POINT('',(0.208402409922,0.364397505398,0.48947877069)
  );
#7270 = B_SPLINE_CURVE_WITH_KNOTS('',3,(#7271,#7272,#7273,#7274),
  .UNSPECIFIED.,.F.,.F.,(4,4),(2.,3.),.PIECEWISE_BEZIER_KNOTS.);
#7271 = CARTESIAN_POINT('',(0.156228195135,0.362570036174,0.505925993709
    ));
#7272 = CARTESIAN_POINT('',(0.175314744097,0.362555087211,0.506060534376
    ));
#7273 = CARTESIAN_POINT('',(0.19314301248,0.363211807408,0.500150052601)
  );
#7274 = CARTESIAN_POINT('',(0.208402409922,0.364397505398,0.48947877069)
  );
#7275 = ORIENTED_EDGE('',*,*,#7276,.T.);
#7276 = EDGE_CURVE('',#7268,#7277,#7279,.T.);
#7277 = VERTEX_POINT('',#7278);
#7278 = CARTESIAN_POINT('',(0.227624327515,0.366490313393,0.470643498737
    ));
#7279 = B_SPLINE_CURVE_WITH_KNOTS('',3,(#7280,#7281,#7282,#7283),
  .UNSPECIFIED.,.F.,.F.,(4,4),(3.,4.),.PIECEWISE_BEZIER_KNOTS.);
#7280 = CARTESIAN_POINT('',(0.208402409922,0.364397505398,0.48947877069)
  );
#7281 = CARTESIAN_POINT('',(0.215813681059,0.364966572591,0.484357165957
    ));
#7282 = CARTESIAN_POINT('',(0.221932821178,0.365680369596,0.477932992909
    ));
#7283 = CARTESIAN_POINT('',(0.227624327515,0.366490313393,0.470643498737
    ));
#7284 = ORIENTED_EDGE('',*,*,#7285,.T.);
#7285 = EDGE_CURVE('',#7277,#7286,#7288,.T.);
#7286 = VERTEX_POINT('',#7287);
#7287 = CARTESIAN_POINT('',(0.237595231641,0.366386692124,0.471576090164
    ));
#7288 = B_SPLINE_CURVE_WITH_KNOTS('',3,(#7289,#7290,#7291,#7292),
  .UNSPECIFIED.,.F.,.F.,(4,4),(4.,5.),.PIECEWISE_BEZIER_KNOTS.);
#7289 = CARTESIAN_POINT('',(0.227624327515,0.366490313393,0.470643498737
    ));
#7290 = CARTESIAN_POINT('',(0.231091529564,0.366439691653,0.471099094395
    ));
#7291 = CARTESIAN_POINT('',(0.23412495302,0.366389410114,0.471551628246)
  );
#7292 = CARTESIAN_POINT('',(0.237595231641,0.366386692124,0.471576090164
    ));
#7293 = ORIENTED_EDGE('',*,*,#7294,.T.);
#7294 = EDGE_CURVE('',#7286,#7295,#7297,.T.);
#7295 = VERTEX_POINT('',#7296);
#7296 = CARTESIAN_POINT('',(0.287628209262,0.368646992235,0.451233389159
    ));
#7297 = B_SPLINE_CURVE_WITH_KNOTS('',3,(#7298,#7299,#7300,#7301),
  .UNSPECIFIED.,.F.,.F.,(4,4),(5.,6.),.PIECEWISE_BEZIER_KNOTS.);
#7298 = CARTESIAN_POINT('',(0.237595231641,0.366386692124,0.471576090164
    ));
#7299 = CARTESIAN_POINT('',(0.256247997843,0.366372082908,0.471707573105
    ));
#7300 = CARTESIAN_POINT('',(0.274085491763,0.367172513727,0.464503695735
    ));
#7301 = CARTESIAN_POINT('',(0.287628209262,0.368646992235,0.451233389159
    ));
#7302 = ORIENTED_EDGE('',*,*,#7303,.T.);
#7303 = EDGE_CURVE('',#7295,#7304,#7306,.T.);
#7304 = VERTEX_POINT('',#7305);
#7305 = CARTESIAN_POINT('',(0.308366854954,0.37409202992,0.40222805));
#7306 = B_SPLINE_CURVE_WITH_KNOTS('',3,(#7307,#7308,#7309,#7310),
  .UNSPECIFIED.,.F.,.F.,(4,4),(6.,7.),.PIECEWISE_BEZIER_KNOTS.);
#7307 = CARTESIAN_POINT('',(0.287628209262,0.368646992235,0.451233389159
    ));
#7308 = CARTESIAN_POINT('',(0.300734074639,0.370073906279,0.438391162762
    ));
#7309 = CARTESIAN_POINT('',(0.308234562909,0.372032176939,0.420766726823
    ));
#7310 = CARTESIAN_POINT('',(0.308366854954,0.37409202992,0.40222805));
#7311 = ORIENTED_EDGE('',*,*,#7312,.T.);
#7312 = EDGE_CURVE('',#7304,#7313,#7315,.T.);
#7313 = VERTEX_POINT('',#7314);
#7314 = CARTESIAN_POINT('',(0.290483220589,0.379327787002,0.355106236255
    ));
#7315 = B_SPLINE_CURVE_WITH_KNOTS('',3,(#7316,#7317,#7318,#7319),
  .UNSPECIFIED.,.F.,.F.,(4,4),(7.,8.),.PIECEWISE_BEZIER_KNOTS.);
#7316 = CARTESIAN_POINT('',(0.308366854954,0.37409202992,0.40222805));
#7317 = CARTESIAN_POINT('',(0.308489917344,0.376008172567,0.384982766173
    ));
#7318 = CARTESIAN_POINT('',(0.302103124602,0.377881508617,0.368122741724
    ));
#7319 = CARTESIAN_POINT('',(0.290483220589,0.379327787002,0.355106236255
    ));
#7320 = ORIENTED_EDGE('',*,*,#7321,.T.);
#7321 = EDGE_CURVE('',#7313,#7322,#7324,.T.);
#7322 = VERTEX_POINT('',#7323);
#7323 = CARTESIAN_POINT('',(0.255928076131,0.381654337749,0.334167279538
    ));
#7324 = B_SPLINE_CURVE_WITH_KNOTS('',3,(#7325,#7326,#7327,#7328),
  .UNSPECIFIED.,.F.,.F.,(4,4),(8.,9.),.PIECEWISE_BEZIER_KNOTS.);
#7325 = CARTESIAN_POINT('',(0.290483220589,0.379327787002,0.355106236255
    ));
#7326 = CARTESIAN_POINT('',(0.28101378359,0.380484947803,0.344691789047)
  );
#7327 = CARTESIAN_POINT('',(0.269350803674,0.381260577362,0.33771112302)
  );
#7328 = CARTESIAN_POINT('',(0.255928076131,0.381654337749,0.334167279538
    ));
#7329 = ORIENTED_EDGE('',*,*,#7330,.T.);
#7330 = EDGE_CURVE('',#7322,#7331,#7333,.T.);
#7331 = VERTEX_POINT('',#7332);
#7332 = CARTESIAN_POINT('',(0.214927680112,0.38494405606,0.304559814739)
  );
#7333 = B_SPLINE_CURVE_WITH_KNOTS('',3,(#7334,#7335,#7336,#7337),
  .UNSPECIFIED.,.F.,.F.,(4,4),(9.,10.),.PIECEWISE_BEZIER_KNOTS.);
#7334 = CARTESIAN_POINT('',(0.255928076131,0.381654337749,0.334167279538
    ));
#7335 = CARTESIAN_POINT('',(0.250411929557,0.383574897136,0.316882245051
    ));
#7336 = CARTESIAN_POINT('',(0.234014237347,0.38492910709,0.304694355464)
  );
#7337 = CARTESIAN_POINT('',(0.214927680112,0.38494405606,0.304559814739)
  );
#7338 = ORIENTED_EDGE('',*,*,#7339,.T.);
#7339 = EDGE_CURVE('',#7331,#7340,#7342,.T.);
#7340 = VERTEX_POINT('',#7341);
#7341 = CARTESIAN_POINT('',(0.171241500009,0.38018767436,0.347367250035)
  );
#7342 = B_SPLINE_CURVE_WITH_KNOTS('',3,(#7343,#7344,#7345,#7346),
  .UNSPECIFIED.,.F.,.F.,(4,4),(10.,11.),.PIECEWISE_BEZIER_KNOTS.);
#7343 = CARTESIAN_POINT('',(0.214927680112,0.38494405606,0.304559814739)
  );
#7344 = CARTESIAN_POINT('',(0.191069491841,0.384962742265,0.304391638891
    ));
#7345 = CARTESIAN_POINT('',(0.171410710795,0.3828223705,0.323654984774)
  );
#7346 = CARTESIAN_POINT('',(0.171241500009,0.38018767436,0.347367250035)
  );
#7347 = ORIENTED_EDGE('',*,*,#7348,.T.);
#7348 = EDGE_CURVE('',#7340,#7349,#7351,.T.);
#7349 = VERTEX_POINT('',#7350);
#7350 = CARTESIAN_POINT('',(0.171210734412,0.379708638698,0.351678570992
    ));
#7351 = B_SPLINE_CURVE_WITH_KNOTS('',3,(#7352,#7353,#7354,#7355),
  .UNSPECIFIED.,.F.,.F.,(4,4),(11.,12.),.PIECEWISE_BEZIER_KNOTS.);
#7352 = CARTESIAN_POINT('',(0.171241500009,0.38018767436,0.347367250035)
  );
#7353 = CARTESIAN_POINT('',(0.171232270354,0.380043964027,0.348660643033
    ));
#7354 = CARTESIAN_POINT('',(0.171223040698,0.379900253694,0.349954036031
    ));
#7355 = CARTESIAN_POINT('',(0.171210734412,0.379708638698,0.351678570992
    ));
#7356 = ORIENTED_EDGE('',*,*,#7357,.T.);
#7357 = EDGE_CURVE('',#7349,#7358,#7360,.T.);
#7358 = VERTEX_POINT('',#7359);
#7359 = CARTESIAN_POINT('',(0.110253135224,0.37621133987,0.383154260449)
  );
#7360 = B_SPLINE_CURVE_WITH_KNOTS('',1,(#7361,#7362),.UNSPECIFIED.,.F.,
  .F.,(2,2),(8.055872684061E-19,6.869336958323E-02),
  .PIECEWISE_BEZIER_KNOTS.);
#7361 = CARTESIAN_POINT('',(0.171210734412,0.379708638698,0.351678570992
    ));
#7362 = CARTESIAN_POINT('',(0.110253135224,0.37621133987,0.383154260449)
  );
#7363 = ORIENTED_EDGE('',*,*,#7364,.T.);
#7364 = EDGE_CURVE('',#7358,#7365,#7367,.T.);
#7365 = VERTEX_POINT('',#7366);
#7366 = CARTESIAN_POINT('',(0.123537413383,0.373661918094,0.406099056429
    ));
#7367 = B_SPLINE_CURVE_WITH_KNOTS('',1,(#7368,#7369),.UNSPECIFIED.,.F.,
  .F.,(2,2),(0.,2.663522592649E-02),.PIECEWISE_BEZIER_KNOTS.);
#7368 = CARTESIAN_POINT('',(0.110253135224,0.37621133987,0.383154260449)
  );
#7369 = CARTESIAN_POINT('',(0.123537413383,0.373661918094,0.406099056429
    ));
#7370 = ORIENTED_EDGE('',*,*,#7371,.T.);
#7371 = EDGE_CURVE('',#7365,#7372,#7374,.T.);
#7372 = VERTEX_POINT('',#7373);
#7373 = CARTESIAN_POINT('',(0.181879993242,0.376969641337,0.376329547242
    ));
#7374 = B_SPLINE_CURVE_WITH_KNOTS('',1,(#7375,#7376),.UNSPECIFIED.,.F.,
  .F.,(2,2),(0.,6.558217238577E-02),.PIECEWISE_BEZIER_KNOTS.);
#7375 = CARTESIAN_POINT('',(0.123537413383,0.373661918094,0.406099056429
    ));
#7376 = CARTESIAN_POINT('',(0.181879993242,0.376969641337,0.376329547242
    ));
#7377 = ORIENTED_EDGE('',*,*,#7378,.T.);
#7378 = EDGE_CURVE('',#7372,#7379,#7381,.T.);
#7379 = VERTEX_POINT('',#7380);
#7380 = CARTESIAN_POINT('',(0.214309283318,0.375315439081,0.391217367551
    ));
#7381 = B_SPLINE_CURVE_WITH_KNOTS('',3,(#7382,#7383,#7384,#7385),
  .UNSPECIFIED.,.F.,.F.,(4,4),(15.,16.),.PIECEWISE_BEZIER_KNOTS.);
#7382 = CARTESIAN_POINT('',(0.181879993242,0.376969641337,0.376329547242
    ));
#7383 = CARTESIAN_POINT('',(0.189623516509,0.375957550782,0.38543836224)
  );
#7384 = CARTESIAN_POINT('',(0.20129572608,0.375325631556,0.39112563527)
  );
#7385 = CARTESIAN_POINT('',(0.214309283318,0.375315439081,0.391217367551
    ));
#7386 = ORIENTED_EDGE('',*,*,#7387,.T.);
#7387 = EDGE_CURVE('',#7379,#7388,#7390,.T.);
#7388 = VERTEX_POINT('',#7389);
#7389 = CARTESIAN_POINT('',(0.255288147298,0.378445138209,0.363050075394
    ));
#7390 = B_SPLINE_CURVE_WITH_KNOTS('',3,(#7391,#7392,#7393,#7394),
  .UNSPECIFIED.,.F.,.F.,(4,4),(16.,17.),.PIECEWISE_BEZIER_KNOTS.);
#7391 = CARTESIAN_POINT('',(0.214309283318,0.375315439081,0.391217367551
    ));
#7392 = CARTESIAN_POINT('',(0.232962053657,0.375300829862,0.391348850521
    ));
#7393 = CARTESIAN_POINT('',(0.24909824627,0.376629558633,0.379390291577)
  );
#7394 = CARTESIAN_POINT('',(0.255288147298,0.378445138209,0.363050075394
    ));
#7395 = ORIENTED_EDGE('',*,*,#7396,.T.);
#7396 = EDGE_CURVE('',#7388,#7397,#7399,.T.);
#7397 = VERTEX_POINT('',#7398);
#7398 = CARTESIAN_POINT('',(0.281032218255,0.374017624804,0.402897696044
    ));
#7399 = B_SPLINE_CURVE_WITH_KNOTS('',3,(#7400,#7401,#7402,#7403),
  .UNSPECIFIED.,.F.,.F.,(4,4),(17.,18.),.PIECEWISE_BEZIER_KNOTS.);
#7400 = CARTESIAN_POINT('',(0.255288147298,0.378445138209,0.363050075394
    ));
#7401 = CARTESIAN_POINT('',(0.270421405775,0.377666789746,0.370055211563
    ));
#7402 = CARTESIAN_POINT('',(0.281158357217,0.3759816712,0.385221278478)
  );
#7403 = CARTESIAN_POINT('',(0.281032218255,0.374017624804,0.402897696044
    ));
#7404 = ORIENTED_EDGE('',*,*,#7405,.T.);
#7405 = EDGE_CURVE('',#7397,#7406,#7408,.T.);
#7406 = VERTEX_POINT('',#7407);
#7407 = CARTESIAN_POINT('',(0.237346038154,0.369261243104,0.44570513134)
  );
#7408 = B_SPLINE_CURVE_WITH_KNOTS('',3,(#7409,#7410,#7411,#7412),
  .UNSPECIFIED.,.F.,.F.,(4,4),(18.,19.),.PIECEWISE_BEZIER_KNOTS.);
#7409 = CARTESIAN_POINT('',(0.281032218255,0.374017624804,0.402897696044
    ));
#7410 = CARTESIAN_POINT('',(0.28086300747,0.371382928663,0.426609961305)
  );
#7411 = CARTESIAN_POINT('',(0.261204226424,0.369242556899,0.445873307188
    ));
#7412 = CARTESIAN_POINT('',(0.237346038154,0.369261243104,0.44570513134)
  );
#7413 = ORIENTED_EDGE('',*,*,#7414,.T.);
#7414 = EDGE_CURVE('',#7406,#7415,#7417,.T.);
#7415 = VERTEX_POINT('',#7416);
#7416 = CARTESIAN_POINT('',(0.214401572071,0.369997803301,0.439076089566
    ));
#7417 = B_SPLINE_CURVE_WITH_KNOTS('',3,(#7418,#7419,#7420,#7421),
  .UNSPECIFIED.,.F.,.F.,(4,4),(19.,20.),.PIECEWISE_BEZIER_KNOTS.);
#7418 = CARTESIAN_POINT('',(0.237346038154,0.369261243104,0.44570513134)
  );
#7419 = CARTESIAN_POINT('',(0.229104120224,0.369267698337,0.445647034241
    ));
#7420 = CARTESIAN_POINT('',(0.220880661664,0.36956157515,0.443002142923)
  );
#7421 = CARTESIAN_POINT('',(0.214401572071,0.369997803301,0.439076089566
    ));
#7422 = ORIENTED_EDGE('',*,*,#7423,.T.);
#7423 = EDGE_CURVE('',#7415,#7424,#7426,.T.);
#7424 = VERTEX_POINT('',#7425);
#7425 = CARTESIAN_POINT('',(0.155979010097,0.365444589889,0.480055010274
    ));
#7426 = B_SPLINE_CURVE_WITH_KNOTS('',3,(#7427,#7428,#7429,#7430),
  .UNSPECIFIED.,.F.,.F.,(4,4),(20.,21.),.PIECEWISE_BEZIER_KNOTS.);
#7427 = CARTESIAN_POINT('',(0.214401572071,0.369997803301,0.439076089566
    ));
#7428 = CARTESIAN_POINT('',(0.205987375234,0.36732166138,0.463161366857)
  );
#7429 = CARTESIAN_POINT('',(0.183307476989,0.365423185693,0.48024764804)
  );
#7430 = CARTESIAN_POINT('',(0.155979010097,0.365444589889,0.480055010274
    ));
#7431 = ORIENTED_EDGE('',*,*,#7432,.T.);
#7432 = EDGE_CURVE('',#7424,#7433,#7435,.T.);
#7433 = VERTEX_POINT('',#7434);
#7434 = CARTESIAN_POINT('',(9.5633646286E-02,0.371480100548,
    0.425735414342));
#7435 = B_SPLINE_CURVE_WITH_KNOTS('',3,(#7436,#7437,#7438,#7439),
  .UNSPECIFIED.,.F.,.F.,(4,4),(21.,22.),.PIECEWISE_BEZIER_KNOTS.);
#7436 = CARTESIAN_POINT('',(0.155979010097,0.365444589889,0.480055010274
    ));
#7437 = CARTESIAN_POINT('',(0.124746469416,0.365469051833,0.479834852777
    ));
#7438 = CARTESIAN_POINT('',(9.88885657249E-02,0.368124132925,
    0.455939122955));
#7439 = CARTESIAN_POINT('',(9.5633646286E-02,0.371480100548,
    0.425735414342));
#7440 = ORIENTED_EDGE('',*,*,#7441,.T.);
#7441 = EDGE_CURVE('',#7433,#7442,#7444,.T.);
#7442 = VERTEX_POINT('',#7443);
#7443 = CARTESIAN_POINT('',(9.216336766522E-02,0.371482818539,
    0.425710952424));
#7444 = B_SPLINE_CURVE_WITH_KNOTS('',3,(#7445,#7446,#7447,#7448),
  .UNSPECIFIED.,.F.,.F.,(4,4),(22.,23.),.PIECEWISE_BEZIER_KNOTS.);
#7445 = CARTESIAN_POINT('',(9.5633646286E-02,0.371480100548,
    0.425735414342));
#7446 = CARTESIAN_POINT('',(9.433229387176E-02,0.371481119793,
    0.425726241137));
#7447 = CARTESIAN_POINT('',(9.346472007967E-02,0.371481799294,
    0.425720125629));
#7448 = CARTESIAN_POINT('',(9.216336766522E-02,0.371482818539,
    0.425710952424));
#7449 = ORIENTED_EDGE('',*,*,#7450,.T.);
#7450 = EDGE_CURVE('',#7442,#7451,#7453,.T.);
#7451 = VERTEX_POINT('',#7452);
#7452 = CARTESIAN_POINT('',(5.856809379134E-02,0.37524579677,
    0.391844148346));
#7453 = B_SPLINE_CURVE_WITH_KNOTS('',3,(#7454,#7455,#7456,#7457),
  .UNSPECIFIED.,.F.,.F.,(4,4),(23.,24.),.PIECEWISE_BEZIER_KNOTS.);
#7454 = CARTESIAN_POINT('',(9.216336766522E-02,0.371482818539,
    0.425710952424));
#7455 = CARTESIAN_POINT('',(7.351060559973E-02,0.371497427752,
    0.425579469512));
#7456 = CARTESIAN_POINT('',(5.843580174595E-02,0.37318594379,
    0.41038282517));
#7457 = CARTESIAN_POINT('',(5.856809379134E-02,0.37524579677,
    0.391844148346));
#7458 = ORIENTED_EDGE('',*,*,#7459,.T.);
#7459 = EDGE_CURVE('',#7451,#7460,#7462,.T.);
#7460 = VERTEX_POINT('',#7461);
#7461 = CARTESIAN_POINT('',(9.00406061092E-02,0.378957812623,
    0.358436005672));
#7462 = B_SPLINE_CURVE_WITH_KNOTS('',3,(#7463,#7464,#7465,#7466),
  .UNSPECIFIED.,.F.,.F.,(4,4),(24.,25.),.PIECEWISE_BEZIER_KNOTS.);
#7463 = CARTESIAN_POINT('',(5.856809379134E-02,0.37524579677,
    0.391844148346));
#7464 = CARTESIAN_POINT('',(5.869423275247E-02,0.377209843166,
    0.37416773078));
#7465 = CARTESIAN_POINT('',(7.224617163266E-02,0.378828032014,
    0.35960403115));
#7466 = CARTESIAN_POINT('',(9.00406061092E-02,0.378957812623,
    0.358436005672));
#7467 = ORIENTED_EDGE('',*,*,#7468,.T.);
#7468 = EDGE_CURVE('',#7460,#7469,#7471,.T.);
#7469 = VERTEX_POINT('',#7470);
#7470 = CARTESIAN_POINT('',(0.109560941967,0.378942523909,0.358573604093
    ));
#7471 = B_SPLINE_CURVE_WITH_KNOTS('',1,(#7472,#7473),.UNSPECIFIED.,.F.,
  .F.,(2,2),(1.387743878403E-17,1.952082680275E-02),
  .PIECEWISE_BEZIER_KNOTS.);
#7472 = CARTESIAN_POINT('',(9.00406061092E-02,0.378957812623,
    0.358436005672));
#7473 = CARTESIAN_POINT('',(0.109560941967,0.378942523909,0.358573604093
    ));
#7474 = ORIENTED_EDGE('',*,*,#7475,.T.);
#7475 = EDGE_CURVE('',#7469,#7476,#7478,.T.);
#7476 = VERTEX_POINT('',#7477);
#7477 = CARTESIAN_POINT('',(0.112160570283,0.378892582584,0.359023076019
    ));
#7478 = B_SPLINE_CURVE_WITH_KNOTS('',3,(#7479,#7480,#7481,#7482),
  .UNSPECIFIED.,.F.,.F.,(4,4),(26.,27.),.PIECEWISE_BEZIER_KNOTS.);
#7479 = CARTESIAN_POINT('',(0.109560941967,0.378942523909,0.358573604093
    ));
#7480 = CARTESIAN_POINT('',(0.110428515759,0.378941844408,0.358579719601
    ));
#7481 = CARTESIAN_POINT('',(0.111293013038,0.378893262072,0.359016960627
    ));
#7482 = CARTESIAN_POINT('',(0.112160570283,0.378892582584,0.359023076019
    ));
#7483 = ORIENTED_EDGE('',*,*,#7484,.T.);
#7484 = EDGE_CURVE('',#7476,#7485,#7487,.T.);
#7485 = VERTEX_POINT('',#7486);
#7486 = CARTESIAN_POINT('',(0.125703279448,0.380367060185,0.345752777609
    ));
#7487 = B_SPLINE_CURVE_WITH_KNOTS('',3,(#7488,#7489,#7490,#7491),
  .UNSPECIFIED.,.F.,.F.,(4,4),(27.,28.),.PIECEWISE_BEZIER_KNOTS.);
#7488 = CARTESIAN_POINT('',(0.112160570283,0.378892582584,0.359023076019
    ));
#7489 = CARTESIAN_POINT('',(0.119534922694,0.378886806845,0.359075057668
    ));
#7490 = CARTESIAN_POINT('',(0.125650978027,0.379552701022,0.353082010078
    ));
#7491 = CARTESIAN_POINT('',(0.125703279448,0.380367060185,0.345752777609
    ));
#7492 = ORIENTED_EDGE('',*,*,#7493,.T.);
#7493 = EDGE_CURVE('',#7485,#7494,#7496,.T.);
#7494 = VERTEX_POINT('',#7495);
#7495 = CARTESIAN_POINT('',(0.113218874137,0.381861922738,0.332299014638
    ));
#7496 = B_SPLINE_CURVE_WITH_KNOTS('',3,(#7497,#7498,#7499,#7500),
  .UNSPECIFIED.,.F.,.F.,(4,4),(28.,29.),.PIECEWISE_BEZIER_KNOTS.);
#7497 = CARTESIAN_POINT('',(0.125703279448,0.380367060185,0.345752777609
    ));
#7498 = CARTESIAN_POINT('',(0.125752504357,0.381133516513,0.338854670657
    ));
#7499 = CARTESIAN_POINT('',(0.120156371414,0.381808583908,0.332779064108
    ));
#7500 = CARTESIAN_POINT('',(0.113218874137,0.381861922738,0.332299014638
    ));
#7501 = ORIENTED_EDGE('',*,*,#7502,.T.);
#7502 = EDGE_CURVE('',#7494,#7503,#7505,.T.);
#7503 = VERTEX_POINT('',#7504);
#7504 = CARTESIAN_POINT('',(8.762555483019E-02,0.381881967932,
    0.332118607889));
#7505 = B_SPLINE_CURVE_WITH_KNOTS('',1,(#7506,#7507),.UNSPECIFIED.,.F.,
  .F.,(2,2),(-1.387743878403E-17,2.559396299045E-02),
  .PIECEWISE_BEZIER_KNOTS.);
#7506 = CARTESIAN_POINT('',(0.113218874137,0.381861922738,0.332299014638
    ));
#7507 = CARTESIAN_POINT('',(8.762555483019E-02,0.381881967932,
    0.332118607889));
#7508 = ORIENTED_EDGE('',*,*,#7509,.T.);
#7509 = EDGE_CURVE('',#7503,#7510,#7512,.T.);
#7510 = VERTEX_POINT('',#7511);
#7511 = CARTESIAN_POINT('',(4.801265930474E-02,0.379757224624,
    0.351241297656));
#7512 = B_SPLINE_CURVE_WITH_KNOTS('',3,(#7513,#7514,#7515,#7516),
  .UNSPECIFIED.,.F.,.F.,(4,4),(33.,34.),.PIECEWISE_BEZIER_KNOTS.);
#7513 = CARTESIAN_POINT('',(8.762555483019E-02,0.381881967932,
    0.332118607889));
#7514 = CARTESIAN_POINT('',(7.243384172992E-02,0.38175014882,
    0.333304979893));
#7515 = CARTESIAN_POINT('',(5.850348567296E-02,0.380994562642,
    0.340105255502));
#7516 = CARTESIAN_POINT('',(4.801265930474E-02,0.379757224624,
    0.351241297656));
#7517 = ORIENTED_EDGE('',*,*,#7518,.T.);
#7518 = EDGE_CURVE('',#7510,#7239,#7519,.T.);
#7519 = B_SPLINE_CURVE_WITH_KNOTS('',3,(#7520,#7521,#7522,#7523),
  .UNSPECIFIED.,.F.,.F.,(4,4),(34.,35.),.PIECEWISE_BEZIER_KNOTS.);
#7520 = CARTESIAN_POINT('',(4.801265930474E-02,0.379757224624,
    0.351241297656));
#7521 = CARTESIAN_POINT('',(3.75218163885E-02,0.37851988662,
    0.362377339693));
#7522 = CARTESIAN_POINT('',(3.177800848326E-02,0.376895581376,
    0.376996086892));
#7523 = CARTESIAN_POINT('',(3.167032889232E-02,0.37521895656,
    0.39208571024));
#7524 = FACE_BOUND('',#7525,.T.);
#7525 = EDGE_LOOP('',(#7526,#7540));
#7526 = ORIENTED_EDGE('',*,*,#7527,.F.);
#7527 = EDGE_CURVE('',#7528,#7530,#7532,.T.);
#7528 = VERTEX_POINT('',#7529);
#7529 = CARTESIAN_POINT('',(0.215176873658,0.382069505993,0.330430765339
    ));
#7530 = VERTEX_POINT('',#7531);
#7531 = CARTESIAN_POINT('',(0.214936901904,0.378333026369,0.364059081957
    ));
#7532 = B_SPLINE_CURVE_WITH_KNOTS('',3,(#7533,#7534,#7535,#7536,#7537,
    #7538,#7539),.UNSPECIFIED.,.F.,.F.,(4,3,4),(0.,1.,2.),
  .PIECEWISE_BEZIER_KNOTS.);
#7533 = CARTESIAN_POINT('',(0.215176873658,0.382069505993,0.330430765339
    ));
#7534 = CARTESIAN_POINT('',(0.205633603314,0.382076980471,0.330363495035
    ));
#7535 = CARTESIAN_POINT('',(0.198203872734,0.381220490557,0.338071904265
    ));
#7536 = CARTESIAN_POINT('',(0.198139265026,0.380214516398,0.347125671695
    ));
#7537 = CARTESIAN_POINT('',(0.198071580688,0.379160637576,0.356610581089
    ));
#7538 = CARTESIAN_POINT('',(0.205827410183,0.378340161103,0.363994869349
    ));
#7539 = CARTESIAN_POINT('',(0.214936901904,0.378333026369,0.364059081957
    ));
#7540 = ORIENTED_EDGE('',*,*,#7541,.F.);
#7541 = EDGE_CURVE('',#7530,#7528,#7542,.T.);
#7542 = B_SPLINE_CURVE_WITH_KNOTS('',3,(#7543,#7544,#7545,#7546,#7547,
    #7548),.UNSPECIFIED.,.F.,.F.,(4,2,4),(2.,3.,4.),.UNSPECIFIED.);
#7543 = CARTESIAN_POINT('',(0.214936901904,0.378333026369,0.364059081957
    ));
#7544 = CARTESIAN_POINT('',(0.224046393626,0.378325891635,0.364123294565
    ));
#7545 = CARTESIAN_POINT('',(0.231906826199,0.379134137142,0.356849084995
    ));
#7546 = CARTESIAN_POINT('',(0.232042194874,0.381241894785,0.337879266208
    ));
#7547 = CARTESIAN_POINT('',(0.224286365379,0.382062371259,0.330494977947
    ));
#7548 = CARTESIAN_POINT('',(0.215176873658,0.382069505993,0.330430765339
    ));
#7549 = B_SPLINE_SURFACE_WITH_KNOTS('',1,1,(
    (#7550,#7551)
    ,(#7552,#7553
    )),.UNSPECIFIED.,.F.,.F.,.F.,(2,2),(2,2),(-7.934349391049E-02,
    0.123566452645),(-1.211290650346E-02,0.264706681948),
  .PIECEWISE_BEZIER_KNOTS.);
#7550 = CARTESIAN_POINT('',(3.167032889232E-02,0.362555087211,
    0.506060534376));
#7551 = CARTESIAN_POINT('',(0.308489917344,0.362555087211,0.506060534376
    ));
#7552 = CARTESIAN_POINT('',(3.167032889232E-02,0.384962742265,
    0.304391638891));
#7553 = CARTESIAN_POINT('',(0.308489917344,0.384962742265,0.304391638891
    ));
#7554 = ADVANCED_FACE('',(#7555),#7569,.F.);
#7555 = FACE_BOUND('',#7556,.F.);
#7556 = EDGE_LOOP('',(#7557,#7562,#7563,#7568));
#7557 = ORIENTED_EDGE('',*,*,#7558,.F.);
#7558 = EDGE_CURVE('',#7239,#22,#7559,.T.);
#7559 = B_SPLINE_CURVE_WITH_KNOTS('',1,(#7560,#7561),.UNSPECIFIED.,.F.,
  .F.,(2,2),(-0.,1.E-03),.PIECEWISE_BEZIER_KNOTS.);
#7560 = CARTESIAN_POINT('',(3.167032889232E-02,0.37521895656,
    0.39208571024));
#7561 = CARTESIAN_POINT('',(3.167032889232E-02,0.374225072825,
    0.391975278714));
#7562 = ORIENTED_EDGE('',*,*,#7238,.T.);
#7563 = ORIENTED_EDGE('',*,*,#7564,.T.);
#7564 = EDGE_CURVE('',#7241,#24,#7565,.T.);
#7565 = B_SPLINE_CURVE_WITH_KNOTS('',1,(#7566,#7567),.UNSPECIFIED.,.F.,
  .F.,(2,2),(-0.,9.999998807054E-04),.PIECEWISE_BEZIER_KNOTS.);
#7566 = CARTESIAN_POINT('',(7.421202862995E-02,0.368909955872,
    0.448866716424));
#7567 = CARTESIAN_POINT('',(7.421202862995E-02,0.367916072256,
    0.448756284911));
#7568 = ORIENTED_EDGE('',*,*,#21,.F.);
#7569 = B_SPLINE_SURFACE_WITH_KNOTS('',3,1,(
    (#7570,#7571)
    ,(#7572,#7573)
    ,(#7574,#7575)
    ,(#7576,#7577
    )),.UNSPECIFIED.,.F.,.F.,.F.,(4,4),(2,2),(35.,36.),(0.,1.),
  .PIECEWISE_BEZIER_KNOTS.);
#7570 = CARTESIAN_POINT('',(3.167032889232E-02,0.37521895656,
    0.39208571024));
#7571 = CARTESIAN_POINT('',(3.167032889232E-02,0.374225072825,
    0.391975278714));
#7572 = CARTESIAN_POINT('',(3.191951404757E-02,0.372344404672,
    0.417956677229));
#7573 = CARTESIAN_POINT('',(3.191951404757E-02,0.371350520937,
    0.417846245703));
#7574 = CARTESIAN_POINT('',(4.954166116708E-02,0.369791585392,
    0.440932050752));
#7575 = CARTESIAN_POINT('',(4.954166116708E-02,0.368797701657,
    0.440821619226));
#7576 = CARTESIAN_POINT('',(7.421202862995E-02,0.368909955872,
    0.448866716424));
#7577 = CARTESIAN_POINT('',(7.421202862995E-02,0.367916072138,
    0.448756284898));
#7578 = ADVANCED_FACE('',(#7579),#7589,.F.);
#7579 = FACE_BOUND('',#7580,.F.);
#7580 = EDGE_LOOP('',(#7581,#7582,#7583,#7588));
#7581 = ORIENTED_EDGE('',*,*,#7564,.F.);
#7582 = ORIENTED_EDGE('',*,*,#7249,.T.);
#7583 = ORIENTED_EDGE('',*,*,#7584,.T.);
#7584 = EDGE_CURVE('',#7250,#293,#7585,.T.);
#7585 = B_SPLINE_CURVE_WITH_KNOTS('',1,(#7586,#7587),.UNSPECIFIED.,.F.,
  .F.,(2,2),(-0.,9.999998807054E-04),.PIECEWISE_BEZIER_KNOTS.);
#7586 = CARTESIAN_POINT('',(9.739339005557E-02,0.365107227637,
    0.483091270543));
#7587 = CARTESIAN_POINT('',(9.739339005557E-02,0.364113344021,
    0.48298083903));
#7588 = ORIENTED_EDGE('',*,*,#301,.F.);
#7589 = B_SPLINE_SURFACE_WITH_KNOTS('',3,1,(
    (#7590,#7591)
    ,(#7592,#7593)
    ,(#7594,#7595)
    ,(#7596,#7597
    )),.UNSPECIFIED.,.F.,.F.,.F.,(4,4),(2,2),(0.,1.),(0.,1.),
  .PIECEWISE_BEZIER_KNOTS.);
#7590 = CARTESIAN_POINT('',(7.421202862995E-02,0.368909955872,
    0.448866716424));
#7591 = CARTESIAN_POINT('',(7.421202862995E-02,0.367916072256,
    0.448756284911));
#7592 = CARTESIAN_POINT('',(7.889136287273E-02,0.367469111651,
    0.461834314416));
#7593 = CARTESIAN_POINT('',(7.889136287273E-02,0.366475228035,
    0.461723882903));
#7594 = CARTESIAN_POINT('',(8.705022196897E-02,0.366169260216,
    0.473532977334));
#7595 = CARTESIAN_POINT('',(8.705022196897E-02,0.3651753766,
    0.473422545822));
#7596 = CARTESIAN_POINT('',(9.739339005557E-02,0.365107227637,
    0.483091270543));
#7597 = CARTESIAN_POINT('',(9.739339005557E-02,0.364113344021,
    0.48298083903));
#7598 = ADVANCED_FACE('',(#7599),#7609,.F.);
#7599 = FACE_BOUND('',#7600,.F.);
#7600 = EDGE_LOOP('',(#7601,#7602,#7603,#7608));
#7601 = ORIENTED_EDGE('',*,*,#7584,.F.);
#7602 = ORIENTED_EDGE('',*,*,#7258,.T.);
#7603 = ORIENTED_EDGE('',*,*,#7604,.T.);
#7604 = EDGE_CURVE('',#7259,#284,#7605,.T.);
#7605 = B_SPLINE_CURVE_WITH_KNOTS('',1,(#7606,#7607),.UNSPECIFIED.,.F.,
  .F.,(2,2),(-0.,9.999998807053E-04),.PIECEWISE_BEZIER_KNOTS.);
#7606 = CARTESIAN_POINT('',(0.156228195135,0.362570036174,0.505925993709
    ));
#7607 = CARTESIAN_POINT('',(0.156228195135,0.361576152558,0.505815562196
    ));
#7608 = ORIENTED_EDGE('',*,*,#292,.F.);
#7609 = B_SPLINE_SURFACE_WITH_KNOTS('',3,1,(
    (#7610,#7611)
    ,(#7612,#7613)
    ,(#7614,#7615)
    ,(#7616,#7617
    )),.UNSPECIFIED.,.F.,.F.,.F.,(4,4),(2,2),(1.,2.),(0.,1.),
  .PIECEWISE_BEZIER_KNOTS.);
#7610 = CARTESIAN_POINT('',(9.739339005557E-02,0.365107227637,
    0.483091270543));
#7611 = CARTESIAN_POINT('',(9.739339005557E-02,0.364113344021,
    0.48298083903));
#7612 = CARTESIAN_POINT('',(0.113775699434,0.363513499338,0.497434825235
    ));
#7613 = CARTESIAN_POINT('',(0.113775699434,0.362519615722,0.497324393722
    ));
#7614 = CARTESIAN_POINT('',(0.134538933071,0.362587023633,0.505773106575
    ));
#7615 = CARTESIAN_POINT('',(0.134538933071,0.361593140017,0.505662675062
    ));
#7616 = CARTESIAN_POINT('',(0.156228195135,0.362570036174,0.505925993709
    ));
#7617 = CARTESIAN_POINT('',(0.156228195135,0.361576152558,0.505815562196
    ));
#7618 = ADVANCED_FACE('',(#7619),#7629,.F.);
#7619 = FACE_BOUND('',#7620,.F.);
#7620 = EDGE_LOOP('',(#7621,#7622,#7623,#7628));
#7621 = ORIENTED_EDGE('',*,*,#7604,.F.);
#7622 = ORIENTED_EDGE('',*,*,#7267,.T.);
#7623 = ORIENTED_EDGE('',*,*,#7624,.T.);
#7624 = EDGE_CURVE('',#7268,#275,#7625,.T.);
#7625 = B_SPLINE_CURVE_WITH_KNOTS('',1,(#7626,#7627),.UNSPECIFIED.,.F.,
  .F.,(2,2),(-0.,9.999998807054E-04),.PIECEWISE_BEZIER_KNOTS.);
#7626 = CARTESIAN_POINT('',(0.208402409922,0.364397505398,0.48947877069)
  );
#7627 = CARTESIAN_POINT('',(0.208402409922,0.363403621782,0.489368339177
    ));
#7628 = ORIENTED_EDGE('',*,*,#283,.F.);
#7629 = B_SPLINE_SURFACE_WITH_KNOTS('',3,1,(
    (#7630,#7631)
    ,(#7632,#7633)
    ,(#7634,#7635)
    ,(#7636,#7637
    )),.UNSPECIFIED.,.F.,.F.,.F.,(4,4),(2,2),(2.,3.),(0.,1.),
  .PIECEWISE_BEZIER_KNOTS.);
#7630 = CARTESIAN_POINT('',(0.156228195135,0.362570036174,0.505925993709
    ));
#7631 = CARTESIAN_POINT('',(0.156228195135,0.361576152558,0.505815562196
    ));
#7632 = CARTESIAN_POINT('',(0.175314744097,0.362555087211,0.506060534376
    ));
#7633 = CARTESIAN_POINT('',(0.175314744097,0.361561203595,0.505950102863
    ));
#7634 = CARTESIAN_POINT('',(0.19314301248,0.363211807408,0.500150052601)
  );
#7635 = CARTESIAN_POINT('',(0.19314301248,0.362217923792,0.500039621088)
  );
#7636 = CARTESIAN_POINT('',(0.208402409922,0.364397505398,0.48947877069)
  );
#7637 = CARTESIAN_POINT('',(0.208402409922,0.363403621782,0.489368339177
    ));
#7638 = ADVANCED_FACE('',(#7639),#7649,.F.);
#7639 = FACE_BOUND('',#7640,.F.);
#7640 = EDGE_LOOP('',(#7641,#7642,#7643,#7648));
#7641 = ORIENTED_EDGE('',*,*,#7624,.F.);
#7642 = ORIENTED_EDGE('',*,*,#7276,.T.);
#7643 = ORIENTED_EDGE('',*,*,#7644,.T.);
#7644 = EDGE_CURVE('',#7277,#266,#7645,.T.);
#7645 = B_SPLINE_CURVE_WITH_KNOTS('',1,(#7646,#7647),.UNSPECIFIED.,.F.,
  .F.,(2,2),(-0.,9.999998807053E-04),.PIECEWISE_BEZIER_KNOTS.);
#7646 = CARTESIAN_POINT('',(0.227624327515,0.366490313393,0.470643498737
    ));
#7647 = CARTESIAN_POINT('',(0.227624327515,0.365496429777,0.470533067224
    ));
#7648 = ORIENTED_EDGE('',*,*,#274,.F.);
#7649 = B_SPLINE_SURFACE_WITH_KNOTS('',3,1,(
    (#7650,#7651)
    ,(#7652,#7653)
    ,(#7654,#7655)
    ,(#7656,#7657
    )),.UNSPECIFIED.,.F.,.F.,.F.,(4,4),(2,2),(3.,4.),(0.,1.),
  .PIECEWISE_BEZIER_KNOTS.);
#7650 = CARTESIAN_POINT('',(0.208402409922,0.364397505398,0.48947877069)
  );
#7651 = CARTESIAN_POINT('',(0.208402409922,0.363403621782,0.489368339177
    ));
#7652 = CARTESIAN_POINT('',(0.215813681059,0.364966572591,0.484357165957
    ));
#7653 = CARTESIAN_POINT('',(0.215813681059,0.363972688975,0.484246734445
    ));
#7654 = CARTESIAN_POINT('',(0.221932821178,0.365680369596,0.477932992909
    ));
#7655 = CARTESIAN_POINT('',(0.221932821178,0.36468648598,0.477822561396)
  );
#7656 = CARTESIAN_POINT('',(0.227624327515,0.366490313393,0.470643498737
    ));
#7657 = CARTESIAN_POINT('',(0.227624327515,0.365496429777,0.470533067224
    ));
#7658 = ADVANCED_FACE('',(#7659),#7669,.F.);
#7659 = FACE_BOUND('',#7660,.F.);
#7660 = EDGE_LOOP('',(#7661,#7662,#7663,#7668));
#7661 = ORIENTED_EDGE('',*,*,#7644,.F.);
#7662 = ORIENTED_EDGE('',*,*,#7285,.T.);
#7663 = ORIENTED_EDGE('',*,*,#7664,.T.);
#7664 = EDGE_CURVE('',#7286,#257,#7665,.T.);
#7665 = B_SPLINE_CURVE_WITH_KNOTS('',1,(#7666,#7667),.UNSPECIFIED.,.F.,
  .F.,(2,2),(-0.,9.999998807054E-04),.PIECEWISE_BEZIER_KNOTS.);
#7666 = CARTESIAN_POINT('',(0.237595231641,0.366386692124,0.471576090164
    ));
#7667 = CARTESIAN_POINT('',(0.237595231641,0.365392808507,0.471465658651
    ));
#7668 = ORIENTED_EDGE('',*,*,#265,.F.);
#7669 = B_SPLINE_SURFACE_WITH_KNOTS('',3,1,(
    (#7670,#7671)
    ,(#7672,#7673)
    ,(#7674,#7675)
    ,(#7676,#7677
    )),.UNSPECIFIED.,.F.,.F.,.F.,(4,4),(2,2),(4.,5.),(0.,1.),
  .PIECEWISE_BEZIER_KNOTS.);
#7670 = CARTESIAN_POINT('',(0.227624327515,0.366490313393,0.470643498737
    ));
#7671 = CARTESIAN_POINT('',(0.227624327515,0.365496429777,0.470533067224
    ));
#7672 = CARTESIAN_POINT('',(0.231091529564,0.366439691653,0.471099094395
    ));
#7673 = CARTESIAN_POINT('',(0.231091529564,0.365445808037,0.470988662882
    ));
#7674 = CARTESIAN_POINT('',(0.23412495302,0.366389410114,0.471551628246)
  );
#7675 = CARTESIAN_POINT('',(0.23412495302,0.365395526498,0.471441196733)
  );
#7676 = CARTESIAN_POINT('',(0.237595231641,0.366386692124,0.471576090164
    ));
#7677 = CARTESIAN_POINT('',(0.237595231641,0.365392808507,0.471465658651
    ));
#7678 = ADVANCED_FACE('',(#7679),#7689,.F.);
#7679 = FACE_BOUND('',#7680,.F.);
#7680 = EDGE_LOOP('',(#7681,#7682,#7683,#7688));
#7681 = ORIENTED_EDGE('',*,*,#7664,.F.);
#7682 = ORIENTED_EDGE('',*,*,#7294,.T.);
#7683 = ORIENTED_EDGE('',*,*,#7684,.T.);
#7684 = EDGE_CURVE('',#7295,#248,#7685,.T.);
#7685 = B_SPLINE_CURVE_WITH_KNOTS('',1,(#7686,#7687),.UNSPECIFIED.,.F.,
  .F.,(2,2),(-0.,9.999998807054E-04),.PIECEWISE_BEZIER_KNOTS.);
#7686 = CARTESIAN_POINT('',(0.287628209262,0.368646992235,0.451233389159
    ));
#7687 = CARTESIAN_POINT('',(0.287628209262,0.367653108619,0.451122957646
    ));
#7688 = ORIENTED_EDGE('',*,*,#256,.F.);
#7689 = B_SPLINE_SURFACE_WITH_KNOTS('',3,1,(
    (#7690,#7691)
    ,(#7692,#7693)
    ,(#7694,#7695)
    ,(#7696,#7697
    )),.UNSPECIFIED.,.F.,.F.,.F.,(4,4),(2,2),(5.,6.),(0.,1.),
  .PIECEWISE_BEZIER_KNOTS.);
#7690 = CARTESIAN_POINT('',(0.237595231641,0.366386692124,0.471576090164
    ));
#7691 = CARTESIAN_POINT('',(0.237595231641,0.365392808507,0.471465658651
    ));
#7692 = CARTESIAN_POINT('',(0.256247997843,0.366372082908,0.471707573105
    ));
#7693 = CARTESIAN_POINT('',(0.256247997843,0.365378199292,0.471597141592
    ));
#7694 = CARTESIAN_POINT('',(0.274085491763,0.367172513727,0.464503695735
    ));
#7695 = CARTESIAN_POINT('',(0.274085491763,0.366178630111,0.464393264222
    ));
#7696 = CARTESIAN_POINT('',(0.287628209262,0.368646992235,0.451233389159
    ));
#7697 = CARTESIAN_POINT('',(0.287628209262,0.367653108619,0.451122957646
    ));
#7698 = ADVANCED_FACE('',(#7699),#7709,.F.);
#7699 = FACE_BOUND('',#7700,.F.);
#7700 = EDGE_LOOP('',(#7701,#7702,#7703,#7708));
#7701 = ORIENTED_EDGE('',*,*,#7684,.F.);
#7702 = ORIENTED_EDGE('',*,*,#7303,.T.);
#7703 = ORIENTED_EDGE('',*,*,#7704,.T.);
#7704 = EDGE_CURVE('',#7304,#239,#7705,.T.);
#7705 = B_SPLINE_CURVE_WITH_KNOTS('',1,(#7706,#7707),.UNSPECIFIED.,.F.,
  .F.,(2,2),(-0.,9.999998807053E-04),.PIECEWISE_BEZIER_KNOTS.);
#7706 = CARTESIAN_POINT('',(0.308366854954,0.37409202992,0.40222805));
#7707 = CARTESIAN_POINT('',(0.308366854954,0.373098146303,0.402117618487
    ));
#7708 = ORIENTED_EDGE('',*,*,#247,.F.);
#7709 = B_SPLINE_SURFACE_WITH_KNOTS('',3,1,(
    (#7710,#7711)
    ,(#7712,#7713)
    ,(#7714,#7715)
    ,(#7716,#7717
    )),.UNSPECIFIED.,.F.,.F.,.F.,(4,4),(2,2),(6.,7.),(0.,1.),
  .PIECEWISE_BEZIER_KNOTS.);
#7710 = CARTESIAN_POINT('',(0.287628209262,0.368646992235,0.451233389159
    ));
#7711 = CARTESIAN_POINT('',(0.287628209262,0.367653108619,0.451122957646
    ));
#7712 = CARTESIAN_POINT('',(0.300734074639,0.370073906279,0.438391162762
    ));
#7713 = CARTESIAN_POINT('',(0.300734074639,0.369080022663,0.438280731249
    ));
#7714 = CARTESIAN_POINT('',(0.308234562909,0.372032176939,0.420766726823
    ));
#7715 = CARTESIAN_POINT('',(0.308234562909,0.371038293323,0.42065629531)
  );
#7716 = CARTESIAN_POINT('',(0.308366854954,0.37409202992,0.40222805));
#7717 = CARTESIAN_POINT('',(0.308366854954,0.373098146303,0.402117618487
    ));
#7718 = ADVANCED_FACE('',(#7719),#7729,.F.);
#7719 = FACE_BOUND('',#7720,.F.);
#7720 = EDGE_LOOP('',(#7721,#7722,#7723,#7728));
#7721 = ORIENTED_EDGE('',*,*,#7704,.F.);
#7722 = ORIENTED_EDGE('',*,*,#7312,.T.);
#7723 = ORIENTED_EDGE('',*,*,#7724,.T.);
#7724 = EDGE_CURVE('',#7313,#230,#7725,.T.);
#7725 = B_SPLINE_CURVE_WITH_KNOTS('',1,(#7726,#7727),.UNSPECIFIED.,.F.,
  .F.,(2,2),(-0.,9.999998807054E-04),.PIECEWISE_BEZIER_KNOTS.);
#7726 = CARTESIAN_POINT('',(0.290483220589,0.379327787002,0.355106236255
    ));
#7727 = CARTESIAN_POINT('',(0.290483220589,0.378333903386,0.354995804742
    ));
#7728 = ORIENTED_EDGE('',*,*,#238,.F.);
#7729 = B_SPLINE_SURFACE_WITH_KNOTS('',3,1,(
    (#7730,#7731)
    ,(#7732,#7733)
    ,(#7734,#7735)
    ,(#7736,#7737
    )),.UNSPECIFIED.,.F.,.F.,.F.,(4,4),(2,2),(7.,8.),(0.,1.),
  .PIECEWISE_BEZIER_KNOTS.);
#7730 = CARTESIAN_POINT('',(0.308366854954,0.37409202992,0.40222805));
#7731 = CARTESIAN_POINT('',(0.308366854954,0.373098146303,0.402117618487
    ));
#7732 = CARTESIAN_POINT('',(0.308489917344,0.376008172567,0.384982766173
    ));
#7733 = CARTESIAN_POINT('',(0.308489917344,0.375014288951,0.384872334661
    ));
#7734 = CARTESIAN_POINT('',(0.302103124602,0.377881508617,0.368122741724
    ));
#7735 = CARTESIAN_POINT('',(0.302103124602,0.376887625001,0.368012310211
    ));
#7736 = CARTESIAN_POINT('',(0.290483220589,0.379327787002,0.355106236255
    ));
#7737 = CARTESIAN_POINT('',(0.290483220589,0.378333903386,0.354995804742
    ));
#7738 = ADVANCED_FACE('',(#7739),#7749,.F.);
#7739 = FACE_BOUND('',#7740,.F.);
#7740 = EDGE_LOOP('',(#7741,#7742,#7743,#7748));
#7741 = ORIENTED_EDGE('',*,*,#7724,.F.);
#7742 = ORIENTED_EDGE('',*,*,#7321,.T.);
#7743 = ORIENTED_EDGE('',*,*,#7744,.T.);
#7744 = EDGE_CURVE('',#7322,#221,#7745,.T.);
#7745 = B_SPLINE_CURVE_WITH_KNOTS('',1,(#7746,#7747),.UNSPECIFIED.,.F.,
  .F.,(2,2),(-0.,9.999998807053E-04),.PIECEWISE_BEZIER_KNOTS.);
#7746 = CARTESIAN_POINT('',(0.255928076131,0.381654337749,0.334167279538
    ));
#7747 = CARTESIAN_POINT('',(0.255928076131,0.380660454133,0.334056848025
    ));
#7748 = ORIENTED_EDGE('',*,*,#229,.F.);
#7749 = B_SPLINE_SURFACE_WITH_KNOTS('',3,1,(
    (#7750,#7751)
    ,(#7752,#7753)
    ,(#7754,#7755)
    ,(#7756,#7757
    )),.UNSPECIFIED.,.F.,.F.,.F.,(4,4),(2,2),(8.,9.),(0.,1.),
  .PIECEWISE_BEZIER_KNOTS.);
#7750 = CARTESIAN_POINT('',(0.290483220589,0.379327787002,0.355106236255
    ));
#7751 = CARTESIAN_POINT('',(0.290483220589,0.378333903386,0.354995804742
    ));
#7752 = CARTESIAN_POINT('',(0.28101378359,0.380484947803,0.344691789047)
  );
#7753 = CARTESIAN_POINT('',(0.28101378359,0.379491064187,0.344581357534)
  );
#7754 = CARTESIAN_POINT('',(0.269350803674,0.381260577362,0.33771112302)
  );
#7755 = CARTESIAN_POINT('',(0.269350803674,0.380266693746,0.337600691507
    ));
#7756 = CARTESIAN_POINT('',(0.255928076131,0.381654337749,0.334167279538
    ));
#7757 = CARTESIAN_POINT('',(0.255928076131,0.380660454133,0.334056848025
    ));
#7758 = ADVANCED_FACE('',(#7759),#7769,.F.);
#7759 = FACE_BOUND('',#7760,.F.);
#7760 = EDGE_LOOP('',(#7761,#7762,#7763,#7768));
#7761 = ORIENTED_EDGE('',*,*,#7744,.F.);
#7762 = ORIENTED_EDGE('',*,*,#7330,.T.);
#7763 = ORIENTED_EDGE('',*,*,#7764,.T.);
#7764 = EDGE_CURVE('',#7331,#212,#7765,.T.);
#7765 = B_SPLINE_CURVE_WITH_KNOTS('',1,(#7766,#7767),.UNSPECIFIED.,.F.,
  .F.,(2,2),(-0.,9.999998807054E-04),.PIECEWISE_BEZIER_KNOTS.);
#7766 = CARTESIAN_POINT('',(0.214927680112,0.38494405606,0.304559814739)
  );
#7767 = CARTESIAN_POINT('',(0.214927680112,0.383950172444,0.304449383226
    ));
#7768 = ORIENTED_EDGE('',*,*,#220,.F.);
#7769 = B_SPLINE_SURFACE_WITH_KNOTS('',3,1,(
    (#7770,#7771)
    ,(#7772,#7773)
    ,(#7774,#7775)
    ,(#7776,#7777
    )),.UNSPECIFIED.,.F.,.F.,.F.,(4,4),(2,2),(9.,10.),(0.,1.),
  .PIECEWISE_BEZIER_KNOTS.);
#7770 = CARTESIAN_POINT('',(0.255928076131,0.381654337749,0.334167279538
    ));
#7771 = CARTESIAN_POINT('',(0.255928076131,0.380660454133,0.334056848025
    ));
#7772 = CARTESIAN_POINT('',(0.250411929557,0.383574897136,0.316882245051
    ));
#7773 = CARTESIAN_POINT('',(0.250411929557,0.38258101352,0.316771813538)
  );
#7774 = CARTESIAN_POINT('',(0.234014237347,0.38492910709,0.304694355464)
  );
#7775 = CARTESIAN_POINT('',(0.234014237347,0.383935223474,0.304583923951
    ));
#7776 = CARTESIAN_POINT('',(0.214927680112,0.38494405606,0.304559814739)
  );
#7777 = CARTESIAN_POINT('',(0.214927680112,0.383950172444,0.304449383226
    ));
#7778 = ADVANCED_FACE('',(#7779),#7789,.F.);
#7779 = FACE_BOUND('',#7780,.F.);
#7780 = EDGE_LOOP('',(#7781,#7782,#7783,#7788));
#7781 = ORIENTED_EDGE('',*,*,#7764,.F.);
#7782 = ORIENTED_EDGE('',*,*,#7339,.T.);
#7783 = ORIENTED_EDGE('',*,*,#7784,.T.);
#7784 = EDGE_CURVE('',#7340,#203,#7785,.T.);
#7785 = B_SPLINE_CURVE_WITH_KNOTS('',1,(#7786,#7787),.UNSPECIFIED.,.F.,
  .F.,(2,2),(-0.,9.999998807054E-04),.PIECEWISE_BEZIER_KNOTS.);
#7786 = CARTESIAN_POINT('',(0.171241500009,0.38018767436,0.347367250035)
  );
#7787 = CARTESIAN_POINT('',(0.171241500009,0.379193790744,0.347256818522
    ));
#7788 = ORIENTED_EDGE('',*,*,#211,.F.);
#7789 = B_SPLINE_SURFACE_WITH_KNOTS('',3,1,(
    (#7790,#7791)
    ,(#7792,#7793)
    ,(#7794,#7795)
    ,(#7796,#7797
    )),.UNSPECIFIED.,.F.,.F.,.F.,(4,4),(2,2),(10.,11.),(0.,1.),
  .PIECEWISE_BEZIER_KNOTS.);
#7790 = CARTESIAN_POINT('',(0.214927680112,0.38494405606,0.304559814739)
  );
#7791 = CARTESIAN_POINT('',(0.214927680112,0.383950172444,0.304449383226
    ));
#7792 = CARTESIAN_POINT('',(0.191069491841,0.384962742265,0.304391638891
    ));
#7793 = CARTESIAN_POINT('',(0.191069491841,0.383968858649,0.304281207378
    ));
#7794 = CARTESIAN_POINT('',(0.171410710795,0.3828223705,0.323654984774)
  );
#7795 = CARTESIAN_POINT('',(0.171410710795,0.381828486884,0.323544553261
    ));
#7796 = CARTESIAN_POINT('',(0.171241500009,0.38018767436,0.347367250035)
  );
#7797 = CARTESIAN_POINT('',(0.171241500009,0.379193790744,0.347256818522
    ));
#7798 = ADVANCED_FACE('',(#7799),#7809,.F.);
#7799 = FACE_BOUND('',#7800,.T.);
#7800 = EDGE_LOOP('',(#7801,#7802,#7807,#7808));
#7801 = ORIENTED_EDGE('',*,*,#202,.T.);
#7802 = ORIENTED_EDGE('',*,*,#7803,.F.);
#7803 = EDGE_CURVE('',#7349,#196,#7804,.T.);
#7804 = B_SPLINE_CURVE_WITH_KNOTS('',1,(#7805,#7806),.UNSPECIFIED.,.F.,
  .F.,(2,2),(-0.,9.999998807053E-04),.PIECEWISE_BEZIER_KNOTS.);
#7805 = CARTESIAN_POINT('',(0.171210734412,0.379708638698,0.351678570992
    ));
#7806 = CARTESIAN_POINT('',(0.171210734412,0.378714755082,0.351568139479
    ));
#7807 = ORIENTED_EDGE('',*,*,#7348,.F.);
#7808 = ORIENTED_EDGE('',*,*,#7784,.T.);
#7809 = B_SPLINE_SURFACE_WITH_KNOTS('',1,1,(
    (#7810,#7811)
    ,(#7812,#7813
    )),.UNSPECIFIED.,.F.,.F.,.F.,(2,2),(2,2),(-4.311430710738E-03,
    1.104287826117E-04),(-1.472919729718E-03,0.),
  .PIECEWISE_BEZIER_KNOTS.);
#7810 = CARTESIAN_POINT('',(0.171209956021,0.378714755082,0.351678565505
    ));
#7811 = CARTESIAN_POINT('',(0.171211109584,0.38018767436,0.351678573636)
  );
#7812 = CARTESIAN_POINT('',(0.171241124838,0.378714755082,0.347256815864
    ));
#7813 = CARTESIAN_POINT('',(0.1712422784,0.38018767436,0.347256823996));
#7814 = ADVANCED_FACE('',(#7815),#7825,.F.);
#7815 = FACE_BOUND('',#7816,.T.);
#7816 = EDGE_LOOP('',(#7817,#7818,#7823,#7824));
#7817 = ORIENTED_EDGE('',*,*,#195,.T.);
#7818 = ORIENTED_EDGE('',*,*,#7819,.F.);
#7819 = EDGE_CURVE('',#7358,#189,#7820,.T.);
#7820 = B_SPLINE_CURVE_WITH_KNOTS('',1,(#7821,#7822),.UNSPECIFIED.,.F.,
  .F.,(2,2),(-0.,9.999998807054E-04),.PIECEWISE_BEZIER_KNOTS.);
#7821 = CARTESIAN_POINT('',(0.110253135224,0.37621133987,0.383154260449)
  );
#7822 = CARTESIAN_POINT('',(0.110253135224,0.375217456254,0.383043828936
    ));
#7823 = ORIENTED_EDGE('',*,*,#7357,.F.);
#7824 = ORIENTED_EDGE('',*,*,#7803,.T.);
#7825 = B_SPLINE_SURFACE_WITH_KNOTS('',1,1,(
    (#7826,#7827)
    ,(#7828,#7829
    )),.UNSPECIFIED.,.F.,.F.,.F.,(2,2),(2,2),(-6.86034206876E-02,
    5.115796846006E-05),(-4.512903808417E-03,0.),
  .PIECEWISE_BEZIER_KNOTS.);
#7826 = CARTESIAN_POINT('',(0.110207797755,0.375217456135,0.383067528113
    ));
#7827 = CARTESIAN_POINT('',(0.110412669657,0.379708638698,0.383459456003
    ));
#7828 = CARTESIAN_POINT('',(0.171051199979,0.375217456135,0.351262943912
    ));
#7829 = CARTESIAN_POINT('',(0.171256071881,0.379708638698,0.351654871802
    ));
#7830 = ADVANCED_FACE('',(#7831),#7841,.F.);
#7831 = FACE_BOUND('',#7832,.T.);
#7832 = EDGE_LOOP('',(#7833,#7834,#7839,#7840));
#7833 = ORIENTED_EDGE('',*,*,#188,.T.);
#7834 = ORIENTED_EDGE('',*,*,#7835,.F.);
#7835 = EDGE_CURVE('',#7365,#182,#7836,.T.);
#7836 = B_SPLINE_CURVE_WITH_KNOTS('',1,(#7837,#7838),.UNSPECIFIED.,.F.,
  .F.,(2,2),(-0.,9.999998807054E-04),.PIECEWISE_BEZIER_KNOTS.);
#7837 = CARTESIAN_POINT('',(0.123537413383,0.373661918094,0.406099056429
    ));
#7838 = CARTESIAN_POINT('',(0.123537413383,0.372668034478,0.405988624916
    ));
#7839 = ORIENTED_EDGE('',*,*,#7364,.F.);
#7840 = ORIENTED_EDGE('',*,*,#7819,.T.);
#7841 = B_SPLINE_SURFACE_WITH_KNOTS('',1,1,(
    (#7842,#7843)
    ,(#7844,#7845
    )),.UNSPECIFIED.,.F.,.F.,.F.,(2,2),(2,2),(-2.651256178008E-02,
    9.586169423685E-05),(-3.548692142936E-03,0.),
  .PIECEWISE_BEZIER_KNOTS.);
#7842 = CARTESIAN_POINT('',(0.123585004064,0.372668034359,0.406071839016
    ));
#7843 = CARTESIAN_POINT('',(0.12341533802,0.37621133987,0.406168872105)
  );
#7844 = CARTESIAN_POINT('',(0.110375210579,0.372668034359,0.382974013233
    ));
#7845 = CARTESIAN_POINT('',(0.110205544536,0.37621133987,0.383071046323)
  );
#7846 = ADVANCED_FACE('',(#7847),#7857,.F.);
#7847 = FACE_BOUND('',#7848,.T.);
#7848 = EDGE_LOOP('',(#7849,#7850,#7855,#7856));
#7849 = ORIENTED_EDGE('',*,*,#181,.T.);
#7850 = ORIENTED_EDGE('',*,*,#7851,.F.);
#7851 = EDGE_CURVE('',#7372,#173,#7852,.T.);
#7852 = B_SPLINE_CURVE_WITH_KNOTS('',1,(#7853,#7854),.UNSPECIFIED.,.F.,
  .F.,(2,2),(-0.,9.999998807054E-04),.PIECEWISE_BEZIER_KNOTS.);
#7853 = CARTESIAN_POINT('',(0.181879993242,0.376969641337,0.376329547242
    ));
#7854 = CARTESIAN_POINT('',(0.181879993242,0.375975757721,0.376219115729
    ));
#7855 = ORIENTED_EDGE('',*,*,#7371,.F.);
#7856 = ORIENTED_EDGE('',*,*,#7835,.T.);
#7857 = B_SPLINE_SURFACE_WITH_KNOTS('',1,1,(
    (#7858,#7859)
    ,(#7860,#7861
    )),.UNSPECIFIED.,.F.,.F.,.F.,(2,2),(2,2),(-6.554857211538E-02,0.),(
    -9.987148679513E-04,3.323801634556E-03),.PIECEWISE_BEZIER_KNOTS.);
#7858 = CARTESIAN_POINT('',(0.18173013376,0.372668034359,0.375929001274)
  );
#7859 = CARTESIAN_POINT('',(0.18192502207,0.376969641337,0.376306287466)
  );
#7860 = CARTESIAN_POINT('',(0.123492384555,0.372668034359,0.406011884679
    ));
#7861 = CARTESIAN_POINT('',(0.123687272865,0.376969641337,0.40638917087)
  );
#7862 = ADVANCED_FACE('',(#7863),#7873,.F.);
#7863 = FACE_BOUND('',#7864,.F.);
#7864 = EDGE_LOOP('',(#7865,#7866,#7867,#7872));
#7865 = ORIENTED_EDGE('',*,*,#7851,.F.);
#7866 = ORIENTED_EDGE('',*,*,#7378,.T.);
#7867 = ORIENTED_EDGE('',*,*,#7868,.T.);
#7868 = EDGE_CURVE('',#7379,#164,#7869,.T.);
#7869 = B_SPLINE_CURVE_WITH_KNOTS('',1,(#7870,#7871),.UNSPECIFIED.,.F.,
  .F.,(2,2),(-0.,9.999998807053E-04),.PIECEWISE_BEZIER_KNOTS.);
#7870 = CARTESIAN_POINT('',(0.214309283318,0.375315439081,0.391217367551
    ));
#7871 = CARTESIAN_POINT('',(0.214309283318,0.374321555464,0.391106936038
    ));
#7872 = ORIENTED_EDGE('',*,*,#172,.F.);
#7873 = B_SPLINE_SURFACE_WITH_KNOTS('',3,1,(
    (#7874,#7875)
    ,(#7876,#7877)
    ,(#7878,#7879)
    ,(#7880,#7881
    )),.UNSPECIFIED.,.F.,.F.,.F.,(4,4),(2,2),(15.,16.),(0.,1.),
  .PIECEWISE_BEZIER_KNOTS.);
#7874 = CARTESIAN_POINT('',(0.181879993242,0.376969641337,0.376329547242
    ));
#7875 = CARTESIAN_POINT('',(0.181879993242,0.375975757721,0.376219115729
    ));
#7876 = CARTESIAN_POINT('',(0.189623516509,0.375957550782,0.38543836224)
  );
#7877 = CARTESIAN_POINT('',(0.189623516509,0.374963667166,0.385327930727
    ));
#7878 = CARTESIAN_POINT('',(0.20129572608,0.375325631556,0.39112563527)
  );
#7879 = CARTESIAN_POINT('',(0.20129572608,0.37433174794,0.391015203757)
  );
#7880 = CARTESIAN_POINT('',(0.214309283318,0.375315439081,0.391217367551
    ));
#7881 = CARTESIAN_POINT('',(0.214309283318,0.374321555464,0.391106936038
    ));
#7882 = ADVANCED_FACE('',(#7883),#7893,.F.);
#7883 = FACE_BOUND('',#7884,.F.);
#7884 = EDGE_LOOP('',(#7885,#7886,#7887,#7892));
#7885 = ORIENTED_EDGE('',*,*,#7868,.F.);
#7886 = ORIENTED_EDGE('',*,*,#7387,.T.);
#7887 = ORIENTED_EDGE('',*,*,#7888,.T.);
#7888 = EDGE_CURVE('',#7388,#155,#7889,.T.);
#7889 = B_SPLINE_CURVE_WITH_KNOTS('',1,(#7890,#7891),.UNSPECIFIED.,.F.,
  .F.,(2,2),(-0.,9.999998807054E-04),.PIECEWISE_BEZIER_KNOTS.);
#7890 = CARTESIAN_POINT('',(0.255288147298,0.378445138209,0.363050075394
    ));
#7891 = CARTESIAN_POINT('',(0.255288147298,0.377451254593,0.362939643881
    ));
#7892 = ORIENTED_EDGE('',*,*,#163,.F.);
#7893 = B_SPLINE_SURFACE_WITH_KNOTS('',3,1,(
    (#7894,#7895)
    ,(#7896,#7897)
    ,(#7898,#7899)
    ,(#7900,#7901
    )),.UNSPECIFIED.,.F.,.F.,.F.,(4,4),(2,2),(16.,17.),(0.,1.),
  .PIECEWISE_BEZIER_KNOTS.);
#7894 = CARTESIAN_POINT('',(0.214309283318,0.375315439081,0.391217367551
    ));
#7895 = CARTESIAN_POINT('',(0.214309283318,0.374321555464,0.391106936038
    ));
#7896 = CARTESIAN_POINT('',(0.232962053657,0.375300829862,0.391348850521
    ));
#7897 = CARTESIAN_POINT('',(0.232962053657,0.374306946246,0.391238419008
    ));
#7898 = CARTESIAN_POINT('',(0.24909824627,0.376629558633,0.379390291577)
  );
#7899 = CARTESIAN_POINT('',(0.24909824627,0.375635675017,0.379279860064)
  );
#7900 = CARTESIAN_POINT('',(0.255288147298,0.378445138209,0.363050075394
    ));
#7901 = CARTESIAN_POINT('',(0.255288147298,0.377451254593,0.362939643881
    ));
#7902 = ADVANCED_FACE('',(#7903),#7913,.F.);
#7903 = FACE_BOUND('',#7904,.F.);
#7904 = EDGE_LOOP('',(#7905,#7906,#7907,#7912));
#7905 = ORIENTED_EDGE('',*,*,#7888,.F.);
#7906 = ORIENTED_EDGE('',*,*,#7396,.T.);
#7907 = ORIENTED_EDGE('',*,*,#7908,.T.);
#7908 = EDGE_CURVE('',#7397,#146,#7909,.T.);
#7909 = B_SPLINE_CURVE_WITH_KNOTS('',1,(#7910,#7911),.UNSPECIFIED.,.F.,
  .F.,(2,2),(-0.,9.999998807053E-04),.PIECEWISE_BEZIER_KNOTS.);
#7910 = CARTESIAN_POINT('',(0.281032218255,0.374017624804,0.402897696044
    ));
#7911 = CARTESIAN_POINT('',(0.281032218255,0.373023741187,0.402787264531
    ));
#7912 = ORIENTED_EDGE('',*,*,#154,.F.);
#7913 = B_SPLINE_SURFACE_WITH_KNOTS('',3,1,(
    (#7914,#7915)
    ,(#7916,#7917)
    ,(#7918,#7919)
    ,(#7920,#7921
    )),.UNSPECIFIED.,.F.,.F.,.F.,(4,4),(2,2),(17.,18.),(0.,1.),
  .PIECEWISE_BEZIER_KNOTS.);
#7914 = CARTESIAN_POINT('',(0.255288147298,0.378445138209,0.363050075394
    ));
#7915 = CARTESIAN_POINT('',(0.255288147298,0.377451254593,0.362939643881
    ));
#7916 = CARTESIAN_POINT('',(0.270421405775,0.377666789746,0.370055211563
    ));
#7917 = CARTESIAN_POINT('',(0.270421405775,0.37667290613,0.36994478005)
  );
#7918 = CARTESIAN_POINT('',(0.281158357217,0.3759816712,0.385221278478)
  );
#7919 = CARTESIAN_POINT('',(0.281158357217,0.374987787584,0.385110846965
    ));
#7920 = CARTESIAN_POINT('',(0.281032218255,0.374017624804,0.402897696044
    ));
#7921 = CARTESIAN_POINT('',(0.281032218255,0.373023741187,0.402787264531
    ));
#7922 = ADVANCED_FACE('',(#7923),#7933,.F.);
#7923 = FACE_BOUND('',#7924,.F.);
#7924 = EDGE_LOOP('',(#7925,#7926,#7927,#7932));
#7925 = ORIENTED_EDGE('',*,*,#7908,.F.);
#7926 = ORIENTED_EDGE('',*,*,#7405,.T.);
#7927 = ORIENTED_EDGE('',*,*,#7928,.T.);
#7928 = EDGE_CURVE('',#7406,#137,#7929,.T.);
#7929 = B_SPLINE_CURVE_WITH_KNOTS('',1,(#7930,#7931),.UNSPECIFIED.,.F.,
  .F.,(2,2),(-0.,9.999998807054E-04),.PIECEWISE_BEZIER_KNOTS.);
#7930 = CARTESIAN_POINT('',(0.237346038154,0.369261243104,0.44570513134)
  );
#7931 = CARTESIAN_POINT('',(0.237346038154,0.368267359488,0.445594699827
    ));
#7932 = ORIENTED_EDGE('',*,*,#145,.F.);
#7933 = B_SPLINE_SURFACE_WITH_KNOTS('',3,1,(
    (#7934,#7935)
    ,(#7936,#7937)
    ,(#7938,#7939)
    ,(#7940,#7941
    )),.UNSPECIFIED.,.F.,.F.,.F.,(4,4),(2,2),(18.,19.),(0.,1.),
  .PIECEWISE_BEZIER_KNOTS.);
#7934 = CARTESIAN_POINT('',(0.281032218255,0.374017624804,0.402897696044
    ));
#7935 = CARTESIAN_POINT('',(0.281032218255,0.373023741187,0.402787264531
    ));
#7936 = CARTESIAN_POINT('',(0.28086300747,0.371382928663,0.426609961305)
  );
#7937 = CARTESIAN_POINT('',(0.28086300747,0.370389045047,0.426499529792)
  );
#7938 = CARTESIAN_POINT('',(0.261204226424,0.369242556899,0.445873307188
    ));
#7939 = CARTESIAN_POINT('',(0.261204226424,0.368248673283,0.445762875675
    ));
#7940 = CARTESIAN_POINT('',(0.237346038154,0.369261243104,0.44570513134)
  );
#7941 = CARTESIAN_POINT('',(0.237346038154,0.368267359488,0.445594699827
    ));
#7942 = ADVANCED_FACE('',(#7943),#7953,.F.);
#7943 = FACE_BOUND('',#7944,.F.);
#7944 = EDGE_LOOP('',(#7945,#7946,#7947,#7952));
#7945 = ORIENTED_EDGE('',*,*,#7928,.F.);
#7946 = ORIENTED_EDGE('',*,*,#7414,.T.);
#7947 = ORIENTED_EDGE('',*,*,#7948,.T.);
#7948 = EDGE_CURVE('',#7415,#128,#7949,.T.);
#7949 = B_SPLINE_CURVE_WITH_KNOTS('',1,(#7950,#7951),.UNSPECIFIED.,.F.,
  .F.,(2,2),(-0.,9.999998807053E-04),.PIECEWISE_BEZIER_KNOTS.);
#7950 = CARTESIAN_POINT('',(0.214401572071,0.369997803301,0.439076089566
    ));
#7951 = CARTESIAN_POINT('',(0.214401572071,0.369003919685,0.438965658053
    ));
#7952 = ORIENTED_EDGE('',*,*,#136,.F.);
#7953 = B_SPLINE_SURFACE_WITH_KNOTS('',3,1,(
    (#7954,#7955)
    ,(#7956,#7957)
    ,(#7958,#7959)
    ,(#7960,#7961
    )),.UNSPECIFIED.,.F.,.F.,.F.,(4,4),(2,2),(19.,20.),(0.,1.),
  .PIECEWISE_BEZIER_KNOTS.);
#7954 = CARTESIAN_POINT('',(0.237346038154,0.369261243104,0.44570513134)
  );
#7955 = CARTESIAN_POINT('',(0.237346038154,0.368267359488,0.445594699827
    ));
#7956 = CARTESIAN_POINT('',(0.229104120224,0.369267698337,0.445647034241
    ));
#7957 = CARTESIAN_POINT('',(0.229104120224,0.368273814721,0.445536602728
    ));
#7958 = CARTESIAN_POINT('',(0.220880661664,0.36956157515,0.443002142923)
  );
#7959 = CARTESIAN_POINT('',(0.220880661664,0.368567691534,0.44289171141)
  );
#7960 = CARTESIAN_POINT('',(0.214401572071,0.369997803301,0.439076089566
    ));
#7961 = CARTESIAN_POINT('',(0.214401572071,0.369003919685,0.438965658053
    ));
#7962 = ADVANCED_FACE('',(#7963),#7973,.F.);
#7963 = FACE_BOUND('',#7964,.F.);
#7964 = EDGE_LOOP('',(#7965,#7966,#7967,#7972));
#7965 = ORIENTED_EDGE('',*,*,#7948,.F.);
#7966 = ORIENTED_EDGE('',*,*,#7423,.T.);
#7967 = ORIENTED_EDGE('',*,*,#7968,.T.);
#7968 = EDGE_CURVE('',#7424,#119,#7969,.T.);
#7969 = B_SPLINE_CURVE_WITH_KNOTS('',1,(#7970,#7971),.UNSPECIFIED.,.F.,
  .F.,(2,2),(-0.,9.999998807053E-04),.PIECEWISE_BEZIER_KNOTS.);
#7970 = CARTESIAN_POINT('',(0.155979010097,0.365444589889,0.480055010274
    ));
#7971 = CARTESIAN_POINT('',(0.155979010097,0.364450706273,0.479944578761
    ));
#7972 = ORIENTED_EDGE('',*,*,#127,.F.);
#7973 = B_SPLINE_SURFACE_WITH_KNOTS('',3,1,(
    (#7974,#7975)
    ,(#7976,#7977)
    ,(#7978,#7979)
    ,(#7980,#7981
    )),.UNSPECIFIED.,.F.,.F.,.F.,(4,4),(2,2),(20.,21.),(0.,1.),
  .PIECEWISE_BEZIER_KNOTS.);
#7974 = CARTESIAN_POINT('',(0.214401572071,0.369997803301,0.439076089566
    ));
#7975 = CARTESIAN_POINT('',(0.214401572071,0.369003919685,0.438965658053
    ));
#7976 = CARTESIAN_POINT('',(0.205987375234,0.36732166138,0.463161366857)
  );
#7977 = CARTESIAN_POINT('',(0.205987375234,0.366327777764,0.463050935344
    ));
#7978 = CARTESIAN_POINT('',(0.183307476989,0.365423185693,0.48024764804)
  );
#7979 = CARTESIAN_POINT('',(0.183307476989,0.364429302077,0.480137216527
    ));
#7980 = CARTESIAN_POINT('',(0.155979010097,0.365444589889,0.480055010274
    ));
#7981 = CARTESIAN_POINT('',(0.155979010097,0.364450706273,0.479944578761
    ));
#7982 = ADVANCED_FACE('',(#7983),#7993,.F.);
#7983 = FACE_BOUND('',#7984,.F.);
#7984 = EDGE_LOOP('',(#7985,#7986,#7987,#7992));
#7985 = ORIENTED_EDGE('',*,*,#7968,.F.);
#7986 = ORIENTED_EDGE('',*,*,#7432,.T.);
#7987 = ORIENTED_EDGE('',*,*,#7988,.T.);
#7988 = EDGE_CURVE('',#7433,#110,#7989,.T.);
#7989 = B_SPLINE_CURVE_WITH_KNOTS('',1,(#7990,#7991),.UNSPECIFIED.,.F.,
  .F.,(2,2),(-0.,9.999998807054E-04),.PIECEWISE_BEZIER_KNOTS.);
#7990 = CARTESIAN_POINT('',(9.5633646286E-02,0.371480100548,
    0.425735414342));
#7991 = CARTESIAN_POINT('',(9.5633646286E-02,0.370486216932,
    0.425624982829));
#7992 = ORIENTED_EDGE('',*,*,#118,.F.);
#7993 = B_SPLINE_SURFACE_WITH_KNOTS('',3,1,(
    (#7994,#7995)
    ,(#7996,#7997)
    ,(#7998,#7999)
    ,(#8000,#8001
    )),.UNSPECIFIED.,.F.,.F.,.F.,(4,4),(2,2),(21.,22.),(0.,1.),
  .PIECEWISE_BEZIER_KNOTS.);
#7994 = CARTESIAN_POINT('',(0.155979010097,0.365444589889,0.480055010274
    ));
#7995 = CARTESIAN_POINT('',(0.155979010097,0.364450706273,0.479944578761
    ));
#7996 = CARTESIAN_POINT('',(0.124746469416,0.365469051833,0.479834852777
    ));
#7997 = CARTESIAN_POINT('',(0.124746469416,0.364475168217,0.479724421264
    ));
#7998 = CARTESIAN_POINT('',(9.88885657249E-02,0.368124132925,
    0.455939122955));
#7999 = CARTESIAN_POINT('',(9.88885657249E-02,0.367130249308,
    0.455828691443));
#8000 = CARTESIAN_POINT('',(9.5633646286E-02,0.371480100548,
    0.425735414342));
#8001 = CARTESIAN_POINT('',(9.5633646286E-02,0.370486216932,
    0.425624982829));
#8002 = ADVANCED_FACE('',(#8003),#8013,.F.);
#8003 = FACE_BOUND('',#8004,.T.);
#8004 = EDGE_LOOP('',(#8005,#8006,#8011,#8012));
#8005 = ORIENTED_EDGE('',*,*,#109,.T.);
#8006 = ORIENTED_EDGE('',*,*,#8007,.F.);
#8007 = EDGE_CURVE('',#7442,#101,#8008,.T.);
#8008 = B_SPLINE_CURVE_WITH_KNOTS('',1,(#8009,#8010),.UNSPECIFIED.,.F.,
  .F.,(2,2),(-0.,9.999998807053E-04),.PIECEWISE_BEZIER_KNOTS.);
#8009 = CARTESIAN_POINT('',(9.216336766522E-02,0.371482818539,
    0.425710952424));
#8010 = CARTESIAN_POINT('',(9.216336766522E-02,0.370488934923,
    0.425600520911));
#8011 = ORIENTED_EDGE('',*,*,#7441,.F.);
#8012 = ORIENTED_EDGE('',*,*,#7988,.T.);
#8013 = B_SPLINE_SURFACE_WITH_KNOTS('',1,1,(
    (#8014,#8015)
    ,(#8016,#8017)),.UNSPECIFIED.,.F.,.F.,.F.,(2,2),(2,2),(0.,1.E-03),(
    -3.470365899832E-03,0.),.PIECEWISE_BEZIER_KNOTS.);
#8014 = CARTESIAN_POINT('',(9.216336766522E-02,0.371482818539,
    0.425710952424));
#8015 = CARTESIAN_POINT('',(9.5633646286E-02,0.371480100548,
    0.425735414342));
#8016 = CARTESIAN_POINT('',(9.216336766522E-02,0.370488934804,
    0.425600520898));
#8017 = CARTESIAN_POINT('',(9.5633646286E-02,0.370486216814,
    0.425624982816));
#8018 = ADVANCED_FACE('',(#8019),#8029,.F.);
#8019 = FACE_BOUND('',#8020,.F.);
#8020 = EDGE_LOOP('',(#8021,#8022,#8023,#8028));
#8021 = ORIENTED_EDGE('',*,*,#8007,.F.);
#8022 = ORIENTED_EDGE('',*,*,#7450,.T.);
#8023 = ORIENTED_EDGE('',*,*,#8024,.T.);
#8024 = EDGE_CURVE('',#7451,#92,#8025,.T.);
#8025 = B_SPLINE_CURVE_WITH_KNOTS('',1,(#8026,#8027),.UNSPECIFIED.,.F.,
  .F.,(2,2),(-0.,9.999998807053E-04),.PIECEWISE_BEZIER_KNOTS.);
#8026 = CARTESIAN_POINT('',(5.856809379134E-02,0.37524579677,
    0.391844148346));
#8027 = CARTESIAN_POINT('',(5.856809379134E-02,0.374251913154,
    0.391733716834));
#8028 = ORIENTED_EDGE('',*,*,#100,.F.);
#8029 = B_SPLINE_SURFACE_WITH_KNOTS('',3,1,(
    (#8030,#8031)
    ,(#8032,#8033)
    ,(#8034,#8035)
    ,(#8036,#8037
    )),.UNSPECIFIED.,.F.,.F.,.F.,(4,4),(2,2),(23.,24.),(0.,1.),
  .PIECEWISE_BEZIER_KNOTS.);
#8030 = CARTESIAN_POINT('',(9.216336766522E-02,0.371482818539,
    0.425710952424));
#8031 = CARTESIAN_POINT('',(9.216336766522E-02,0.370488934923,
    0.425600520911));
#8032 = CARTESIAN_POINT('',(7.351060559973E-02,0.371497427752,
    0.425579469512));
#8033 = CARTESIAN_POINT('',(7.351060559973E-02,0.370503544135,
    0.425469037999));
#8034 = CARTESIAN_POINT('',(5.843580174595E-02,0.37318594379,
    0.41038282517));
#8035 = CARTESIAN_POINT('',(5.843580174595E-02,0.372192060173,
    0.410272393657));
#8036 = CARTESIAN_POINT('',(5.856809379134E-02,0.37524579677,
    0.391844148346));
#8037 = CARTESIAN_POINT('',(5.856809379134E-02,0.374251913154,
    0.391733716834));
#8038 = ADVANCED_FACE('',(#8039),#8049,.F.);
#8039 = FACE_BOUND('',#8040,.F.);
#8040 = EDGE_LOOP('',(#8041,#8042,#8043,#8048));
#8041 = ORIENTED_EDGE('',*,*,#8024,.F.);
#8042 = ORIENTED_EDGE('',*,*,#7459,.T.);
#8043 = ORIENTED_EDGE('',*,*,#8044,.T.);
#8044 = EDGE_CURVE('',#7460,#85,#8045,.T.);
#8045 = B_SPLINE_CURVE_WITH_KNOTS('',1,(#8046,#8047),.UNSPECIFIED.,.F.,
  .F.,(2,2),(-0.,9.999998807053E-04),.PIECEWISE_BEZIER_KNOTS.);
#8046 = CARTESIAN_POINT('',(9.00406061092E-02,0.378957812623,
    0.358436005672));
#8047 = CARTESIAN_POINT('',(9.00406061092E-02,0.377963929007,
    0.358325574159));
#8048 = ORIENTED_EDGE('',*,*,#91,.F.);
#8049 = B_SPLINE_SURFACE_WITH_KNOTS('',3,1,(
    (#8050,#8051)
    ,(#8052,#8053)
    ,(#8054,#8055)
    ,(#8056,#8057
    )),.UNSPECIFIED.,.F.,.F.,.F.,(4,4),(2,2),(24.,25.),(0.,1.),
  .PIECEWISE_BEZIER_KNOTS.);
#8050 = CARTESIAN_POINT('',(5.856809379134E-02,0.37524579677,
    0.391844148346));
#8051 = CARTESIAN_POINT('',(5.856809379134E-02,0.374251913154,
    0.391733716834));
#8052 = CARTESIAN_POINT('',(5.869423275247E-02,0.377209843166,
    0.37416773078));
#8053 = CARTESIAN_POINT('',(5.869423275247E-02,0.37621595955,
    0.374057299267));
#8054 = CARTESIAN_POINT('',(7.224617163266E-02,0.378828032014,
    0.35960403115));
#8055 = CARTESIAN_POINT('',(7.224617163266E-02,0.377834148398,
    0.359493599637));
#8056 = CARTESIAN_POINT('',(9.00406061092E-02,0.378957812623,
    0.358436005672));
#8057 = CARTESIAN_POINT('',(9.00406061092E-02,0.377963929007,
    0.358325574159));
#8058 = ADVANCED_FACE('',(#8059),#8069,.F.);
#8059 = FACE_BOUND('',#8060,.T.);
#8060 = EDGE_LOOP('',(#8061,#8062,#8067,#8068));
#8061 = ORIENTED_EDGE('',*,*,#84,.T.);
#8062 = ORIENTED_EDGE('',*,*,#8063,.F.);
#8063 = EDGE_CURVE('',#7469,#76,#8064,.T.);
#8064 = B_SPLINE_CURVE_WITH_KNOTS('',1,(#8065,#8066),.UNSPECIFIED.,.F.,
  .F.,(2,2),(-0.,9.999998807054E-04),.PIECEWISE_BEZIER_KNOTS.);
#8065 = CARTESIAN_POINT('',(0.109560941967,0.378942523909,0.358573604093
    ));
#8066 = CARTESIAN_POINT('',(0.109560941967,0.377948640293,0.35846317258)
  );
#8067 = ORIENTED_EDGE('',*,*,#7468,.F.);
#8068 = ORIENTED_EDGE('',*,*,#8044,.T.);
#8069 = B_SPLINE_SURFACE_WITH_KNOTS('',1,1,(
    (#8070,#8071)
    ,(#8072,#8073
    )),.UNSPECIFIED.,.F.,.F.,.F.,(2,2),(2,2),(-1.E-03,2.405234757023E-17
    ),(1.337521644865E-17,1.952082680275E-02),.PIECEWISE_BEZIER_KNOTS.);
#8070 = CARTESIAN_POINT('',(9.00406061092E-02,0.377963928888,
    0.358325574146));
#8071 = CARTESIAN_POINT('',(0.109560941967,0.377948640175,0.358463172567
    ));
#8072 = CARTESIAN_POINT('',(9.00406061092E-02,0.378957812623,
    0.358436005672));
#8073 = CARTESIAN_POINT('',(0.109560941967,0.378942523909,0.358573604093
    ));
#8074 = ADVANCED_FACE('',(#8075),#8085,.F.);
#8075 = FACE_BOUND('',#8076,.F.);
#8076 = EDGE_LOOP('',(#8077,#8078,#8079,#8084));
#8077 = ORIENTED_EDGE('',*,*,#8063,.F.);
#8078 = ORIENTED_EDGE('',*,*,#7475,.T.);
#8079 = ORIENTED_EDGE('',*,*,#8080,.T.);
#8080 = EDGE_CURVE('',#7476,#67,#8081,.T.);
#8081 = B_SPLINE_CURVE_WITH_KNOTS('',1,(#8082,#8083),.UNSPECIFIED.,.F.,
  .F.,(2,2),(-0.,9.999998807054E-04),.PIECEWISE_BEZIER_KNOTS.);
#8082 = CARTESIAN_POINT('',(0.112160570283,0.378892582584,0.359023076019
    ));
#8083 = CARTESIAN_POINT('',(0.112160570283,0.377898698968,0.358912644506
    ));
#8084 = ORIENTED_EDGE('',*,*,#75,.F.);
#8085 = B_SPLINE_SURFACE_WITH_KNOTS('',3,1,(
    (#8086,#8087)
    ,(#8088,#8089)
    ,(#8090,#8091)
    ,(#8092,#8093
    )),.UNSPECIFIED.,.F.,.F.,.F.,(4,4),(2,2),(26.,27.),(0.,1.),
  .PIECEWISE_BEZIER_KNOTS.);
#8086 = CARTESIAN_POINT('',(0.109560941967,0.378942523909,0.358573604093
    ));
#8087 = CARTESIAN_POINT('',(0.109560941967,0.377948640293,0.35846317258)
  );
#8088 = CARTESIAN_POINT('',(0.110428515759,0.378941844408,0.358579719601
    ));
#8089 = CARTESIAN_POINT('',(0.110428515759,0.377947960792,0.358469288088
    ));
#8090 = CARTESIAN_POINT('',(0.111293013038,0.378893262072,0.359016960627
    ));
#8091 = CARTESIAN_POINT('',(0.111293013038,0.377899378456,0.358906529114
    ));
#8092 = CARTESIAN_POINT('',(0.112160570283,0.378892582584,0.359023076019
    ));
#8093 = CARTESIAN_POINT('',(0.112160570283,0.377898698968,0.358912644506
    ));
#8094 = ADVANCED_FACE('',(#8095),#8105,.F.);
#8095 = FACE_BOUND('',#8096,.F.);
#8096 = EDGE_LOOP('',(#8097,#8098,#8099,#8104));
#8097 = ORIENTED_EDGE('',*,*,#8080,.F.);
#8098 = ORIENTED_EDGE('',*,*,#7484,.T.);
#8099 = ORIENTED_EDGE('',*,*,#8100,.T.);
#8100 = EDGE_CURVE('',#7485,#58,#8101,.T.);
#8101 = B_SPLINE_CURVE_WITH_KNOTS('',1,(#8102,#8103),.UNSPECIFIED.,.F.,
  .F.,(2,2),(-0.,9.999998807053E-04),.PIECEWISE_BEZIER_KNOTS.);
#8102 = CARTESIAN_POINT('',(0.125703279448,0.380367060185,0.345752777609
    ));
#8103 = CARTESIAN_POINT('',(0.125703279448,0.379373176569,0.345642346096
    ));
#8104 = ORIENTED_EDGE('',*,*,#66,.F.);
#8105 = B_SPLINE_SURFACE_WITH_KNOTS('',3,1,(
    (#8106,#8107)
    ,(#8108,#8109)
    ,(#8110,#8111)
    ,(#8112,#8113
    )),.UNSPECIFIED.,.F.,.F.,.F.,(4,4),(2,2),(27.,28.),(0.,1.),
  .PIECEWISE_BEZIER_KNOTS.);
#8106 = CARTESIAN_POINT('',(0.112160570283,0.378892582584,0.359023076019
    ));
#8107 = CARTESIAN_POINT('',(0.112160570283,0.377898698968,0.358912644506
    ));
#8108 = CARTESIAN_POINT('',(0.119534922694,0.378886806845,0.359075057668
    ));
#8109 = CARTESIAN_POINT('',(0.119534922694,0.377892923229,0.358964626155
    ));
#8110 = CARTESIAN_POINT('',(0.125650978027,0.379552701022,0.353082010078
    ));
#8111 = CARTESIAN_POINT('',(0.125650978027,0.378558817406,0.352971578565
    ));
#8112 = CARTESIAN_POINT('',(0.125703279448,0.380367060185,0.345752777609
    ));
#8113 = CARTESIAN_POINT('',(0.125703279448,0.379373176569,0.345642346096
    ));
#8114 = ADVANCED_FACE('',(#8115),#8125,.F.);
#8115 = FACE_BOUND('',#8116,.F.);
#8116 = EDGE_LOOP('',(#8117,#8118,#8119,#8124));
#8117 = ORIENTED_EDGE('',*,*,#8100,.F.);
#8118 = ORIENTED_EDGE('',*,*,#7493,.T.);
#8119 = ORIENTED_EDGE('',*,*,#8120,.T.);
#8120 = EDGE_CURVE('',#7494,#51,#8121,.T.);
#8121 = B_SPLINE_CURVE_WITH_KNOTS('',1,(#8122,#8123),.UNSPECIFIED.,.F.,
  .F.,(2,2),(-0.,9.999998807053E-04),.PIECEWISE_BEZIER_KNOTS.);
#8122 = CARTESIAN_POINT('',(0.113218874137,0.381861922738,0.332299014638
    ));
#8123 = CARTESIAN_POINT('',(0.113218874137,0.380868039121,0.332188583125
    ));
#8124 = ORIENTED_EDGE('',*,*,#57,.F.);
#8125 = B_SPLINE_SURFACE_WITH_KNOTS('',3,1,(
    (#8126,#8127)
    ,(#8128,#8129)
    ,(#8130,#8131)
    ,(#8132,#8133
    )),.UNSPECIFIED.,.F.,.F.,.F.,(4,4),(2,2),(28.,29.),(0.,1.),
  .PIECEWISE_BEZIER_KNOTS.);
#8126 = CARTESIAN_POINT('',(0.125703279448,0.380367060185,0.345752777609
    ));
#8127 = CARTESIAN_POINT('',(0.125703279448,0.379373176569,0.345642346096
    ));
#8128 = CARTESIAN_POINT('',(0.125752504357,0.381133516513,0.338854670657
    ));
#8129 = CARTESIAN_POINT('',(0.125752504357,0.380139632897,0.338744239144
    ));
#8130 = CARTESIAN_POINT('',(0.120156371414,0.381808583908,0.332779064108
    ));
#8131 = CARTESIAN_POINT('',(0.120156371414,0.380814700291,0.332668632595
    ));
#8132 = CARTESIAN_POINT('',(0.113218874137,0.381861922738,0.332299014638
    ));
#8133 = CARTESIAN_POINT('',(0.113218874137,0.380868039121,0.332188583125
    ));
#8134 = ADVANCED_FACE('',(#8135),#8145,.F.);
#8135 = FACE_BOUND('',#8136,.T.);
#8136 = EDGE_LOOP('',(#8137,#8138,#8143,#8144));
#8137 = ORIENTED_EDGE('',*,*,#50,.T.);
#8138 = ORIENTED_EDGE('',*,*,#8139,.F.);
#8139 = EDGE_CURVE('',#7503,#42,#8140,.T.);
#8140 = B_SPLINE_CURVE_WITH_KNOTS('',1,(#8141,#8142),.UNSPECIFIED.,.F.,
  .F.,(2,2),(-0.,9.999998807054E-04),.PIECEWISE_BEZIER_KNOTS.);
#8141 = CARTESIAN_POINT('',(8.762555483019E-02,0.381881967932,
    0.332118607889));
#8142 = CARTESIAN_POINT('',(8.762555483019E-02,0.380888084316,
    0.332008176376));
#8143 = ORIENTED_EDGE('',*,*,#7502,.F.);
#8144 = ORIENTED_EDGE('',*,*,#8120,.T.);
#8145 = B_SPLINE_SURFACE_WITH_KNOTS('',1,1,(
    (#8146,#8147)
    ,(#8148,#8149
    )),.UNSPECIFIED.,.F.,.F.,.F.,(2,2),(2,2),(-6.133302043597E-17,
    1.000000000001E-03),(-1.301385144039E-03,2.429257784641E-02),
  .PIECEWISE_BEZIER_KNOTS.);
#8146 = CARTESIAN_POINT('',(8.762555483019E-02,0.381881967932,
    0.332118607889));
#8147 = CARTESIAN_POINT('',(0.113218874137,0.381861922738,0.332299014638
    ));
#8148 = CARTESIAN_POINT('',(8.762555483019E-02,0.380888084197,
    0.332008176363));
#8149 = CARTESIAN_POINT('',(0.113218874137,0.380868039003,0.332188583112
    ));
#8150 = ADVANCED_FACE('',(#8151),#8161,.F.);
#8151 = FACE_BOUND('',#8152,.F.);
#8152 = EDGE_LOOP('',(#8153,#8154,#8155,#8160));
#8153 = ORIENTED_EDGE('',*,*,#8139,.F.);
#8154 = ORIENTED_EDGE('',*,*,#7509,.T.);
#8155 = ORIENTED_EDGE('',*,*,#8156,.T.);
#8156 = EDGE_CURVE('',#7510,#33,#8157,.T.);
#8157 = B_SPLINE_CURVE_WITH_KNOTS('',1,(#8158,#8159),.UNSPECIFIED.,.F.,
  .F.,(2,2),(-0.,9.999998807053E-04),.PIECEWISE_BEZIER_KNOTS.);
#8158 = CARTESIAN_POINT('',(4.801265930474E-02,0.379757224624,
    0.351241297656));
#8159 = CARTESIAN_POINT('',(4.801265930474E-02,0.378763341008,
    0.351130866143));
#8160 = ORIENTED_EDGE('',*,*,#41,.F.);
#8161 = B_SPLINE_SURFACE_WITH_KNOTS('',3,1,(
    (#8162,#8163)
    ,(#8164,#8165)
    ,(#8166,#8167)
    ,(#8168,#8169
    )),.UNSPECIFIED.,.F.,.F.,.F.,(4,4),(2,2),(33.,34.),(0.,1.),
  .PIECEWISE_BEZIER_KNOTS.);
#8162 = CARTESIAN_POINT('',(8.762555483019E-02,0.381881967932,
    0.332118607889));
#8163 = CARTESIAN_POINT('',(8.762555483019E-02,0.380888084316,
    0.332008176376));
#8164 = CARTESIAN_POINT('',(7.243384172992E-02,0.38175014882,
    0.333304979893));
#8165 = CARTESIAN_POINT('',(7.243384172992E-02,0.380756265204,
    0.33319454838));
#8166 = CARTESIAN_POINT('',(5.850348567296E-02,0.380994562642,
    0.340105255502));
#8167 = CARTESIAN_POINT('',(5.850348567296E-02,0.380000679025,
    0.339994823989));
#8168 = CARTESIAN_POINT('',(4.801265930474E-02,0.379757224624,
    0.351241297656));
#8169 = CARTESIAN_POINT('',(4.801265930474E-02,0.378763341008,
    0.351130866143));
#8170 = ADVANCED_FACE('',(#8171),#8177,.F.);
#8171 = FACE_BOUND('',#8172,.F.);
#8172 = EDGE_LOOP('',(#8173,#8174,#8175,#8176));
#8173 = ORIENTED_EDGE('',*,*,#8156,.F.);
#8174 = ORIENTED_EDGE('',*,*,#7518,.T.);
#8175 = ORIENTED_EDGE('',*,*,#7558,.T.);
#8176 = ORIENTED_EDGE('',*,*,#32,.F.);
#8177 = B_SPLINE_SURFACE_WITH_KNOTS('',3,1,(
    (#8178,#8179)
    ,(#8180,#8181)
    ,(#8182,#8183)
    ,(#8184,#8185
    )),.UNSPECIFIED.,.F.,.F.,.F.,(4,4),(2,2),(34.,35.),(0.,1.),
  .PIECEWISE_BEZIER_KNOTS.);
#8178 = CARTESIAN_POINT('',(4.801265930474E-02,0.379757224624,
    0.351241297656));
#8179 = CARTESIAN_POINT('',(4.801265930474E-02,0.37876334089,
    0.35113086613));
#8180 = CARTESIAN_POINT('',(3.75218163885E-02,0.37851988662,
    0.362377339693));
#8181 = CARTESIAN_POINT('',(3.75218163885E-02,0.377526002886,
    0.362266908167));
#8182 = CARTESIAN_POINT('',(3.177800848326E-02,0.376895581376,
    0.376996086892));
#8183 = CARTESIAN_POINT('',(3.177800848326E-02,0.375901697641,
    0.376885655366));
#8184 = CARTESIAN_POINT('',(3.167032889232E-02,0.37521895656,
    0.39208571024));
#8185 = CARTESIAN_POINT('',(3.167032889232E-02,0.374225072825,
    0.391975278714));
#8186 = ADVANCED_FACE('',(#8187),#8214,.T.);
#8187 = FACE_BOUND('',#8188,.T.);
#8188 = EDGE_LOOP('',(#8189,#8203,#8208,#8209));
#8189 = ORIENTED_EDGE('',*,*,#8190,.F.);
#8190 = EDGE_CURVE('',#8191,#8193,#8195,.T.);
#8191 = VERTEX_POINT('',#8192);
#8192 = CARTESIAN_POINT('',(0.215176873658,0.381075622377,0.330320333826
    ));
#8193 = VERTEX_POINT('',#8194);
#8194 = CARTESIAN_POINT('',(0.214936901904,0.377339142634,0.363948650431
    ));
#8195 = B_SPLINE_CURVE_WITH_KNOTS('',3,(#8196,#8197,#8198,#8199,#8200,
    #8201,#8202),.UNSPECIFIED.,.F.,.F.,(4,3,4),(0.,1.,2.),
  .PIECEWISE_BEZIER_KNOTS.);
#8196 = CARTESIAN_POINT('',(0.215176873658,0.381075622377,0.330320333826
    ));
#8197 = CARTESIAN_POINT('',(0.205633603314,0.381083096737,0.330253063509
    ));
#8198 = CARTESIAN_POINT('',(0.198203872734,0.380226606822,0.337961472739
    ));
#8199 = CARTESIAN_POINT('',(0.198139265026,0.379220632663,0.347015240169
    ));
#8200 = CARTESIAN_POINT('',(0.198071580688,0.378166753842,0.356500149562
    ));
#8201 = CARTESIAN_POINT('',(0.205827410183,0.377346277368,0.363884437823
    ));
#8202 = CARTESIAN_POINT('',(0.214936901904,0.377339142634,0.363948650431
    ));
#8203 = ORIENTED_EDGE('',*,*,#8204,.F.);
#8204 = EDGE_CURVE('',#7528,#8191,#8205,.T.);
#8205 = B_SPLINE_CURVE_WITH_KNOTS('',1,(#8206,#8207),.UNSPECIFIED.,.F.,
  .F.,(2,2),(-0.,9.999998807054E-04),.PIECEWISE_BEZIER_KNOTS.);
#8206 = CARTESIAN_POINT('',(0.215176873658,0.382069505993,0.330430765339
    ));
#8207 = CARTESIAN_POINT('',(0.215176873658,0.381075622377,0.330320333826
    ));
#8208 = ORIENTED_EDGE('',*,*,#7527,.T.);
#8209 = ORIENTED_EDGE('',*,*,#8210,.T.);
#8210 = EDGE_CURVE('',#7530,#8193,#8211,.T.);
#8211 = B_SPLINE_CURVE_WITH_KNOTS('',1,(#8212,#8213),.UNSPECIFIED.,.F.,
  .F.,(2,2),(-0.,1.E-03),.PIECEWISE_BEZIER_KNOTS.);
#8212 = CARTESIAN_POINT('',(0.214936901904,0.378333026369,0.364059081957
    ));
#8213 = CARTESIAN_POINT('',(0.214936901904,0.377339142634,0.363948650431
    ));
#8214 = B_SPLINE_SURFACE_WITH_KNOTS('',3,1,(
    (#8215,#8216)
    ,(#8217,#8218)
    ,(#8219,#8220)
    ,(#8221,#8222)
    ,(#8223,#8224)
    ,(#8225,#8226)
    ,(#8227,#8228
    )),.UNSPECIFIED.,.F.,.F.,.F.,(4,3,4),(2,2),(0.,1.,2.),(0.,1.),
  .PIECEWISE_BEZIER_KNOTS.);
#8215 = CARTESIAN_POINT('',(0.215176873658,0.382069505993,0.330430765339
    ));
#8216 = CARTESIAN_POINT('',(0.215176873658,0.381075622258,0.330320333813
    ));
#8217 = CARTESIAN_POINT('',(0.205633603314,0.382076980471,0.330363495035
    ));
#8218 = CARTESIAN_POINT('',(0.205633603314,0.381083096737,0.330253063509
    ));
#8219 = CARTESIAN_POINT('',(0.198203872734,0.381220490557,0.338071904265
    ));
#8220 = CARTESIAN_POINT('',(0.198203872734,0.380226606822,0.337961472739
    ));
#8221 = CARTESIAN_POINT('',(0.198139265026,0.380214516398,0.347125671695
    ));
#8222 = CARTESIAN_POINT('',(0.198139265026,0.379220632663,0.347015240169
    ));
#8223 = CARTESIAN_POINT('',(0.198071580688,0.379160637576,0.356610581089
    ));
#8224 = CARTESIAN_POINT('',(0.198071580688,0.378166753842,0.356500149562
    ));
#8225 = CARTESIAN_POINT('',(0.205827410183,0.378340161103,0.363994869349
    ));
#8226 = CARTESIAN_POINT('',(0.205827410183,0.377346277368,0.363884437823
    ));
#8227 = CARTESIAN_POINT('',(0.214936901904,0.378333026369,0.364059081957
    ));
#8228 = CARTESIAN_POINT('',(0.214936901904,0.377339142634,0.363948650431
    ));
#8229 = ADVANCED_FACE('',(#8230),#8244,.T.);
#8230 = FACE_BOUND('',#8231,.T.);
#8231 = EDGE_LOOP('',(#8232,#8241,#8242,#8243));
#8232 = ORIENTED_EDGE('',*,*,#8233,.F.);
#8233 = EDGE_CURVE('',#8193,#8191,#8234,.T.);
#8234 = B_SPLINE_CURVE_WITH_KNOTS('',3,(#8235,#8236,#8237,#8238,#8239,
    #8240),.UNSPECIFIED.,.F.,.F.,(4,2,4),(2.,3.,4.),.UNSPECIFIED.);
#8235 = CARTESIAN_POINT('',(0.214936901904,0.377339142634,0.363948650431
    ));
#8236 = CARTESIAN_POINT('',(0.224046393626,0.3773320079,0.364012863039)
  );
#8237 = CARTESIAN_POINT('',(0.231906826199,0.378140253408,0.356738653469
    ));
#8238 = CARTESIAN_POINT('',(0.232042194874,0.380248011051,0.337768834682
    ));
#8239 = CARTESIAN_POINT('',(0.224286365379,0.381068487524,0.330384546421
    ));
#8240 = CARTESIAN_POINT('',(0.215176873658,0.381075622377,0.330320333826
    ));
#8241 = ORIENTED_EDGE('',*,*,#8210,.F.);
#8242 = ORIENTED_EDGE('',*,*,#7541,.T.);
#8243 = ORIENTED_EDGE('',*,*,#8204,.T.);
#8244 = B_SPLINE_SURFACE_WITH_KNOTS('',3,1,(
    (#8245,#8246)
    ,(#8247,#8248)
    ,(#8249,#8250)
    ,(#8251,#8252)
    ,(#8253,#8254)
    ,(#8255,#8256
    )),.UNSPECIFIED.,.F.,.F.,.F.,(4,2,4),(2,2),(2.,3.,4.),(0.,1.),
  .UNSPECIFIED.);
#8245 = CARTESIAN_POINT('',(0.214936901904,0.378333026369,0.364059081957
    ));
#8246 = CARTESIAN_POINT('',(0.214936901904,0.377339142634,0.363948650431
    ));
#8247 = CARTESIAN_POINT('',(0.224046393626,0.378325891635,0.364123294565
    ));
#8248 = CARTESIAN_POINT('',(0.224046393626,0.3773320079,0.364012863039)
  );
#8249 = CARTESIAN_POINT('',(0.231906826199,0.379134137142,0.356849084995
    ));
#8250 = CARTESIAN_POINT('',(0.231906826199,0.378140253408,0.356738653469
    ));
#8251 = CARTESIAN_POINT('',(0.232042194874,0.381241894785,0.337879266208
    ));
#8252 = CARTESIAN_POINT('',(0.232042194874,0.380248011051,0.337768834682
    ));
#8253 = CARTESIAN_POINT('',(0.224286365379,0.382062371259,0.330494977947
    ));
#8254 = CARTESIAN_POINT('',(0.224286365379,0.381068487524,0.330384546421
    ));
#8255 = CARTESIAN_POINT('',(0.215176873658,0.382069505993,0.330430765339
    ));
#8256 = CARTESIAN_POINT('',(0.215176873658,0.381075622258,0.330320333813
    ));
#8257 = ADVANCED_FACE('',(#8258),#8262,.F.);
#8258 = FACE_BOUND('',#8259,.T.);
#8259 = EDGE_LOOP('',(#8260,#8261));
#8260 = ORIENTED_EDGE('',*,*,#8233,.T.);
#8261 = ORIENTED_EDGE('',*,*,#8190,.T.);
#8262 = B_SPLINE_SURFACE_WITH_KNOTS('',1,1,(
    (#8263,#8264)
    ,(#8265,#8266
    )),.UNSPECIFIED.,.F.,.F.,.F.,(2,2),(2,2),(-0.232042194874,
    -0.198071580688),(0.247501859206,0.281469413309),
  .PIECEWISE_BEZIER_KNOTS.);
#8263 = CARTESIAN_POINT('',(0.232042194874,0.377332008018,0.364012863052
    ));
#8264 = CARTESIAN_POINT('',(0.232042194874,0.381083096855,0.330253063522
    ));
#8265 = CARTESIAN_POINT('',(0.198071580688,0.377332008018,0.364012863052
    ));
#8266 = CARTESIAN_POINT('',(0.198071580688,0.381083096855,0.330253063522
    ));
#8267 = ( GEOMETRIC_REPRESENTATION_CONTEXT(3) 
GLOBAL_UNCERTAINTY_ASSIGNED_CONTEXT((#8271)) 
GLOBAL_UNIT_ASSIGNED_CONTEXT((#8268,#8269,#8270)) REPRESENTATION_CONTEXT
('Context #1','3D Context with UNIT and UNCERTAINTY') );
#8268 = ( LENGTH_UNIT() NAMED_UNIT(*) SI_UNIT(.MILLI.,.METRE.) );
#8269 = ( NAMED_UNIT(*) PLANE_ANGLE_UNIT() SI_UNIT($,.RADIAN.) );
#8270 = ( NAMED_UNIT(*) SI_UNIT($,.STERADIAN.) SOLID_ANGLE_UNIT() );
#8271 = UNCERTAINTY_MEASURE_WITH_UNIT(LENGTH_MEASURE(1.E-07),#8268,
  'distance_accuracy_value','confusion accuracy');
#8272 = PRODUCT_RELATED_PRODUCT_CATEGORY('part',$,(#7));
#8273 = MECHANICAL_DESIGN_GEOMETRIC_PRESENTATION_REPRESENTATION('',(
    #8274,#8284,#8292,#8299,#8306,#8313,#8321,#8328,#8335,#8342,#8349,
    #8356,#8363,#8370,#8377,#8384,#8391,#8398,#8405,#8412,#8419,#8426,
    #8433,#8440,#8447,#8454,#8461,#8468,#8475,#8483,#8490,#8497,#8504,
    #8511,#8518,#8525,#8532,#8539,#8546,#8553,#8560,#8567,#8574,#8581,
    #8588,#8595,#8602,#8609,#8616,#8623,#8630,#8637,#8644,#8651,#8658,
    #8665,#8672,#8679,#8686,#8693,#8700,#8707,#8714,#8721,#8728,#8735,
    #8742,#8749,#8756,#8763,#8770,#8777,#8784,#8791,#8798,#8805,#8812,
    #8819,#8826,#8833,#8840,#8847,#8854,#8861,#8868,#8875,#8882,#8889,
    #8896,#8903,#8910,#8917,#8924,#8931,#8938,#8945,#8952,#8959,#8966,
    #8973,#8980,#8987,#8994,#9001,#9008,#9015,#9022,#9029,#9036,#9043,
    #9050,#9057,#9064,#9071,#9078,#9085,#9092,#9099,#9106,#9113,#9120,
    #9127,#9134,#9141,#9148,#9155,#9162,#9169,#9176,#9183,#9190,#9197,
    #9204,#9211,#9218,#9225,#9232,#9239,#9246,#9253,#9260,#9267,#9274,
    #9281,#9288,#9295,#9302,#9309,#9316,#9323,#9330,#9337,#9344,#9351,
    #9358,#9365,#9372,#9379,#9386,#9393,#9400,#9407,#9414,#9421,#9428,
    #9435,#9442,#9449,#9456,#9463,#9470,#9477,#9484,#9491,#9498,#9505,
    #9512,#9519,#9526,#9533,#9540,#9547,#9554,#9561,#9568,#9575,#9582,
    #9589,#9596,#9603,#9610,#9617,#9624,#9631,#9638,#9645,#9652,#9659,
    #9666,#9673,#9680,#9687,#9694,#9701,#9708,#9715,#9722,#9729,#9736,
    #9743,#9750,#9757,#9764,#9771,#9778,#9785,#9792,#9799,#9806,#9813,
    #9820,#9827,#9834,#9841,#9848,#9855,#9862,#9869,#9876,#9883,#9890,
    #9897,#9904,#9911,#9918,#9925,#9932,#9939,#9946,#9953,#9960,#9967,
    #9974,#9981,#9988,#9995,#10002,#10009,#10016,#10023,#10030,#10037,
    #10044,#10051,#10058,#10065,#10072,#10079,#10086,#10093,#10100,
    #10107,#10114,#10121),#8267);
#8274 = STYLED_ITEM('color',(#8275),#15);
#8275 = PRESENTATION_STYLE_ASSIGNMENT((#8276,#8282));
#8276 = SURFACE_STYLE_USAGE(.BOTH.,#8277);
#8277 = SURFACE_SIDE_STYLE('',(#8278));
#8278 = SURFACE_STYLE_FILL_AREA(#8279);
#8279 = FILL_AREA_STYLE('',(#8280));
#8280 = FILL_AREA_STYLE_COLOUR('',#8281);
#8281 = DRAUGHTING_PRE_DEFINED_COLOUR('white');
#8282 = CURVE_STYLE('',#8283,POSITIVE_LENGTH_MEASURE(0.1),#8281);
#8283 = DRAUGHTING_PRE_DEFINED_CURVE_FONT('continuous');
#8284 = OVER_RIDING_STYLED_ITEM('overriding color',(#8285),#17,#8274);
#8285 = PRESENTATION_STYLE_ASSIGNMENT((#8286));
#8286 = SURFACE_STYLE_USAGE(.BOTH.,#8287);
#8287 = SURFACE_SIDE_STYLE('',(#8288));
#8288 = SURFACE_STYLE_FILL_AREA(#8289);
#8289 = FILL_AREA_STYLE('',(#8290));
#8290 = FILL_AREA_STYLE_COLOUR('',#8291);
#8291 = COLOUR_RGB('',0.223529416636,0.223529416636,0.223529416636);
#8292 = OVER_RIDING_STYLED_ITEM('overriding color',(#8293),#1436,#8274);
#8293 = PRESENTATION_STYLE_ASSIGNMENT((#8294));
#8294 = SURFACE_STYLE_USAGE(.BOTH.,#8295);
#8295 = SURFACE_SIDE_STYLE('',(#8296));
#8296 = SURFACE_STYLE_FILL_AREA(#8297);
#8297 = FILL_AREA_STYLE('',(#8298));
#8298 = FILL_AREA_STYLE_COLOUR('',#8291);
#8299 = OVER_RIDING_STYLED_ITEM('overriding color',(#8300),#1560,#8274);
#8300 = PRESENTATION_STYLE_ASSIGNMENT((#8301));
#8301 = SURFACE_STYLE_USAGE(.BOTH.,#8302);
#8302 = SURFACE_SIDE_STYLE('',(#8303));
#8303 = SURFACE_STYLE_FILL_AREA(#8304);
#8304 = FILL_AREA_STYLE('',(#8305));
#8305 = FILL_AREA_STYLE_COLOUR('',#8291);
#8306 = OVER_RIDING_STYLED_ITEM('overriding color',(#8307),#1608,#8274);
#8307 = PRESENTATION_STYLE_ASSIGNMENT((#8308));
#8308 = SURFACE_STYLE_USAGE(.BOTH.,#8309);
#8309 = SURFACE_SIDE_STYLE('',(#8310));
#8310 = SURFACE_STYLE_FILL_AREA(#8311);
#8311 = FILL_AREA_STYLE('',(#8312));
#8312 = FILL_AREA_STYLE_COLOUR('',#8291);
#8313 = OVER_RIDING_STYLED_ITEM('overriding color',(#8314),#1656,#8274);
#8314 = PRESENTATION_STYLE_ASSIGNMENT((#8315));
#8315 = SURFACE_STYLE_USAGE(.BOTH.,#8316);
#8316 = SURFACE_SIDE_STYLE('',(#8317));
#8317 = SURFACE_STYLE_FILL_AREA(#8318);
#8318 = FILL_AREA_STYLE('',(#8319));
#8319 = FILL_AREA_STYLE_COLOUR('',#8320);
#8320 = COLOUR_RGB('',0.439215679954,0.439215679954,0.439215679954);
#8321 = OVER_RIDING_STYLED_ITEM('overriding color',(#8322),#1692,#8274);
#8322 = PRESENTATION_STYLE_ASSIGNMENT((#8323));
#8323 = SURFACE_STYLE_USAGE(.BOTH.,#8324);
#8324 = SURFACE_SIDE_STYLE('',(#8325));
#8325 = SURFACE_STYLE_FILL_AREA(#8326);
#8326 = FILL_AREA_STYLE('',(#8327));
#8327 = FILL_AREA_STYLE_COLOUR('',#8291);
#8328 = OVER_RIDING_STYLED_ITEM('overriding color',(#8329),#1712,#8274);
#8329 = PRESENTATION_STYLE_ASSIGNMENT((#8330));
#8330 = SURFACE_STYLE_USAGE(.BOTH.,#8331);
#8331 = SURFACE_SIDE_STYLE('',(#8332));
#8332 = SURFACE_STYLE_FILL_AREA(#8333);
#8333 = FILL_AREA_STYLE('',(#8334));
#8334 = FILL_AREA_STYLE_COLOUR('',#8291);
#8335 = OVER_RIDING_STYLED_ITEM('overriding color',(#8336),#1740,#8274);
#8336 = PRESENTATION_STYLE_ASSIGNMENT((#8337));
#8337 = SURFACE_STYLE_USAGE(.BOTH.,#8338);
#8338 = SURFACE_SIDE_STYLE('',(#8339));
#8339 = SURFACE_STYLE_FILL_AREA(#8340);
#8340 = FILL_AREA_STYLE('',(#8341));
#8341 = FILL_AREA_STYLE_COLOUR('',#8291);
#8342 = OVER_RIDING_STYLED_ITEM('overriding color',(#8343),#1768,#8274);
#8343 = PRESENTATION_STYLE_ASSIGNMENT((#8344));
#8344 = SURFACE_STYLE_USAGE(.BOTH.,#8345);
#8345 = SURFACE_SIDE_STYLE('',(#8346));
#8346 = SURFACE_STYLE_FILL_AREA(#8347);
#8347 = FILL_AREA_STYLE('',(#8348));
#8348 = FILL_AREA_STYLE_COLOUR('',#8291);
#8349 = OVER_RIDING_STYLED_ITEM('overriding color',(#8350),#1810,#8274);
#8350 = PRESENTATION_STYLE_ASSIGNMENT((#8351));
#8351 = SURFACE_STYLE_USAGE(.BOTH.,#8352);
#8352 = SURFACE_SIDE_STYLE('',(#8353));
#8353 = SURFACE_STYLE_FILL_AREA(#8354);
#8354 = FILL_AREA_STYLE('',(#8355));
#8355 = FILL_AREA_STYLE_COLOUR('',#8291);
#8356 = OVER_RIDING_STYLED_ITEM('overriding color',(#8357),#1852,#8274);
#8357 = PRESENTATION_STYLE_ASSIGNMENT((#8358));
#8358 = SURFACE_STYLE_USAGE(.BOTH.,#8359);
#8359 = SURFACE_SIDE_STYLE('',(#8360));
#8360 = SURFACE_STYLE_FILL_AREA(#8361);
#8361 = FILL_AREA_STYLE('',(#8362));
#8362 = FILL_AREA_STYLE_COLOUR('',#8291);
#8363 = OVER_RIDING_STYLED_ITEM('overriding color',(#8364),#1894,#8274);
#8364 = PRESENTATION_STYLE_ASSIGNMENT((#8365));
#8365 = SURFACE_STYLE_USAGE(.BOTH.,#8366);
#8366 = SURFACE_SIDE_STYLE('',(#8367));
#8367 = SURFACE_STYLE_FILL_AREA(#8368);
#8368 = FILL_AREA_STYLE('',(#8369));
#8369 = FILL_AREA_STYLE_COLOUR('',#8291);
#8370 = OVER_RIDING_STYLED_ITEM('overriding color',(#8371),#1916,#8274);
#8371 = PRESENTATION_STYLE_ASSIGNMENT((#8372));
#8372 = SURFACE_STYLE_USAGE(.BOTH.,#8373);
#8373 = SURFACE_SIDE_STYLE('',(#8374));
#8374 = SURFACE_STYLE_FILL_AREA(#8375);
#8375 = FILL_AREA_STYLE('',(#8376));
#8376 = FILL_AREA_STYLE_COLOUR('',#8291);
#8377 = OVER_RIDING_STYLED_ITEM('overriding color',(#8378),#1938,#8274);
#8378 = PRESENTATION_STYLE_ASSIGNMENT((#8379));
#8379 = SURFACE_STYLE_USAGE(.BOTH.,#8380);
#8380 = SURFACE_SIDE_STYLE('',(#8381));
#8381 = SURFACE_STYLE_FILL_AREA(#8382);
#8382 = FILL_AREA_STYLE('',(#8383));
#8383 = FILL_AREA_STYLE_COLOUR('',#8291);
#8384 = OVER_RIDING_STYLED_ITEM('overriding color',(#8385),#1957,#8274);
#8385 = PRESENTATION_STYLE_ASSIGNMENT((#8386));
#8386 = SURFACE_STYLE_USAGE(.BOTH.,#8387);
#8387 = SURFACE_SIDE_STYLE('',(#8388));
#8388 = SURFACE_STYLE_FILL_AREA(#8389);
#8389 = FILL_AREA_STYLE('',(#8390));
#8390 = FILL_AREA_STYLE_COLOUR('',#8291);
#8391 = OVER_RIDING_STYLED_ITEM('overriding color',(#8392),#1982,#8274);
#8392 = PRESENTATION_STYLE_ASSIGNMENT((#8393));
#8393 = SURFACE_STYLE_USAGE(.BOTH.,#8394);
#8394 = SURFACE_SIDE_STYLE('',(#8395));
#8395 = SURFACE_STYLE_FILL_AREA(#8396);
#8396 = FILL_AREA_STYLE('',(#8397));
#8397 = FILL_AREA_STYLE_COLOUR('',#8291);
#8398 = OVER_RIDING_STYLED_ITEM('overriding color',(#8399),#2001,#8274);
#8399 = PRESENTATION_STYLE_ASSIGNMENT((#8400));
#8400 = SURFACE_STYLE_USAGE(.BOTH.,#8401);
#8401 = SURFACE_SIDE_STYLE('',(#8402));
#8402 = SURFACE_STYLE_FILL_AREA(#8403);
#8403 = FILL_AREA_STYLE('',(#8404));
#8404 = FILL_AREA_STYLE_COLOUR('',#8291);
#8405 = OVER_RIDING_STYLED_ITEM('overriding color',(#8406),#2023,#8274);
#8406 = PRESENTATION_STYLE_ASSIGNMENT((#8407));
#8407 = SURFACE_STYLE_USAGE(.BOTH.,#8408);
#8408 = SURFACE_SIDE_STYLE('',(#8409));
#8409 = SURFACE_STYLE_FILL_AREA(#8410);
#8410 = FILL_AREA_STYLE('',(#8411));
#8411 = FILL_AREA_STYLE_COLOUR('',#8291);
#8412 = OVER_RIDING_STYLED_ITEM('overriding color',(#8413),#2044,#8274);
#8413 = PRESENTATION_STYLE_ASSIGNMENT((#8414));
#8414 = SURFACE_STYLE_USAGE(.BOTH.,#8415);
#8415 = SURFACE_SIDE_STYLE('',(#8416));
#8416 = SURFACE_STYLE_FILL_AREA(#8417);
#8417 = FILL_AREA_STYLE('',(#8418));
#8418 = FILL_AREA_STYLE_COLOUR('',#8291);
#8419 = OVER_RIDING_STYLED_ITEM('overriding color',(#8420),#2065,#8274);
#8420 = PRESENTATION_STYLE_ASSIGNMENT((#8421));
#8421 = SURFACE_STYLE_USAGE(.BOTH.,#8422);
#8422 = SURFACE_SIDE_STYLE('',(#8423));
#8423 = SURFACE_STYLE_FILL_AREA(#8424);
#8424 = FILL_AREA_STYLE('',(#8425));
#8425 = FILL_AREA_STYLE_COLOUR('',#8291);
#8426 = OVER_RIDING_STYLED_ITEM('overriding color',(#8427),#2087,#8274);
#8427 = PRESENTATION_STYLE_ASSIGNMENT((#8428));
#8428 = SURFACE_STYLE_USAGE(.BOTH.,#8429);
#8429 = SURFACE_SIDE_STYLE('',(#8430));
#8430 = SURFACE_STYLE_FILL_AREA(#8431);
#8431 = FILL_AREA_STYLE('',(#8432));
#8432 = FILL_AREA_STYLE_COLOUR('',#8291);
#8433 = OVER_RIDING_STYLED_ITEM('overriding color',(#8434),#2106,#8274);
#8434 = PRESENTATION_STYLE_ASSIGNMENT((#8435));
#8435 = SURFACE_STYLE_USAGE(.BOTH.,#8436);
#8436 = SURFACE_SIDE_STYLE('',(#8437));
#8437 = SURFACE_STYLE_FILL_AREA(#8438);
#8438 = FILL_AREA_STYLE('',(#8439));
#8439 = FILL_AREA_STYLE_COLOUR('',#8291);
#8440 = OVER_RIDING_STYLED_ITEM('overriding color',(#8441),#2125,#8274);
#8441 = PRESENTATION_STYLE_ASSIGNMENT((#8442));
#8442 = SURFACE_STYLE_USAGE(.BOTH.,#8443);
#8443 = SURFACE_SIDE_STYLE('',(#8444));
#8444 = SURFACE_STYLE_FILL_AREA(#8445);
#8445 = FILL_AREA_STYLE('',(#8446));
#8446 = FILL_AREA_STYLE_COLOUR('',#8291);
#8447 = OVER_RIDING_STYLED_ITEM('overriding color',(#8448),#2144,#8274);
#8448 = PRESENTATION_STYLE_ASSIGNMENT((#8449));
#8449 = SURFACE_STYLE_USAGE(.BOTH.,#8450);
#8450 = SURFACE_SIDE_STYLE('',(#8451));
#8451 = SURFACE_STYLE_FILL_AREA(#8452);
#8452 = FILL_AREA_STYLE('',(#8453));
#8453 = FILL_AREA_STYLE_COLOUR('',#8291);
#8454 = OVER_RIDING_STYLED_ITEM('overriding color',(#8455),#2163,#8274);
#8455 = PRESENTATION_STYLE_ASSIGNMENT((#8456));
#8456 = SURFACE_STYLE_USAGE(.BOTH.,#8457);
#8457 = SURFACE_SIDE_STYLE('',(#8458));
#8458 = SURFACE_STYLE_FILL_AREA(#8459);
#8459 = FILL_AREA_STYLE('',(#8460));
#8460 = FILL_AREA_STYLE_COLOUR('',#8291);
#8461 = OVER_RIDING_STYLED_ITEM('overriding color',(#8462),#2184,#8274);
#8462 = PRESENTATION_STYLE_ASSIGNMENT((#8463));
#8463 = SURFACE_STYLE_USAGE(.BOTH.,#8464);
#8464 = SURFACE_SIDE_STYLE('',(#8465));
#8465 = SURFACE_STYLE_FILL_AREA(#8466);
#8466 = FILL_AREA_STYLE('',(#8467));
#8467 = FILL_AREA_STYLE_COLOUR('',#8291);
#8468 = OVER_RIDING_STYLED_ITEM('overriding color',(#8469),#2205,#8274);
#8469 = PRESENTATION_STYLE_ASSIGNMENT((#8470));
#8470 = SURFACE_STYLE_USAGE(.BOTH.,#8471);
#8471 = SURFACE_SIDE_STYLE('',(#8472));
#8472 = SURFACE_STYLE_FILL_AREA(#8473);
#8473 = FILL_AREA_STYLE('',(#8474));
#8474 = FILL_AREA_STYLE_COLOUR('',#8291);
#8475 = OVER_RIDING_STYLED_ITEM('overriding color',(#8476),#2220,#8274);
#8476 = PRESENTATION_STYLE_ASSIGNMENT((#8477));
#8477 = SURFACE_STYLE_USAGE(.BOTH.,#8478);
#8478 = SURFACE_SIDE_STYLE('',(#8479));
#8479 = SURFACE_STYLE_FILL_AREA(#8480);
#8480 = FILL_AREA_STYLE('',(#8481));
#8481 = FILL_AREA_STYLE_COLOUR('',#8482);
#8482 = COLOUR_RGB('',0.850980378684,0.850980378684,0.850980378684);
#8483 = OVER_RIDING_STYLED_ITEM('overriding color',(#8484),#2248,#8274);
#8484 = PRESENTATION_STYLE_ASSIGNMENT((#8485));
#8485 = SURFACE_STYLE_USAGE(.BOTH.,#8486);
#8486 = SURFACE_SIDE_STYLE('',(#8487));
#8487 = SURFACE_STYLE_FILL_AREA(#8488);
#8488 = FILL_AREA_STYLE('',(#8489));
#8489 = FILL_AREA_STYLE_COLOUR('',#8482);
#8490 = OVER_RIDING_STYLED_ITEM('overriding color',(#8491),#2278,#8274);
#8491 = PRESENTATION_STYLE_ASSIGNMENT((#8492));
#8492 = SURFACE_STYLE_USAGE(.BOTH.,#8493);
#8493 = SURFACE_SIDE_STYLE('',(#8494));
#8494 = SURFACE_STYLE_FILL_AREA(#8495);
#8495 = FILL_AREA_STYLE('',(#8496));
#8496 = FILL_AREA_STYLE_COLOUR('',#8482);
#8497 = OVER_RIDING_STYLED_ITEM('overriding color',(#8498),#2308,#8274);
#8498 = PRESENTATION_STYLE_ASSIGNMENT((#8499));
#8499 = SURFACE_STYLE_USAGE(.BOTH.,#8500);
#8500 = SURFACE_SIDE_STYLE('',(#8501));
#8501 = SURFACE_STYLE_FILL_AREA(#8502);
#8502 = FILL_AREA_STYLE('',(#8503));
#8503 = FILL_AREA_STYLE_COLOUR('',#8482);
#8504 = OVER_RIDING_STYLED_ITEM('overriding color',(#8505),#2324,#8274);
#8505 = PRESENTATION_STYLE_ASSIGNMENT((#8506));
#8506 = SURFACE_STYLE_USAGE(.BOTH.,#8507);
#8507 = SURFACE_SIDE_STYLE('',(#8508));
#8508 = SURFACE_STYLE_FILL_AREA(#8509);
#8509 = FILL_AREA_STYLE('',(#8510));
#8510 = FILL_AREA_STYLE_COLOUR('',#8482);
#8511 = OVER_RIDING_STYLED_ITEM('overriding color',(#8512),#2340,#8274);
#8512 = PRESENTATION_STYLE_ASSIGNMENT((#8513));
#8513 = SURFACE_STYLE_USAGE(.BOTH.,#8514);
#8514 = SURFACE_SIDE_STYLE('',(#8515));
#8515 = SURFACE_STYLE_FILL_AREA(#8516);
#8516 = FILL_AREA_STYLE('',(#8517));
#8517 = FILL_AREA_STYLE_COLOUR('',#8482);
#8518 = OVER_RIDING_STYLED_ITEM('overriding color',(#8519),#2352,#8274);
#8519 = PRESENTATION_STYLE_ASSIGNMENT((#8520));
#8520 = SURFACE_STYLE_USAGE(.BOTH.,#8521);
#8521 = SURFACE_SIDE_STYLE('',(#8522));
#8522 = SURFACE_STYLE_FILL_AREA(#8523);
#8523 = FILL_AREA_STYLE('',(#8524));
#8524 = FILL_AREA_STYLE_COLOUR('',#8482);
#8525 = OVER_RIDING_STYLED_ITEM('overriding color',(#8526),#2380,#8274);
#8526 = PRESENTATION_STYLE_ASSIGNMENT((#8527));
#8527 = SURFACE_STYLE_USAGE(.BOTH.,#8528);
#8528 = SURFACE_SIDE_STYLE('',(#8529));
#8529 = SURFACE_STYLE_FILL_AREA(#8530);
#8530 = FILL_AREA_STYLE('',(#8531));
#8531 = FILL_AREA_STYLE_COLOUR('',#8482);
#8532 = OVER_RIDING_STYLED_ITEM('overriding color',(#8533),#2408,#8274);
#8533 = PRESENTATION_STYLE_ASSIGNMENT((#8534));
#8534 = SURFACE_STYLE_USAGE(.BOTH.,#8535);
#8535 = SURFACE_SIDE_STYLE('',(#8536));
#8536 = SURFACE_STYLE_FILL_AREA(#8537);
#8537 = FILL_AREA_STYLE('',(#8538));
#8538 = FILL_AREA_STYLE_COLOUR('',#8482);
#8539 = OVER_RIDING_STYLED_ITEM('overriding color',(#8540),#2432,#8274);
#8540 = PRESENTATION_STYLE_ASSIGNMENT((#8541));
#8541 = SURFACE_STYLE_USAGE(.BOTH.,#8542);
#8542 = SURFACE_SIDE_STYLE('',(#8543));
#8543 = SURFACE_STYLE_FILL_AREA(#8544);
#8544 = FILL_AREA_STYLE('',(#8545));
#8545 = FILL_AREA_STYLE_COLOUR('',#8482);
#8546 = OVER_RIDING_STYLED_ITEM('overriding color',(#8547),#2454,#8274);
#8547 = PRESENTATION_STYLE_ASSIGNMENT((#8548));
#8548 = SURFACE_STYLE_USAGE(.BOTH.,#8549);
#8549 = SURFACE_SIDE_STYLE('',(#8550));
#8550 = SURFACE_STYLE_FILL_AREA(#8551);
#8551 = FILL_AREA_STYLE('',(#8552));
#8552 = FILL_AREA_STYLE_COLOUR('',#8482);
#8553 = OVER_RIDING_STYLED_ITEM('overriding color',(#8554),#2472,#8274);
#8554 = PRESENTATION_STYLE_ASSIGNMENT((#8555));
#8555 = SURFACE_STYLE_USAGE(.BOTH.,#8556);
#8556 = SURFACE_SIDE_STYLE('',(#8557));
#8557 = SURFACE_STYLE_FILL_AREA(#8558);
#8558 = FILL_AREA_STYLE('',(#8559));
#8559 = FILL_AREA_STYLE_COLOUR('',#8482);
#8560 = OVER_RIDING_STYLED_ITEM('overriding color',(#8561),#2484,#8274);
#8561 = PRESENTATION_STYLE_ASSIGNMENT((#8562));
#8562 = SURFACE_STYLE_USAGE(.BOTH.,#8563);
#8563 = SURFACE_SIDE_STYLE('',(#8564));
#8564 = SURFACE_STYLE_FILL_AREA(#8565);
#8565 = FILL_AREA_STYLE('',(#8566));
#8566 = FILL_AREA_STYLE_COLOUR('',#8281);
#8567 = OVER_RIDING_STYLED_ITEM('overriding color',(#8568),#2512,#8274);
#8568 = PRESENTATION_STYLE_ASSIGNMENT((#8569));
#8569 = SURFACE_STYLE_USAGE(.BOTH.,#8570);
#8570 = SURFACE_SIDE_STYLE('',(#8571));
#8571 = SURFACE_STYLE_FILL_AREA(#8572);
#8572 = FILL_AREA_STYLE('',(#8573));
#8573 = FILL_AREA_STYLE_COLOUR('',#8281);
#8574 = OVER_RIDING_STYLED_ITEM('overriding color',(#8575),#2534,#8274);
#8575 = PRESENTATION_STYLE_ASSIGNMENT((#8576));
#8576 = SURFACE_STYLE_USAGE(.BOTH.,#8577);
#8577 = SURFACE_SIDE_STYLE('',(#8578));
#8578 = SURFACE_STYLE_FILL_AREA(#8579);
#8579 = FILL_AREA_STYLE('',(#8580));
#8580 = FILL_AREA_STYLE_COLOUR('',#8281);
#8581 = OVER_RIDING_STYLED_ITEM('overriding color',(#8582),#2556,#8274);
#8582 = PRESENTATION_STYLE_ASSIGNMENT((#8583));
#8583 = SURFACE_STYLE_USAGE(.BOTH.,#8584);
#8584 = SURFACE_SIDE_STYLE('',(#8585));
#8585 = SURFACE_STYLE_FILL_AREA(#8586);
#8586 = FILL_AREA_STYLE('',(#8587));
#8587 = FILL_AREA_STYLE_COLOUR('',#8281);
#8588 = OVER_RIDING_STYLED_ITEM('overriding color',(#8589),#2578,#8274);
#8589 = PRESENTATION_STYLE_ASSIGNMENT((#8590));
#8590 = SURFACE_STYLE_USAGE(.BOTH.,#8591);
#8591 = SURFACE_SIDE_STYLE('',(#8592));
#8592 = SURFACE_STYLE_FILL_AREA(#8593);
#8593 = FILL_AREA_STYLE('',(#8594));
#8594 = FILL_AREA_STYLE_COLOUR('',#8281);
#8595 = OVER_RIDING_STYLED_ITEM('overriding color',(#8596),#2600,#8274);
#8596 = PRESENTATION_STYLE_ASSIGNMENT((#8597));
#8597 = SURFACE_STYLE_USAGE(.BOTH.,#8598);
#8598 = SURFACE_SIDE_STYLE('',(#8599));
#8599 = SURFACE_STYLE_FILL_AREA(#8600);
#8600 = FILL_AREA_STYLE('',(#8601));
#8601 = FILL_AREA_STYLE_COLOUR('',#8281);
#8602 = OVER_RIDING_STYLED_ITEM('overriding color',(#8603),#2616,#8274);
#8603 = PRESENTATION_STYLE_ASSIGNMENT((#8604));
#8604 = SURFACE_STYLE_USAGE(.BOTH.,#8605);
#8605 = SURFACE_SIDE_STYLE('',(#8606));
#8606 = SURFACE_STYLE_FILL_AREA(#8607);
#8607 = FILL_AREA_STYLE('',(#8608));
#8608 = FILL_AREA_STYLE_COLOUR('',#8281);
#8609 = OVER_RIDING_STYLED_ITEM('overriding color',(#8610),#2630,#8274);
#8610 = PRESENTATION_STYLE_ASSIGNMENT((#8611));
#8611 = SURFACE_STYLE_USAGE(.BOTH.,#8612);
#8612 = SURFACE_SIDE_STYLE('',(#8613));
#8613 = SURFACE_STYLE_FILL_AREA(#8614);
#8614 = FILL_AREA_STYLE('',(#8615));
#8615 = FILL_AREA_STYLE_COLOUR('',#8281);
#8616 = OVER_RIDING_STYLED_ITEM('overriding color',(#8617),#2664,#8274);
#8617 = PRESENTATION_STYLE_ASSIGNMENT((#8618));
#8618 = SURFACE_STYLE_USAGE(.BOTH.,#8619);
#8619 = SURFACE_SIDE_STYLE('',(#8620));
#8620 = SURFACE_STYLE_FILL_AREA(#8621);
#8621 = FILL_AREA_STYLE('',(#8622));
#8622 = FILL_AREA_STYLE_COLOUR('',#8281);
#8623 = OVER_RIDING_STYLED_ITEM('overriding color',(#8624),#2686,#8274);
#8624 = PRESENTATION_STYLE_ASSIGNMENT((#8625));
#8625 = SURFACE_STYLE_USAGE(.BOTH.,#8626);
#8626 = SURFACE_SIDE_STYLE('',(#8627));
#8627 = SURFACE_STYLE_FILL_AREA(#8628);
#8628 = FILL_AREA_STYLE('',(#8629));
#8629 = FILL_AREA_STYLE_COLOUR('',#8281);
#8630 = OVER_RIDING_STYLED_ITEM('overriding color',(#8631),#2714,#8274);
#8631 = PRESENTATION_STYLE_ASSIGNMENT((#8632));
#8632 = SURFACE_STYLE_USAGE(.BOTH.,#8633);
#8633 = SURFACE_SIDE_STYLE('',(#8634));
#8634 = SURFACE_STYLE_FILL_AREA(#8635);
#8635 = FILL_AREA_STYLE('',(#8636));
#8636 = FILL_AREA_STYLE_COLOUR('',#8281);
#8637 = OVER_RIDING_STYLED_ITEM('overriding color',(#8638),#2742,#8274);
#8638 = PRESENTATION_STYLE_ASSIGNMENT((#8639));
#8639 = SURFACE_STYLE_USAGE(.BOTH.,#8640);
#8640 = SURFACE_SIDE_STYLE('',(#8641));
#8641 = SURFACE_STYLE_FILL_AREA(#8642);
#8642 = FILL_AREA_STYLE('',(#8643));
#8643 = FILL_AREA_STYLE_COLOUR('',#8281);
#8644 = OVER_RIDING_STYLED_ITEM('overriding color',(#8645),#2770,#8274);
#8645 = PRESENTATION_STYLE_ASSIGNMENT((#8646));
#8646 = SURFACE_STYLE_USAGE(.BOTH.,#8647);
#8647 = SURFACE_SIDE_STYLE('',(#8648));
#8648 = SURFACE_STYLE_FILL_AREA(#8649);
#8649 = FILL_AREA_STYLE('',(#8650));
#8650 = FILL_AREA_STYLE_COLOUR('',#8281);
#8651 = OVER_RIDING_STYLED_ITEM('overriding color',(#8652),#2798,#8274);
#8652 = PRESENTATION_STYLE_ASSIGNMENT((#8653));
#8653 = SURFACE_STYLE_USAGE(.BOTH.,#8654);
#8654 = SURFACE_SIDE_STYLE('',(#8655));
#8655 = SURFACE_STYLE_FILL_AREA(#8656);
#8656 = FILL_AREA_STYLE('',(#8657));
#8657 = FILL_AREA_STYLE_COLOUR('',#8281);
#8658 = OVER_RIDING_STYLED_ITEM('overriding color',(#8659),#2826,#8274);
#8659 = PRESENTATION_STYLE_ASSIGNMENT((#8660));
#8660 = SURFACE_STYLE_USAGE(.BOTH.,#8661);
#8661 = SURFACE_SIDE_STYLE('',(#8662));
#8662 = SURFACE_STYLE_FILL_AREA(#8663);
#8663 = FILL_AREA_STYLE('',(#8664));
#8664 = FILL_AREA_STYLE_COLOUR('',#8281);
#8665 = OVER_RIDING_STYLED_ITEM('overriding color',(#8666),#2854,#8274);
#8666 = PRESENTATION_STYLE_ASSIGNMENT((#8667));
#8667 = SURFACE_STYLE_USAGE(.BOTH.,#8668);
#8668 = SURFACE_SIDE_STYLE('',(#8669));
#8669 = SURFACE_STYLE_FILL_AREA(#8670);
#8670 = FILL_AREA_STYLE('',(#8671));
#8671 = FILL_AREA_STYLE_COLOUR('',#8281);
#8672 = OVER_RIDING_STYLED_ITEM('overriding color',(#8673),#2876,#8274);
#8673 = PRESENTATION_STYLE_ASSIGNMENT((#8674));
#8674 = SURFACE_STYLE_USAGE(.BOTH.,#8675);
#8675 = SURFACE_SIDE_STYLE('',(#8676));
#8676 = SURFACE_STYLE_FILL_AREA(#8677);
#8677 = FILL_AREA_STYLE('',(#8678));
#8678 = FILL_AREA_STYLE_COLOUR('',#8281);
#8679 = OVER_RIDING_STYLED_ITEM('overriding color',(#8680),#2904,#8274);
#8680 = PRESENTATION_STYLE_ASSIGNMENT((#8681));
#8681 = SURFACE_STYLE_USAGE(.BOTH.,#8682);
#8682 = SURFACE_SIDE_STYLE('',(#8683));
#8683 = SURFACE_STYLE_FILL_AREA(#8684);
#8684 = FILL_AREA_STYLE('',(#8685));
#8685 = FILL_AREA_STYLE_COLOUR('',#8281);
#8686 = OVER_RIDING_STYLED_ITEM('overriding color',(#8687),#2932,#8274);
#8687 = PRESENTATION_STYLE_ASSIGNMENT((#8688));
#8688 = SURFACE_STYLE_USAGE(.BOTH.,#8689);
#8689 = SURFACE_SIDE_STYLE('',(#8690));
#8690 = SURFACE_STYLE_FILL_AREA(#8691);
#8691 = FILL_AREA_STYLE('',(#8692));
#8692 = FILL_AREA_STYLE_COLOUR('',#8281);
#8693 = OVER_RIDING_STYLED_ITEM('overriding color',(#8694),#2960,#8274);
#8694 = PRESENTATION_STYLE_ASSIGNMENT((#8695));
#8695 = SURFACE_STYLE_USAGE(.BOTH.,#8696);
#8696 = SURFACE_SIDE_STYLE('',(#8697));
#8697 = SURFACE_STYLE_FILL_AREA(#8698);
#8698 = FILL_AREA_STYLE('',(#8699));
#8699 = FILL_AREA_STYLE_COLOUR('',#8281);
#8700 = OVER_RIDING_STYLED_ITEM('overriding color',(#8701),#2988,#8274);
#8701 = PRESENTATION_STYLE_ASSIGNMENT((#8702));
#8702 = SURFACE_STYLE_USAGE(.BOTH.,#8703);
#8703 = SURFACE_SIDE_STYLE('',(#8704));
#8704 = SURFACE_STYLE_FILL_AREA(#8705);
#8705 = FILL_AREA_STYLE('',(#8706));
#8706 = FILL_AREA_STYLE_COLOUR('',#8281);
#8707 = OVER_RIDING_STYLED_ITEM('overriding color',(#8708),#3010,#8274);
#8708 = PRESENTATION_STYLE_ASSIGNMENT((#8709));
#8709 = SURFACE_STYLE_USAGE(.BOTH.,#8710);
#8710 = SURFACE_SIDE_STYLE('',(#8711));
#8711 = SURFACE_STYLE_FILL_AREA(#8712);
#8712 = FILL_AREA_STYLE('',(#8713));
#8713 = FILL_AREA_STYLE_COLOUR('',#8281);
#8714 = OVER_RIDING_STYLED_ITEM('overriding color',(#8715),#3032,#8274);
#8715 = PRESENTATION_STYLE_ASSIGNMENT((#8716));
#8716 = SURFACE_STYLE_USAGE(.BOTH.,#8717);
#8717 = SURFACE_SIDE_STYLE('',(#8718));
#8718 = SURFACE_STYLE_FILL_AREA(#8719);
#8719 = FILL_AREA_STYLE('',(#8720));
#8720 = FILL_AREA_STYLE_COLOUR('',#8281);
#8721 = OVER_RIDING_STYLED_ITEM('overriding color',(#8722),#3060,#8274);
#8722 = PRESENTATION_STYLE_ASSIGNMENT((#8723));
#8723 = SURFACE_STYLE_USAGE(.BOTH.,#8724);
#8724 = SURFACE_SIDE_STYLE('',(#8725));
#8725 = SURFACE_STYLE_FILL_AREA(#8726);
#8726 = FILL_AREA_STYLE('',(#8727));
#8727 = FILL_AREA_STYLE_COLOUR('',#8281);
#8728 = OVER_RIDING_STYLED_ITEM('overriding color',(#8729),#3082,#8274);
#8729 = PRESENTATION_STYLE_ASSIGNMENT((#8730));
#8730 = SURFACE_STYLE_USAGE(.BOTH.,#8731);
#8731 = SURFACE_SIDE_STYLE('',(#8732));
#8732 = SURFACE_STYLE_FILL_AREA(#8733);
#8733 = FILL_AREA_STYLE('',(#8734));
#8734 = FILL_AREA_STYLE_COLOUR('',#8281);
#8735 = OVER_RIDING_STYLED_ITEM('overriding color',(#8736),#3104,#8274);
#8736 = PRESENTATION_STYLE_ASSIGNMENT((#8737));
#8737 = SURFACE_STYLE_USAGE(.BOTH.,#8738);
#8738 = SURFACE_SIDE_STYLE('',(#8739));
#8739 = SURFACE_STYLE_FILL_AREA(#8740);
#8740 = FILL_AREA_STYLE('',(#8741));
#8741 = FILL_AREA_STYLE_COLOUR('',#8281);
#8742 = OVER_RIDING_STYLED_ITEM('overriding color',(#8743),#3126,#8274);
#8743 = PRESENTATION_STYLE_ASSIGNMENT((#8744));
#8744 = SURFACE_STYLE_USAGE(.BOTH.,#8745);
#8745 = SURFACE_SIDE_STYLE('',(#8746));
#8746 = SURFACE_STYLE_FILL_AREA(#8747);
#8747 = FILL_AREA_STYLE('',(#8748));
#8748 = FILL_AREA_STYLE_COLOUR('',#8281);
#8749 = OVER_RIDING_STYLED_ITEM('overriding color',(#8750),#3148,#8274);
#8750 = PRESENTATION_STYLE_ASSIGNMENT((#8751));
#8751 = SURFACE_STYLE_USAGE(.BOTH.,#8752);
#8752 = SURFACE_SIDE_STYLE('',(#8753));
#8753 = SURFACE_STYLE_FILL_AREA(#8754);
#8754 = FILL_AREA_STYLE('',(#8755));
#8755 = FILL_AREA_STYLE_COLOUR('',#8281);
#8756 = OVER_RIDING_STYLED_ITEM('overriding color',(#8757),#3170,#8274);
#8757 = PRESENTATION_STYLE_ASSIGNMENT((#8758));
#8758 = SURFACE_STYLE_USAGE(.BOTH.,#8759);
#8759 = SURFACE_SIDE_STYLE('',(#8760));
#8760 = SURFACE_STYLE_FILL_AREA(#8761);
#8761 = FILL_AREA_STYLE('',(#8762));
#8762 = FILL_AREA_STYLE_COLOUR('',#8281);
#8763 = OVER_RIDING_STYLED_ITEM('overriding color',(#8764),#3192,#8274);
#8764 = PRESENTATION_STYLE_ASSIGNMENT((#8765));
#8765 = SURFACE_STYLE_USAGE(.BOTH.,#8766);
#8766 = SURFACE_SIDE_STYLE('',(#8767));
#8767 = SURFACE_STYLE_FILL_AREA(#8768);
#8768 = FILL_AREA_STYLE('',(#8769));
#8769 = FILL_AREA_STYLE_COLOUR('',#8281);
#8770 = OVER_RIDING_STYLED_ITEM('overriding color',(#8771),#3214,#8274);
#8771 = PRESENTATION_STYLE_ASSIGNMENT((#8772));
#8772 = SURFACE_STYLE_USAGE(.BOTH.,#8773);
#8773 = SURFACE_SIDE_STYLE('',(#8774));
#8774 = SURFACE_STYLE_FILL_AREA(#8775);
#8775 = FILL_AREA_STYLE('',(#8776));
#8776 = FILL_AREA_STYLE_COLOUR('',#8281);
#8777 = OVER_RIDING_STYLED_ITEM('overriding color',(#8778),#3236,#8274);
#8778 = PRESENTATION_STYLE_ASSIGNMENT((#8779));
#8779 = SURFACE_STYLE_USAGE(.BOTH.,#8780);
#8780 = SURFACE_SIDE_STYLE('',(#8781));
#8781 = SURFACE_STYLE_FILL_AREA(#8782);
#8782 = FILL_AREA_STYLE('',(#8783));
#8783 = FILL_AREA_STYLE_COLOUR('',#8281);
#8784 = OVER_RIDING_STYLED_ITEM('overriding color',(#8785),#3258,#8274);
#8785 = PRESENTATION_STYLE_ASSIGNMENT((#8786));
#8786 = SURFACE_STYLE_USAGE(.BOTH.,#8787);
#8787 = SURFACE_SIDE_STYLE('',(#8788));
#8788 = SURFACE_STYLE_FILL_AREA(#8789);
#8789 = FILL_AREA_STYLE('',(#8790));
#8790 = FILL_AREA_STYLE_COLOUR('',#8281);
#8791 = OVER_RIDING_STYLED_ITEM('overriding color',(#8792),#3280,#8274);
#8792 = PRESENTATION_STYLE_ASSIGNMENT((#8793));
#8793 = SURFACE_STYLE_USAGE(.BOTH.,#8794);
#8794 = SURFACE_SIDE_STYLE('',(#8795));
#8795 = SURFACE_STYLE_FILL_AREA(#8796);
#8796 = FILL_AREA_STYLE('',(#8797));
#8797 = FILL_AREA_STYLE_COLOUR('',#8281);
#8798 = OVER_RIDING_STYLED_ITEM('overriding color',(#8799),#3296,#8274);
#8799 = PRESENTATION_STYLE_ASSIGNMENT((#8800));
#8800 = SURFACE_STYLE_USAGE(.BOTH.,#8801);
#8801 = SURFACE_SIDE_STYLE('',(#8802));
#8802 = SURFACE_STYLE_FILL_AREA(#8803);
#8803 = FILL_AREA_STYLE('',(#8804));
#8804 = FILL_AREA_STYLE_COLOUR('',#8281);
#8805 = OVER_RIDING_STYLED_ITEM('overriding color',(#8806),#3316,#8274);
#8806 = PRESENTATION_STYLE_ASSIGNMENT((#8807));
#8807 = SURFACE_STYLE_USAGE(.BOTH.,#8808);
#8808 = SURFACE_SIDE_STYLE('',(#8809));
#8809 = SURFACE_STYLE_FILL_AREA(#8810);
#8810 = FILL_AREA_STYLE('',(#8811));
#8811 = FILL_AREA_STYLE_COLOUR('',#8281);
#8812 = OVER_RIDING_STYLED_ITEM('overriding color',(#8813),#3440,#8274);
#8813 = PRESENTATION_STYLE_ASSIGNMENT((#8814));
#8814 = SURFACE_STYLE_USAGE(.BOTH.,#8815);
#8815 = SURFACE_SIDE_STYLE('',(#8816));
#8816 = SURFACE_STYLE_FILL_AREA(#8817);
#8817 = FILL_AREA_STYLE('',(#8818));
#8818 = FILL_AREA_STYLE_COLOUR('',#8281);
#8819 = OVER_RIDING_STYLED_ITEM('overriding color',(#8820),#3460,#8274);
#8820 = PRESENTATION_STYLE_ASSIGNMENT((#8821));
#8821 = SURFACE_STYLE_USAGE(.BOTH.,#8822);
#8822 = SURFACE_SIDE_STYLE('',(#8823));
#8823 = SURFACE_STYLE_FILL_AREA(#8824);
#8824 = FILL_AREA_STYLE('',(#8825));
#8825 = FILL_AREA_STYLE_COLOUR('',#8281);
#8826 = OVER_RIDING_STYLED_ITEM('overriding color',(#8827),#3480,#8274);
#8827 = PRESENTATION_STYLE_ASSIGNMENT((#8828));
#8828 = SURFACE_STYLE_USAGE(.BOTH.,#8829);
#8829 = SURFACE_SIDE_STYLE('',(#8830));
#8830 = SURFACE_STYLE_FILL_AREA(#8831);
#8831 = FILL_AREA_STYLE('',(#8832));
#8832 = FILL_AREA_STYLE_COLOUR('',#8281);
#8833 = OVER_RIDING_STYLED_ITEM('overriding color',(#8834),#3500,#8274);
#8834 = PRESENTATION_STYLE_ASSIGNMENT((#8835));
#8835 = SURFACE_STYLE_USAGE(.BOTH.,#8836);
#8836 = SURFACE_SIDE_STYLE('',(#8837));
#8837 = SURFACE_STYLE_FILL_AREA(#8838);
#8838 = FILL_AREA_STYLE('',(#8839));
#8839 = FILL_AREA_STYLE_COLOUR('',#8281);
#8840 = OVER_RIDING_STYLED_ITEM('overriding color',(#8841),#3520,#8274);
#8841 = PRESENTATION_STYLE_ASSIGNMENT((#8842));
#8842 = SURFACE_STYLE_USAGE(.BOTH.,#8843);
#8843 = SURFACE_SIDE_STYLE('',(#8844));
#8844 = SURFACE_STYLE_FILL_AREA(#8845);
#8845 = FILL_AREA_STYLE('',(#8846));
#8846 = FILL_AREA_STYLE_COLOUR('',#8281);
#8847 = OVER_RIDING_STYLED_ITEM('overriding color',(#8848),#3540,#8274);
#8848 = PRESENTATION_STYLE_ASSIGNMENT((#8849));
#8849 = SURFACE_STYLE_USAGE(.BOTH.,#8850);
#8850 = SURFACE_SIDE_STYLE('',(#8851));
#8851 = SURFACE_STYLE_FILL_AREA(#8852);
#8852 = FILL_AREA_STYLE('',(#8853));
#8853 = FILL_AREA_STYLE_COLOUR('',#8281);
#8854 = OVER_RIDING_STYLED_ITEM('overriding color',(#8855),#3556,#8274);
#8855 = PRESENTATION_STYLE_ASSIGNMENT((#8856));
#8856 = SURFACE_STYLE_USAGE(.BOTH.,#8857);
#8857 = SURFACE_SIDE_STYLE('',(#8858));
#8858 = SURFACE_STYLE_FILL_AREA(#8859);
#8859 = FILL_AREA_STYLE('',(#8860));
#8860 = FILL_AREA_STYLE_COLOUR('',#8281);
#8861 = OVER_RIDING_STYLED_ITEM('overriding color',(#8862),#3568,#8274);
#8862 = PRESENTATION_STYLE_ASSIGNMENT((#8863));
#8863 = SURFACE_STYLE_USAGE(.BOTH.,#8864);
#8864 = SURFACE_SIDE_STYLE('',(#8865));
#8865 = SURFACE_STYLE_FILL_AREA(#8866);
#8866 = FILL_AREA_STYLE('',(#8867));
#8867 = FILL_AREA_STYLE_COLOUR('',#8281);
#8868 = OVER_RIDING_STYLED_ITEM('overriding color',(#8869),#3596,#8274);
#8869 = PRESENTATION_STYLE_ASSIGNMENT((#8870));
#8870 = SURFACE_STYLE_USAGE(.BOTH.,#8871);
#8871 = SURFACE_SIDE_STYLE('',(#8872));
#8872 = SURFACE_STYLE_FILL_AREA(#8873);
#8873 = FILL_AREA_STYLE('',(#8874));
#8874 = FILL_AREA_STYLE_COLOUR('',#8281);
#8875 = OVER_RIDING_STYLED_ITEM('overriding color',(#8876),#3618,#8274);
#8876 = PRESENTATION_STYLE_ASSIGNMENT((#8877));
#8877 = SURFACE_STYLE_USAGE(.BOTH.,#8878);
#8878 = SURFACE_SIDE_STYLE('',(#8879));
#8879 = SURFACE_STYLE_FILL_AREA(#8880);
#8880 = FILL_AREA_STYLE('',(#8881));
#8881 = FILL_AREA_STYLE_COLOUR('',#8281);
#8882 = OVER_RIDING_STYLED_ITEM('overriding color',(#8883),#3640,#8274);
#8883 = PRESENTATION_STYLE_ASSIGNMENT((#8884));
#8884 = SURFACE_STYLE_USAGE(.BOTH.,#8885);
#8885 = SURFACE_SIDE_STYLE('',(#8886));
#8886 = SURFACE_STYLE_FILL_AREA(#8887);
#8887 = FILL_AREA_STYLE('',(#8888));
#8888 = FILL_AREA_STYLE_COLOUR('',#8281);
#8889 = OVER_RIDING_STYLED_ITEM('overriding color',(#8890),#3668,#8274);
#8890 = PRESENTATION_STYLE_ASSIGNMENT((#8891));
#8891 = SURFACE_STYLE_USAGE(.BOTH.,#8892);
#8892 = SURFACE_SIDE_STYLE('',(#8893));
#8893 = SURFACE_STYLE_FILL_AREA(#8894);
#8894 = FILL_AREA_STYLE('',(#8895));
#8895 = FILL_AREA_STYLE_COLOUR('',#8281);
#8896 = OVER_RIDING_STYLED_ITEM('overriding color',(#8897),#3696,#8274);
#8897 = PRESENTATION_STYLE_ASSIGNMENT((#8898));
#8898 = SURFACE_STYLE_USAGE(.BOTH.,#8899);
#8899 = SURFACE_SIDE_STYLE('',(#8900));
#8900 = SURFACE_STYLE_FILL_AREA(#8901);
#8901 = FILL_AREA_STYLE('',(#8902));
#8902 = FILL_AREA_STYLE_COLOUR('',#8281);
#8903 = OVER_RIDING_STYLED_ITEM('overriding color',(#8904),#3724,#8274);
#8904 = PRESENTATION_STYLE_ASSIGNMENT((#8905));
#8905 = SURFACE_STYLE_USAGE(.BOTH.,#8906);
#8906 = SURFACE_SIDE_STYLE('',(#8907));
#8907 = SURFACE_STYLE_FILL_AREA(#8908);
#8908 = FILL_AREA_STYLE('',(#8909));
#8909 = FILL_AREA_STYLE_COLOUR('',#8281);
#8910 = OVER_RIDING_STYLED_ITEM('overriding color',(#8911),#3746,#8274);
#8911 = PRESENTATION_STYLE_ASSIGNMENT((#8912));
#8912 = SURFACE_STYLE_USAGE(.BOTH.,#8913);
#8913 = SURFACE_SIDE_STYLE('',(#8914));
#8914 = SURFACE_STYLE_FILL_AREA(#8915);
#8915 = FILL_AREA_STYLE('',(#8916));
#8916 = FILL_AREA_STYLE_COLOUR('',#8291);
#8917 = OVER_RIDING_STYLED_ITEM('overriding color',(#8918),#3761,#8274);
#8918 = PRESENTATION_STYLE_ASSIGNMENT((#8919));
#8919 = SURFACE_STYLE_USAGE(.BOTH.,#8920);
#8920 = SURFACE_SIDE_STYLE('',(#8921));
#8921 = SURFACE_STYLE_FILL_AREA(#8922);
#8922 = FILL_AREA_STYLE('',(#8923));
#8923 = FILL_AREA_STYLE_COLOUR('',#8281);
#8924 = OVER_RIDING_STYLED_ITEM('overriding color',(#8925),#3873,#8274);
#8925 = PRESENTATION_STYLE_ASSIGNMENT((#8926));
#8926 = SURFACE_STYLE_USAGE(.BOTH.,#8927);
#8927 = SURFACE_SIDE_STYLE('',(#8928));
#8928 = SURFACE_STYLE_FILL_AREA(#8929);
#8929 = FILL_AREA_STYLE('',(#8930));
#8930 = FILL_AREA_STYLE_COLOUR('',#8281);
#8931 = OVER_RIDING_STYLED_ITEM('overriding color',(#8932),#3893,#8274);
#8932 = PRESENTATION_STYLE_ASSIGNMENT((#8933));
#8933 = SURFACE_STYLE_USAGE(.BOTH.,#8934);
#8934 = SURFACE_SIDE_STYLE('',(#8935));
#8935 = SURFACE_STYLE_FILL_AREA(#8936);
#8936 = FILL_AREA_STYLE('',(#8937));
#8937 = FILL_AREA_STYLE_COLOUR('',#8281);
#8938 = OVER_RIDING_STYLED_ITEM('overriding color',(#8939),#3909,#8274);
#8939 = PRESENTATION_STYLE_ASSIGNMENT((#8940));
#8940 = SURFACE_STYLE_USAGE(.BOTH.,#8941);
#8941 = SURFACE_SIDE_STYLE('',(#8942));
#8942 = SURFACE_STYLE_FILL_AREA(#8943);
#8943 = FILL_AREA_STYLE('',(#8944));
#8944 = FILL_AREA_STYLE_COLOUR('',#8281);
#8945 = OVER_RIDING_STYLED_ITEM('overriding color',(#8946),#3925,#8274);
#8946 = PRESENTATION_STYLE_ASSIGNMENT((#8947));
#8947 = SURFACE_STYLE_USAGE(.BOTH.,#8948);
#8948 = SURFACE_SIDE_STYLE('',(#8949));
#8949 = SURFACE_STYLE_FILL_AREA(#8950);
#8950 = FILL_AREA_STYLE('',(#8951));
#8951 = FILL_AREA_STYLE_COLOUR('',#8281);
#8952 = OVER_RIDING_STYLED_ITEM('overriding color',(#8953),#3941,#8274);
#8953 = PRESENTATION_STYLE_ASSIGNMENT((#8954));
#8954 = SURFACE_STYLE_USAGE(.BOTH.,#8955);
#8955 = SURFACE_SIDE_STYLE('',(#8956));
#8956 = SURFACE_STYLE_FILL_AREA(#8957);
#8957 = FILL_AREA_STYLE('',(#8958));
#8958 = FILL_AREA_STYLE_COLOUR('',#8281);
#8959 = OVER_RIDING_STYLED_ITEM('overriding color',(#8960),#3957,#8274);
#8960 = PRESENTATION_STYLE_ASSIGNMENT((#8961));
#8961 = SURFACE_STYLE_USAGE(.BOTH.,#8962);
#8962 = SURFACE_SIDE_STYLE('',(#8963));
#8963 = SURFACE_STYLE_FILL_AREA(#8964);
#8964 = FILL_AREA_STYLE('',(#8965));
#8965 = FILL_AREA_STYLE_COLOUR('',#8281);
#8966 = OVER_RIDING_STYLED_ITEM('overriding color',(#8967),#3973,#8274);
#8967 = PRESENTATION_STYLE_ASSIGNMENT((#8968));
#8968 = SURFACE_STYLE_USAGE(.BOTH.,#8969);
#8969 = SURFACE_SIDE_STYLE('',(#8970));
#8970 = SURFACE_STYLE_FILL_AREA(#8971);
#8971 = FILL_AREA_STYLE('',(#8972));
#8972 = FILL_AREA_STYLE_COLOUR('',#8281);
#8973 = OVER_RIDING_STYLED_ITEM('overriding color',(#8974),#3989,#8274);
#8974 = PRESENTATION_STYLE_ASSIGNMENT((#8975));
#8975 = SURFACE_STYLE_USAGE(.BOTH.,#8976);
#8976 = SURFACE_SIDE_STYLE('',(#8977));
#8977 = SURFACE_STYLE_FILL_AREA(#8978);
#8978 = FILL_AREA_STYLE('',(#8979));
#8979 = FILL_AREA_STYLE_COLOUR('',#8281);
#8980 = OVER_RIDING_STYLED_ITEM('overriding color',(#8981),#4001,#8274);
#8981 = PRESENTATION_STYLE_ASSIGNMENT((#8982));
#8982 = SURFACE_STYLE_USAGE(.BOTH.,#8983);
#8983 = SURFACE_SIDE_STYLE('',(#8984));
#8984 = SURFACE_STYLE_FILL_AREA(#8985);
#8985 = FILL_AREA_STYLE('',(#8986));
#8986 = FILL_AREA_STYLE_COLOUR('',#8281);
#8987 = OVER_RIDING_STYLED_ITEM('overriding color',(#8988),#4029,#8274);
#8988 = PRESENTATION_STYLE_ASSIGNMENT((#8989));
#8989 = SURFACE_STYLE_USAGE(.BOTH.,#8990);
#8990 = SURFACE_SIDE_STYLE('',(#8991));
#8991 = SURFACE_STYLE_FILL_AREA(#8992);
#8992 = FILL_AREA_STYLE('',(#8993));
#8993 = FILL_AREA_STYLE_COLOUR('',#8281);
#8994 = OVER_RIDING_STYLED_ITEM('overriding color',(#8995),#4051,#8274);
#8995 = PRESENTATION_STYLE_ASSIGNMENT((#8996));
#8996 = SURFACE_STYLE_USAGE(.BOTH.,#8997);
#8997 = SURFACE_SIDE_STYLE('',(#8998));
#8998 = SURFACE_STYLE_FILL_AREA(#8999);
#8999 = FILL_AREA_STYLE('',(#9000));
#9000 = FILL_AREA_STYLE_COLOUR('',#8281);
#9001 = OVER_RIDING_STYLED_ITEM('overriding color',(#9002),#4079,#8274);
#9002 = PRESENTATION_STYLE_ASSIGNMENT((#9003));
#9003 = SURFACE_STYLE_USAGE(.BOTH.,#9004);
#9004 = SURFACE_SIDE_STYLE('',(#9005));
#9005 = SURFACE_STYLE_FILL_AREA(#9006);
#9006 = FILL_AREA_STYLE('',(#9007));
#9007 = FILL_AREA_STYLE_COLOUR('',#8281);
#9008 = OVER_RIDING_STYLED_ITEM('overriding color',(#9009),#4101,#8274);
#9009 = PRESENTATION_STYLE_ASSIGNMENT((#9010));
#9010 = SURFACE_STYLE_USAGE(.BOTH.,#9011);
#9011 = SURFACE_SIDE_STYLE('',(#9012));
#9012 = SURFACE_STYLE_FILL_AREA(#9013);
#9013 = FILL_AREA_STYLE('',(#9014));
#9014 = FILL_AREA_STYLE_COLOUR('',#8281);
#9015 = OVER_RIDING_STYLED_ITEM('overriding color',(#9016),#4129,#8274);
#9016 = PRESENTATION_STYLE_ASSIGNMENT((#9017));
#9017 = SURFACE_STYLE_USAGE(.BOTH.,#9018);
#9018 = SURFACE_SIDE_STYLE('',(#9019));
#9019 = SURFACE_STYLE_FILL_AREA(#9020);
#9020 = FILL_AREA_STYLE('',(#9021));
#9021 = FILL_AREA_STYLE_COLOUR('',#8281);
#9022 = OVER_RIDING_STYLED_ITEM('overriding color',(#9023),#4145,#8274);
#9023 = PRESENTATION_STYLE_ASSIGNMENT((#9024));
#9024 = SURFACE_STYLE_USAGE(.BOTH.,#9025);
#9025 = SURFACE_SIDE_STYLE('',(#9026));
#9026 = SURFACE_STYLE_FILL_AREA(#9027);
#9027 = FILL_AREA_STYLE('',(#9028));
#9028 = FILL_AREA_STYLE_COLOUR('',#8291);
#9029 = OVER_RIDING_STYLED_ITEM('overriding color',(#9030),#4159,#8274);
#9030 = PRESENTATION_STYLE_ASSIGNMENT((#9031));
#9031 = SURFACE_STYLE_USAGE(.BOTH.,#9032);
#9032 = SURFACE_SIDE_STYLE('',(#9033));
#9033 = SURFACE_STYLE_FILL_AREA(#9034);
#9034 = FILL_AREA_STYLE('',(#9035));
#9035 = FILL_AREA_STYLE_COLOUR('',#8281);
#9036 = OVER_RIDING_STYLED_ITEM('overriding color',(#9037),#4187,#8274);
#9037 = PRESENTATION_STYLE_ASSIGNMENT((#9038));
#9038 = SURFACE_STYLE_USAGE(.BOTH.,#9039);
#9039 = SURFACE_SIDE_STYLE('',(#9040));
#9040 = SURFACE_STYLE_FILL_AREA(#9041);
#9041 = FILL_AREA_STYLE('',(#9042));
#9042 = FILL_AREA_STYLE_COLOUR('',#8281);
#9043 = OVER_RIDING_STYLED_ITEM('overriding color',(#9044),#4209,#8274);
#9044 = PRESENTATION_STYLE_ASSIGNMENT((#9045));
#9045 = SURFACE_STYLE_USAGE(.BOTH.,#9046);
#9046 = SURFACE_SIDE_STYLE('',(#9047));
#9047 = SURFACE_STYLE_FILL_AREA(#9048);
#9048 = FILL_AREA_STYLE('',(#9049));
#9049 = FILL_AREA_STYLE_COLOUR('',#8281);
#9050 = OVER_RIDING_STYLED_ITEM('overriding color',(#9051),#4231,#8274);
#9051 = PRESENTATION_STYLE_ASSIGNMENT((#9052));
#9052 = SURFACE_STYLE_USAGE(.BOTH.,#9053);
#9053 = SURFACE_SIDE_STYLE('',(#9054));
#9054 = SURFACE_STYLE_FILL_AREA(#9055);
#9055 = FILL_AREA_STYLE('',(#9056));
#9056 = FILL_AREA_STYLE_COLOUR('',#8281);
#9057 = OVER_RIDING_STYLED_ITEM('overriding color',(#9058),#4253,#8274);
#9058 = PRESENTATION_STYLE_ASSIGNMENT((#9059));
#9059 = SURFACE_STYLE_USAGE(.BOTH.,#9060);
#9060 = SURFACE_SIDE_STYLE('',(#9061));
#9061 = SURFACE_STYLE_FILL_AREA(#9062);
#9062 = FILL_AREA_STYLE('',(#9063));
#9063 = FILL_AREA_STYLE_COLOUR('',#8281);
#9064 = OVER_RIDING_STYLED_ITEM('overriding color',(#9065),#4275,#8274);
#9065 = PRESENTATION_STYLE_ASSIGNMENT((#9066));
#9066 = SURFACE_STYLE_USAGE(.BOTH.,#9067);
#9067 = SURFACE_SIDE_STYLE('',(#9068));
#9068 = SURFACE_STYLE_FILL_AREA(#9069);
#9069 = FILL_AREA_STYLE('',(#9070));
#9070 = FILL_AREA_STYLE_COLOUR('',#8281);
#9071 = OVER_RIDING_STYLED_ITEM('overriding color',(#9072),#4297,#8274);
#9072 = PRESENTATION_STYLE_ASSIGNMENT((#9073));
#9073 = SURFACE_STYLE_USAGE(.BOTH.,#9074);
#9074 = SURFACE_SIDE_STYLE('',(#9075));
#9075 = SURFACE_STYLE_FILL_AREA(#9076);
#9076 = FILL_AREA_STYLE('',(#9077));
#9077 = FILL_AREA_STYLE_COLOUR('',#8281);
#9078 = OVER_RIDING_STYLED_ITEM('overriding color',(#9079),#4319,#8274);
#9079 = PRESENTATION_STYLE_ASSIGNMENT((#9080));
#9080 = SURFACE_STYLE_USAGE(.BOTH.,#9081);
#9081 = SURFACE_SIDE_STYLE('',(#9082));
#9082 = SURFACE_STYLE_FILL_AREA(#9083);
#9083 = FILL_AREA_STYLE('',(#9084));
#9084 = FILL_AREA_STYLE_COLOUR('',#8281);
#9085 = OVER_RIDING_STYLED_ITEM('overriding color',(#9086),#4341,#8274);
#9086 = PRESENTATION_STYLE_ASSIGNMENT((#9087));
#9087 = SURFACE_STYLE_USAGE(.BOTH.,#9088);
#9088 = SURFACE_SIDE_STYLE('',(#9089));
#9089 = SURFACE_STYLE_FILL_AREA(#9090);
#9090 = FILL_AREA_STYLE('',(#9091));
#9091 = FILL_AREA_STYLE_COLOUR('',#8281);
#9092 = OVER_RIDING_STYLED_ITEM('overriding color',(#9093),#4363,#8274);
#9093 = PRESENTATION_STYLE_ASSIGNMENT((#9094));
#9094 = SURFACE_STYLE_USAGE(.BOTH.,#9095);
#9095 = SURFACE_SIDE_STYLE('',(#9096));
#9096 = SURFACE_STYLE_FILL_AREA(#9097);
#9097 = FILL_AREA_STYLE('',(#9098));
#9098 = FILL_AREA_STYLE_COLOUR('',#8281);
#9099 = OVER_RIDING_STYLED_ITEM('overriding color',(#9100),#4385,#8274);
#9100 = PRESENTATION_STYLE_ASSIGNMENT((#9101));
#9101 = SURFACE_STYLE_USAGE(.BOTH.,#9102);
#9102 = SURFACE_SIDE_STYLE('',(#9103));
#9103 = SURFACE_STYLE_FILL_AREA(#9104);
#9104 = FILL_AREA_STYLE('',(#9105));
#9105 = FILL_AREA_STYLE_COLOUR('',#8281);
#9106 = OVER_RIDING_STYLED_ITEM('overriding color',(#9107),#4407,#8274);
#9107 = PRESENTATION_STYLE_ASSIGNMENT((#9108));
#9108 = SURFACE_STYLE_USAGE(.BOTH.,#9109);
#9109 = SURFACE_SIDE_STYLE('',(#9110));
#9110 = SURFACE_STYLE_FILL_AREA(#9111);
#9111 = FILL_AREA_STYLE('',(#9112));
#9112 = FILL_AREA_STYLE_COLOUR('',#8281);
#9113 = OVER_RIDING_STYLED_ITEM('overriding color',(#9114),#4423,#8274);
#9114 = PRESENTATION_STYLE_ASSIGNMENT((#9115));
#9115 = SURFACE_STYLE_USAGE(.BOTH.,#9116);
#9116 = SURFACE_SIDE_STYLE('',(#9117));
#9117 = SURFACE_STYLE_FILL_AREA(#9118);
#9118 = FILL_AREA_STYLE('',(#9119));
#9119 = FILL_AREA_STYLE_COLOUR('',#8281);
#9120 = OVER_RIDING_STYLED_ITEM('overriding color',(#9121),#4443,#8274);
#9121 = PRESENTATION_STYLE_ASSIGNMENT((#9122));
#9122 = SURFACE_STYLE_USAGE(.BOTH.,#9123);
#9123 = SURFACE_SIDE_STYLE('',(#9124));
#9124 = SURFACE_STYLE_FILL_AREA(#9125);
#9125 = FILL_AREA_STYLE('',(#9126));
#9126 = FILL_AREA_STYLE_COLOUR('',#8281);
#9127 = OVER_RIDING_STYLED_ITEM('overriding color',(#9128),#4635,#8274);
#9128 = PRESENTATION_STYLE_ASSIGNMENT((#9129));
#9129 = SURFACE_STYLE_USAGE(.BOTH.,#9130);
#9130 = SURFACE_SIDE_STYLE('',(#9131));
#9131 = SURFACE_STYLE_FILL_AREA(#9132);
#9132 = FILL_AREA_STYLE('',(#9133));
#9133 = FILL_AREA_STYLE_COLOUR('',#8281);
#9134 = OVER_RIDING_STYLED_ITEM('overriding color',(#9135),#4659,#8274);
#9135 = PRESENTATION_STYLE_ASSIGNMENT((#9136));
#9136 = SURFACE_STYLE_USAGE(.BOTH.,#9137);
#9137 = SURFACE_SIDE_STYLE('',(#9138));
#9138 = SURFACE_STYLE_FILL_AREA(#9139);
#9139 = FILL_AREA_STYLE('',(#9140));
#9140 = FILL_AREA_STYLE_COLOUR('',#8281);
#9141 = OVER_RIDING_STYLED_ITEM('overriding color',(#9142),#4675,#8274);
#9142 = PRESENTATION_STYLE_ASSIGNMENT((#9143));
#9143 = SURFACE_STYLE_USAGE(.BOTH.,#9144);
#9144 = SURFACE_SIDE_STYLE('',(#9145));
#9145 = SURFACE_STYLE_FILL_AREA(#9146);
#9146 = FILL_AREA_STYLE('',(#9147));
#9147 = FILL_AREA_STYLE_COLOUR('',#8281);
#9148 = OVER_RIDING_STYLED_ITEM('overriding color',(#9149),#4695,#8274);
#9149 = PRESENTATION_STYLE_ASSIGNMENT((#9150));
#9150 = SURFACE_STYLE_USAGE(.BOTH.,#9151);
#9151 = SURFACE_SIDE_STYLE('',(#9152));
#9152 = SURFACE_STYLE_FILL_AREA(#9153);
#9153 = FILL_AREA_STYLE('',(#9154));
#9154 = FILL_AREA_STYLE_COLOUR('',#8281);
#9155 = OVER_RIDING_STYLED_ITEM('overriding color',(#9156),#4715,#8274);
#9156 = PRESENTATION_STYLE_ASSIGNMENT((#9157));
#9157 = SURFACE_STYLE_USAGE(.BOTH.,#9158);
#9158 = SURFACE_SIDE_STYLE('',(#9159));
#9159 = SURFACE_STYLE_FILL_AREA(#9160);
#9160 = FILL_AREA_STYLE('',(#9161));
#9161 = FILL_AREA_STYLE_COLOUR('',#8281);
#9162 = OVER_RIDING_STYLED_ITEM('overriding color',(#9163),#4731,#8274);
#9163 = PRESENTATION_STYLE_ASSIGNMENT((#9164));
#9164 = SURFACE_STYLE_USAGE(.BOTH.,#9165);
#9165 = SURFACE_SIDE_STYLE('',(#9166));
#9166 = SURFACE_STYLE_FILL_AREA(#9167);
#9167 = FILL_AREA_STYLE('',(#9168));
#9168 = FILL_AREA_STYLE_COLOUR('',#8281);
#9169 = OVER_RIDING_STYLED_ITEM('overriding color',(#9170),#4751,#8274);
#9170 = PRESENTATION_STYLE_ASSIGNMENT((#9171));
#9171 = SURFACE_STYLE_USAGE(.BOTH.,#9172);
#9172 = SURFACE_SIDE_STYLE('',(#9173));
#9173 = SURFACE_STYLE_FILL_AREA(#9174);
#9174 = FILL_AREA_STYLE('',(#9175));
#9175 = FILL_AREA_STYLE_COLOUR('',#8281);
#9176 = OVER_RIDING_STYLED_ITEM('overriding color',(#9177),#4771,#8274);
#9177 = PRESENTATION_STYLE_ASSIGNMENT((#9178));
#9178 = SURFACE_STYLE_USAGE(.BOTH.,#9179);
#9179 = SURFACE_SIDE_STYLE('',(#9180));
#9180 = SURFACE_STYLE_FILL_AREA(#9181);
#9181 = FILL_AREA_STYLE('',(#9182));
#9182 = FILL_AREA_STYLE_COLOUR('',#8281);
#9183 = OVER_RIDING_STYLED_ITEM('overriding color',(#9184),#4791,#8274);
#9184 = PRESENTATION_STYLE_ASSIGNMENT((#9185));
#9185 = SURFACE_STYLE_USAGE(.BOTH.,#9186);
#9186 = SURFACE_SIDE_STYLE('',(#9187));
#9187 = SURFACE_STYLE_FILL_AREA(#9188);
#9188 = FILL_AREA_STYLE('',(#9189));
#9189 = FILL_AREA_STYLE_COLOUR('',#8281);
#9190 = OVER_RIDING_STYLED_ITEM('overriding color',(#9191),#4811,#8274);
#9191 = PRESENTATION_STYLE_ASSIGNMENT((#9192));
#9192 = SURFACE_STYLE_USAGE(.BOTH.,#9193);
#9193 = SURFACE_SIDE_STYLE('',(#9194));
#9194 = SURFACE_STYLE_FILL_AREA(#9195);
#9195 = FILL_AREA_STYLE('',(#9196));
#9196 = FILL_AREA_STYLE_COLOUR('',#8281);
#9197 = OVER_RIDING_STYLED_ITEM('overriding color',(#9198),#4827,#8274);
#9198 = PRESENTATION_STYLE_ASSIGNMENT((#9199));
#9199 = SURFACE_STYLE_USAGE(.BOTH.,#9200);
#9200 = SURFACE_SIDE_STYLE('',(#9201));
#9201 = SURFACE_STYLE_FILL_AREA(#9202);
#9202 = FILL_AREA_STYLE('',(#9203));
#9203 = FILL_AREA_STYLE_COLOUR('',#8281);
#9204 = OVER_RIDING_STYLED_ITEM('overriding color',(#9205),#4843,#8274);
#9205 = PRESENTATION_STYLE_ASSIGNMENT((#9206));
#9206 = SURFACE_STYLE_USAGE(.BOTH.,#9207);
#9207 = SURFACE_SIDE_STYLE('',(#9208));
#9208 = SURFACE_STYLE_FILL_AREA(#9209);
#9209 = FILL_AREA_STYLE('',(#9210));
#9210 = FILL_AREA_STYLE_COLOUR('',#8281);
#9211 = OVER_RIDING_STYLED_ITEM('overriding color',(#9212),#4859,#8274);
#9212 = PRESENTATION_STYLE_ASSIGNMENT((#9213));
#9213 = SURFACE_STYLE_USAGE(.BOTH.,#9214);
#9214 = SURFACE_SIDE_STYLE('',(#9215));
#9215 = SURFACE_STYLE_FILL_AREA(#9216);
#9216 = FILL_AREA_STYLE('',(#9217));
#9217 = FILL_AREA_STYLE_COLOUR('',#8281);
#9218 = OVER_RIDING_STYLED_ITEM('overriding color',(#9219),#4875,#8274);
#9219 = PRESENTATION_STYLE_ASSIGNMENT((#9220));
#9220 = SURFACE_STYLE_USAGE(.BOTH.,#9221);
#9221 = SURFACE_SIDE_STYLE('',(#9222));
#9222 = SURFACE_STYLE_FILL_AREA(#9223);
#9223 = FILL_AREA_STYLE('',(#9224));
#9224 = FILL_AREA_STYLE_COLOUR('',#8281);
#9225 = OVER_RIDING_STYLED_ITEM('overriding color',(#9226),#4891,#8274);
#9226 = PRESENTATION_STYLE_ASSIGNMENT((#9227));
#9227 = SURFACE_STYLE_USAGE(.BOTH.,#9228);
#9228 = SURFACE_SIDE_STYLE('',(#9229));
#9229 = SURFACE_STYLE_FILL_AREA(#9230);
#9230 = FILL_AREA_STYLE('',(#9231));
#9231 = FILL_AREA_STYLE_COLOUR('',#8281);
#9232 = OVER_RIDING_STYLED_ITEM('overriding color',(#9233),#4925,#8274);
#9233 = PRESENTATION_STYLE_ASSIGNMENT((#9234));
#9234 = SURFACE_STYLE_USAGE(.BOTH.,#9235);
#9235 = SURFACE_SIDE_STYLE('',(#9236));
#9236 = SURFACE_STYLE_FILL_AREA(#9237);
#9237 = FILL_AREA_STYLE('',(#9238));
#9238 = FILL_AREA_STYLE_COLOUR('',#8281);
#9239 = OVER_RIDING_STYLED_ITEM('overriding color',(#9240),#4953,#8274);
#9240 = PRESENTATION_STYLE_ASSIGNMENT((#9241));
#9241 = SURFACE_STYLE_USAGE(.BOTH.,#9242);
#9242 = SURFACE_SIDE_STYLE('',(#9243));
#9243 = SURFACE_STYLE_FILL_AREA(#9244);
#9244 = FILL_AREA_STYLE('',(#9245));
#9245 = FILL_AREA_STYLE_COLOUR('',#8281);
#9246 = OVER_RIDING_STYLED_ITEM('overriding color',(#9247),#4981,#8274);
#9247 = PRESENTATION_STYLE_ASSIGNMENT((#9248));
#9248 = SURFACE_STYLE_USAGE(.BOTH.,#9249);
#9249 = SURFACE_SIDE_STYLE('',(#9250));
#9250 = SURFACE_STYLE_FILL_AREA(#9251);
#9251 = FILL_AREA_STYLE('',(#9252));
#9252 = FILL_AREA_STYLE_COLOUR('',#8281);
#9253 = OVER_RIDING_STYLED_ITEM('overriding color',(#9254),#5009,#8274);
#9254 = PRESENTATION_STYLE_ASSIGNMENT((#9255));
#9255 = SURFACE_STYLE_USAGE(.BOTH.,#9256);
#9256 = SURFACE_SIDE_STYLE('',(#9257));
#9257 = SURFACE_STYLE_FILL_AREA(#9258);
#9258 = FILL_AREA_STYLE('',(#9259));
#9259 = FILL_AREA_STYLE_COLOUR('',#8281);
#9260 = OVER_RIDING_STYLED_ITEM('overriding color',(#9261),#5037,#8274);
#9261 = PRESENTATION_STYLE_ASSIGNMENT((#9262));
#9262 = SURFACE_STYLE_USAGE(.BOTH.,#9263);
#9263 = SURFACE_SIDE_STYLE('',(#9264));
#9264 = SURFACE_STYLE_FILL_AREA(#9265);
#9265 = FILL_AREA_STYLE('',(#9266));
#9266 = FILL_AREA_STYLE_COLOUR('',#8281);
#9267 = OVER_RIDING_STYLED_ITEM('overriding color',(#9268),#5065,#8274);
#9268 = PRESENTATION_STYLE_ASSIGNMENT((#9269));
#9269 = SURFACE_STYLE_USAGE(.BOTH.,#9270);
#9270 = SURFACE_SIDE_STYLE('',(#9271));
#9271 = SURFACE_STYLE_FILL_AREA(#9272);
#9272 = FILL_AREA_STYLE('',(#9273));
#9273 = FILL_AREA_STYLE_COLOUR('',#8281);
#9274 = OVER_RIDING_STYLED_ITEM('overriding color',(#9275),#5087,#8274);
#9275 = PRESENTATION_STYLE_ASSIGNMENT((#9276));
#9276 = SURFACE_STYLE_USAGE(.BOTH.,#9277);
#9277 = SURFACE_SIDE_STYLE('',(#9278));
#9278 = SURFACE_STYLE_FILL_AREA(#9279);
#9279 = FILL_AREA_STYLE('',(#9280));
#9280 = FILL_AREA_STYLE_COLOUR('',#8281);
#9281 = OVER_RIDING_STYLED_ITEM('overriding color',(#9282),#5103,#8274);
#9282 = PRESENTATION_STYLE_ASSIGNMENT((#9283));
#9283 = SURFACE_STYLE_USAGE(.BOTH.,#9284);
#9284 = SURFACE_SIDE_STYLE('',(#9285));
#9285 = SURFACE_STYLE_FILL_AREA(#9286);
#9286 = FILL_AREA_STYLE('',(#9287));
#9287 = FILL_AREA_STYLE_COLOUR('',#8291);
#9288 = OVER_RIDING_STYLED_ITEM('overriding color',(#9289),#5119,#8274);
#9289 = PRESENTATION_STYLE_ASSIGNMENT((#9290));
#9290 = SURFACE_STYLE_USAGE(.BOTH.,#9291);
#9291 = SURFACE_SIDE_STYLE('',(#9292));
#9292 = SURFACE_STYLE_FILL_AREA(#9293);
#9293 = FILL_AREA_STYLE('',(#9294));
#9294 = FILL_AREA_STYLE_COLOUR('',#8281);
#9295 = OVER_RIDING_STYLED_ITEM('overriding color',(#9296),#5153,#8274);
#9296 = PRESENTATION_STYLE_ASSIGNMENT((#9297));
#9297 = SURFACE_STYLE_USAGE(.BOTH.,#9298);
#9298 = SURFACE_SIDE_STYLE('',(#9299));
#9299 = SURFACE_STYLE_FILL_AREA(#9300);
#9300 = FILL_AREA_STYLE('',(#9301));
#9301 = FILL_AREA_STYLE_COLOUR('',#8281);
#9302 = OVER_RIDING_STYLED_ITEM('overriding color',(#9303),#5175,#8274);
#9303 = PRESENTATION_STYLE_ASSIGNMENT((#9304));
#9304 = SURFACE_STYLE_USAGE(.BOTH.,#9305);
#9305 = SURFACE_SIDE_STYLE('',(#9306));
#9306 = SURFACE_STYLE_FILL_AREA(#9307);
#9307 = FILL_AREA_STYLE('',(#9308));
#9308 = FILL_AREA_STYLE_COLOUR('',#8281);
#9309 = OVER_RIDING_STYLED_ITEM('overriding color',(#9310),#5203,#8274);
#9310 = PRESENTATION_STYLE_ASSIGNMENT((#9311));
#9311 = SURFACE_STYLE_USAGE(.BOTH.,#9312);
#9312 = SURFACE_SIDE_STYLE('',(#9313));
#9313 = SURFACE_STYLE_FILL_AREA(#9314);
#9314 = FILL_AREA_STYLE('',(#9315));
#9315 = FILL_AREA_STYLE_COLOUR('',#8281);
#9316 = OVER_RIDING_STYLED_ITEM('overriding color',(#9317),#5231,#8274);
#9317 = PRESENTATION_STYLE_ASSIGNMENT((#9318));
#9318 = SURFACE_STYLE_USAGE(.BOTH.,#9319);
#9319 = SURFACE_SIDE_STYLE('',(#9320));
#9320 = SURFACE_STYLE_FILL_AREA(#9321);
#9321 = FILL_AREA_STYLE('',(#9322));
#9322 = FILL_AREA_STYLE_COLOUR('',#8281);
#9323 = OVER_RIDING_STYLED_ITEM('overriding color',(#9324),#5259,#8274);
#9324 = PRESENTATION_STYLE_ASSIGNMENT((#9325));
#9325 = SURFACE_STYLE_USAGE(.BOTH.,#9326);
#9326 = SURFACE_SIDE_STYLE('',(#9327));
#9327 = SURFACE_STYLE_FILL_AREA(#9328);
#9328 = FILL_AREA_STYLE('',(#9329));
#9329 = FILL_AREA_STYLE_COLOUR('',#8281);
#9330 = OVER_RIDING_STYLED_ITEM('overriding color',(#9331),#5287,#8274);
#9331 = PRESENTATION_STYLE_ASSIGNMENT((#9332));
#9332 = SURFACE_STYLE_USAGE(.BOTH.,#9333);
#9333 = SURFACE_SIDE_STYLE('',(#9334));
#9334 = SURFACE_STYLE_FILL_AREA(#9335);
#9335 = FILL_AREA_STYLE('',(#9336));
#9336 = FILL_AREA_STYLE_COLOUR('',#8281);
#9337 = OVER_RIDING_STYLED_ITEM('overriding color',(#9338),#5315,#8274);
#9338 = PRESENTATION_STYLE_ASSIGNMENT((#9339));
#9339 = SURFACE_STYLE_USAGE(.BOTH.,#9340);
#9340 = SURFACE_SIDE_STYLE('',(#9341));
#9341 = SURFACE_STYLE_FILL_AREA(#9342);
#9342 = FILL_AREA_STYLE('',(#9343));
#9343 = FILL_AREA_STYLE_COLOUR('',#8281);
#9344 = OVER_RIDING_STYLED_ITEM('overriding color',(#9345),#5343,#8274);
#9345 = PRESENTATION_STYLE_ASSIGNMENT((#9346));
#9346 = SURFACE_STYLE_USAGE(.BOTH.,#9347);
#9347 = SURFACE_SIDE_STYLE('',(#9348));
#9348 = SURFACE_STYLE_FILL_AREA(#9349);
#9349 = FILL_AREA_STYLE('',(#9350));
#9350 = FILL_AREA_STYLE_COLOUR('',#8281);
#9351 = OVER_RIDING_STYLED_ITEM('overriding color',(#9352),#5371,#8274);
#9352 = PRESENTATION_STYLE_ASSIGNMENT((#9353));
#9353 = SURFACE_STYLE_USAGE(.BOTH.,#9354);
#9354 = SURFACE_SIDE_STYLE('',(#9355));
#9355 = SURFACE_STYLE_FILL_AREA(#9356);
#9356 = FILL_AREA_STYLE('',(#9357));
#9357 = FILL_AREA_STYLE_COLOUR('',#8281);
#9358 = OVER_RIDING_STYLED_ITEM('overriding color',(#9359),#5399,#8274);
#9359 = PRESENTATION_STYLE_ASSIGNMENT((#9360));
#9360 = SURFACE_STYLE_USAGE(.BOTH.,#9361);
#9361 = SURFACE_SIDE_STYLE('',(#9362));
#9362 = SURFACE_STYLE_FILL_AREA(#9363);
#9363 = FILL_AREA_STYLE('',(#9364));
#9364 = FILL_AREA_STYLE_COLOUR('',#8281);
#9365 = OVER_RIDING_STYLED_ITEM('overriding color',(#9366),#5427,#8274);
#9366 = PRESENTATION_STYLE_ASSIGNMENT((#9367));
#9367 = SURFACE_STYLE_USAGE(.BOTH.,#9368);
#9368 = SURFACE_SIDE_STYLE('',(#9369));
#9369 = SURFACE_STYLE_FILL_AREA(#9370);
#9370 = FILL_AREA_STYLE('',(#9371));
#9371 = FILL_AREA_STYLE_COLOUR('',#8281);
#9372 = OVER_RIDING_STYLED_ITEM('overriding color',(#9373),#5455,#8274);
#9373 = PRESENTATION_STYLE_ASSIGNMENT((#9374));
#9374 = SURFACE_STYLE_USAGE(.BOTH.,#9375);
#9375 = SURFACE_SIDE_STYLE('',(#9376));
#9376 = SURFACE_STYLE_FILL_AREA(#9377);
#9377 = FILL_AREA_STYLE('',(#9378));
#9378 = FILL_AREA_STYLE_COLOUR('',#8281);
#9379 = OVER_RIDING_STYLED_ITEM('overriding color',(#9380),#5477,#8274);
#9380 = PRESENTATION_STYLE_ASSIGNMENT((#9381));
#9381 = SURFACE_STYLE_USAGE(.BOTH.,#9382);
#9382 = SURFACE_SIDE_STYLE('',(#9383));
#9383 = SURFACE_STYLE_FILL_AREA(#9384);
#9384 = FILL_AREA_STYLE('',(#9385));
#9385 = FILL_AREA_STYLE_COLOUR('',#8281);
#9386 = OVER_RIDING_STYLED_ITEM('overriding color',(#9387),#5505,#8274);
#9387 = PRESENTATION_STYLE_ASSIGNMENT((#9388));
#9388 = SURFACE_STYLE_USAGE(.BOTH.,#9389);
#9389 = SURFACE_SIDE_STYLE('',(#9390));
#9390 = SURFACE_STYLE_FILL_AREA(#9391);
#9391 = FILL_AREA_STYLE('',(#9392));
#9392 = FILL_AREA_STYLE_COLOUR('',#8281);
#9393 = OVER_RIDING_STYLED_ITEM('overriding color',(#9394),#5533,#8274);
#9394 = PRESENTATION_STYLE_ASSIGNMENT((#9395));
#9395 = SURFACE_STYLE_USAGE(.BOTH.,#9396);
#9396 = SURFACE_SIDE_STYLE('',(#9397));
#9397 = SURFACE_STYLE_FILL_AREA(#9398);
#9398 = FILL_AREA_STYLE('',(#9399));
#9399 = FILL_AREA_STYLE_COLOUR('',#8281);
#9400 = OVER_RIDING_STYLED_ITEM('overriding color',(#9401),#5561,#8274);
#9401 = PRESENTATION_STYLE_ASSIGNMENT((#9402));
#9402 = SURFACE_STYLE_USAGE(.BOTH.,#9403);
#9403 = SURFACE_SIDE_STYLE('',(#9404));
#9404 = SURFACE_STYLE_FILL_AREA(#9405);
#9405 = FILL_AREA_STYLE('',(#9406));
#9406 = FILL_AREA_STYLE_COLOUR('',#8281);
#9407 = OVER_RIDING_STYLED_ITEM('overriding color',(#9408),#5589,#8274);
#9408 = PRESENTATION_STYLE_ASSIGNMENT((#9409));
#9409 = SURFACE_STYLE_USAGE(.BOTH.,#9410);
#9410 = SURFACE_SIDE_STYLE('',(#9411));
#9411 = SURFACE_STYLE_FILL_AREA(#9412);
#9412 = FILL_AREA_STYLE('',(#9413));
#9413 = FILL_AREA_STYLE_COLOUR('',#8281);
#9414 = OVER_RIDING_STYLED_ITEM('overriding color',(#9415),#5617,#8274);
#9415 = PRESENTATION_STYLE_ASSIGNMENT((#9416));
#9416 = SURFACE_STYLE_USAGE(.BOTH.,#9417);
#9417 = SURFACE_SIDE_STYLE('',(#9418));
#9418 = SURFACE_STYLE_FILL_AREA(#9419);
#9419 = FILL_AREA_STYLE('',(#9420));
#9420 = FILL_AREA_STYLE_COLOUR('',#8281);
#9421 = OVER_RIDING_STYLED_ITEM('overriding color',(#9422),#5645,#8274);
#9422 = PRESENTATION_STYLE_ASSIGNMENT((#9423));
#9423 = SURFACE_STYLE_USAGE(.BOTH.,#9424);
#9424 = SURFACE_SIDE_STYLE('',(#9425));
#9425 = SURFACE_STYLE_FILL_AREA(#9426);
#9426 = FILL_AREA_STYLE('',(#9427));
#9427 = FILL_AREA_STYLE_COLOUR('',#8281);
#9428 = OVER_RIDING_STYLED_ITEM('overriding color',(#9429),#5673,#8274);
#9429 = PRESENTATION_STYLE_ASSIGNMENT((#9430));
#9430 = SURFACE_STYLE_USAGE(.BOTH.,#9431);
#9431 = SURFACE_SIDE_STYLE('',(#9432));
#9432 = SURFACE_STYLE_FILL_AREA(#9433);
#9433 = FILL_AREA_STYLE('',(#9434));
#9434 = FILL_AREA_STYLE_COLOUR('',#8281);
#9435 = OVER_RIDING_STYLED_ITEM('overriding color',(#9436),#5695,#8274);
#9436 = PRESENTATION_STYLE_ASSIGNMENT((#9437));
#9437 = SURFACE_STYLE_USAGE(.BOTH.,#9438);
#9438 = SURFACE_SIDE_STYLE('',(#9439));
#9439 = SURFACE_STYLE_FILL_AREA(#9440);
#9440 = FILL_AREA_STYLE('',(#9441));
#9441 = FILL_AREA_STYLE_COLOUR('',#8281);
#9442 = OVER_RIDING_STYLED_ITEM('overriding color',(#9443),#5724,#8274);
#9443 = PRESENTATION_STYLE_ASSIGNMENT((#9444));
#9444 = SURFACE_STYLE_USAGE(.BOTH.,#9445);
#9445 = SURFACE_SIDE_STYLE('',(#9446));
#9446 = SURFACE_STYLE_FILL_AREA(#9447);
#9447 = FILL_AREA_STYLE('',(#9448));
#9448 = FILL_AREA_STYLE_COLOUR('',#8281);
#9449 = OVER_RIDING_STYLED_ITEM('overriding color',(#9450),#5752,#8274);
#9450 = PRESENTATION_STYLE_ASSIGNMENT((#9451));
#9451 = SURFACE_STYLE_USAGE(.BOTH.,#9452);
#9452 = SURFACE_SIDE_STYLE('',(#9453));
#9453 = SURFACE_STYLE_FILL_AREA(#9454);
#9454 = FILL_AREA_STYLE('',(#9455));
#9455 = FILL_AREA_STYLE_COLOUR('',#8281);
#9456 = OVER_RIDING_STYLED_ITEM('overriding color',(#9457),#5774,#8274);
#9457 = PRESENTATION_STYLE_ASSIGNMENT((#9458));
#9458 = SURFACE_STYLE_USAGE(.BOTH.,#9459);
#9459 = SURFACE_SIDE_STYLE('',(#9460));
#9460 = SURFACE_STYLE_FILL_AREA(#9461);
#9461 = FILL_AREA_STYLE('',(#9462));
#9462 = FILL_AREA_STYLE_COLOUR('',#8281);
#9463 = OVER_RIDING_STYLED_ITEM('overriding color',(#9464),#5802,#8274);
#9464 = PRESENTATION_STYLE_ASSIGNMENT((#9465));
#9465 = SURFACE_STYLE_USAGE(.BOTH.,#9466);
#9466 = SURFACE_SIDE_STYLE('',(#9467));
#9467 = SURFACE_STYLE_FILL_AREA(#9468);
#9468 = FILL_AREA_STYLE('',(#9469));
#9469 = FILL_AREA_STYLE_COLOUR('',#8281);
#9470 = OVER_RIDING_STYLED_ITEM('overriding color',(#9471),#5824,#8274);
#9471 = PRESENTATION_STYLE_ASSIGNMENT((#9472));
#9472 = SURFACE_STYLE_USAGE(.BOTH.,#9473);
#9473 = SURFACE_SIDE_STYLE('',(#9474));
#9474 = SURFACE_STYLE_FILL_AREA(#9475);
#9475 = FILL_AREA_STYLE('',(#9476));
#9476 = FILL_AREA_STYLE_COLOUR('',#8281);
#9477 = OVER_RIDING_STYLED_ITEM('overriding color',(#9478),#5846,#8274);
#9478 = PRESENTATION_STYLE_ASSIGNMENT((#9479));
#9479 = SURFACE_STYLE_USAGE(.BOTH.,#9480);
#9480 = SURFACE_SIDE_STYLE('',(#9481));
#9481 = SURFACE_STYLE_FILL_AREA(#9482);
#9482 = FILL_AREA_STYLE('',(#9483));
#9483 = FILL_AREA_STYLE_COLOUR('',#8281);
#9484 = OVER_RIDING_STYLED_ITEM('overriding color',(#9485),#5868,#8274);
#9485 = PRESENTATION_STYLE_ASSIGNMENT((#9486));
#9486 = SURFACE_STYLE_USAGE(.BOTH.,#9487);
#9487 = SURFACE_SIDE_STYLE('',(#9488));
#9488 = SURFACE_STYLE_FILL_AREA(#9489);
#9489 = FILL_AREA_STYLE('',(#9490));
#9490 = FILL_AREA_STYLE_COLOUR('',#8281);
#9491 = OVER_RIDING_STYLED_ITEM('overriding color',(#9492),#5890,#8274);
#9492 = PRESENTATION_STYLE_ASSIGNMENT((#9493));
#9493 = SURFACE_STYLE_USAGE(.BOTH.,#9494);
#9494 = SURFACE_SIDE_STYLE('',(#9495));
#9495 = SURFACE_STYLE_FILL_AREA(#9496);
#9496 = FILL_AREA_STYLE('',(#9497));
#9497 = FILL_AREA_STYLE_COLOUR('',#8281);
#9498 = OVER_RIDING_STYLED_ITEM('overriding color',(#9499),#5912,#8274);
#9499 = PRESENTATION_STYLE_ASSIGNMENT((#9500));
#9500 = SURFACE_STYLE_USAGE(.BOTH.,#9501);
#9501 = SURFACE_SIDE_STYLE('',(#9502));
#9502 = SURFACE_STYLE_FILL_AREA(#9503);
#9503 = FILL_AREA_STYLE('',(#9504));
#9504 = FILL_AREA_STYLE_COLOUR('',#8281);
#9505 = OVER_RIDING_STYLED_ITEM('overriding color',(#9506),#5934,#8274);
#9506 = PRESENTATION_STYLE_ASSIGNMENT((#9507));
#9507 = SURFACE_STYLE_USAGE(.BOTH.,#9508);
#9508 = SURFACE_SIDE_STYLE('',(#9509));
#9509 = SURFACE_STYLE_FILL_AREA(#9510);
#9510 = FILL_AREA_STYLE('',(#9511));
#9511 = FILL_AREA_STYLE_COLOUR('',#8281);
#9512 = OVER_RIDING_STYLED_ITEM('overriding color',(#9513),#5962,#8274);
#9513 = PRESENTATION_STYLE_ASSIGNMENT((#9514));
#9514 = SURFACE_STYLE_USAGE(.BOTH.,#9515);
#9515 = SURFACE_SIDE_STYLE('',(#9516));
#9516 = SURFACE_STYLE_FILL_AREA(#9517);
#9517 = FILL_AREA_STYLE('',(#9518));
#9518 = FILL_AREA_STYLE_COLOUR('',#8281);
#9519 = OVER_RIDING_STYLED_ITEM('overriding color',(#9520),#5990,#8274);
#9520 = PRESENTATION_STYLE_ASSIGNMENT((#9521));
#9521 = SURFACE_STYLE_USAGE(.BOTH.,#9522);
#9522 = SURFACE_SIDE_STYLE('',(#9523));
#9523 = SURFACE_STYLE_FILL_AREA(#9524);
#9524 = FILL_AREA_STYLE('',(#9525));
#9525 = FILL_AREA_STYLE_COLOUR('',#8281);
#9526 = OVER_RIDING_STYLED_ITEM('overriding color',(#9527),#6012,#8274);
#9527 = PRESENTATION_STYLE_ASSIGNMENT((#9528));
#9528 = SURFACE_STYLE_USAGE(.BOTH.,#9529);
#9529 = SURFACE_SIDE_STYLE('',(#9530));
#9530 = SURFACE_STYLE_FILL_AREA(#9531);
#9531 = FILL_AREA_STYLE('',(#9532));
#9532 = FILL_AREA_STYLE_COLOUR('',#8281);
#9533 = OVER_RIDING_STYLED_ITEM('overriding color',(#9534),#6040,#8274);
#9534 = PRESENTATION_STYLE_ASSIGNMENT((#9535));
#9535 = SURFACE_STYLE_USAGE(.BOTH.,#9536);
#9536 = SURFACE_SIDE_STYLE('',(#9537));
#9537 = SURFACE_STYLE_FILL_AREA(#9538);
#9538 = FILL_AREA_STYLE('',(#9539));
#9539 = FILL_AREA_STYLE_COLOUR('',#8281);
#9540 = OVER_RIDING_STYLED_ITEM('overriding color',(#9541),#6068,#8274);
#9541 = PRESENTATION_STYLE_ASSIGNMENT((#9542));
#9542 = SURFACE_STYLE_USAGE(.BOTH.,#9543);
#9543 = SURFACE_SIDE_STYLE('',(#9544));
#9544 = SURFACE_STYLE_FILL_AREA(#9545);
#9545 = FILL_AREA_STYLE('',(#9546));
#9546 = FILL_AREA_STYLE_COLOUR('',#8281);
#9547 = OVER_RIDING_STYLED_ITEM('overriding color',(#9548),#6084,#8274);
#9548 = PRESENTATION_STYLE_ASSIGNMENT((#9549));
#9549 = SURFACE_STYLE_USAGE(.BOTH.,#9550);
#9550 = SURFACE_SIDE_STYLE('',(#9551));
#9551 = SURFACE_STYLE_FILL_AREA(#9552);
#9552 = FILL_AREA_STYLE('',(#9553));
#9553 = FILL_AREA_STYLE_COLOUR('',#8281);
#9554 = OVER_RIDING_STYLED_ITEM('overriding color',(#9555),#6107,#8274);
#9555 = PRESENTATION_STYLE_ASSIGNMENT((#9556));
#9556 = SURFACE_STYLE_USAGE(.BOTH.,#9557);
#9557 = SURFACE_SIDE_STYLE('',(#9558));
#9558 = SURFACE_STYLE_FILL_AREA(#9559);
#9559 = FILL_AREA_STYLE('',(#9560));
#9560 = FILL_AREA_STYLE_COLOUR('',#8281);
#9561 = OVER_RIDING_STYLED_ITEM('overriding color',(#9562),#6135,#8274);
#9562 = PRESENTATION_STYLE_ASSIGNMENT((#9563));
#9563 = SURFACE_STYLE_USAGE(.BOTH.,#9564);
#9564 = SURFACE_SIDE_STYLE('',(#9565));
#9565 = SURFACE_STYLE_FILL_AREA(#9566);
#9566 = FILL_AREA_STYLE('',(#9567));
#9567 = FILL_AREA_STYLE_COLOUR('',#8281);
#9568 = OVER_RIDING_STYLED_ITEM('overriding color',(#9569),#6157,#8274);
#9569 = PRESENTATION_STYLE_ASSIGNMENT((#9570));
#9570 = SURFACE_STYLE_USAGE(.BOTH.,#9571);
#9571 = SURFACE_SIDE_STYLE('',(#9572));
#9572 = SURFACE_STYLE_FILL_AREA(#9573);
#9573 = FILL_AREA_STYLE('',(#9574));
#9574 = FILL_AREA_STYLE_COLOUR('',#8281);
#9575 = OVER_RIDING_STYLED_ITEM('overriding color',(#9576),#6179,#8274);
#9576 = PRESENTATION_STYLE_ASSIGNMENT((#9577));
#9577 = SURFACE_STYLE_USAGE(.BOTH.,#9578);
#9578 = SURFACE_SIDE_STYLE('',(#9579));
#9579 = SURFACE_STYLE_FILL_AREA(#9580);
#9580 = FILL_AREA_STYLE('',(#9581));
#9581 = FILL_AREA_STYLE_COLOUR('',#8281);
#9582 = OVER_RIDING_STYLED_ITEM('overriding color',(#9583),#6201,#8274);
#9583 = PRESENTATION_STYLE_ASSIGNMENT((#9584));
#9584 = SURFACE_STYLE_USAGE(.BOTH.,#9585);
#9585 = SURFACE_SIDE_STYLE('',(#9586));
#9586 = SURFACE_STYLE_FILL_AREA(#9587);
#9587 = FILL_AREA_STYLE('',(#9588));
#9588 = FILL_AREA_STYLE_COLOUR('',#8281);
#9589 = OVER_RIDING_STYLED_ITEM('overriding color',(#9590),#6223,#8274);
#9590 = PRESENTATION_STYLE_ASSIGNMENT((#9591));
#9591 = SURFACE_STYLE_USAGE(.BOTH.,#9592);
#9592 = SURFACE_SIDE_STYLE('',(#9593));
#9593 = SURFACE_STYLE_FILL_AREA(#9594);
#9594 = FILL_AREA_STYLE('',(#9595));
#9595 = FILL_AREA_STYLE_COLOUR('',#8281);
#9596 = OVER_RIDING_STYLED_ITEM('overriding color',(#9597),#6245,#8274);
#9597 = PRESENTATION_STYLE_ASSIGNMENT((#9598));
#9598 = SURFACE_STYLE_USAGE(.BOTH.,#9599);
#9599 = SURFACE_SIDE_STYLE('',(#9600));
#9600 = SURFACE_STYLE_FILL_AREA(#9601);
#9601 = FILL_AREA_STYLE('',(#9602));
#9602 = FILL_AREA_STYLE_COLOUR('',#8281);
#9603 = OVER_RIDING_STYLED_ITEM('overriding color',(#9604),#6267,#8274);
#9604 = PRESENTATION_STYLE_ASSIGNMENT((#9605));
#9605 = SURFACE_STYLE_USAGE(.BOTH.,#9606);
#9606 = SURFACE_SIDE_STYLE('',(#9607));
#9607 = SURFACE_STYLE_FILL_AREA(#9608);
#9608 = FILL_AREA_STYLE('',(#9609));
#9609 = FILL_AREA_STYLE_COLOUR('',#8281);
#9610 = OVER_RIDING_STYLED_ITEM('overriding color',(#9611),#6289,#8274);
#9611 = PRESENTATION_STYLE_ASSIGNMENT((#9612));
#9612 = SURFACE_STYLE_USAGE(.BOTH.,#9613);
#9613 = SURFACE_SIDE_STYLE('',(#9614));
#9614 = SURFACE_STYLE_FILL_AREA(#9615);
#9615 = FILL_AREA_STYLE('',(#9616));
#9616 = FILL_AREA_STYLE_COLOUR('',#8281);
#9617 = OVER_RIDING_STYLED_ITEM('overriding color',(#9618),#6311,#8274);
#9618 = PRESENTATION_STYLE_ASSIGNMENT((#9619));
#9619 = SURFACE_STYLE_USAGE(.BOTH.,#9620);
#9620 = SURFACE_SIDE_STYLE('',(#9621));
#9621 = SURFACE_STYLE_FILL_AREA(#9622);
#9622 = FILL_AREA_STYLE('',(#9623));
#9623 = FILL_AREA_STYLE_COLOUR('',#8281);
#9624 = OVER_RIDING_STYLED_ITEM('overriding color',(#9625),#6333,#8274);
#9625 = PRESENTATION_STYLE_ASSIGNMENT((#9626));
#9626 = SURFACE_STYLE_USAGE(.BOTH.,#9627);
#9627 = SURFACE_SIDE_STYLE('',(#9628));
#9628 = SURFACE_STYLE_FILL_AREA(#9629);
#9629 = FILL_AREA_STYLE('',(#9630));
#9630 = FILL_AREA_STYLE_COLOUR('',#8281);
#9631 = OVER_RIDING_STYLED_ITEM('overriding color',(#9632),#6355,#8274);
#9632 = PRESENTATION_STYLE_ASSIGNMENT((#9633));
#9633 = SURFACE_STYLE_USAGE(.BOTH.,#9634);
#9634 = SURFACE_SIDE_STYLE('',(#9635));
#9635 = SURFACE_STYLE_FILL_AREA(#9636);
#9636 = FILL_AREA_STYLE('',(#9637));
#9637 = FILL_AREA_STYLE_COLOUR('',#8281);
#9638 = OVER_RIDING_STYLED_ITEM('overriding color',(#9639),#6371,#8274);
#9639 = PRESENTATION_STYLE_ASSIGNMENT((#9640));
#9640 = SURFACE_STYLE_USAGE(.BOTH.,#9641);
#9641 = SURFACE_SIDE_STYLE('',(#9642));
#9642 = SURFACE_STYLE_FILL_AREA(#9643);
#9643 = FILL_AREA_STYLE('',(#9644));
#9644 = FILL_AREA_STYLE_COLOUR('',#8281);
#9645 = OVER_RIDING_STYLED_ITEM('overriding color',(#9646),#6391,#8274);
#9646 = PRESENTATION_STYLE_ASSIGNMENT((#9647));
#9647 = SURFACE_STYLE_USAGE(.BOTH.,#9648);
#9648 = SURFACE_SIDE_STYLE('',(#9649));
#9649 = SURFACE_STYLE_FILL_AREA(#9650);
#9650 = FILL_AREA_STYLE('',(#9651));
#9651 = FILL_AREA_STYLE_COLOUR('',#8281);
#9652 = OVER_RIDING_STYLED_ITEM('overriding color',(#9653),#6515,#8274);
#9653 = PRESENTATION_STYLE_ASSIGNMENT((#9654));
#9654 = SURFACE_STYLE_USAGE(.BOTH.,#9655);
#9655 = SURFACE_SIDE_STYLE('',(#9656));
#9656 = SURFACE_STYLE_FILL_AREA(#9657);
#9657 = FILL_AREA_STYLE('',(#9658));
#9658 = FILL_AREA_STYLE_COLOUR('',#8281);
#9659 = OVER_RIDING_STYLED_ITEM('overriding color',(#9660),#6535,#8274);
#9660 = PRESENTATION_STYLE_ASSIGNMENT((#9661));
#9661 = SURFACE_STYLE_USAGE(.BOTH.,#9662);
#9662 = SURFACE_SIDE_STYLE('',(#9663));
#9663 = SURFACE_STYLE_FILL_AREA(#9664);
#9664 = FILL_AREA_STYLE('',(#9665));
#9665 = FILL_AREA_STYLE_COLOUR('',#8281);
#9666 = OVER_RIDING_STYLED_ITEM('overriding color',(#9667),#6555,#8274);
#9667 = PRESENTATION_STYLE_ASSIGNMENT((#9668));
#9668 = SURFACE_STYLE_USAGE(.BOTH.,#9669);
#9669 = SURFACE_SIDE_STYLE('',(#9670));
#9670 = SURFACE_STYLE_FILL_AREA(#9671);
#9671 = FILL_AREA_STYLE('',(#9672));
#9672 = FILL_AREA_STYLE_COLOUR('',#8281);
#9673 = OVER_RIDING_STYLED_ITEM('overriding color',(#9674),#6575,#8274);
#9674 = PRESENTATION_STYLE_ASSIGNMENT((#9675));
#9675 = SURFACE_STYLE_USAGE(.BOTH.,#9676);
#9676 = SURFACE_SIDE_STYLE('',(#9677));
#9677 = SURFACE_STYLE_FILL_AREA(#9678);
#9678 = FILL_AREA_STYLE('',(#9679));
#9679 = FILL_AREA_STYLE_COLOUR('',#8281);
#9680 = OVER_RIDING_STYLED_ITEM('overriding color',(#9681),#6595,#8274);
#9681 = PRESENTATION_STYLE_ASSIGNMENT((#9682));
#9682 = SURFACE_STYLE_USAGE(.BOTH.,#9683);
#9683 = SURFACE_SIDE_STYLE('',(#9684));
#9684 = SURFACE_STYLE_FILL_AREA(#9685);
#9685 = FILL_AREA_STYLE('',(#9686));
#9686 = FILL_AREA_STYLE_COLOUR('',#8281);
#9687 = OVER_RIDING_STYLED_ITEM('overriding color',(#9688),#6615,#8274);
#9688 = PRESENTATION_STYLE_ASSIGNMENT((#9689));
#9689 = SURFACE_STYLE_USAGE(.BOTH.,#9690);
#9690 = SURFACE_SIDE_STYLE('',(#9691));
#9691 = SURFACE_STYLE_FILL_AREA(#9692);
#9692 = FILL_AREA_STYLE('',(#9693));
#9693 = FILL_AREA_STYLE_COLOUR('',#8281);
#9694 = OVER_RIDING_STYLED_ITEM('overriding color',(#9695),#6631,#8274);
#9695 = PRESENTATION_STYLE_ASSIGNMENT((#9696));
#9696 = SURFACE_STYLE_USAGE(.BOTH.,#9697);
#9697 = SURFACE_SIDE_STYLE('',(#9698));
#9698 = SURFACE_STYLE_FILL_AREA(#9699);
#9699 = FILL_AREA_STYLE('',(#9700));
#9700 = FILL_AREA_STYLE_COLOUR('',#8281);
#9701 = OVER_RIDING_STYLED_ITEM('overriding color',(#9702),#6643,#8274);
#9702 = PRESENTATION_STYLE_ASSIGNMENT((#9703));
#9703 = SURFACE_STYLE_USAGE(.BOTH.,#9704);
#9704 = SURFACE_SIDE_STYLE('',(#9705));
#9705 = SURFACE_STYLE_FILL_AREA(#9706);
#9706 = FILL_AREA_STYLE('',(#9707));
#9707 = FILL_AREA_STYLE_COLOUR('',#8281);
#9708 = OVER_RIDING_STYLED_ITEM('overriding color',(#9709),#6671,#8274);
#9709 = PRESENTATION_STYLE_ASSIGNMENT((#9710));
#9710 = SURFACE_STYLE_USAGE(.BOTH.,#9711);
#9711 = SURFACE_SIDE_STYLE('',(#9712));
#9712 = SURFACE_STYLE_FILL_AREA(#9713);
#9713 = FILL_AREA_STYLE('',(#9714));
#9714 = FILL_AREA_STYLE_COLOUR('',#8281);
#9715 = OVER_RIDING_STYLED_ITEM('overriding color',(#9716),#6693,#8274);
#9716 = PRESENTATION_STYLE_ASSIGNMENT((#9717));
#9717 = SURFACE_STYLE_USAGE(.BOTH.,#9718);
#9718 = SURFACE_SIDE_STYLE('',(#9719));
#9719 = SURFACE_STYLE_FILL_AREA(#9720);
#9720 = FILL_AREA_STYLE('',(#9721));
#9721 = FILL_AREA_STYLE_COLOUR('',#8281);
#9722 = OVER_RIDING_STYLED_ITEM('overriding color',(#9723),#6715,#8274);
#9723 = PRESENTATION_STYLE_ASSIGNMENT((#9724));
#9724 = SURFACE_STYLE_USAGE(.BOTH.,#9725);
#9725 = SURFACE_SIDE_STYLE('',(#9726));
#9726 = SURFACE_STYLE_FILL_AREA(#9727);
#9727 = FILL_AREA_STYLE('',(#9728));
#9728 = FILL_AREA_STYLE_COLOUR('',#8281);
#9729 = OVER_RIDING_STYLED_ITEM('overriding color',(#9730),#6743,#8274);
#9730 = PRESENTATION_STYLE_ASSIGNMENT((#9731));
#9731 = SURFACE_STYLE_USAGE(.BOTH.,#9732);
#9732 = SURFACE_SIDE_STYLE('',(#9733));
#9733 = SURFACE_STYLE_FILL_AREA(#9734);
#9734 = FILL_AREA_STYLE('',(#9735));
#9735 = FILL_AREA_STYLE_COLOUR('',#8281);
#9736 = OVER_RIDING_STYLED_ITEM('overriding color',(#9737),#6771,#8274);
#9737 = PRESENTATION_STYLE_ASSIGNMENT((#9738));
#9738 = SURFACE_STYLE_USAGE(.BOTH.,#9739);
#9739 = SURFACE_SIDE_STYLE('',(#9740));
#9740 = SURFACE_STYLE_FILL_AREA(#9741);
#9741 = FILL_AREA_STYLE('',(#9742));
#9742 = FILL_AREA_STYLE_COLOUR('',#8281);
#9743 = OVER_RIDING_STYLED_ITEM('overriding color',(#9744),#6799,#8274);
#9744 = PRESENTATION_STYLE_ASSIGNMENT((#9745));
#9745 = SURFACE_STYLE_USAGE(.BOTH.,#9746);
#9746 = SURFACE_SIDE_STYLE('',(#9747));
#9747 = SURFACE_STYLE_FILL_AREA(#9748);
#9748 = FILL_AREA_STYLE('',(#9749));
#9749 = FILL_AREA_STYLE_COLOUR('',#8281);
#9750 = OVER_RIDING_STYLED_ITEM('overriding color',(#9751),#6821,#8274);
#9751 = PRESENTATION_STYLE_ASSIGNMENT((#9752));
#9752 = SURFACE_STYLE_USAGE(.BOTH.,#9753);
#9753 = SURFACE_SIDE_STYLE('',(#9754));
#9754 = SURFACE_STYLE_FILL_AREA(#9755);
#9755 = FILL_AREA_STYLE('',(#9756));
#9756 = FILL_AREA_STYLE_COLOUR('',#8291);
#9757 = OVER_RIDING_STYLED_ITEM('overriding color',(#9758),#6836,#8274);
#9758 = PRESENTATION_STYLE_ASSIGNMENT((#9759));
#9759 = SURFACE_STYLE_USAGE(.BOTH.,#9760);
#9760 = SURFACE_SIDE_STYLE('',(#9761));
#9761 = SURFACE_STYLE_FILL_AREA(#9762);
#9762 = FILL_AREA_STYLE('',(#9763));
#9763 = FILL_AREA_STYLE_COLOUR('',#8281);
#9764 = OVER_RIDING_STYLED_ITEM('overriding color',(#9765),#6948,#8274);
#9765 = PRESENTATION_STYLE_ASSIGNMENT((#9766));
#9766 = SURFACE_STYLE_USAGE(.BOTH.,#9767);
#9767 = SURFACE_SIDE_STYLE('',(#9768));
#9768 = SURFACE_STYLE_FILL_AREA(#9769);
#9769 = FILL_AREA_STYLE('',(#9770));
#9770 = FILL_AREA_STYLE_COLOUR('',#8281);
#9771 = OVER_RIDING_STYLED_ITEM('overriding color',(#9772),#6968,#8274);
#9772 = PRESENTATION_STYLE_ASSIGNMENT((#9773));
#9773 = SURFACE_STYLE_USAGE(.BOTH.,#9774);
#9774 = SURFACE_SIDE_STYLE('',(#9775));
#9775 = SURFACE_STYLE_FILL_AREA(#9776);
#9776 = FILL_AREA_STYLE('',(#9777));
#9777 = FILL_AREA_STYLE_COLOUR('',#8281);
#9778 = OVER_RIDING_STYLED_ITEM('overriding color',(#9779),#6984,#8274);
#9779 = PRESENTATION_STYLE_ASSIGNMENT((#9780));
#9780 = SURFACE_STYLE_USAGE(.BOTH.,#9781);
#9781 = SURFACE_SIDE_STYLE('',(#9782));
#9782 = SURFACE_STYLE_FILL_AREA(#9783);
#9783 = FILL_AREA_STYLE('',(#9784));
#9784 = FILL_AREA_STYLE_COLOUR('',#8281);
#9785 = OVER_RIDING_STYLED_ITEM('overriding color',(#9786),#7000,#8274);
#9786 = PRESENTATION_STYLE_ASSIGNMENT((#9787));
#9787 = SURFACE_STYLE_USAGE(.BOTH.,#9788);
#9788 = SURFACE_SIDE_STYLE('',(#9789));
#9789 = SURFACE_STYLE_FILL_AREA(#9790);
#9790 = FILL_AREA_STYLE('',(#9791));
#9791 = FILL_AREA_STYLE_COLOUR('',#8281);
#9792 = OVER_RIDING_STYLED_ITEM('overriding color',(#9793),#7016,#8274);
#9793 = PRESENTATION_STYLE_ASSIGNMENT((#9794));
#9794 = SURFACE_STYLE_USAGE(.BOTH.,#9795);
#9795 = SURFACE_SIDE_STYLE('',(#9796));
#9796 = SURFACE_STYLE_FILL_AREA(#9797);
#9797 = FILL_AREA_STYLE('',(#9798));
#9798 = FILL_AREA_STYLE_COLOUR('',#8281);
#9799 = OVER_RIDING_STYLED_ITEM('overriding color',(#9800),#7032,#8274);
#9800 = PRESENTATION_STYLE_ASSIGNMENT((#9801));
#9801 = SURFACE_STYLE_USAGE(.BOTH.,#9802);
#9802 = SURFACE_SIDE_STYLE('',(#9803));
#9803 = SURFACE_STYLE_FILL_AREA(#9804);
#9804 = FILL_AREA_STYLE('',(#9805));
#9805 = FILL_AREA_STYLE_COLOUR('',#8281);
#9806 = OVER_RIDING_STYLED_ITEM('overriding color',(#9807),#7048,#8274);
#9807 = PRESENTATION_STYLE_ASSIGNMENT((#9808));
#9808 = SURFACE_STYLE_USAGE(.BOTH.,#9809);
#9809 = SURFACE_SIDE_STYLE('',(#9810));
#9810 = SURFACE_STYLE_FILL_AREA(#9811);
#9811 = FILL_AREA_STYLE('',(#9812));
#9812 = FILL_AREA_STYLE_COLOUR('',#8281);
#9813 = OVER_RIDING_STYLED_ITEM('overriding color',(#9814),#7064,#8274);
#9814 = PRESENTATION_STYLE_ASSIGNMENT((#9815));
#9815 = SURFACE_STYLE_USAGE(.BOTH.,#9816);
#9816 = SURFACE_SIDE_STYLE('',(#9817));
#9817 = SURFACE_STYLE_FILL_AREA(#9818);
#9818 = FILL_AREA_STYLE('',(#9819));
#9819 = FILL_AREA_STYLE_COLOUR('',#8281);
#9820 = OVER_RIDING_STYLED_ITEM('overriding color',(#9821),#7076,#8274);
#9821 = PRESENTATION_STYLE_ASSIGNMENT((#9822));
#9822 = SURFACE_STYLE_USAGE(.BOTH.,#9823);
#9823 = SURFACE_SIDE_STYLE('',(#9824));
#9824 = SURFACE_STYLE_FILL_AREA(#9825);
#9825 = FILL_AREA_STYLE('',(#9826));
#9826 = FILL_AREA_STYLE_COLOUR('',#8281);
#9827 = OVER_RIDING_STYLED_ITEM('overriding color',(#9828),#7104,#8274);
#9828 = PRESENTATION_STYLE_ASSIGNMENT((#9829));
#9829 = SURFACE_STYLE_USAGE(.BOTH.,#9830);
#9830 = SURFACE_SIDE_STYLE('',(#9831));
#9831 = SURFACE_STYLE_FILL_AREA(#9832);
#9832 = FILL_AREA_STYLE('',(#9833));
#9833 = FILL_AREA_STYLE_COLOUR('',#8281);
#9834 = OVER_RIDING_STYLED_ITEM('overriding color',(#9835),#7126,#8274);
#9835 = PRESENTATION_STYLE_ASSIGNMENT((#9836));
#9836 = SURFACE_STYLE_USAGE(.BOTH.,#9837);
#9837 = SURFACE_SIDE_STYLE('',(#9838));
#9838 = SURFACE_STYLE_FILL_AREA(#9839);
#9839 = FILL_AREA_STYLE('',(#9840));
#9840 = FILL_AREA_STYLE_COLOUR('',#8281);
#9841 = OVER_RIDING_STYLED_ITEM('overriding color',(#9842),#7154,#8274);
#9842 = PRESENTATION_STYLE_ASSIGNMENT((#9843));
#9843 = SURFACE_STYLE_USAGE(.BOTH.,#9844);
#9844 = SURFACE_SIDE_STYLE('',(#9845));
#9845 = SURFACE_STYLE_FILL_AREA(#9846);
#9846 = FILL_AREA_STYLE('',(#9847));
#9847 = FILL_AREA_STYLE_COLOUR('',#8281);
#9848 = OVER_RIDING_STYLED_ITEM('overriding color',(#9849),#7176,#8274);
#9849 = PRESENTATION_STYLE_ASSIGNMENT((#9850));
#9850 = SURFACE_STYLE_USAGE(.BOTH.,#9851);
#9851 = SURFACE_SIDE_STYLE('',(#9852));
#9852 = SURFACE_STYLE_FILL_AREA(#9853);
#9853 = FILL_AREA_STYLE('',(#9854));
#9854 = FILL_AREA_STYLE_COLOUR('',#8281);
#9855 = OVER_RIDING_STYLED_ITEM('overriding color',(#9856),#7204,#8274);
#9856 = PRESENTATION_STYLE_ASSIGNMENT((#9857));
#9857 = SURFACE_STYLE_USAGE(.BOTH.,#9858);
#9858 = SURFACE_SIDE_STYLE('',(#9859));
#9859 = SURFACE_STYLE_FILL_AREA(#9860);
#9860 = FILL_AREA_STYLE('',(#9861));
#9861 = FILL_AREA_STYLE_COLOUR('',#8281);
#9862 = OVER_RIDING_STYLED_ITEM('overriding color',(#9863),#7220,#8274);
#9863 = PRESENTATION_STYLE_ASSIGNMENT((#9864));
#9864 = SURFACE_STYLE_USAGE(.BOTH.,#9865);
#9865 = SURFACE_SIDE_STYLE('',(#9866));
#9866 = SURFACE_STYLE_FILL_AREA(#9867);
#9867 = FILL_AREA_STYLE('',(#9868));
#9868 = FILL_AREA_STYLE_COLOUR('',#8291);
#9869 = OVER_RIDING_STYLED_ITEM('overriding color',(#9870),#7234,#8274);
#9870 = PRESENTATION_STYLE_ASSIGNMENT((#9871));
#9871 = SURFACE_STYLE_USAGE(.BOTH.,#9872);
#9872 = SURFACE_SIDE_STYLE('',(#9873));
#9873 = SURFACE_STYLE_FILL_AREA(#9874);
#9874 = FILL_AREA_STYLE('',(#9875));
#9875 = FILL_AREA_STYLE_COLOUR('',#8281);
#9876 = OVER_RIDING_STYLED_ITEM('overriding color',(#9877),#7554,#8274);
#9877 = PRESENTATION_STYLE_ASSIGNMENT((#9878));
#9878 = SURFACE_STYLE_USAGE(.BOTH.,#9879);
#9879 = SURFACE_SIDE_STYLE('',(#9880));
#9880 = SURFACE_STYLE_FILL_AREA(#9881);
#9881 = FILL_AREA_STYLE('',(#9882));
#9882 = FILL_AREA_STYLE_COLOUR('',#8281);
#9883 = OVER_RIDING_STYLED_ITEM('overriding color',(#9884),#7578,#8274);
#9884 = PRESENTATION_STYLE_ASSIGNMENT((#9885));
#9885 = SURFACE_STYLE_USAGE(.BOTH.,#9886);
#9886 = SURFACE_SIDE_STYLE('',(#9887));
#9887 = SURFACE_STYLE_FILL_AREA(#9888);
#9888 = FILL_AREA_STYLE('',(#9889));
#9889 = FILL_AREA_STYLE_COLOUR('',#8281);
#9890 = OVER_RIDING_STYLED_ITEM('overriding color',(#9891),#7598,#8274);
#9891 = PRESENTATION_STYLE_ASSIGNMENT((#9892));
#9892 = SURFACE_STYLE_USAGE(.BOTH.,#9893);
#9893 = SURFACE_SIDE_STYLE('',(#9894));
#9894 = SURFACE_STYLE_FILL_AREA(#9895);
#9895 = FILL_AREA_STYLE('',(#9896));
#9896 = FILL_AREA_STYLE_COLOUR('',#8281);
#9897 = OVER_RIDING_STYLED_ITEM('overriding color',(#9898),#7618,#8274);
#9898 = PRESENTATION_STYLE_ASSIGNMENT((#9899));
#9899 = SURFACE_STYLE_USAGE(.BOTH.,#9900);
#9900 = SURFACE_SIDE_STYLE('',(#9901));
#9901 = SURFACE_STYLE_FILL_AREA(#9902);
#9902 = FILL_AREA_STYLE('',(#9903));
#9903 = FILL_AREA_STYLE_COLOUR('',#8281);
#9904 = OVER_RIDING_STYLED_ITEM('overriding color',(#9905),#7638,#8274);
#9905 = PRESENTATION_STYLE_ASSIGNMENT((#9906));
#9906 = SURFACE_STYLE_USAGE(.BOTH.,#9907);
#9907 = SURFACE_SIDE_STYLE('',(#9908));
#9908 = SURFACE_STYLE_FILL_AREA(#9909);
#9909 = FILL_AREA_STYLE('',(#9910));
#9910 = FILL_AREA_STYLE_COLOUR('',#8281);
#9911 = OVER_RIDING_STYLED_ITEM('overriding color',(#9912),#7658,#8274);
#9912 = PRESENTATION_STYLE_ASSIGNMENT((#9913));
#9913 = SURFACE_STYLE_USAGE(.BOTH.,#9914);
#9914 = SURFACE_SIDE_STYLE('',(#9915));
#9915 = SURFACE_STYLE_FILL_AREA(#9916);
#9916 = FILL_AREA_STYLE('',(#9917));
#9917 = FILL_AREA_STYLE_COLOUR('',#8281);
#9918 = OVER_RIDING_STYLED_ITEM('overriding color',(#9919),#7678,#8274);
#9919 = PRESENTATION_STYLE_ASSIGNMENT((#9920));
#9920 = SURFACE_STYLE_USAGE(.BOTH.,#9921);
#9921 = SURFACE_SIDE_STYLE('',(#9922));
#9922 = SURFACE_STYLE_FILL_AREA(#9923);
#9923 = FILL_AREA_STYLE('',(#9924));
#9924 = FILL_AREA_STYLE_COLOUR('',#8281);
#9925 = OVER_RIDING_STYLED_ITEM('overriding color',(#9926),#7698,#8274);
#9926 = PRESENTATION_STYLE_ASSIGNMENT((#9927));
#9927 = SURFACE_STYLE_USAGE(.BOTH.,#9928);
#9928 = SURFACE_SIDE_STYLE('',(#9929));
#9929 = SURFACE_STYLE_FILL_AREA(#9930);
#9930 = FILL_AREA_STYLE('',(#9931));
#9931 = FILL_AREA_STYLE_COLOUR('',#8281);
#9932 = OVER_RIDING_STYLED_ITEM('overriding color',(#9933),#7718,#8274);
#9933 = PRESENTATION_STYLE_ASSIGNMENT((#9934));
#9934 = SURFACE_STYLE_USAGE(.BOTH.,#9935);
#9935 = SURFACE_SIDE_STYLE('',(#9936));
#9936 = SURFACE_STYLE_FILL_AREA(#9937);
#9937 = FILL_AREA_STYLE('',(#9938));
#9938 = FILL_AREA_STYLE_COLOUR('',#8281);
#9939 = OVER_RIDING_STYLED_ITEM('overriding color',(#9940),#7738,#8274);
#9940 = PRESENTATION_STYLE_ASSIGNMENT((#9941));
#9941 = SURFACE_STYLE_USAGE(.BOTH.,#9942);
#9942 = SURFACE_SIDE_STYLE('',(#9943));
#9943 = SURFACE_STYLE_FILL_AREA(#9944);
#9944 = FILL_AREA_STYLE('',(#9945));
#9945 = FILL_AREA_STYLE_COLOUR('',#8281);
#9946 = OVER_RIDING_STYLED_ITEM('overriding color',(#9947),#7758,#8274);
#9947 = PRESENTATION_STYLE_ASSIGNMENT((#9948));
#9948 = SURFACE_STYLE_USAGE(.BOTH.,#9949);
#9949 = SURFACE_SIDE_STYLE('',(#9950));
#9950 = SURFACE_STYLE_FILL_AREA(#9951);
#9951 = FILL_AREA_STYLE('',(#9952));
#9952 = FILL_AREA_STYLE_COLOUR('',#8281);
#9953 = OVER_RIDING_STYLED_ITEM('overriding color',(#9954),#7778,#8274);
#9954 = PRESENTATION_STYLE_ASSIGNMENT((#9955));
#9955 = SURFACE_STYLE_USAGE(.BOTH.,#9956);
#9956 = SURFACE_SIDE_STYLE('',(#9957));
#9957 = SURFACE_STYLE_FILL_AREA(#9958);
#9958 = FILL_AREA_STYLE('',(#9959));
#9959 = FILL_AREA_STYLE_COLOUR('',#8281);
#9960 = OVER_RIDING_STYLED_ITEM('overriding color',(#9961),#7798,#8274);
#9961 = PRESENTATION_STYLE_ASSIGNMENT((#9962));
#9962 = SURFACE_STYLE_USAGE(.BOTH.,#9963);
#9963 = SURFACE_SIDE_STYLE('',(#9964));
#9964 = SURFACE_STYLE_FILL_AREA(#9965);
#9965 = FILL_AREA_STYLE('',(#9966));
#9966 = FILL_AREA_STYLE_COLOUR('',#8281);
#9967 = OVER_RIDING_STYLED_ITEM('overriding color',(#9968),#7814,#8274);
#9968 = PRESENTATION_STYLE_ASSIGNMENT((#9969));
#9969 = SURFACE_STYLE_USAGE(.BOTH.,#9970);
#9970 = SURFACE_SIDE_STYLE('',(#9971));
#9971 = SURFACE_STYLE_FILL_AREA(#9972);
#9972 = FILL_AREA_STYLE('',(#9973));
#9973 = FILL_AREA_STYLE_COLOUR('',#8281);
#9974 = OVER_RIDING_STYLED_ITEM('overriding color',(#9975),#7830,#8274);
#9975 = PRESENTATION_STYLE_ASSIGNMENT((#9976));
#9976 = SURFACE_STYLE_USAGE(.BOTH.,#9977);
#9977 = SURFACE_SIDE_STYLE('',(#9978));
#9978 = SURFACE_STYLE_FILL_AREA(#9979);
#9979 = FILL_AREA_STYLE('',(#9980));
#9980 = FILL_AREA_STYLE_COLOUR('',#8281);
#9981 = OVER_RIDING_STYLED_ITEM('overriding color',(#9982),#7846,#8274);
#9982 = PRESENTATION_STYLE_ASSIGNMENT((#9983));
#9983 = SURFACE_STYLE_USAGE(.BOTH.,#9984);
#9984 = SURFACE_SIDE_STYLE('',(#9985));
#9985 = SURFACE_STYLE_FILL_AREA(#9986);
#9986 = FILL_AREA_STYLE('',(#9987));
#9987 = FILL_AREA_STYLE_COLOUR('',#8281);
#9988 = OVER_RIDING_STYLED_ITEM('overriding color',(#9989),#7862,#8274);
#9989 = PRESENTATION_STYLE_ASSIGNMENT((#9990));
#9990 = SURFACE_STYLE_USAGE(.BOTH.,#9991);
#9991 = SURFACE_SIDE_STYLE('',(#9992));
#9992 = SURFACE_STYLE_FILL_AREA(#9993);
#9993 = FILL_AREA_STYLE('',(#9994));
#9994 = FILL_AREA_STYLE_COLOUR('',#8281);
#9995 = OVER_RIDING_STYLED_ITEM('overriding color',(#9996),#7882,#8274);
#9996 = PRESENTATION_STYLE_ASSIGNMENT((#9997));
#9997 = SURFACE_STYLE_USAGE(.BOTH.,#9998);
#9998 = SURFACE_SIDE_STYLE('',(#9999));
#9999 = SURFACE_STYLE_FILL_AREA(#10000);
#10000 = FILL_AREA_STYLE('',(#10001));
#10001 = FILL_AREA_STYLE_COLOUR('',#8281);
#10002 = OVER_RIDING_STYLED_ITEM('overriding color',(#10003),#7902,#8274
  );
#10003 = PRESENTATION_STYLE_ASSIGNMENT((#10004));
#10004 = SURFACE_STYLE_USAGE(.BOTH.,#10005);
#10005 = SURFACE_SIDE_STYLE('',(#10006));
#10006 = SURFACE_STYLE_FILL_AREA(#10007);
#10007 = FILL_AREA_STYLE('',(#10008));
#10008 = FILL_AREA_STYLE_COLOUR('',#8281);
#10009 = OVER_RIDING_STYLED_ITEM('overriding color',(#10010),#7922,#8274
  );
#10010 = PRESENTATION_STYLE_ASSIGNMENT((#10011));
#10011 = SURFACE_STYLE_USAGE(.BOTH.,#10012);
#10012 = SURFACE_SIDE_STYLE('',(#10013));
#10013 = SURFACE_STYLE_FILL_AREA(#10014);
#10014 = FILL_AREA_STYLE('',(#10015));
#10015 = FILL_AREA_STYLE_COLOUR('',#8281);
#10016 = OVER_RIDING_STYLED_ITEM('overriding color',(#10017),#7942,#8274
  );
#10017 = PRESENTATION_STYLE_ASSIGNMENT((#10018));
#10018 = SURFACE_STYLE_USAGE(.BOTH.,#10019);
#10019 = SURFACE_SIDE_STYLE('',(#10020));
#10020 = SURFACE_STYLE_FILL_AREA(#10021);
#10021 = FILL_AREA_STYLE('',(#10022));
#10022 = FILL_AREA_STYLE_COLOUR('',#8281);
#10023 = OVER_RIDING_STYLED_ITEM('overriding color',(#10024),#7962,#8274
  );
#10024 = PRESENTATION_STYLE_ASSIGNMENT((#10025));
#10025 = SURFACE_STYLE_USAGE(.BOTH.,#10026);
#10026 = SURFACE_SIDE_STYLE('',(#10027));
#10027 = SURFACE_STYLE_FILL_AREA(#10028);
#10028 = FILL_AREA_STYLE('',(#10029));
#10029 = FILL_AREA_STYLE_COLOUR('',#8281);
#10030 = OVER_RIDING_STYLED_ITEM('overriding color',(#10031),#7982,#8274
  );
#10031 = PRESENTATION_STYLE_ASSIGNMENT((#10032));
#10032 = SURFACE_STYLE_USAGE(.BOTH.,#10033);
#10033 = SURFACE_SIDE_STYLE('',(#10034));
#10034 = SURFACE_STYLE_FILL_AREA(#10035);
#10035 = FILL_AREA_STYLE('',(#10036));
#10036 = FILL_AREA_STYLE_COLOUR('',#8281);
#10037 = OVER_RIDING_STYLED_ITEM('overriding color',(#10038),#8002,#8274
  );
#10038 = PRESENTATION_STYLE_ASSIGNMENT((#10039));
#10039 = SURFACE_STYLE_USAGE(.BOTH.,#10040);
#10040 = SURFACE_SIDE_STYLE('',(#10041));
#10041 = SURFACE_STYLE_FILL_AREA(#10042);
#10042 = FILL_AREA_STYLE('',(#10043));
#10043 = FILL_AREA_STYLE_COLOUR('',#8281);
#10044 = OVER_RIDING_STYLED_ITEM('overriding color',(#10045),#8018,#8274
  );
#10045 = PRESENTATION_STYLE_ASSIGNMENT((#10046));
#10046 = SURFACE_STYLE_USAGE(.BOTH.,#10047);
#10047 = SURFACE_SIDE_STYLE('',(#10048));
#10048 = SURFACE_STYLE_FILL_AREA(#10049);
#10049 = FILL_AREA_STYLE('',(#10050));
#10050 = FILL_AREA_STYLE_COLOUR('',#8281);
#10051 = OVER_RIDING_STYLED_ITEM('overriding color',(#10052),#8038,#8274
  );
#10052 = PRESENTATION_STYLE_ASSIGNMENT((#10053));
#10053 = SURFACE_STYLE_USAGE(.BOTH.,#10054);
#10054 = SURFACE_SIDE_STYLE('',(#10055));
#10055 = SURFACE_STYLE_FILL_AREA(#10056);
#10056 = FILL_AREA_STYLE('',(#10057));
#10057 = FILL_AREA_STYLE_COLOUR('',#8281);
#10058 = OVER_RIDING_STYLED_ITEM('overriding color',(#10059),#8058,#8274
  );
#10059 = PRESENTATION_STYLE_ASSIGNMENT((#10060));
#10060 = SURFACE_STYLE_USAGE(.BOTH.,#10061);
#10061 = SURFACE_SIDE_STYLE('',(#10062));
#10062 = SURFACE_STYLE_FILL_AREA(#10063);
#10063 = FILL_AREA_STYLE('',(#10064));
#10064 = FILL_AREA_STYLE_COLOUR('',#8281);
#10065 = OVER_RIDING_STYLED_ITEM('overriding color',(#10066),#8074,#8274
  );
#10066 = PRESENTATION_STYLE_ASSIGNMENT((#10067));
#10067 = SURFACE_STYLE_USAGE(.BOTH.,#10068);
#10068 = SURFACE_SIDE_STYLE('',(#10069));
#10069 = SURFACE_STYLE_FILL_AREA(#10070);
#10070 = FILL_AREA_STYLE('',(#10071));
#10071 = FILL_AREA_STYLE_COLOUR('',#8281);
#10072 = OVER_RIDING_STYLED_ITEM('overriding color',(#10073),#8094,#8274
  );
#10073 = PRESENTATION_STYLE_ASSIGNMENT((#10074));
#10074 = SURFACE_STYLE_USAGE(.BOTH.,#10075);
#10075 = SURFACE_SIDE_STYLE('',(#10076));
#10076 = SURFACE_STYLE_FILL_AREA(#10077);
#10077 = FILL_AREA_STYLE('',(#10078));
#10078 = FILL_AREA_STYLE_COLOUR('',#8281);
#10079 = OVER_RIDING_STYLED_ITEM('overriding color',(#10080),#8114,#8274
  );
#10080 = PRESENTATION_STYLE_ASSIGNMENT((#10081));
#10081 = SURFACE_STYLE_USAGE(.BOTH.,#10082);
#10082 = SURFACE_SIDE_STYLE('',(#10083));
#10083 = SURFACE_STYLE_FILL_AREA(#10084);
#10084 = FILL_AREA_STYLE('',(#10085));
#10085 = FILL_AREA_STYLE_COLOUR('',#8281);
#10086 = OVER_RIDING_STYLED_ITEM('overriding color',(#10087),#8134,#8274
  );
#10087 = PRESENTATION_STYLE_ASSIGNMENT((#10088));
#10088 = SURFACE_STYLE_USAGE(.BOTH.,#10089);
#10089 = SURFACE_SIDE_STYLE('',(#10090));
#10090 = SURFACE_STYLE_FILL_AREA(#10091);
#10091 = FILL_AREA_STYLE('',(#10092));
#10092 = FILL_AREA_STYLE_COLOUR('',#8281);
#10093 = OVER_RIDING_STYLED_ITEM('overriding color',(#10094),#8150,#8274
  );
#10094 = PRESENTATION_STYLE_ASSIGNMENT((#10095));
#10095 = SURFACE_STYLE_USAGE(.BOTH.,#10096);
#10096 = SURFACE_SIDE_STYLE('',(#10097));
#10097 = SURFACE_STYLE_FILL_AREA(#10098);
#10098 = FILL_AREA_STYLE('',(#10099));
#10099 = FILL_AREA_STYLE_COLOUR('',#8281);
#10100 = OVER_RIDING_STYLED_ITEM('overriding color',(#10101),#8170,#8274
  );
#10101 = PRESENTATION_STYLE_ASSIGNMENT((#10102));
#10102 = SURFACE_STYLE_USAGE(.BOTH.,#10103);
#10103 = SURFACE_SIDE_STYLE('',(#10104));
#10104 = SURFACE_STYLE_FILL_AREA(#10105);
#10105 = FILL_AREA_STYLE('',(#10106));
#10106 = FILL_AREA_STYLE_COLOUR('',#8281);
#10107 = OVER_RIDING_STYLED_ITEM('overriding color',(#10108),#8186,#8274
  );
#10108 = PRESENTATION_STYLE_ASSIGNMENT((#10109));
#10109 = SURFACE_STYLE_USAGE(.BOTH.,#10110);
#10110 = SURFACE_SIDE_STYLE('',(#10111));
#10111 = SURFACE_STYLE_FILL_AREA(#10112);
#10112 = FILL_AREA_STYLE('',(#10113));
#10113 = FILL_AREA_STYLE_COLOUR('',#8281);
#10114 = OVER_RIDING_STYLED_ITEM('overriding color',(#10115),#8229,#8274
  );
#10115 = PRESENTATION_STYLE_ASSIGNMENT((#10116));
#10116 = SURFACE_STYLE_USAGE(.BOTH.,#10117);
#10117 = SURFACE_SIDE_STYLE('',(#10118));
#10118 = SURFACE_STYLE_FILL_AREA(#10119);
#10119 = FILL_AREA_STYLE('',(#10120));
#10120 = FILL_AREA_STYLE_COLOUR('',#8281);
#10121 = OVER_RIDING_STYLED_ITEM('overriding color',(#10122),#8257,#8274
  );
#10122 = PRESENTATION_STYLE_ASSIGNMENT((#10123));
#10123 = SURFACE_STYLE_USAGE(.BOTH.,#10124);
#10124 = SURFACE_SIDE_STYLE('',(#10125));
#10125 = SURFACE_STYLE_FILL_AREA(#10126);
#10126 = FILL_AREA_STYLE('',(#10127));
#10127 = FILL_AREA_STYLE_COLOUR('',#8291);
ENDSEC;
END-ISO-10303-21;
