ISO-10303-21;
HEADER;
FILE_DESCRIPTION (( 'STEP AP214' ),
    '1' );
FILE_NAME ('CRYSTAL-SMD_4P-L5.0-W3.2-BL.STEP',
    '2022-04-12T03:55:55',
    ( 'Sky123.Org' ),
    ( 'Sky123.Org' ),
    'SwSTEP 2.0',
    'SolidWorks 2017',
    '' );
FILE_SCHEMA (( 'AUTOMOTIVE_DESIGN' ));
ENDSEC;

DATA;
#1 = EDGE_LOOP ( 'NONE', ( #2468, #3430, #376, #4031, #3649 ) ) ;
#2 = LINE ( 'NONE', #4763, #5215 ) ;
#3 = ORIENTED_EDGE ( 'NONE', *, *, #4193, .F. ) ;
#4 = ORIENTED_EDGE ( 'NONE', *, *, #2354, .T. ) ;
#5 = ADVANCED_FACE ( 'NONE', ( #2955 ), #2391, .F. ) ;
#6 = FACE_OUTER_BOUND ( 'NONE', #1511, .T. ) ;
#7 = PRESENTATION_LAYER_ASSIGNMENT (  '', '', ( #5887 ) ) ;
#8 = ORIENTED_EDGE ( 'NONE', *, *, #369, .F. ) ;
#9 = ORIENTED_EDGE ( 'NONE', *, *, #6275, .T. ) ;
#10 = EDGE_CURVE ( 'NONE', #2168, #3913, #878, .T. ) ;
#11 = CARTESIAN_POINT ( 'NONE',  ( 2.500000000000000000, -1.600000000000000300, 0.3499999999999999800 ) ) ;
#12 = EDGE_CURVE ( 'NONE', #1430, #4502, #4699, .T. ) ;
#13 =( GEOMETRIC_REPRESENTATION_CONTEXT ( 3 ) GLOBAL_UNCERTAINTY_ASSIGNED_CONTEXT ( ( #4639 ) ) GLOBAL_UNIT_ASSIGNED_CONTEXT ( ( #3368, #265, #3841 ) ) REPRESENTATION_CONTEXT ( 'NONE', 'WORKASPACE' ) );
#14 = AXIS2_PLACEMENT_3D ( 'NONE', #6299, #6183, #6066 ) ;
#15 = ADVANCED_FACE ( 'NONE', ( #5999 ), #667, .T. ) ;
#16 = PLANE ( 'NONE',  #3908 ) ;
#17 = CARTESIAN_POINT ( 'NONE',  ( -2.299999999999999800, -1.599999999999999900, 0.0000000000000000000 ) ) ;
#18 = ORIENTED_EDGE ( 'NONE', *, *, #5100, .T. ) ;
#19 =( NAMED_UNIT ( * ) PLANE_ANGLE_UNIT ( ) SI_UNIT ( $, .RADIAN. ) );
#20 = CIRCLE ( 'NONE', #3006, 0.2000000000000000900 ) ;
#21 = FILL_AREA_STYLE_COLOUR ( '', #3501 ) ;
#22 = CARTESIAN_POINT ( 'NONE',  ( 0.3546144861576529500, -0.1841850428571639200, 1.355252715606880500E-017 ) ) ;
#23 = ADVANCED_FACE ( 'NONE', ( #3411 ), #2428, .F. ) ;
#24 = PRESENTATION_LAYER_ASSIGNMENT (  '', '', ( #6244 ) ) ;
#25 = AXIS2_PLACEMENT_3D ( 'NONE', #1434, #4902, #1928 ) ;
#26 = ADVANCED_FACE ( 'NONE', ( #1569 ), #2287, .T. ) ;
#27 = CARTESIAN_POINT ( 'NONE',  ( 0.6040308745227657200, -0.08123667622124218500, 0.02000000000000000000 ) ) ;
#28 = CARTESIAN_POINT ( 'NONE',  ( -0.2195121951219513000, -0.1903425083687992100, 0.02000000000000000000 ) ) ;
#29 = ADVANCED_FACE ( 'NONE', ( #6218 ), #676, .T. ) ;
#30 = DIRECTION ( 'NONE',  ( -1.000000000000000000, 0.0000000000000000000, 0.0000000000000000000 ) ) ;
#31 = ADVANCED_FACE ( 'NONE', ( #1101 ), #2006, .T. ) ;
#32 = DIRECTION ( 'NONE',  ( -1.000000000000000000, 0.0000000000000000000, 0.0000000000000000000 ) ) ;
#33 = ADVANCED_FACE ( 'NONE', ( #6071 ), #6336, .T. ) ;
#34 = DIRECTION ( 'NONE',  ( -0.0000000000000000000, -0.0000000000000000000, -1.000000000000000000 ) ) ;
#35 = ADVANCED_FACE ( 'NONE', ( #3164 ), #3856, .F. ) ;
#36 = DIRECTION ( 'NONE',  ( 0.0000000000000000000, 0.0000000000000000000, -1.000000000000000000 ) ) ;
#37 =( NAMED_UNIT ( * ) SI_UNIT ( $, .STERADIAN. ) SOLID_ANGLE_UNIT ( ) );
#38 = ADVANCED_FACE ( 'NONE', ( #1327 ), #5615, .T. ) ;
#39 = CARTESIAN_POINT ( 'NONE',  ( 0.5035959877791481600, 0.1924243572416083300, 0.02000000000000000000 ) ) ;
#40 = COLOUR_RGB ( '',0.2980392156862745100, 0.2980392156862745100, 0.2980392156862745100 ) ;
#41 = FILL_AREA_STYLE_COLOUR ( '', #2511 ) ;
#42 = PRESENTATION_LAYER_ASSIGNMENT (  '', '', ( #5574 ) ) ;
#43 = CIRCLE ( 'NONE', #3664, 0.1000000000000002600 ) ;
#44 = ADVANCED_FACE ( 'NONE', ( #871 ), #343, .F. ) ;
#45 = EDGE_CURVE ( 'NONE', #5295, #5760, #2941, .T. ) ;
#46 = DIRECTION ( 'NONE',  ( 4.336808689942006700E-015, -1.000000000000000000, 0.0000000000000000000 ) ) ;
#47 = MECHANICAL_DESIGN_GEOMETRIC_PRESENTATION_REPRESENTATION (  '', ( #5942 ), #459 ) ;
#48 = CARTESIAN_POINT ( 'NONE',  ( -2.199999999999999700, -1.300000000000000000, 0.4699999999999999700 ) ) ;
#49 = DIRECTION ( 'NONE',  ( -1.000000000000000000, 0.0000000000000000000, 0.0000000000000000000 ) ) ;
#50 = CYLINDRICAL_SURFACE ( 'NONE', #733, 0.2000000000000000900 ) ;
#51 = EDGE_CURVE ( 'NONE', #4275, #5162, #5503, .T. ) ;
#52 = CARTESIAN_POINT ( 'NONE',  ( -0.04268292682926854600, 0.2547794428507130200, 0.02000000000000000000 ) ) ;
#53 = ADVANCED_FACE ( 'NONE', ( #4238 ), #6573, .T. ) ;
#54 = CARTESIAN_POINT ( 'NONE',  ( 0.6653820571764723600, 0.1032641328116448200, 1.355252715606880500E-017 ) ) ;
#55 = VERTEX_POINT ( 'NONE', #6482 ) ;
#56 = DIRECTION ( 'NONE',  ( 0.0000000000000000000, 0.0000000000000000000, -1.000000000000000000 ) ) ;
#57 = EDGE_CURVE ( 'NONE', #196, #4419, #3635, .T. ) ;
#58 = CARTESIAN_POINT ( 'NONE',  ( 0.3248036304379766100, -0.1722164681101874500, 0.02000000000000000000 ) ) ;
#59 = PRESENTATION_LAYER_ASSIGNMENT (  '', '', ( #5952 ) ) ;
#60 = CARTESIAN_POINT ( 'NONE',  ( -0.8475609756097561800, 0.2547794428507130200, 0.02000000000000000000 ) ) ;
#61 = VECTOR ( 'NONE', #1115, 1000.000000000000000 ) ;
#62 = STYLED_ITEM ( 'NONE', ( #3152 ), #221 ) ;
#63 = CARTESIAN_POINT ( 'NONE',  ( 1.300000000000000300, 0.7000000000000000700, -0.001000000000000000000 ) ) ;
#64 = ADVANCED_FACE ( 'NONE', ( #4904 ), #4309, .F. ) ;
#65 = FILL_AREA_STYLE_COLOUR ( '', #5106 ) ;
#66 = ADVANCED_FACE ( 'NONE', ( #1780 ), #2916, .T. ) ;
#67 = LINE ( 'NONE', #5699, #5427 ) ;
#68 = ADVANCED_FACE ( 'NONE', ( #3157 ), #1166, .T. ) ;
#69 = VERTEX_POINT ( 'NONE', #678 ) ;
#70 = CARTESIAN_POINT ( 'NONE',  ( 0.3638328332527678800, 0.2560436117162395200, 0.0000000000000000000 ) ) ;
#71 = CARTESIAN_POINT ( 'NONE',  ( 2.500000000000000000, 1.600000000000000300, -0.001000000000000000000 ) ) ;
#72 = ORIENTED_EDGE ( 'NONE', *, *, #4830, .F. ) ;
#73 = ORIENTED_EDGE ( 'NONE', *, *, #6222, .T. ) ;
#74 = ORIENTED_EDGE ( 'NONE', *, *, #1699, .F. ) ;
#75 = VECTOR ( 'NONE', #4515, 1000.000000000000000 ) ;
#76 = SURFACE_STYLE_USAGE ( .BOTH. , #1168 ) ;
#77 = CARTESIAN_POINT ( 'NONE',  ( -0.8038300304878049900, 0.1587428574848593900, 0.0000000000000000000 ) ) ;
#78 = ORIENTED_EDGE ( 'NONE', *, *, #4152, .F. ) ;
#79 = LINE ( 'NONE', #2837, #5276 ) ;
#80 = VERTEX_POINT ( 'NONE', #567 ) ;
#81 = CARTESIAN_POINT ( 'NONE',  ( -2.299999999999999800, -1.599999999999999900, 0.4500000000000000100 ) ) ;
#82 = ORIENTED_EDGE ( 'NONE', *, *, #2022, .T. ) ;
#83 = ORIENTED_EDGE ( 'NONE', *, *, #6506, .F. ) ;
#84 = ADVANCED_FACE ( 'NONE', ( #5122 ), #764, .T. ) ;
#85 = LINE ( 'NONE', #6046, #2716 ) ;
#86 = DIRECTION ( 'NONE',  ( 0.0000000000000000000, -0.0000000000000000000, -1.000000000000000000 ) ) ;
#87 =( NAMED_UNIT ( * ) PLANE_ANGLE_UNIT ( ) SI_UNIT ( $, .RADIAN. ) );
#88 = LINE ( 'NONE', #1474, #5151 ) ;
#89 = FILL_AREA_STYLE ('',( #6312 ) ) ;
#90 = CARTESIAN_POINT ( 'NONE',  ( 0.5519480709241033600, 0.2327515285535269000, 0.02000000000000000000 ) ) ;
#91 = ORIENTED_EDGE ( 'NONE', *, *, #2685, .F. ) ;
#92 = ORIENTED_EDGE ( 'NONE', *, *, #3045, .T. ) ;
#93 = LINE ( 'NONE', #3536, #4046 ) ;
#94 = ADVANCED_FACE ( 'NONE', ( #2516 ), #2940, .T. ) ;
#95 = ORIENTED_EDGE ( 'NONE', *, *, #4718, .T. ) ;
#96 = CARTESIAN_POINT ( 'NONE',  ( -0.8062193102706338700, 0.1659480138671232700, 1.355252715606880500E-017 ) ) ;
#97 = ORIENTED_EDGE ( 'NONE', *, *, #4525, .T. ) ;
#98 = CARTESIAN_POINT ( 'NONE',  ( 0.4457335509202432500, -0.1962745203024672300, 1.355252715606880500E-017 ) ) ;
#99 = PRESENTATION_LAYER_ASSIGNMENT (  '', '', ( #495 ) ) ;
#100 = ORIENTED_EDGE ( 'NONE', *, *, #4087, .T. ) ;
#101 = EDGE_CURVE ( 'NONE', #806, #69, #6454, .T. ) ;
#102 = UNCERTAINTY_MEASURE_WITH_UNIT (LENGTH_MEASURE( 1.000000000000000100E-005 ), #4096, 'distance_accuracy_value', 'NONE');
#103 = EDGE_LOOP ( 'NONE', ( #5928, #3510, #5221, #6227 ) ) ;
#104 = DIRECTION ( 'NONE',  ( -4.336808689942006700E-015, 1.000000000000000000, 0.0000000000000000000 ) ) ;
#105 = SURFACE_STYLE_USAGE ( .BOTH. , #3211 ) ;
#106 = ADVANCED_FACE ( 'NONE', ( #3699 ), #2764, .F. ) ;
#107 = CIRCLE ( 'NONE', #2043, 0.2000000000000000900 ) ;
#108 = ORIENTED_EDGE ( 'NONE', *, *, #3441, .T. ) ;
#109 = ORIENTED_EDGE ( 'NONE', *, *, #3238, .T. ) ;
#110 = FILL_AREA_STYLE ('',( #2726 ) ) ;
#111 = DIRECTION ( 'NONE',  ( 0.0000000000000000000, 1.000000000000000000, 0.0000000000000000000 ) ) ;
#112 = LINE ( 'NONE', #5379, #1379 ) ;
#113 = CARTESIAN_POINT ( 'NONE',  ( 0.5848806046880747900, -0.2136704002188259700, -0.0000000000000000000 ) ) ;
#114 = ADVANCED_FACE ( 'NONE', ( #4539 ), #2366, .T. ) ;
#115 = ADVANCED_FACE ( 'NONE', ( #1855 ), #2715, .T. ) ;
#116 = EDGE_CURVE ( 'NONE', #4124, #1524, #5648, .T. ) ;
#117 = EDGE_CURVE ( 'NONE', #1212, #6318, #520, .T. ) ;
#118 = AXIS2_PLACEMENT_3D ( 'NONE', #2374, #5804, #2913 ) ;
#119 = CARTESIAN_POINT ( 'NONE',  ( 0.4286394817073176900, 0.2608770038263227800, 1.355252715606880500E-017 ) ) ;
#120 = VECTOR ( 'NONE', #5538, 1000.000000000000000 ) ;
#121 =( GEOMETRIC_REPRESENTATION_CONTEXT ( 3 ) GLOBAL_UNCERTAINTY_ASSIGNED_CONTEXT ( ( #3276 ) ) GLOBAL_UNIT_ASSIGNED_CONTEXT ( ( #2904, #2935, #2961 ) ) REPRESENTATION_CONTEXT ( 'NONE', 'WORKASPACE' ) );
#122 = ADVANCED_FACE ( 'NONE', ( #3229 ), #5048, .F. ) ;
#123 = DIRECTION ( 'NONE',  ( 0.0000000000000000000, 0.0000000000000000000, 1.000000000000000000 ) ) ;
#124 = ADVANCED_FACE ( 'NONE', ( #2599 ), #5916, .F. ) ;
#125 = CARTESIAN_POINT ( 'NONE',  ( 0.4393102134146347800, -0.1964400693444089400, 0.02000000000000000000 ) ) ;
#126 = FILL_AREA_STYLE_COLOUR ( '', #1339 ) ;
#127 = CARTESIAN_POINT ( 'NONE',  ( -2.419999999999999900, -1.300000000000000000, 0.4500000000000000100 ) ) ;
#128 = CARTESIAN_POINT ( 'NONE',  ( -0.4193364853228177000, 0.2293901733553912700, 0.02000000000000000000 ) ) ;
#129 = SURFACE_STYLE_FILL_AREA ( #625 ) ;
#130 = ADVANCED_FACE ( 'NONE', ( #2104 ), #2859, .F. ) ;
#131 = FILL_AREA_STYLE_COLOUR ( '', #1360 ) ;
#132 =( NAMED_UNIT ( * ) PLANE_ANGLE_UNIT ( ) SI_UNIT ( $, .RADIAN. ) );
#133 = SURFACE_STYLE_FILL_AREA ( #2504 ) ;
#134 = CARTESIAN_POINT ( 'NONE',  ( -0.2935403963414635100, 0.2547794428507130200, 0.02000000000000000000 ) ) ;
#135 = ADVANCED_FACE ( 'NONE', ( #230 ), #5159, .T. ) ;
#136 = CARTESIAN_POINT ( 'NONE',  ( -0.5132705962058891100, -0.1375699794085271700, 0.02000000000000000000 ) ) ;
#137 = SURFACE_STYLE_FILL_AREA ( #1896 ) ;
#138 = CARTESIAN_POINT ( 'NONE',  ( -2.199999999999999700, -1.300000000000000000, 0.4699999999999999700 ) ) ;
#139 = VECTOR ( 'NONE', #6249, 1000.000000000000000 ) ;
#140 =( NAMED_UNIT ( * ) PLANE_ANGLE_UNIT ( ) SI_UNIT ( $, .RADIAN. ) );
#141 = CARTESIAN_POINT ( 'NONE',  ( 1.300000000000000300, -0.7000000000000000700, -0.001000000000000000000 ) ) ;
#142 = CARTESIAN_POINT ( 'NONE',  ( 0.4393102134146347800, -0.1964400693444089400, 1.355252715606880500E-017 ) ) ;
#143 =( LENGTH_UNIT ( ) NAMED_UNIT ( * ) SI_UNIT ( .MILLI., .METRE. ) );
#144 = ADVANCED_FACE ( 'NONE', ( #1628 ), #6128, .T. ) ;
#145 = CARTESIAN_POINT ( 'NONE',  ( -0.4677658563680960300, -0.09231417633902552800, 0.0000000000000000000 ) ) ;
#146 = CARTESIAN_POINT ( 'NONE',  ( -2.199999999999999700, 1.520000000000000200, 0.4500000000000000100 ) ) ;
#147 = LINE ( 'NONE', #5926, #5339 ) ;
#148 =( GEOMETRIC_REPRESENTATION_CONTEXT ( 3 ) GLOBAL_UNCERTAINTY_ASSIGNED_CONTEXT ( ( #5006 ) ) GLOBAL_UNIT_ASSIGNED_CONTEXT ( ( #920, #1937, #1909 ) ) REPRESENTATION_CONTEXT ( 'NONE', 'WORKASPACE' ) );
#149 = UNCERTAINTY_MEASURE_WITH_UNIT (LENGTH_MEASURE( 1.000000000000000100E-005 ), #2093, 'distance_accuracy_value', 'NONE');
#150 = DIRECTION ( 'NONE',  ( -1.000000000000000000, 0.0000000000000000000, 0.0000000000000000000 ) ) ;
#151 = EDGE_CURVE ( 'NONE', #2236, #2147, #4971, .T. ) ;
#152 = ADVANCED_FACE ( 'NONE', ( #3694 ), #1701, .F. ) ;
#153 = SURFACE_STYLE_FILL_AREA ( #89 ) ;
#154 = ADVANCED_FACE ( 'NONE', ( #5643 ), #5184, .T. ) ;
#155 = COLOUR_RGB ( '',0.8274509803921568100, 0.6666666666666666300, 0.1294117647058823400 ) ;
#156 = CARTESIAN_POINT ( 'NONE',  ( 2.101000000000000400, -1.600000000000000300, -0.001000000000000000000 ) ) ;
#157 = EDGE_CURVE ( 'NONE', #5232, #2137, #2593, .T. ) ;
#158 = AXIS2_PLACEMENT_3D ( 'NONE', #6386, #3438, #3063 ) ;
#159 = DIRECTION ( 'NONE',  ( -0.0000000000000000000, -0.0000000000000000000, 1.000000000000000000 ) ) ;
#160 = DIRECTION ( 'NONE',  ( -0.0000000000000000000, -0.0000000000000000000, -1.000000000000000000 ) ) ;
#161 = LINE ( 'NONE', #1361, #5349 ) ;
#162 = PRESENTATION_LAYER_ASSIGNMENT (  '', '', ( #5673 ) ) ;
#163 = ORIENTED_EDGE ( 'NONE', *, *, #1157, .T. ) ;
#164 = PRESENTATION_STYLE_ASSIGNMENT (( #5589 ) ) ;
#165 = ADVANCED_FACE ( 'NONE', ( #1233 ), #3303, .F. ) ;
#166 = VECTOR ( 'NONE', #4471, 1000.000000000000000 ) ;
#167 = PLANE ( 'NONE',  #4190 ) ;
#168 = CARTESIAN_POINT ( 'NONE',  ( -0.5548780487804878500, 0.01106755260681059300, 0.02000000000000000000 ) ) ;
#169 = AXIS2_PLACEMENT_3D ( 'NONE', #4510, #1513, #4975 ) ;
#170 =( GEOMETRIC_REPRESENTATION_CONTEXT ( 3 ) GLOBAL_UNCERTAINTY_ASSIGNED_CONTEXT ( ( #149 ) ) GLOBAL_UNIT_ASSIGNED_CONTEXT ( ( #2093, #4866, #4595 ) ) REPRESENTATION_CONTEXT ( 'NONE', 'WORKASPACE' ) );
#171 = AXIS2_PLACEMENT_3D ( 'NONE', #180, #3770, #767 ) ;
#172 = ORIENTED_EDGE ( 'NONE', *, *, #4441, .F. ) ;
#173 = CARTESIAN_POINT ( 'NONE',  ( -0.8118330792682927300, 0.1938038330946154600, 0.02000000000000000000 ) ) ;
#174 = CARTESIAN_POINT ( 'NONE',  ( -2.299999999999999400, -1.300000000000000000, 0.7500000000000000000 ) ) ;
#175 = VERTEX_POINT ( 'NONE', #4084 ) ;
#176 = DIRECTION ( 'NONE',  ( -0.9406672605435406600, 0.3393303772748774100, 0.0000000000000000000 ) ) ;
#177 = LINE ( 'NONE', #2950, #1111 ) ;
#178 = CARTESIAN_POINT ( 'NONE',  ( 0.6158536585365860200, -0.0005559230029455151900, 0.02000000000000000000 ) ) ;
#179 = DIRECTION ( 'NONE',  ( 0.0000000000000000000, -1.000000000000000000, 0.0000000000000000000 ) ) ;
#180 = CARTESIAN_POINT ( 'NONE',  ( 2.419999999999999900, 1.300000000000000300, 0.4699999999999999700 ) ) ;
#181 = ORIENTED_EDGE ( 'NONE', *, *, #4401, .T. ) ;
#182 = VECTOR ( 'NONE', #4067, 1000.000000000000000 ) ;
#183 = ORIENTED_EDGE ( 'NONE', *, *, #5631, .F. ) ;
#184 = ADVANCED_FACE ( 'NONE', ( #2098 ), #4131, .T. ) ;
#185 = ORIENTED_EDGE ( 'NONE', *, *, #3674, .F. ) ;
#186 = CARTESIAN_POINT ( 'NONE',  ( 1.300000000000000300, -1.500000000000000000, -0.001000000000000000000 ) ) ;
#187 = ORIENTED_EDGE ( 'NONE', *, *, #6302, .T. ) ;
#188 = LINE ( 'NONE', #3818, #2471 ) ;
#189 =( NAMED_UNIT ( * ) SI_UNIT ( $, .STERADIAN. ) SOLID_ANGLE_UNIT ( ) );
#190 = B_SPLINE_CURVE_WITH_KNOTS ( 'NONE', 3,
 ( #4072, #3073, #4512, #1056, #4553, #1550, #5023, #2054, #5498, #2583, #6025, #3097, #6526, #3612, #549, #4092, #1075, #4584, #1571 ),
 .UNSPECIFIED., .F., .F.,
 ( 4, 1, 1, 1, 1, 1, 1, 1, 1, 1, 1, 1, 1, 1, 1, 1, 4 ),
 ( 0.0000000000000000000, 0.06460397028839215400, 0.1267024139629472600, 0.1867568140356183100, 0.2455056873654374900, 0.3036520244499755800, 0.3615030739706252000, 0.4202402229284673000, 0.4800333407766962400, 0.5406781347755159600, 0.6011918063807816200, 0.6623335024774421600, 0.7247395102972316000, 0.7894677361728864600, 0.8565048600438305300, 0.9263120958391900500, 1.000000000000000000 ),
 .UNSPECIFIED. ) ;
#191 = ORIENTED_EDGE ( 'NONE', *, *, #1620, .F. ) ;
#192 = VERTEX_POINT ( 'NONE', #4184 ) ;
#193 = SURFACE_STYLE_FILL_AREA ( #5150 ) ;
#194 = ADVANCED_FACE ( 'NONE', ( #4148 ), #5044, .T. ) ;
#195 = CARTESIAN_POINT ( 'NONE',  ( -2.400000000000000400, 1.201000000000000300, -0.001000000000000000000 ) ) ;
#196 = VERTEX_POINT ( 'NONE', #6520 ) ;
#197 = UNCERTAINTY_MEASURE_WITH_UNIT (LENGTH_MEASURE( 1.000000000000000100E-005 ), #4968, 'distance_accuracy_value', 'NONE');
#198 = ORIENTED_EDGE ( 'NONE', *, *, #4208, .F. ) ;
#199 = ADVANCED_FACE ( 'NONE', ( #224 ), #6125, .F. ) ;
#200 = FILL_AREA_STYLE ('',( #2920 ) ) ;
#201 =( GEOMETRIC_REPRESENTATION_CONTEXT ( 3 ) GLOBAL_UNCERTAINTY_ASSIGNED_CONTEXT ( ( #5963 ) ) GLOBAL_UNIT_ASSIGNED_CONTEXT ( ( #234, #1663, #5717 ) ) REPRESENTATION_CONTEXT ( 'NONE', 'WORKASPACE' ) );
#202 = CARTESIAN_POINT ( 'NONE',  ( -2.399999999999999900, -1.300000000000000000, 0.6999999999999999600 ) ) ;
#203 = SURFACE_SIDE_STYLE ('',( #1959 ) ) ;
#204 = STYLED_ITEM ( 'NONE', ( #6330 ), #657 ) ;
#205 = ORIENTED_EDGE ( 'NONE', *, *, #1320, .F. ) ;
#206 = ADVANCED_FACE ( 'NONE', ( #3692 ), #2781, .T. ) ;
#207 = DIRECTION ( 'NONE',  ( 0.0000000000000000000, -1.000000000000000000, -0.0000000000000000000 ) ) ;
#208 = CARTESIAN_POINT ( 'NONE',  ( 0.6552522120671927500, 0.1267317026035192100, 0.0000000000000000000 ) ) ;
#209 = DIRECTION ( 'NONE',  ( 1.000000000000000000, 0.0000000000000000000, 0.0000000000000000000 ) ) ;
#210 = CARTESIAN_POINT ( 'NONE',  ( -2.399999999999999900, -1.300000000000000000, 0.6999999999999999600 ) ) ;
#211 = EDGE_CURVE ( 'NONE', #5917, #4356, #4816, .T. ) ;
#212 = ADVANCED_FACE ( 'NONE', ( #4967 ), #4574, .T. ) ;
#213 = MECHANICAL_DESIGN_GEOMETRIC_PRESENTATION_REPRESENTATION (  '', ( #6075 ), #608 ) ;
#214 = FILL_AREA_STYLE ('',( #5715 ) ) ;
#215 = CARTESIAN_POINT ( 'NONE',  ( -0.05487804878048806900, -0.1903425083687991800, 0.02000000000000000000 ) ) ;
#216 =( NAMED_UNIT ( * ) SI_UNIT ( $, .STERADIAN. ) SOLID_ANGLE_UNIT ( ) );
#217 = CARTESIAN_POINT ( 'NONE',  ( -0.5262841260377203500, -0.1163856908968802600, 0.02000000000000000000 ) ) ;
#218 = DIRECTION ( 'NONE',  ( -0.0000000000000000000, 1.000000000000000000, 0.0000000000000000000 ) ) ;
#219 = ADVANCED_FACE ( 'NONE', ( #3555 ), #1591, .F. ) ;
#220 = DIRECTION ( 'NONE',  ( 0.0000000000000000000, 1.000000000000000000, 0.0000000000000000000 ) ) ;
#221 = ADVANCED_FACE ( 'NONE', ( #4460 ), #6120, .T. ) ;
#222 = SURFACE_SIDE_STYLE ('',( #153 ) ) ;
#223 = DIRECTION ( 'NONE',  ( 0.0000000000000000000, -1.000000000000000000, -0.0000000000000000000 ) ) ;
#224 = FACE_OUTER_BOUND ( 'NONE', #1530, .T. ) ;
#225 = CARTESIAN_POINT ( 'NONE',  ( 0.3109756097560982300, -0.1644278742224577200, 0.02000000000000000000 ) ) ;
#226 = ADVANCED_FACE ( 'NONE', ( #4005 ), #3470, .T. ) ;
#227 = ADVANCED_FACE ( 'NONE', ( #6450 ), #1872, .T. ) ;
#228 = PLANE ( 'NONE',  #511 ) ;
#229 = CARTESIAN_POINT ( 'NONE',  ( 0.4393102134146347800, -0.1964400693444089400, 0.02000000000000000000 ) ) ;
#230 = FACE_OUTER_BOUND ( 'NONE', #2660, .T. ) ;
#231 = ADVANCED_FACE ( 'NONE', ( #5117 ), #5842, .F. ) ;
#232 = DIRECTION ( 'NONE',  ( -1.000000000000000000, -4.336808689942025600E-015, 0.0000000000000000000 ) ) ;
#233 = ADVANCED_FACE ( 'NONE', ( #1347 ), #6247, .T. ) ;
#234 =( LENGTH_UNIT ( ) NAMED_UNIT ( * ) SI_UNIT ( .MILLI., .METRE. ) );
#235 = CARTESIAN_POINT ( 'NONE',  ( -0.4185497136480041400, -0.2182973716267307400, 1.355252715606880500E-017 ) ) ;
#236 = PRESENTATION_STYLE_ASSIGNMENT (( #4338 ) ) ;
#237 = DIRECTION ( 'NONE',  ( 0.0000000000000000000, -0.0000000000000000000, 1.000000000000000000 ) ) ;
#238 = ORIENTED_EDGE ( 'NONE', *, *, #4151, .T. ) ;
#239 = DIRECTION ( 'NONE',  ( 0.0000000000000000000, -0.0000000000000000000, 1.000000000000000000 ) ) ;
#240 = CARTESIAN_POINT ( 'NONE',  ( -0.04268292682926854600, 0.2547794428507130200, 0.0000000000000000000 ) ) ;
#241 = UNCERTAINTY_MEASURE_WITH_UNIT (LENGTH_MEASURE( 1.000000000000000100E-005 ), #5604, 'distance_accuracy_value', 'NONE');
#242 = CARTESIAN_POINT ( 'NONE',  ( -0.4221823489837584500, -0.1503189914790619100, 0.02000000000000000000 ) ) ;
#243 = FACE_OUTER_BOUND ( 'NONE', #3272, .T. ) ;
#244 = ORIENTED_EDGE ( 'NONE', *, *, #4664, .F. ) ;
#245 = ADVANCED_FACE ( 'NONE', ( #5142 ), #1786, .T. ) ;
#246 = EDGE_LOOP ( 'NONE', ( #2688, #183, #2535, #2465, #3436, #2959, #3404, #2378, #4630 ) ) ;
#247 = LINE ( 'NONE', #3643, #2868 ) ;
#248 = CARTESIAN_POINT ( 'NONE',  ( 0.5848806046880747900, -0.2136704002188259700, 0.02000000000000000000 ) ) ;
#249 = EDGE_CURVE ( 'NONE', #3966, #5922, #2044, .T. ) ;
#250 = FACE_OUTER_BOUND ( 'NONE', #1193, .T. ) ;
#251 = EDGE_CURVE ( 'NONE', #5681, #5295, #6007, .T. ) ;
#252 = DIRECTION ( 'NONE',  ( 4.336808689942006700E-015, -1.000000000000000000, 0.0000000000000000000 ) ) ;
#253 = EDGE_CURVE ( 'NONE', #1450, #1380, #718, .T. ) ;
#254 = ORIENTED_EDGE ( 'NONE', *, *, #4675, .T. ) ;
#255 = VERTEX_POINT ( 'NONE', #1963 ) ;
#256 = STYLED_ITEM ( 'NONE', ( #5345 ), #2221 ) ;
#257 = DIRECTION ( 'NONE',  ( 0.0000000000000000000, 0.0000000000000000000, -1.000000000000000000 ) ) ;
#258 = ADVANCED_FACE ( 'NONE', ( #1880 ), #1105, .T. ) ;
#259 = ADVANCED_FACE ( 'NONE', ( #3426 ), #3000, .T. ) ;
#260 = ORIENTED_EDGE ( 'NONE', *, *, #5301, .F. ) ;
#261 = VERTEX_POINT ( 'NONE', #6335 ) ;
#262 = ORIENTED_EDGE ( 'NONE', *, *, #6226, .F. ) ;
#263 = ORIENTED_EDGE ( 'NONE', *, *, #1080, .F. ) ;
#264 = VECTOR ( 'NONE', #1470, 1000.000000000000000 ) ;
#265 =( NAMED_UNIT ( * ) PLANE_ANGLE_UNIT ( ) SI_UNIT ( $, .RADIAN. ) );
#266 = ADVANCED_FACE ( 'NONE', ( #3103 ), #4822, .F. ) ;
#267 = CARTESIAN_POINT ( 'NONE',  ( 0.4942627770300095400, -0.1893510377959579700, 0.0000000000000000000 ) ) ;
#268 = CARTESIAN_POINT ( 'NONE',  ( 0.7256097560975607300, -0.1903425083687991800, 0.02000000000000000000 ) ) ;
#269 = EDGE_LOOP ( 'NONE', ( #2901, #720, #4426, #5742, #2214, #988, #5016, #3233, #2483, #1904, #2219, #4862, #3890, #2153, #1978, #5686 ) ) ;
#270 = AXIS2_PLACEMENT_3D ( 'NONE', #949, #2101, #2141 ) ;
#271 = DIRECTION ( 'NONE',  ( -0.0000000000000000000, 1.000000000000000000, 0.0000000000000000000 ) ) ;
#272 = CARTESIAN_POINT ( 'NONE',  ( -0.3027263283746383600, 0.2545746968744219100, 0.02000000000000000000 ) ) ;
#273 = DIRECTION ( 'NONE',  ( 0.0000000000000000000, -1.000000000000000000, 0.0000000000000000000 ) ) ;
#274 = ORIENTED_EDGE ( 'NONE', *, *, #2354, .F. ) ;
#275 = CARTESIAN_POINT ( 'NONE',  ( -1.300000000000000300, -0.7000000000000000700, -0.001000000000000000000 ) ) ;
#276 = ADVANCED_FACE ( 'NONE', ( #1422 ), #1311, .T. ) ;
#277 = VERTEX_POINT ( 'NONE', #2480 ) ;
#278 = ORIENTED_EDGE ( 'NONE', *, *, #3916, .F. ) ;
#279 = CARTESIAN_POINT ( 'NONE',  ( 0.5654144404474134000, -0.2253373654160846800, 0.02000000000000000000 ) ) ;
#280 = ADVANCED_FACE ( 'NONE', ( #5203 ), #6287, .T. ) ;
#281 = CARTESIAN_POINT ( 'NONE',  ( 0.4485518292682932900, -0.2513181181248967400, 0.02000000000000000000 ) ) ;
#282 = ORIENTED_EDGE ( 'NONE', *, *, #508, .F. ) ;
#283 = DIRECTION ( 'NONE',  ( -0.0000000000000000000, 1.000000000000000000, 0.0000000000000000000 ) ) ;
#284 = CARTESIAN_POINT ( 'NONE',  ( -1.300000000000000300, 0.0000000000000000000, -0.0000000000000000000 ) ) ;
#285 = ORIENTED_EDGE ( 'NONE', *, *, #1320, .T. ) ;
#286 = LINE ( 'NONE', #4294, #4203 ) ;
#287 = ORIENTED_EDGE ( 'NONE', *, *, #1908, .F. ) ;
#288 = ADVANCED_FACE ( 'NONE', ( #2124 ), #2623, .F. ) ;
#289 = ORIENTED_EDGE ( 'NONE', *, *, #3198, .T. ) ;
#290 = ADVANCED_FACE ( 'NONE', ( #5586 ), #4162, .T. ) ;
#291 = CARTESIAN_POINT ( 'NONE',  ( -0.8038300304878049900, 0.1587428574848593900, 0.02000000000000000000 ) ) ;
#292 = CIRCLE ( 'NONE', #1508, 0.2990000000000002100 ) ;
#293 = CARTESIAN_POINT ( 'NONE',  ( 0.6827090675407119200, 0.005075033771465225500, 0.02000000000000000000 ) ) ;
#294 = SURFACE_SIDE_STYLE ('',( #6373 ) ) ;
#295 = DIRECTION ( 'NONE',  ( 0.3393303772748773600, 0.9406672605435406600, 0.0000000000000000000 ) ) ;
#296 =( LENGTH_UNIT ( ) NAMED_UNIT ( * ) SI_UNIT ( .MILLI., .METRE. ) );
#297 = FILL_AREA_STYLE ('',( #3004 ) ) ;
#298 = MECHANICAL_DESIGN_GEOMETRIC_PRESENTATION_REPRESENTATION (  '', ( #5792 ), #683 ) ;
#299 =( NAMED_UNIT ( * ) PLANE_ANGLE_UNIT ( ) SI_UNIT ( $, .RADIAN. ) );
#300 = VECTOR ( 'NONE', #1067, 1000.000000000000000 ) ;
#301 = CARTESIAN_POINT ( 'NONE',  ( 0.0000000000000000000, 0.0000000000000000000, 0.0000000000000000000 ) ) ;
#302 = ADVANCED_FACE ( 'NONE', ( #5135 ), #4369, .T. ) ;
#303 = CARTESIAN_POINT ( 'NONE',  ( 0.5971118219282969300, -0.09861717925950797000, 0.02000000000000000000 ) ) ;
#304 = CARTESIAN_POINT ( 'NONE',  ( 0.4114767199714091700, 0.2607539765761784400, 0.02000000000000000000 ) ) ;
#305 = EDGE_CURVE ( 'NONE', #2147, #1744, #3861, .T. ) ;
#306 = EDGE_CURVE ( 'NONE', #820, #1491, #1175, .T. ) ;
#307 = DIRECTION ( 'NONE',  ( -1.000000000000000000, 0.0000000000000000000, 0.0000000000000000000 ) ) ;
#308 = AXIS2_PLACEMENT_3D ( 'NONE', #2415, #2154, #2082 ) ;
#309 = DIRECTION ( 'NONE',  ( -0.0000000000000000000, -0.0000000000000000000, -1.000000000000000000 ) ) ;
#310 = ADVANCED_FACE ( 'NONE', ( #6307 ), #6268, .T. ) ;
#311 = EDGE_CURVE ( 'NONE', #390, #1785, #3236, .T. ) ;
#312 = ADVANCED_FACE ( 'NONE', ( #5826 ), #4100, .T. ) ;
#313 = EDGE_CURVE ( 'NONE', #3582, #5522, #6548, .T. ) ;
#314 = ADVANCED_FACE ( 'NONE', ( #2788 ), #1219, .T. ) ;
#315 = PRESENTATION_LAYER_ASSIGNMENT (  '', '', ( #6153 ) ) ;
#316 = SURFACE_STYLE_USAGE ( .BOTH. , #222 ) ;
#317 = AXIS2_PLACEMENT_3D ( 'NONE', #5692, #2794, #6205 ) ;
#318 = CARTESIAN_POINT ( 'NONE',  ( -2.199999999999999700, 1.600000000000000300, 0.3499999999999999800 ) ) ;
#319 = CARTESIAN_POINT ( 'NONE',  ( 0.4285799291129857000, -0.2510838813511012700, 0.0000000000000000000 ) ) ;
#320 = ADVANCED_FACE ( 'NONE', ( #3940, #6384 ), #916, .T. ) ;
#321 =( LENGTH_UNIT ( ) NAMED_UNIT ( * ) SI_UNIT ( .MILLI., .METRE. ) );
#322 =( NAMED_UNIT ( * ) PLANE_ANGLE_UNIT ( ) SI_UNIT ( $, .RADIAN. ) );
#323 = CARTESIAN_POINT ( 'NONE',  ( -1.042682926829268300, -0.2452205571492869800, 0.0000000000000000000 ) ) ;
#324 = DIRECTION ( 'NONE',  ( 0.0000000000000000000, -1.000000000000000000, 0.0000000000000000000 ) ) ;
#325 = CARTESIAN_POINT ( 'NONE',  ( 2.500000000000000000, -1.301000000000000200, -0.001000000000000000000 ) ) ;
#326 = CARTESIAN_POINT ( 'NONE',  ( 0.5224595266993279400, -0.2422454414218239700, 0.02000000000000000000 ) ) ;
#327 = CARTESIAN_POINT ( 'NONE',  ( 0.5761349786781613200, 0.1358304417103558800, 0.02000000000000000000 ) ) ;
#328 = SURFACE_SIDE_STYLE ('',( #2111 ) ) ;
#329 =( NAMED_UNIT ( * ) PLANE_ANGLE_UNIT ( ) SI_UNIT ( $, .RADIAN. ) );
#330 = CARTESIAN_POINT ( 'NONE',  ( -0.8112500380320645200, 0.1902433869505050200, 0.02000000000000000000 ) ) ;
#331 = CARTESIAN_POINT ( 'NONE',  ( 0.3230699268645676500, 0.2459692806149324500, 1.355252715606880500E-017 ) ) ;
#332 = LINE ( 'NONE', #1762, #4225 ) ;
#333 = ADVANCED_FACE ( 'NONE', ( #1254 ), #2113, .F. ) ;
#334 = CARTESIAN_POINT ( 'NONE',  ( 2.101000000000000400, 1.600000000000000300, 0.3489999999999999800 ) ) ;
#335 = UNCERTAINTY_MEASURE_WITH_UNIT (LENGTH_MEASURE( 1.000000000000000100E-005 ), #1778, 'distance_accuracy_value', 'NONE');
#336 = DIRECTION ( 'NONE',  ( 1.000000000000000000, 0.0000000000000000000, 0.0000000000000000000 ) ) ;
#337 = SURFACE_STYLE_FILL_AREA ( #2988 ) ;
#338 = PRESENTATION_STYLE_ASSIGNMENT (( #3766 ) ) ;
#339 = VECTOR ( 'NONE', #4462, 1000.000000000000000 ) ;
#340 = CARTESIAN_POINT ( 'NONE',  ( -0.4747869969054330800, 0.09256868358158143500, 0.02000000000000000000 ) ) ;
#341 = ADVANCED_FACE ( 'NONE', ( #3322 ), #2587, .T. ) ;
#342 = ADVANCED_FACE ( 'NONE', ( #243 ), #1018, .F. ) ;
#343 = TOROIDAL_SURFACE ( 'NONE', #5421, 0.2200000000000000800, 0.02000000000000000000 ) ;
#344 = STYLED_ITEM ( 'NONE', ( #4011 ), #411 ) ;
#345 = CARTESIAN_POINT ( 'NONE',  ( 0.6733368993461258400, 0.07834868647192294600, 0.02000000000000000000 ) ) ;
#346 = VECTOR ( 'NONE', #3867, 1000.000000000000000 ) ;
#347 = DIRECTION ( 'NONE',  ( -0.0000000000000000000, 0.0000000000000000000, -1.000000000000000000 ) ) ;
#348 = DIRECTION ( 'NONE',  ( 1.000000000000000000, 0.0000000000000000000, -0.0000000000000000000 ) ) ;
#349 = DIRECTION ( 'NONE',  ( 0.0000000000000000000, 0.0000000000000000000, 1.000000000000000000 ) ) ;
#350 = ORIENTED_EDGE ( 'NONE', *, *, #2226, .T. ) ;
#351 =( NAMED_UNIT ( * ) SI_UNIT ( $, .STERADIAN. ) SOLID_ANGLE_UNIT ( ) );
#352 = CARTESIAN_POINT ( 'NONE',  ( 0.5201472030125481300, 0.1844973420690108300, 0.02000000000000000000 ) ) ;
#353 =( GEOMETRIC_REPRESENTATION_CONTEXT ( 3 ) GLOBAL_UNCERTAINTY_ASSIGNED_CONTEXT ( ( #5657 ) ) GLOBAL_UNIT_ASSIGNED_CONTEXT ( ( #2447, #322, #4284 ) ) REPRESENTATION_CONTEXT ( 'NONE', 'WORKASPACE' ) );
#354 = DIRECTION ( 'NONE',  ( 0.9315776194850603500, -0.3635424856527064700, 0.0000000000000000000 ) ) ;
#355 = ORIENTED_EDGE ( 'NONE', *, *, #4603, .F. ) ;
#356 = LINE ( 'NONE', #978, #166 ) ;
#357 = ADVANCED_FACE ( 'NONE', ( #3708 ), #5652, .F. ) ;
#358 = CARTESIAN_POINT ( 'NONE',  ( 0.0000000000000000000, 0.0000000000000000000, 0.0000000000000000000 ) ) ;
#359 = DIRECTION ( 'NONE',  ( -0.9353882635801357100, -0.3536223923290756100, 0.0000000000000000000 ) ) ;
#360 = ORIENTED_EDGE ( 'NONE', *, *, #6536, .F. ) ;
#361 = VERTEX_POINT ( 'NONE', #5189 ) ;
#362 = ADVANCED_FACE ( 'NONE', ( #1864 ), #2059, .F. ) ;
#363 = ADVANCED_FACE ( 'NONE', ( #1409 ), #5133, .T. ) ;
#364 = ORIENTED_EDGE ( 'NONE', *, *, #6445, .F. ) ;
#365 = ORIENTED_EDGE ( 'NONE', *, *, #6139, .T. ) ;
#366 = VECTOR ( 'NONE', #1043, 1000.000000000000100 ) ;
#367 = EDGE_CURVE ( 'NONE', #6022, #3364, #3231, .T. ) ;
#368 = CARTESIAN_POINT ( 'NONE',  ( -0.2932545731707317800, 0.1999013940702252200, 0.02000000000000000000 ) ) ;
#369 = EDGE_CURVE ( 'NONE', #5076, #5681, #2606, .T. ) ;
#370 =( GEOMETRIC_REPRESENTATION_CONTEXT ( 3 ) GLOBAL_UNCERTAINTY_ASSIGNED_CONTEXT ( ( #5551 ) ) GLOBAL_UNIT_ASSIGNED_CONTEXT ( ( #3715, #682, #4213 ) ) REPRESENTATION_CONTEXT ( 'NONE', 'WORKASPACE' ) );
#371 = CARTESIAN_POINT ( 'NONE',  ( 2.399999999999999900, -1.300000000000000000, 0.4699999999999999700 ) ) ;
#372 = PRESENTATION_LAYER_ASSIGNMENT (  '', '', ( #751 ) ) ;
#373 = ORIENTED_EDGE ( 'NONE', *, *, #1033, .F. ) ;
#374 = ORIENTED_EDGE ( 'NONE', *, *, #2520, .T. ) ;
#375 = MECHANICAL_DESIGN_GEOMETRIC_PRESENTATION_REPRESENTATION (  '', ( #5862 ), #757 ) ;
#376 = ORIENTED_EDGE ( 'NONE', *, *, #4231, .T. ) ;
#377 = CARTESIAN_POINT ( 'NONE',  ( 0.3948270974870732900, 0.2597337769432822000, 0.02000000000000000000 ) ) ;
#378 = ADVANCED_FACE ( 'NONE', ( #6380, #5194 ), #3876, .F. ) ;
#379 = DIRECTION ( 'NONE',  ( 1.000000000000000000, 0.0000000000000000000, -0.0000000000000000000 ) ) ;
#380 = VECTOR ( 'NONE', #1753, 1000.000000000000000 ) ;
#381 = CARTESIAN_POINT ( 'NONE',  ( 0.4376700701921745200, 0.2606668913195961400, 0.02000000000000000000 ) ) ;
#382 = ORIENTED_EDGE ( 'NONE', *, *, #1237, .T. ) ;
#383 = SURFACE_SIDE_STYLE ('',( #337 ) ) ;
#384 = DIRECTION ( 'NONE',  ( -0.0000000000000000000, -0.0000000000000000000, -1.000000000000000000 ) ) ;
#385 = EDGE_LOOP ( 'NONE', ( #4243, #2112, #3721, #5925 ) ) ;
#386 = FILL_AREA_STYLE_COLOUR ( '', #737 ) ;
#387 = DIRECTION ( 'NONE',  ( -0.0000000000000000000, -0.0000000000000000000, 1.000000000000000000 ) ) ;
#388 = FILL_AREA_STYLE_COLOUR ( '', #1644 ) ;
#389 = ORIENTED_EDGE ( 'NONE', *, *, #2928, .F. ) ;
#390 = VERTEX_POINT ( 'NONE', #5129 ) ;
#391 = ADVANCED_FACE ( 'NONE', ( #4615 ), #1555, .T. ) ;
#392 = DIRECTION ( 'NONE',  ( 0.0000000000000000000, 1.000000000000000000, 0.0000000000000000000 ) ) ;
#393 = ORIENTED_EDGE ( 'NONE', *, *, #306, .F. ) ;
#394 = FILL_AREA_STYLE_COLOUR ( '', #6438 ) ;
#395 = CARTESIAN_POINT ( 'NONE',  ( -0.2904916158536586200, -0.1903425083687991800, 1.355252715606880500E-017 ) ) ;
#396 = SURFACE_STYLE_FILL_AREA ( #4614 ) ;
#397 = ORIENTED_EDGE ( 'NONE', *, *, #3441, .F. ) ;
#398 = CARTESIAN_POINT ( 'NONE',  ( -2.299999999999999800, 1.300000000000000300, 0.7500000000000000000 ) ) ;
#399 = CARTESIAN_POINT ( 'NONE',  ( 0.6154434608049096400, -0.02214396074770013900, 1.355252715606880500E-017 ) ) ;
#400 = CARTESIAN_POINT ( 'NONE',  ( -2.500000000000000000, 1.201000000000000700, -0.001000000000000000000 ) ) ;
#401 = EDGE_LOOP ( 'NONE', ( #3707, #4322, #5434, #4331 ) ) ;
#402 = CARTESIAN_POINT ( 'NONE',  ( 2.400000000000000400, -0.6999999999999999600, 0.3489999999999999800 ) ) ;
#403 = CARTESIAN_POINT ( 'NONE',  ( 2.299999999999999800, -1.599999999999999900, 0.4500000000000000100 ) ) ;
#404 = ADVANCED_FACE ( 'NONE', ( #786 ), #50, .F. ) ;
#405 = PLANE ( 'NONE',  #5337 ) ;
#406 = FILL_AREA_STYLE_COLOUR ( '', #1477 ) ;
#407 = COLOUR_RGB ( '',0.6666666666666666300, 0.6666666666666666300, 0.6666666666666666300 ) ;
#408 = MECHANICAL_DESIGN_GEOMETRIC_PRESENTATION_REPRESENTATION (  '', ( #5887 ), #783 ) ;
#409 =( LENGTH_UNIT ( ) NAMED_UNIT ( * ) SI_UNIT ( .MILLI., .METRE. ) );
#410 = EDGE_CURVE ( 'NONE', #3335, #4867, #5414, .T. ) ;
#411 = ADVANCED_FACE ( 'NONE', ( #4163 ), #4591, .F. ) ;
#412 = EDGE_CURVE ( 'NONE', #4109, #962, #3566, .T. ) ;
#413 = CARTESIAN_POINT ( 'NONE',  ( -0.3907625265607553900, -0.1700897003234937400, 1.355252715606880500E-017 ) ) ;
#414 = AXIS2_PLACEMENT_3D ( 'NONE', #2446, #5882, #2982 ) ;
#415 = SURFACE_STYLE_FILL_AREA ( #5889 ) ;
#416 = CARTESIAN_POINT ( 'NONE',  ( 0.5866963938458862300, 0.1198670863752337600, 0.0000000000000000000 ) ) ;
#417 = PRESENTATION_LAYER_ASSIGNMENT (  '', '', ( #6232 ) ) ;
#418 = CARTESIAN_POINT ( 'NONE',  ( -0.9189214939024391600, -0.1049766547102625700, 0.0000000000000000000 ) ) ;
#419 = ADVANCED_FACE ( 'NONE', ( #1013 ), #5494, .F. ) ;
#420 = ADVANCED_FACE ( 'NONE', ( #3082 ), #2598, .T. ) ;
#421 = ADVANCED_FACE ( 'NONE', ( #3768 ), #1936, .T. ) ;
#422 = DIRECTION ( 'NONE',  ( 0.0000000000000000000, 0.0000000000000000000, -1.000000000000000000 ) ) ;
#423 = MECHANICAL_DESIGN_GEOMETRIC_PRESENTATION_REPRESENTATION (  '', ( #6244 ), #804 ) ;
#424 = CARTESIAN_POINT ( 'NONE',  ( -0.5506623980646331300, -0.04390394433163362400, 0.0000000000000000000 ) ) ;
#425 = PLANE ( 'NONE',  #5845 ) ;
#426 = DIRECTION ( 'NONE',  ( -1.000000000000000000, -3.252606517456511700E-015, 0.0000000000000000000 ) ) ;
#427 = CARTESIAN_POINT ( 'NONE',  ( -0.8062193102706338700, 0.1659480138671232700, 0.02000000000000000000 ) ) ;
#428 = COLOUR_RGB ( '',0.8274509803921568100, 0.6666666666666666300, 0.1294117647058823400 ) ;
#429 = EDGE_LOOP ( 'NONE', ( #736, #373, #5527, #1907 ) ) ;
#430 = DIRECTION ( 'NONE',  ( 0.0000000000000000000, 1.000000000000000000, 0.0000000000000000000 ) ) ;
#431 = DIRECTION ( 'NONE',  ( 0.0000000000000000000, 0.0000000000000000000, 1.000000000000000000 ) ) ;
#432 = PRESENTATION_STYLE_ASSIGNMENT (( #486 ) ) ;
#433 =( LENGTH_UNIT ( ) NAMED_UNIT ( * ) SI_UNIT ( .MILLI., .METRE. ) );
#434 = FACE_BOUND ( 'NONE', #4583, .T. ) ;
#435 = CARTESIAN_POINT ( 'NONE',  ( -0.4751696014757105200, -0.07444653166652466500, 0.02000000000000000000 ) ) ;
#436 = ADVANCED_FACE ( 'NONE', ( #5901 ), #4451, .T. ) ;
#437 = ADVANCED_FACE ( 'NONE', ( #778 ), #4155, .F. ) ;
#438 = CARTESIAN_POINT ( 'NONE',  ( 0.9817073170731704900, 0.2547794428507130200, 0.02000000000000000000 ) ) ;
#439 = VERTEX_POINT ( 'NONE', #1687 ) ;
#440 = SURFACE_STYLE_FILL_AREA ( #5934 ) ;
#441 = ORIENTED_EDGE ( 'NONE', *, *, #2756, .T. ) ;
#442 = DIRECTION ( 'NONE',  ( 0.0000000000000000000, 0.0000000000000000000, 1.000000000000000000 ) ) ;
#443 = VECTOR ( 'NONE', #4533, 1000.000000000000000 ) ;
#444 = CYLINDRICAL_SURFACE ( 'NONE', #4166, 0.2000000000000000900 ) ;
#445 = DIRECTION ( 'NONE',  ( -9.856383386231858800E-017, 1.000000000000000000, 0.0000000000000000000 ) ) ;
#446 = ADVANCED_FACE ( 'NONE', ( #2855 ), #4418, .T. ) ;
#447 = ORIENTED_EDGE ( 'NONE', *, *, #3381, .T. ) ;
#448 =( LENGTH_UNIT ( ) NAMED_UNIT ( * ) SI_UNIT ( .MILLI., .METRE. ) );
#449 = VERTEX_POINT ( 'NONE', #4987 ) ;
#450 = MECHANICAL_DESIGN_GEOMETRIC_PRESENTATION_REPRESENTATION (  '', ( #5574 ), #832 ) ;
#451 = CARTESIAN_POINT ( 'NONE',  ( -0.3167229944959291700, -0.2447080404971323000, 0.0000000000000000000 ) ) ;
#452 = DIRECTION ( 'NONE',  ( -0.0000000000000000000, -0.0000000000000000000, -1.000000000000000000 ) ) ;
#453 = EDGE_CURVE ( 'NONE', #3784, #3972, #43, .T. ) ;
#454 = ORIENTED_EDGE ( 'NONE', *, *, #3778, .F. ) ;
#455 = SURFACE_SIDE_STYLE ('',( #1203 ) ) ;
#456 = SURFACE_SIDE_STYLE ('',( #3010 ) ) ;
#457 = ORIENTED_EDGE ( 'NONE', *, *, #647, .F. ) ;
#458 = ORIENTED_EDGE ( 'NONE', *, *, #4985, .T. ) ;
#459 =( GEOMETRIC_REPRESENTATION_CONTEXT ( 3 ) GLOBAL_UNCERTAINTY_ASSIGNED_CONTEXT ( ( #2755 ) ) GLOBAL_UNIT_ASSIGNED_CONTEXT ( ( #4674, #4659, #4640 ) ) REPRESENTATION_CONTEXT ( 'NONE', 'WORKASPACE' ) );
#460 = LINE ( 'NONE', #1873, #3031 ) ;
#461 = ADVANCED_FACE ( 'NONE', ( #5250 ), #6127, .F. ) ;
#462 = DIRECTION ( 'NONE',  ( 1.000000000000000000, 0.0000000000000000000, 0.0000000000000000000 ) ) ;
#463 = EDGE_CURVE ( 'NONE', #277, #5384, #2187, .T. ) ;
#464 = DIRECTION ( 'NONE',  ( -0.0000000000000000000, 0.0000000000000000000, -1.000000000000000000 ) ) ;
#465 = SURFACE_SIDE_STYLE ('',( #2426 ) ) ;
#466 = PLANE ( 'NONE',  #5388 ) ;
#467 = ORIENTED_EDGE ( 'NONE', *, *, #835, .F. ) ;
#468 =( NAMED_UNIT ( * ) PLANE_ANGLE_UNIT ( ) SI_UNIT ( $, .RADIAN. ) );
#469 = CARTESIAN_POINT ( 'NONE',  ( -2.199999999999999700, -1.400000000000000100, 0.7500000000000000000 ) ) ;
#470 = EDGE_CURVE ( 'NONE', #6343, #55, #4823, .T. ) ;
#471 = CARTESIAN_POINT ( 'NONE',  ( -0.2935403963414635100, 0.2547794428507130200, 0.02000000000000000000 ) ) ;
#472 = MECHANICAL_DESIGN_GEOMETRIC_PRESENTATION_REPRESENTATION (  '', ( #5952 ), #846 ) ;
#473 = SURFACE_STYLE_FILL_AREA ( #110 ) ;
#474 = AXIS2_PLACEMENT_3D ( 'NONE', #573, #6545, #6523 ) ;
#475 = ORIENTED_EDGE ( 'NONE', *, *, #1375, .T. ) ;
#476 = ORIENTED_EDGE ( 'NONE', *, *, #3482, .F. ) ;
#477 = EDGE_LOOP ( 'NONE', ( #1636, #1326, #1346, #4703 ) ) ;
#478 =( NAMED_UNIT ( * ) PLANE_ANGLE_UNIT ( ) SI_UNIT ( $, .RADIAN. ) );
#479 = LINE ( 'NONE', #1755, #3048 ) ;
#480 = CARTESIAN_POINT ( 'NONE',  ( -2.349999999999999600, -1.300000000000000000, 0.7500000000000000000 ) ) ;
#481 = ADVANCED_FACE ( 'NONE', ( #3395 ), #1564, .T. ) ;
#482 = VERTEX_POINT ( 'NONE', #5980 ) ;
#483 = CARTESIAN_POINT ( 'NONE',  ( -2.500000000000000000, 1.399999999999999900, 0.0000000000000000000 ) ) ;
#484 = DIRECTION ( 'NONE',  ( 0.0000000000000000000, 0.0000000000000000000, -1.000000000000000000 ) ) ;
#485 =( NAMED_UNIT ( * ) SI_UNIT ( $, .STERADIAN. ) SOLID_ANGLE_UNIT ( ) );
#486 = SURFACE_STYLE_USAGE ( .BOTH. , #456 ) ;
#487 = CARTESIAN_POINT ( 'NONE',  ( -0.8141460919036358500, 0.1899601461091186300, -0.0000000000000000000 ) ) ;
#488 = ADVANCED_FACE ( 'NONE', ( #5975 ), #2085, .T. ) ;
#489 = CARTESIAN_POINT ( 'NONE',  ( 0.9146341463414632300, 0.2547794428507130200, 0.02000000000000000000 ) ) ;
#490 = DIRECTION ( 'NONE',  ( 0.0000000000000000000, 0.0000000000000000000, -1.000000000000000000 ) ) ;
#491 =( LENGTH_UNIT ( ) NAMED_UNIT ( * ) SI_UNIT ( .MILLI., .METRE. ) );
#492 = UNCERTAINTY_MEASURE_WITH_UNIT (LENGTH_MEASURE( 1.000000000000000100E-005 ), #5018, 'distance_accuracy_value', 'NONE');
#493 = VECTOR ( 'NONE', #2033, 1000.000000000000000 ) ;
#494 = PLANE ( 'NONE',  #2929 ) ;
#495 = STYLED_ITEM ( 'NONE', ( #4393 ), #362 ) ;
#496 = EDGE_CURVE ( 'NONE', #4265, #883, #1551, .T. ) ;
#497 = ADVANCED_FACE ( 'NONE', ( #2930 ), #167, .F. ) ;
#498 = FILL_AREA_STYLE_COLOUR ( '', #2478 ) ;
#499 = FILL_AREA_STYLE_COLOUR ( '', #4102 ) ;
#500 = CARTESIAN_POINT ( 'NONE',  ( 0.9146341463414632300, -0.1903425083687991800, -0.0000000000000000000 ) ) ;
#501 = CARTESIAN_POINT ( 'NONE',  ( -2.500000000000000000, -1.600000000000000300, 0.3499999999999999800 ) ) ;
#502 = CARTESIAN_POINT ( 'NONE',  ( -0.4672507317253956100, 0.1097958535553651000, 0.0000000000000000000 ) ) ;
#503 =( NAMED_UNIT ( * ) PLANE_ANGLE_UNIT ( ) SI_UNIT ( $, .RADIAN. ) );
#504 = SURFACE_STYLE_USAGE ( .BOTH. , #2185 ) ;
#505 = DIRECTION ( 'NONE',  ( 0.0000000000000000000, -1.000000000000000000, 0.0000000000000000000 ) ) ;
#506 = FILL_AREA_STYLE_COLOUR ( '', #5805 ) ;
#507 = EDGE_CURVE ( 'NONE', #6469, #4205, #4366, .T. ) ;
#508 = EDGE_CURVE ( 'NONE', #1491, #6462, #6204, .T. ) ;
#509 = DIRECTION ( 'NONE',  ( 1.000000000000000000, 0.0000000000000000000, 0.0000000000000000000 ) ) ;
#510 = ADVANCED_FACE ( 'NONE', ( #2435 ), #595, .F. ) ;
#511 = AXIS2_PLACEMENT_3D ( 'NONE', #2353, #5783, #2895 ) ;
#512 = CARTESIAN_POINT ( 'NONE',  ( -2.400000000000000400, -1.201000000000000300, 0.0000000000000000000 ) ) ;
#513 =( NAMED_UNIT ( * ) SI_UNIT ( $, .STERADIAN. ) SOLID_ANGLE_UNIT ( ) );
#514 = COLOUR_RGB ( '',0.6666666666666666300, 0.6666666666666666300, 0.6666666666666666300 ) ;
#515 = CIRCLE ( 'NONE', #1740, 0.05000000000000002400 ) ;
#516 = CARTESIAN_POINT ( 'NONE',  ( -0.8205460169504995600, 0.1607377747114145700, 1.355252715606880500E-017 ) ) ;
#517 = CARTESIAN_POINT ( 'NONE',  ( -0.03048780487804902300, 0.03526724772876183000, 0.02000000000000000000 ) ) ;
#518 = CARTESIAN_POINT ( 'NONE',  ( -0.7804878048780488100, 0.2547794428507130200, 0.02000000000000000000 ) ) ;
#519 = DIRECTION ( 'NONE',  ( -4.336808689942006700E-015, 1.000000000000000000, 0.0000000000000000000 ) ) ;
#520 = LINE ( 'NONE', #3281, #3084 ) ;
#521 = ADVANCED_FACE ( 'NONE', ( #1765 ), #5394, .F. ) ;
#522 = LINE ( 'NONE', #2466, #4385 ) ;
#523 = CARTESIAN_POINT ( 'NONE',  ( -0.5914634146341464200, -0.2452205571492869800, 0.0000000000000000000 ) ) ;
#524 = SURFACE_STYLE_FILL_AREA ( #5288 ) ;
#525 =( NAMED_UNIT ( * ) PLANE_ANGLE_UNIT ( ) SI_UNIT ( $, .RADIAN. ) );
#526 = ADVANCED_FACE ( 'NONE', ( #5247 ), #5895, .T. ) ;
#527 = CARTESIAN_POINT ( 'NONE',  ( -0.3207373611852587000, 0.2541732475186565000, 0.0000000000000000000 ) ) ;
#528 = VECTOR ( 'NONE', #2339, 1000.000000000000000 ) ;
#529 = PRESENTATION_STYLE_ASSIGNMENT (( #2906 ) ) ;
#530 = VERTEX_POINT ( 'NONE', #3595 ) ;
#531 = CARTESIAN_POINT ( 'NONE',  ( 0.0000000000000000000, 0.0000000000000000000, 0.02000000000000000000 ) ) ;
#532 = ORIENTED_EDGE ( 'NONE', *, *, #1654, .T. ) ;
#533 = SURFACE_STYLE_FILL_AREA ( #5766 ) ;
#534 = DIRECTION ( 'NONE',  ( 0.0000000000000000000, 0.0000000000000000000, 1.000000000000000000 ) ) ;
#535 = SURFACE_STYLE_USAGE ( .BOTH. , #3605 ) ;
#536 = ORIENTED_EDGE ( 'NONE', *, *, #1382, .T. ) ;
#537 = CIRCLE ( 'NONE', #25, 0.3000000000000003800 ) ;
#538 = ORIENTED_EDGE ( 'NONE', *, *, #5897, .T. ) ;
#539 = CARTESIAN_POINT ( 'NONE',  ( 2.101000000000000000, 1.500000000000000000, -0.001000000000000000000 ) ) ;
#540 = COLOUR_RGB ( '',0.8274509803921568100, 0.6666666666666666300, 0.1294117647058823400 ) ;
#541 = ORIENTED_EDGE ( 'NONE', *, *, #2573, .T. ) ;
#542 = ORIENTED_EDGE ( 'NONE', *, *, #3080, .T. ) ;
#543 = DIRECTION ( 'NONE',  ( 0.0000000000000000000, 0.0000000000000000000, -1.000000000000000000 ) ) ;
#544 = LINE ( 'NONE', #4543, #723 ) ;
#545 = CARTESIAN_POINT ( 'NONE',  ( -0.4343974082350628400, 0.1524192623513770100, 1.355252715606880500E-017 ) ) ;
#546 = ORIENTED_EDGE ( 'NONE', *, *, #1162, .F. ) ;
#547 = ADVANCED_FACE ( 'NONE', ( #1306 ), #6356, .T. ) ;
#548 = PRESENTATION_LAYER_ASSIGNMENT (  '', '', ( #914 ) ) ;
#549 = CARTESIAN_POINT ( 'NONE',  ( 0.6088684825404820900, 0.06492401928015684200, 0.02000000000000000000 ) ) ;
#550 = ORIENTED_EDGE ( 'NONE', *, *, #5512, .T. ) ;
#551 = DIRECTION ( 'NONE',  ( 0.0000000000000000000, 0.0000000000000000000, -1.000000000000000000 ) ) ;
#552 = CARTESIAN_POINT ( 'NONE',  ( -0.8118330792682927300, 0.1938038330946154600, 0.0000000000000000000 ) ) ;
#553 = EDGE_LOOP ( 'NONE', ( #2864, #263, #4764, #6080 ) ) ;
#554 = EDGE_CURVE ( 'NONE', #3128, #2168, #854, .T. ) ;
#555 = LINE ( 'NONE', #1733, #380 ) ;
#556 = EDGE_CURVE ( 'NONE', #2873, #2502, #5970, .T. ) ;
#557 = PRESENTATION_LAYER_ASSIGNMENT (  '', '', ( #6359 ) ) ;
#558 = CARTESIAN_POINT ( 'NONE',  ( -0.5506537293359090600, 0.06369755356375507400, 0.0000000000000000000 ) ) ;
#559 = VERTEX_POINT ( 'NONE', #5201 ) ;
#560 = MECHANICAL_DESIGN_GEOMETRIC_PRESENTATION_REPRESENTATION (  '', ( #5673 ), #925 ) ;
#561 = ADVANCED_FACE ( 'NONE', ( #679 ), #1098, .T. ) ;
#562 = VERTEX_POINT ( 'NONE', #3950 ) ;
#563 = ORIENTED_EDGE ( 'NONE', *, *, #6535, .F. ) ;
#564 = SURFACE_STYLE_FILL_AREA ( #5957 ) ;
#565 = ORIENTED_EDGE ( 'NONE', *, *, #2609, .F. ) ;
#566 = CARTESIAN_POINT ( 'NONE',  ( -0.05487804878048806900, -0.1903425083687991800, 0.02000000000000000000 ) ) ;
#567 = CARTESIAN_POINT ( 'NONE',  ( -0.8134527439024390500, 0.1938038330946154600, 0.0000000000000000000 ) ) ;
#568 = ORIENTED_EDGE ( 'NONE', *, *, #4792, .F. ) ;
#569 = DIRECTION ( 'NONE',  ( 0.0000000000000000000, -1.000000000000000000, -0.0000000000000000000 ) ) ;
#570 = ORIENTED_EDGE ( 'NONE', *, *, #2026, .T. ) ;
#571 =( NAMED_UNIT ( * ) SI_UNIT ( $, .STERADIAN. ) SOLID_ANGLE_UNIT ( ) );
#572 = FILL_AREA_STYLE ('',( #3619 ) ) ;
#573 = CARTESIAN_POINT ( 'NONE',  ( 2.500000000000000000, 1.600000000000000300, 0.3489999999999999800 ) ) ;
#574 = PRESENTATION_LAYER_ASSIGNMENT (  '', '', ( #6368 ) ) ;
#575 = ADVANCED_FACE ( 'NONE', ( #5802 ), #3491, .T. ) ;
#576 = STYLED_ITEM ( 'NONE', ( #624 ), #5600 ) ;
#577 = ADVANCED_FACE ( 'NONE', ( #2005 ), #2765, .F. ) ;
#578 = VERTEX_POINT ( 'NONE', #1147 ) ;
#579 = PRESENTATION_STYLE_ASSIGNMENT (( #5085 ) ) ;
#580 = ORIENTED_EDGE ( 'NONE', *, *, #5472, .T. ) ;
#581 = VECTOR ( 'NONE', #698, 1000.000000000000000 ) ;
#582 = CARTESIAN_POINT ( 'NONE',  ( -0.8038300304878049900, 0.1587428574848593900, 0.0000000000000000000 ) ) ;
#583 =( NAMED_UNIT ( * ) SI_UNIT ( $, .STERADIAN. ) SOLID_ANGLE_UNIT ( ) );
#584 = CARTESIAN_POINT ( 'NONE',  ( 0.3775696315506351700, -0.2443817849017443900, 0.02000000000000000000 ) ) ;
#585 =( NAMED_UNIT ( * ) PLANE_ANGLE_UNIT ( ) SI_UNIT ( $, .RADIAN. ) );
#586 = DIRECTION ( 'NONE',  ( -0.0000000000000000000, -0.0000000000000000000, -1.000000000000000000 ) ) ;
#587 = ADVANCED_FACE ( 'NONE', ( #5323 ), #932, .T. ) ;
#588 = SURFACE_STYLE_FILL_AREA ( #2586 ) ;
#589 = DIRECTION ( 'NONE',  ( 1.000000000000000000, 0.0000000000000000000, 0.0000000000000000000 ) ) ;
#590 = CARTESIAN_POINT ( 'NONE',  ( 0.4332725031317565300, -0.1963607990706987000, 0.02000000000000000000 ) ) ;
#591 = STYLED_ITEM ( 'NONE', ( #3308 ), #437 ) ;
#592 = ADVANCED_FACE ( 'NONE', ( #4887 ), #5563, .F. ) ;
#593 = DIRECTION ( 'NONE',  ( -0.0000000000000000000, -0.0000000000000000000, -1.000000000000000000 ) ) ;
#594 = AXIS2_PLACEMENT_3D ( 'NONE', #5567, #2903, #2607 ) ;
#595 = TOROIDAL_SURFACE ( 'NONE', #6134, 0.2000000000000000700, 0.05000000000000000300 ) ;
#596 = DIRECTION ( 'NONE',  ( -0.0000000000000000000, -0.0000000000000000000, -1.000000000000000000 ) ) ;
#597 = VECTOR ( 'NONE', #3480, 1000.000000000000000 ) ;
#598 =( LENGTH_UNIT ( ) NAMED_UNIT ( * ) SI_UNIT ( .MILLI., .METRE. ) );
#599 = ADVANCED_FACE ( 'NONE', ( #3144 ), #4772, .F. ) ;
#600 = DIRECTION ( 'NONE',  ( 0.0000000000000000000, -1.000000000000000000, 0.0000000000000000000 ) ) ;
#601 = ADVANCED_FACE ( 'NONE', ( #2671 ), #3383, .F. ) ;
#602 = DIRECTION ( 'NONE',  ( -1.000000000000000000, 0.0000000000000000000, 0.0000000000000000000 ) ) ;
#603 = COLOUR_RGB ( '',0.8274509803921568100, 0.6666666666666666300, 0.1294117647058823400 ) ;
#604 = VECTOR ( 'NONE', #5039, 1000.000000000000000 ) ;
#605 = EDGE_CURVE ( 'NONE', #3184, #1798, #2175, .T. ) ;
#606 = CARTESIAN_POINT ( 'NONE',  ( 2.400000000000000400, -0.6999999999999999600, 0.0000000000000000000 ) ) ;
#607 = AXIS2_PLACEMENT_3D ( 'NONE', #6053, #3135, #6565 ) ;
#608 =( GEOMETRIC_REPRESENTATION_CONTEXT ( 3 ) GLOBAL_UNCERTAINTY_ASSIGNED_CONTEXT ( ( #2377 ) ) GLOBAL_UNIT_ASSIGNED_CONTEXT ( ( #5003, #2010, #351 ) ) REPRESENTATION_CONTEXT ( 'NONE', 'WORKASPACE' ) );
#609 = CARTESIAN_POINT ( 'NONE',  ( 0.5673533901101536200, -0.1437249551269814700, 1.355252715606880500E-017 ) ) ;
#610 = ADVANCED_FACE ( 'NONE', ( #850 ), #16, .T. ) ;
#611 = COLOUR_RGB ( '',0.2980392156862745100, 0.2980392156862745100, 0.2980392156862745100 ) ;
#612 = ADVANCED_FACE ( 'NONE', ( #2000 ), #425, .T. ) ;
#613 = CARTESIAN_POINT ( 'NONE',  ( 0.3394609096654189800, -0.1785980123034778000, 1.355252715606880500E-017 ) ) ;
#614 =( NAMED_UNIT ( * ) PLANE_ANGLE_UNIT ( ) SI_UNIT ( $, .RADIAN. ) );
#615 = ADVANCED_FACE ( 'NONE', ( #2921 ), #2572, .F. ) ;
#616 = ORIENTED_EDGE ( 'NONE', *, *, #5807, .T. ) ;
#617 = VECTOR ( 'NONE', #1026, 1000.000000000000000 ) ;
#618 = B_SPLINE_CURVE_WITH_KNOTS ( 'NONE', 3,
 ( #3320, #3814, #5243, #2329, #5746, #2857, #6270, #3350, #242, #3834, #833, #4328, #1313, #4809, #1813, #5267, #2346, #5779, #2882 ),
 .UNSPECIFIED., .F., .F.,
 ( 4, 1, 1, 1, 1, 1, 1, 1, 1, 1, 1, 1, 1, 1, 1, 1, 4 ),
 ( 0.0000000000000000000, 0.07082657255516257300, 0.1381690332797995100, 0.2024753315338422800, 0.2639737544135193300, 0.3233803205980370600, 0.3817976227131851800, 0.4393900745193888800, 0.4969027245459971500, 0.5546621696093697600, 0.6127418784921970800, 0.6715388363911720700, 0.7316557220901979100, 0.7942978116139529600, 0.8594822049793583400, 0.9276813254527898100, 1.000000000000000000 ),
 .UNSPECIFIED. ) ;
#619 = EDGE_LOOP ( 'NONE', ( #637, #975, #3352, #4340 ) ) ;
#620 = VERTEX_POINT ( 'NONE', #4466 ) ;
#621 = CARTESIAN_POINT ( 'NONE',  ( 0.6829268292682932900, -0.004652721783433296800, 1.355252715606880500E-017 ) ) ;
#622 = ADVANCED_FACE ( 'NONE', ( #1074 ), #6374, .T. ) ;
#623 = ORIENTED_EDGE ( 'NONE', *, *, #5181, .F. ) ;
#624 = PRESENTATION_STYLE_ASSIGNMENT (( #3789 ) ) ;
#625 = FILL_AREA_STYLE ('',( #3450 ) ) ;
#626 = ORIENTED_EDGE ( 'NONE', *, *, #1157, .F. ) ;
#627 = CARTESIAN_POINT ( 'NONE',  ( 0.4393102134146347800, -0.1964400693444089400, 0.02000000000000000000 ) ) ;
#628 = ORIENTED_EDGE ( 'NONE', *, *, #4357, .F. ) ;
#629 = ORIENTED_EDGE ( 'NONE', *, *, #4985, .F. ) ;
#630 = SURFACE_STYLE_USAGE ( .BOTH. , #3810 ) ;
#631 = VECTOR ( 'NONE', #5397, 1000.000000000000000 ) ;
#632 = CARTESIAN_POINT ( 'NONE',  ( 0.5866963938458862300, 0.1198670863752337600, 0.02000000000000000000 ) ) ;
#633 = DIRECTION ( 'NONE',  ( -0.0000000000000000000, -0.0000000000000000000, -1.000000000000000000 ) ) ;
#634 = ADVANCED_FACE ( 'NONE', ( #3616 ), #761, .F. ) ;
#635 = VERTEX_POINT ( 'NONE', #2994 ) ;
#636 = FACE_OUTER_BOUND ( 'NONE', #2647, .T. ) ;
#637 = ORIENTED_EDGE ( 'NONE', *, *, #4345, .F. ) ;
#638 = VECTOR ( 'NONE', #519, 1000.000000000000000 ) ;
#639 = ORIENTED_EDGE ( 'NONE', *, *, #1375, .F. ) ;
#640 = EDGE_LOOP ( 'NONE', ( #2242, #3668, #4050, #739 ) ) ;
#641 = DIRECTION ( 'NONE',  ( -1.000000000000000000, 0.0000000000000000000, 0.0000000000000000000 ) ) ;
#642 = CARTESIAN_POINT ( 'NONE',  ( -2.500000000000000000, -1.301000000000000200, -0.001000000000000000000 ) ) ;
#643 = VERTEX_POINT ( 'NONE', #3783 ) ;
#644 = EDGE_CURVE ( 'NONE', #2494, #1205, #5708, .T. ) ;
#645 = ADVANCED_FACE ( 'NONE', ( #4444 ), #3614, .T. ) ;
#646 = EDGE_CURVE ( 'NONE', #4643, #2137, #6429, .T. ) ;
#647 = EDGE_CURVE ( 'NONE', #6412, #1893, #1365, .T. ) ;
#648 = AXIS2_PLACEMENT_3D ( 'NONE', #3212, #111, #3722 ) ;
#649 = ORIENTED_EDGE ( 'NONE', *, *, #1769, .F. ) ;
#650 = CIRCLE ( 'NONE', #1706, 0.2000000000000000900 ) ;
#651 = CARTESIAN_POINT ( 'NONE',  ( 0.6552522120671927500, 0.1267317026035192100, 1.355252715606880500E-017 ) ) ;
#652 = VERTEX_POINT ( 'NONE', #3509 ) ;
#653 = STYLED_ITEM ( 'NONE', ( #6212 ), #64 ) ;
#654 = CARTESIAN_POINT ( 'NONE',  ( 0.3109756097560982300, -0.1644278742224577200, 0.02000000000000000000 ) ) ;
#655 = ADVANCED_FACE ( 'NONE', ( #6498 ), #5188, .T. ) ;
#656 = VERTEX_POINT ( 'NONE', #325 ) ;
#657 = ADVANCED_FACE ( 'NONE', ( #2558 ), #1724, .T. ) ;
#658 = UNCERTAINTY_MEASURE_WITH_UNIT (LENGTH_MEASURE( 1.000000000000000100E-005 ), #1722, 'distance_accuracy_value', 'NONE');
#659 = CARTESIAN_POINT ( 'NONE',  ( 0.3359067750317615800, 0.2498784427576004300, 0.0000000000000000000 ) ) ;
#660 = PRESENTATION_LAYER_ASSIGNMENT (  '', '', ( #6455 ) ) ;
#661 = AXIS2_PLACEMENT_3D ( 'NONE', #5278, #2360, #5787 ) ;
#662 = CARTESIAN_POINT ( 'NONE',  ( -2.101000000000000000, 1.500000000000000000, 0.3489999999999999800 ) ) ;
#663 = LINE ( 'NONE', #5487, #5786 ) ;
#664 = EDGE_LOOP ( 'NONE', ( #6026, #5502, #5297, #959, #4421, #5060, #4493, #274, #563, #2405, #8, #5864, #2822, #6504, #3175, #3033, #1738, #4115, #4479, #1605, #3868, #2445, #3521, #3455, #1291, #3816, #6082, #695, #1660 ) ) ;
#665 = ADVANCED_FACE ( 'NONE', ( #3451 ), #5378, .F. ) ;
#666 = CARTESIAN_POINT ( 'NONE',  ( -0.03048780487804902300, -0.01961080105172599200, 0.02000000000000000000 ) ) ;
#667 = B_SPLINE_SURFACE_WITH_KNOTS ( 'NONE', 3, 1, ( 
 ( #5021, #1712 ),
 ( #3284, #516 ),
 ( #4918, #4858 ),
 ( #5190, #4901 ),
 ( #4955, #2472 ),
 ( #5360, #5392 ),
 ( #1922, #5406 ) ),
 .UNSPECIFIED., .F., .F., .F.,
 ( 4, 1, 1, 1, 4 ),
 ( 2, 2 ),
 ( 0.0000000000000000000, 0.1744817153170500300, 0.3982857591281133700, 0.6738978473986659800, 1.000000000000000000 ),
 ( 0.0000000000000000000, 1.000000000000000000 ),
 .UNSPECIFIED. ) ;
#668 = CARTESIAN_POINT ( 'NONE',  ( -2.500000000000000000, -1.600000000000000300, 0.3489999999999999800 ) ) ;
#669 = CARTESIAN_POINT ( 'NONE',  ( -2.199999999999999700, -1.600000000000000300, 0.3499999999999999800 ) ) ;
#670 = B_SPLINE_CURVE_WITH_KNOTS ( 'NONE', 3,
 ( #1152, #4655, #2687, #6119, #3193, #70, #3693, #659, #4187, #1165, #4666 ),
 .UNSPECIFIED., .F., .F.,
 ( 4, 1, 1, 1, 1, 1, 1, 1, 4 ),
 ( 0.0000000000000000000, 0.1451868664724689000, 0.2834426109197292200, 0.4165243659288286900, 0.5431811235350828500, 0.6651530826377133300, 0.7813602063127153000, 0.8927566556418089500, 0.9999999999999998900 ),
 .UNSPECIFIED. ) ;
#671 = SURFACE_STYLE_USAGE ( .BOTH. , #677 ) ;
#672 = ADVANCED_FACE ( 'NONE', ( #2975 ), #3665, .T. ) ;
#673 = ADVANCED_FACE ( 'NONE', ( #1126 ), #775, .T. ) ;
#674 = SURFACE_STYLE_FILL_AREA ( #3873 ) ;
#675 = CARTESIAN_POINT ( 'NONE',  ( 0.5296491528746722900, 0.2431251567585665000, 0.02000000000000000000 ) ) ;
#676 = B_SPLINE_SURFACE_WITH_KNOTS ( 'NONE', 3, 1, ( 
 ( #5778, #5571 ),
 ( #5810, #4965 ),
 ( #4526, #2276 ),
 ( #1979, #1634 ),
 ( #5820, #5497 ),
 ( #5848, #5866 ),
 ( #5875, #5881 ),
 ( #5890, #5908 ),
 ( #5962, #6011 ),
 ( #6044, #545 ),
 ( #6511, #6430 ),
 ( #6050, #6057 ),
 ( #6060, #6465 ),
 ( #6290, #6114 ),
 ( #6085, #5464 ),
 ( #1210, #1593 ),
 ( #1626, #4519 ),
 ( #1751, #1865 ),
 ( #1761, #1719 ) ),
 .UNSPECIFIED., .F., .F., .F.,
 ( 4, 1, 1, 1, 1, 1, 1, 1, 1, 1, 1, 1, 1, 1, 1, 1, 4 ),
 ( 2, 2 ),
 ( 0.0000000000000000000, 0.07430379644281594200, 0.1443936103644178100, 0.2104994961032797300, 0.2735426065034680700, 0.3338247445790736300, 0.3925296724085027300, 0.4500874545995856000, 0.5078206115557880600, 0.5654649127768466300, 0.6231487223336199500, 0.6812971927909355900, 0.7409134981565808100, 0.8018557521958578100, 0.8652412377209433000, 0.9309416570467441400, 1.000000000000000000 ),
 ( 0.0000000000000000000, 1.000000000000000000 ),
 .UNSPECIFIED. ) ;
#677 = SURFACE_SIDE_STYLE ('',( #6571 ) ) ;
#678 = CARTESIAN_POINT ( 'NONE',  ( 1.300000000000000300, 1.500000000000000000, -0.001000000000000000000 ) ) ;
#679 = FACE_OUTER_BOUND ( 'NONE', #6069, .T. ) ;
#680 = CARTESIAN_POINT ( 'NONE',  ( -2.500000000000000000, 1.300000000000000300, 0.3499999999999999800 ) ) ;
#681 = ADVANCED_FACE ( 'NONE', ( #636 ), #1359, .F. ) ;
#682 =( NAMED_UNIT ( * ) PLANE_ANGLE_UNIT ( ) SI_UNIT ( $, .RADIAN. ) );
#683 =( GEOMETRIC_REPRESENTATION_CONTEXT ( 3 ) GLOBAL_UNCERTAINTY_ASSIGNED_CONTEXT ( ( #1820 ) ) GLOBAL_UNIT_ASSIGNED_CONTEXT ( ( #3653, #3459, #1428 ) ) REPRESENTATION_CONTEXT ( 'NONE', 'WORKASPACE' ) );
#684 = SURFACE_STYLE_FILL_AREA ( #6097 ) ;
#685 = SURFACE_STYLE_USAGE ( .BOTH. , #3720 ) ;
#686 = EDGE_CURVE ( 'NONE', #3128, #5690, #93, .T. ) ;
#687 = CIRCLE ( 'NONE', #750, 0.05000000000000002400 ) ;
#688 = ADVANCED_FACE ( 'NONE', ( #5290 ), #3477, .T. ) ;
#689 = CARTESIAN_POINT ( 'NONE',  ( 1.300000000000000300, 1.500000000000000000, 0.3489999999999999800 ) ) ;
#690 = EDGE_CURVE ( 'NONE', #5937, #1785, #5154, .T. ) ;
#691 = ADVANCED_FACE ( 'NONE', ( #6486 ), #728, .F. ) ;
#692 = CARTESIAN_POINT ( 'NONE',  ( 0.6195335880197235800, -0.1839393820122602900, -0.0000000000000000000 ) ) ;
#693 = EDGE_CURVE ( 'NONE', #3265, #4275, #2056, .T. ) ;
#694 = LINE ( 'NONE', #3959, #1856 ) ;
#695 = ORIENTED_EDGE ( 'NONE', *, *, #4673, .T. ) ;
#696 = ADVANCED_FACE ( 'NONE', ( #6018 ), #2451, .F. ) ;
#697 = EDGE_CURVE ( 'NONE', #1793, #1031, #5847, .T. ) ;
#698 = DIRECTION ( 'NONE',  ( -0.0000000000000000000, -0.0000000000000000000, -1.000000000000000000 ) ) ;
#699 = AXIS2_PLACEMENT_3D ( 'NONE', #6108, #49, #3683 ) ;
#700 = MECHANICAL_DESIGN_GEOMETRIC_PRESENTATION_REPRESENTATION (  '', ( #6153 ), #1048 ) ;
#701 = AXIS2_PLACEMENT_3D ( 'NONE', #1225, #3266, #150 ) ;
#702 = FILL_AREA_STYLE ('',( #1554 ) ) ;
#703 = VERTEX_POINT ( 'NONE', #1784 ) ;
#704 = DIRECTION ( 'NONE',  ( -0.0000000000000000000, 1.000000000000000000, -0.0000000000000000000 ) ) ;
#705 = CARTESIAN_POINT ( 'NONE',  ( 2.500000000000000000, 1.600000000000000300, 0.3489999999999999800 ) ) ;
#706 = LINE ( 'NONE', #4800, #3235 ) ;
#707 = ORIENTED_EDGE ( 'NONE', *, *, #5029, .F. ) ;
#708 =( NAMED_UNIT ( * ) PLANE_ANGLE_UNIT ( ) SI_UNIT ( $, .RADIAN. ) );
#709 = CARTESIAN_POINT ( 'NONE',  ( -0.4614464312525449200, 0.2043541831933167200, 0.02000000000000000000 ) ) ;
#710 = ADVANCED_FACE ( 'NONE', ( #4713 ), #1940, .T. ) ;
#711 = ADVANCED_FACE ( 'NONE', ( #4576 ), #1655, .F. ) ;
#712 = EDGE_LOOP ( 'NONE', ( #2642, #3511, #2563, #740 ) ) ;
#713 = VECTOR ( 'NONE', #3826, 1000.000000000000000 ) ;
#714 = MANIFOLD_SOLID_BREP ( 'ÇÐ³ý-À­Éì3', #5654 ) ;
#715 = DIRECTION ( 'NONE',  ( 0.0000000000000000000, 0.0000000000000000000, 1.000000000000000000 ) ) ;
#716 = CIRCLE ( 'NONE', #5909, 0.01999999999999999700 ) ;
#717 = ORIENTED_EDGE ( 'NONE', *, *, #1414, .T. ) ;
#718 = LINE ( 'NONE', #3068, #3249 ) ;
#719 = ORIENTED_EDGE ( 'NONE', *, *, #3629, .F. ) ;
#720 = ORIENTED_EDGE ( 'NONE', *, *, #4947, .T. ) ;
#721 = VECTOR ( 'NONE', #3608, 1000.000000000000000 ) ;
#722 = ADVANCED_FACE ( 'NONE', ( #1433 ), #405, .T. ) ;
#723 = VECTOR ( 'NONE', #5013, 1000.000000000000000 ) ;
#724 = CARTESIAN_POINT ( 'NONE',  ( 0.3109756097560981700, -0.2193059230029455200, 0.02000000000000000000 ) ) ;
#725 = CARTESIAN_POINT ( 'NONE',  ( -0.4806392962021378000, -0.1755540205914035400, 0.02000000000000000000 ) ) ;
#726 = ORIENTED_EDGE ( 'NONE', *, *, #5552, .F. ) ;
#727 = ORIENTED_EDGE ( 'NONE', *, *, #4018, .F. ) ;
#728 = CYLINDRICAL_SURFACE ( 'NONE', #6136, 0.04999999999999991300 ) ;
#729 = FILL_AREA_STYLE_COLOUR ( '', #5047 ) ;
#730 =( LENGTH_UNIT ( ) NAMED_UNIT ( * ) SI_UNIT ( .MILLI., .METRE. ) );
#731 = VERTEX_POINT ( 'NONE', #141 ) ;
#732 = LINE ( 'NONE', #2256, #3116 ) ;
#733 = AXIS2_PLACEMENT_3D ( 'NONE', #2362, #5073, #5638 ) ;
#734 = ORIENTED_EDGE ( 'NONE', *, *, #2967, .T. ) ;
#735 = DIRECTION ( 'NONE',  ( 0.0000000000000000000, 1.000000000000000000, 0.0000000000000000000 ) ) ;
#736 = ORIENTED_EDGE ( 'NONE', *, *, #5552, .T. ) ;
#737 = COLOUR_RGB ( '',0.2980392156862745100, 0.2980392156862745100, 0.2980392156862745100 ) ;
#738 = CARTESIAN_POINT ( 'NONE',  ( -0.4808271108893159000, -0.05524215161532310100, 0.0000000000000000000 ) ) ;
#739 = ORIENTED_EDGE ( 'NONE', *, *, #5037, .T. ) ;
#740 = ORIENTED_EDGE ( 'NONE', *, *, #3083, .T. ) ;
#741 = DIRECTION ( 'NONE',  ( 0.0000000000000000000, 1.000000000000000000, 0.0000000000000000000 ) ) ;
#742 = ORIENTED_EDGE ( 'NONE', *, *, #1910, .F. ) ;
#743 = CARTESIAN_POINT ( 'NONE',  ( 2.500000000000000000, 1.600000000000000300, -0.001000000000000000000 ) ) ;
#744 = EDGE_LOOP ( 'NONE', ( #95, #3574, #4694, #6531, #5910, #1518 ) ) ;
#745 = LINE ( 'NONE', #2585, #3283 ) ;
#746 = CARTESIAN_POINT ( 'NONE',  ( -0.7123666158536586800, -0.1049766547102625700, 0.02000000000000000000 ) ) ;
#747 = ORIENTED_EDGE ( 'NONE', *, *, #2225, .T. ) ;
#748 = EDGE_CURVE ( 'NONE', #5009, #1440, #2309, .T. ) ;
#749 = EDGE_CURVE ( 'NONE', #192, #1131, #4118, .T. ) ;
#750 = AXIS2_PLACEMENT_3D ( 'NONE', #5706, #2820, #6216 ) ;
#751 = STYLED_ITEM ( 'NONE', ( #3560 ), #152 ) ;
#752 = CARTESIAN_POINT ( 'NONE',  ( 2.199999999999999700, 1.300000000000000300, 0.4699999999999999700 ) ) ;
#753 = CARTESIAN_POINT ( 'NONE',  ( 0.4485518292682932900, -0.2513181181248967400, 0.02000000000000000000 ) ) ;
#754 = ORIENTED_EDGE ( 'NONE', *, *, #4077, .T. ) ;
#755 = ORIENTED_EDGE ( 'NONE', *, *, #6226, .T. ) ;
#756 = VECTOR ( 'NONE', #2738, 1000.000000000000000 ) ;
#757 =( GEOMETRIC_REPRESENTATION_CONTEXT ( 3 ) GLOBAL_UNCERTAINTY_ASSIGNED_CONTEXT ( ( #4025 ) ) GLOBAL_UNIT_ASSIGNED_CONTEXT ( ( #6489, #19, #37 ) ) REPRESENTATION_CONTEXT ( 'NONE', 'WORKASPACE' ) );
#758 = ADVANCED_BREP_SHAPE_REPRESENTATION ( 'CRYSTAL-SMD_4P-L5.0-W3.2-BL', ( #714, #5313 ), #2721 ) ;
#759 = ORIENTED_EDGE ( 'NONE', *, *, #2259, .T. ) ;
#760 = CARTESIAN_POINT ( 'NONE',  ( 2.199999999999999700, -1.300000000000000000, 0.7500000000000000000 ) ) ;
#761 = PLANE ( 'NONE',  #4116 ) ;
#762 = CARTESIAN_POINT ( 'NONE',  ( -2.199999999999999700, -1.300000000000000000, 0.6999999999999999600 ) ) ;
#763 = CARTESIAN_POINT ( 'NONE',  ( 0.0000000000000000000, 0.0000000000000000000, 0.4500000000000000100 ) ) ;
#764 = PLANE ( 'NONE',  #5306 ) ;
#765 = ORIENTED_EDGE ( 'NONE', *, *, #253, .T. ) ;
#766 = DIRECTION ( 'NONE',  ( -0.0000000000000000000, 0.0000000000000000000, 1.000000000000000000 ) ) ;
#767 = DIRECTION ( 'NONE',  ( 0.0000000000000000000, 0.0000000000000000000, 1.000000000000000000 ) ) ;
#768 = DIRECTION ( 'NONE',  ( 0.0000000000000000000, -1.000000000000000000, 0.0000000000000000000 ) ) ;
#769 = CARTESIAN_POINT ( 'NONE',  ( 2.400000000000000400, -0.6999999999999999600, 0.3489999999999999800 ) ) ;
#770 = CARTESIAN_POINT ( 'NONE',  ( 2.500000000000000000, 1.600000000000000300, 0.3499999999999999800 ) ) ;
#771 = B_SPLINE_CURVE_WITH_KNOTS ( 'NONE', 3,
 ( #5453, #1997, #4531, #1537, #4998, #2015, #5478, #2557, #5995, #3071, #6510 ),
 .UNSPECIFIED., .F., .F.,
 ( 4, 1, 1, 1, 1, 1, 1, 1, 4 ),
 ( 0.0000000000000000000, 0.1352946047634291100, 0.2667656579247481000, 0.3948160188358722500, 0.5200516544342459500, 0.6421757029708216000, 0.7626518205584230700, 0.8818340043805018600, 1.000000000000000000 ),
 .UNSPECIFIED. ) ;
#772 = DIRECTION ( 'NONE',  ( 1.000000000000000000, -4.336808689942025600E-015, -0.0000000000000000000 ) ) ;
#773 = COLOUR_RGB ( '',0.2980392156862745100, 0.2980392156862745100, 0.2980392156862745100 ) ;
#774 = LINE ( 'NONE', #5823, #4607 ) ;
#775 = PLANE ( 'NONE',  #1492 ) ;
#776 = FILL_AREA_STYLE_COLOUR ( '', #514 ) ;
#777 = CARTESIAN_POINT ( 'NONE',  ( 0.5035959877791481600, 0.1924243572416083300, 1.355252715606880500E-017 ) ) ;
#778 = FACE_OUTER_BOUND ( 'NONE', #5523, .T. ) ;
#779 = DIRECTION ( 'NONE',  ( -0.0000000000000000000, -0.0000000000000000000, -1.000000000000000000 ) ) ;
#780 =( LENGTH_UNIT ( ) NAMED_UNIT ( * ) SI_UNIT ( .MILLI., .METRE. ) );
#781 = PRESENTATION_STYLE_ASSIGNMENT (( #6474 ) ) ;
#782 = LINE ( 'NONE', #3607, #4461 ) ;
#783 =( GEOMETRIC_REPRESENTATION_CONTEXT ( 3 ) GLOBAL_UNCERTAINTY_ASSIGNED_CONTEXT ( ( #1548 ) ) GLOBAL_UNIT_ASSIGNED_CONTEXT ( ( #795, #6110, #5102 ) ) REPRESENTATION_CONTEXT ( 'NONE', 'WORKASPACE' ) );
#784 = CARTESIAN_POINT ( 'NONE',  ( 1.300000000000000300, -1.500000000000000000, -0.001000000000000000000 ) ) ;
#785 = EDGE_CURVE ( 'NONE', #1224, #6022, #968, .T. ) ;
#786 = FACE_OUTER_BOUND ( 'NONE', #4056, .T. ) ;
#787 = CARTESIAN_POINT ( 'NONE',  ( 0.6282416040731028100, 0.1693032764441246000, 0.0000000000000000000 ) ) ;
#788 = EDGE_CURVE ( 'NONE', #4749, #1730, #2813, .T. ) ;
#789 = AXIS2_PLACEMENT_3D ( 'NONE', #3871, #862, #4363 ) ;
#790 = DIRECTION ( 'NONE',  ( -0.0000000000000000000, -1.000000000000000000, -0.0000000000000000000 ) ) ;
#791 = PRESENTATION_STYLE_ASSIGNMENT (( #3910 ) ) ;
#792 = MECHANICAL_DESIGN_GEOMETRIC_PRESENTATION_REPRESENTATION (  '', ( #6232 ), #1125 ) ;
#793 = ORIENTED_EDGE ( 'NONE', *, *, #5512, .F. ) ;
#794 = ORIENTED_EDGE ( 'NONE', *, *, #4035, .F. ) ;
#795 =( LENGTH_UNIT ( ) NAMED_UNIT ( * ) SI_UNIT ( .MILLI., .METRE. ) );
#796 = PRESENTATION_STYLE_ASSIGNMENT (( #5064 ) ) ;
#797 = LINE ( 'NONE', #6002, #4469 ) ;
#798 = CARTESIAN_POINT ( 'NONE',  ( -2.399999999999999900, 1.300000000000000300, 0.7500000000000000000 ) ) ;
#799 = SURFACE_STYLE_USAGE ( .BOTH. , #3801 ) ;
#800 = VERTEX_POINT ( 'NONE', #5793 ) ;
#801 = DIRECTION ( 'NONE',  ( -0.0000000000000000000, -0.0000000000000000000, -1.000000000000000000 ) ) ;
#802 = CARTESIAN_POINT ( 'NONE',  ( 1.300000000000000300, -0.7000000000000000700, 0.3489999999999999800 ) ) ;
#803 = CARTESIAN_POINT ( 'NONE',  ( -0.5132705962058891100, -0.1375699794085271700, 0.02000000000000000000 ) ) ;
#804 =( GEOMETRIC_REPRESENTATION_CONTEXT ( 3 ) GLOBAL_UNCERTAINTY_ASSIGNED_CONTEXT ( ( #1862 ) ) GLOBAL_UNIT_ASSIGNED_CONTEXT ( ( #3691, #3679, #3812 ) ) REPRESENTATION_CONTEXT ( 'NONE', 'WORKASPACE' ) );
#805 = AXIS2_PLACEMENT_3D ( 'NONE', #6424, #3513, #431 ) ;
#806 = VERTEX_POINT ( 'NONE', #63 ) ;
#807 = CARTESIAN_POINT ( 'NONE',  ( 0.4485518292682932900, -0.2513181181248967400, 0.02000000000000000000 ) ) ;
#808 = VECTOR ( 'NONE', #6257, 1000.000000000000000 ) ;
#809 = UNCERTAINTY_MEASURE_WITH_UNIT (LENGTH_MEASURE( 1.000000000000000100E-005 ), #6159, 'distance_accuracy_value', 'NONE');
#810 = DIRECTION ( 'NONE',  ( -0.0000000000000000000, -0.0000000000000000000, -1.000000000000000000 ) ) ;
#811 = CARTESIAN_POINT ( 'NONE',  ( 2.400000000000000400, 0.0000000000000000000, -0.0000000000000000000 ) ) ;
#812 = CARTESIAN_POINT ( 'NONE',  ( -0.8038300304878049900, 0.1587428574848593900, 0.02000000000000000000 ) ) ;
#813 = VECTOR ( 'NONE', #1609, 1000.000000000000000 ) ;
#814 = ORIENTED_EDGE ( 'NONE', *, *, #2177, .T. ) ;
#815 = VERTEX_POINT ( 'NONE', #173 ) ;
#816 = ORIENTED_EDGE ( 'NONE', *, *, #1289, .F. ) ;
#817 = VECTOR ( 'NONE', #5841, 1000.000000000000000 ) ;
#818 = DIRECTION ( 'NONE',  ( 0.0000000000000000000, 1.000000000000000000, 0.0000000000000000000 ) ) ;
#819 = VECTOR ( 'NONE', #1381, 1000.000000000000000 ) ;
#820 = VERTEX_POINT ( 'NONE', #5437 ) ;
#821 = DIRECTION ( 'NONE',  ( 1.000000000000000000, 4.336808689942006700E-015, 0.0000000000000000000 ) ) ;
#822 = CARTESIAN_POINT ( 'NONE',  ( 2.299999999999998900, 1.300000000000000300, 0.8000000000000000400 ) ) ;
#823 = ORIENTED_EDGE ( 'NONE', *, *, #697, .T. ) ;
#824 = CARTESIAN_POINT ( 'NONE',  ( 2.399999999999999900, -1.300000000000000000, 0.6999999999999999600 ) ) ;
#825 = ORIENTED_EDGE ( 'NONE', *, *, #2666, .T. ) ;
#826 = DIRECTION ( 'NONE',  ( -1.000000000000000000, 0.0000000000000000000, 0.0000000000000000000 ) ) ;
#827 = CARTESIAN_POINT ( 'NONE',  ( -0.3950711594167478100, -0.2281159654332620700, 1.355252715606880500E-017 ) ) ;
#828 = CARTESIAN_POINT ( 'NONE',  ( -0.03048780487804902300, 0.03526724772876183000, 0.02000000000000000000 ) ) ;
#829 = CARTESIAN_POINT ( 'NONE',  ( -0.9695121951219513000, -0.2452205571492869800, 0.02000000000000000000 ) ) ;
#830 = ORIENTED_EDGE ( 'NONE', *, *, #2970, .F. ) ;
#831 = LINE ( 'NONE', #4255, #3195 ) ;
#832 =( GEOMETRIC_REPRESENTATION_CONTEXT ( 3 ) GLOBAL_UNCERTAINTY_ASSIGNED_CONTEXT ( ( #2525 ) ) GLOBAL_UNIT_ASSIGNED_CONTEXT ( ( #3279, #4932, #1391 ) ) REPRESENTATION_CONTEXT ( 'NONE', 'WORKASPACE' ) );
#833 = CARTESIAN_POINT ( 'NONE',  ( -0.4480639183564925600, -0.1241107457636529800, 0.02000000000000000000 ) ) ;
#834 = CARTESIAN_POINT ( 'NONE',  ( -0.7123666158536586800, -0.1049766547102625700, 0.0000000000000000000 ) ) ;
#835 = EDGE_CURVE ( 'NONE', #2556, #5144, #2140, .T. ) ;
#836 = ORIENTED_EDGE ( 'NONE', *, *, #2805, .T. ) ;
#837 = FACE_OUTER_BOUND ( 'NONE', #6148, .T. ) ;
#838 = CARTESIAN_POINT ( 'NONE',  ( 0.6744179057464897400, -0.08184744711937495800, 0.02000000000000000000 ) ) ;
#839 = ORIENTED_EDGE ( 'NONE', *, *, #2026, .F. ) ;
#840 = CARTESIAN_POINT ( 'NONE',  ( -0.2904916158536586200, -0.1903425083687991800, 0.0000000000000000000 ) ) ;
#841 = EDGE_CURVE ( 'NONE', #1723, #3582, #4777, .T. ) ;
#842 = SURFACE_SIDE_STYLE ('',( #1633 ) ) ;
#843 = ORIENTED_EDGE ( 'NONE', *, *, #2126, .T. ) ;
#844 = EDGE_CURVE ( 'NONE', #1057, #2482, #5930, .T. ) ;
#845 = ORIENTED_EDGE ( 'NONE', *, *, #5799, .F. ) ;
#846 =( GEOMETRIC_REPRESENTATION_CONTEXT ( 3 ) GLOBAL_UNCERTAINTY_ASSIGNED_CONTEXT ( ( #5736 ) ) GLOBAL_UNIT_ASSIGNED_CONTEXT ( ( #5325, #2414, #5838 ) ) REPRESENTATION_CONTEXT ( 'NONE', 'WORKASPACE' ) );
#847 = PRESENTATION_LAYER_ASSIGNMENT (  '', '', ( #62 ) ) ;
#848 = DIRECTION ( 'NONE',  ( 1.000000000000000000, -0.0000000000000000000, 0.0000000000000000000 ) ) ;
#849 = DIRECTION ( 'NONE',  ( 1.000000000000000000, 0.0000000000000000000, -0.0000000000000000000 ) ) ;
#850 = FACE_OUTER_BOUND ( 'NONE', #1108, .T. ) ;
#851 = DIRECTION ( 'NONE',  ( 1.000000000000000000, 0.0000000000000000000, 0.0000000000000000000 ) ) ;
#852 = CARTESIAN_POINT ( 'NONE',  ( 0.6157147486115226400, -0.007866525850831125300, 0.02000000000000000000 ) ) ;
#853 = DIRECTION ( 'NONE',  ( 0.3390537954853692900, 0.9407669869669987900, 0.0000000000000000000 ) ) ;
#854 = LINE ( 'NONE', #3295, #3553 ) ;
#855 = CARTESIAN_POINT ( 'NONE',  ( 0.6827705550223911500, -0.01371345463186105000, 0.02000000000000000000 ) ) ;
#856 = COLOUR_RGB ( '',0.8274509803921568100, 0.6666666666666666300, 0.1294117647058823400 ) ;
#857 = CARTESIAN_POINT ( 'NONE',  ( -0.03048780487804902300, -0.01961080105172599200, 0.0000000000000000000 ) ) ;
#858 = VECTOR ( 'NONE', #6036, 1000.000000000000000 ) ;
#859 = CARTESIAN_POINT ( 'NONE',  ( 2.101000000000000400, -1.600000000000000300, 0.0000000000000000000 ) ) ;
#860 = AXIS2_PLACEMENT_3D ( 'NONE', #3079, #3143, #4350 ) ;
#861 = EDGE_CURVE ( 'NONE', #3606, #906, #1966, .T. ) ;
#862 = DIRECTION ( 'NONE',  ( 0.0000000000000000000, 0.0000000000000000000, 1.000000000000000000 ) ) ;
#863 = PRESENTATION_STYLE_ASSIGNMENT (( #2266 ) ) ;
#864 = CARTESIAN_POINT ( 'NONE',  ( 2.500000000000000000, -1.600000000000000300, 0.3489999999999999800 ) ) ;
#865 = VECTOR ( 'NONE', #4832, 1000.000000000000000 ) ;
#866 = DIRECTION ( 'NONE',  ( -0.0000000000000000000, 0.0000000000000000000, -1.000000000000000000 ) ) ;
#867 = DIRECTION ( 'NONE',  ( -1.000000000000000000, 0.0000000000000000000, -0.0000000000000000000 ) ) ;
#868 = CARTESIAN_POINT ( 'NONE',  ( 2.199999999999999700, 1.520000000000000500, 0.4699999999999999700 ) ) ;
#869 = CARTESIAN_POINT ( 'NONE',  ( 0.5787608400088549700, -0.1299332755035361200, 0.02000000000000000000 ) ) ;
#870 = CARTESIAN_POINT ( 'NONE',  ( 0.3948270974870732900, 0.2597337769432822000, 0.02000000000000000000 ) ) ;
#871 = FACE_OUTER_BOUND ( 'NONE', #2321, .T. ) ;
#872 = COLOUR_RGB ( '',0.8274509803921568100, 0.6666666666666666300, 0.1294117647058823400 ) ;
#873 = UNCERTAINTY_MEASURE_WITH_UNIT (LENGTH_MEASURE( 1.000000000000000100E-005 ), #4923, 'distance_accuracy_value', 'NONE');
#874 = CARTESIAN_POINT ( 'NONE',  ( 2.299999999999999800, -1.599999999999999900, 0.0000000000000000000 ) ) ;
#875 = EDGE_CURVE ( 'NONE', #4252, #2328, #5751, .T. ) ;
#876 = CARTESIAN_POINT ( 'NONE',  ( -6.899468370362303500E-017, -0.7000000000000001800, -0.0000000000000000000 ) ) ;
#877 = EDGE_CURVE ( 'NONE', #192, #4192, #4637, .T. ) ;
#878 = LINE ( 'NONE', #1683, #2210 ) ;
#879 = ORIENTED_EDGE ( 'NONE', *, *, #3819, .T. ) ;
#880 = STYLED_ITEM ( 'NONE', ( #6377 ), #2694 ) ;
#881 = VECTOR ( 'NONE', #801, 1000.000000000000000 ) ;
#882 = LINE ( 'NONE', #3374, #2039 ) ;
#883 = VERTEX_POINT ( 'NONE', #2479 ) ;
#884 = DIRECTION ( 'NONE',  ( -1.000000000000000000, 0.0000000000000000000, 0.0000000000000000000 ) ) ;
#885 = VERTEX_POINT ( 'NONE', #2783 ) ;
#886 = EDGE_LOOP ( 'NONE', ( #3808, #6009, #2522, #4706 ) ) ;
#887 = LINE ( 'NONE', #5492, #6010 ) ;
#888 = CARTESIAN_POINT ( 'NONE',  ( 0.4485518292682932900, -0.2513181181248967400, 0.0000000000000000000 ) ) ;
#889 = PLANE ( 'NONE',  #1828 ) ;
#890 = B_SPLINE_CURVE_WITH_KNOTS ( 'NONE', 3,
 ( #2860, #6253, #4812, #1821, #5271, #2350, #5782, #2892, #6293, #3377, #281 ),
 .UNSPECIFIED., .F., .F.,
 ( 4, 1, 1, 1, 1, 1, 1, 1, 4 ),
 ( 0.0000000000000000000, 0.1124483899088009200, 0.2265276752126779700, 0.3444019493260277500, 0.4658649724874585100, 0.5916594493521166700, 0.7221684870248877800, 0.8586063875549264600, 1.000000000000000000 ),
 .UNSPECIFIED. ) ;
#891 = CARTESIAN_POINT ( 'NONE',  ( 0.4990013883092909700, -0.2475616988701961900, 0.02000000000000000000 ) ) ;
#892 = FILL_AREA_STYLE_COLOUR ( '', #5056 ) ;
#893 = ORIENTED_EDGE ( 'NONE', *, *, #3379, .F. ) ;
#894 =( LENGTH_UNIT ( ) NAMED_UNIT ( * ) SI_UNIT ( .MILLI., .METRE. ) );
#895 = CARTESIAN_POINT ( 'NONE',  ( 0.3109756097560981700, -0.1644278742224576900, -0.0000000000000000000 ) ) ;
#896 = CARTESIAN_POINT ( 'NONE',  ( 0.3149556715114252300, 0.2426755254710279100, 1.355252715606880500E-017 ) ) ;
#897 = ORIENTED_EDGE ( 'NONE', *, *, #3666, .T. ) ;
#898 = DIRECTION ( 'NONE',  ( 0.0000000000000000000, 0.0000000000000000000, -1.000000000000000000 ) ) ;
#899 = VERTEX_POINT ( 'NONE', #3372 ) ;
#900 = CARTESIAN_POINT ( 'NONE',  ( -2.101000000000000400, 1.600000000000000300, -0.001000000000000000000 ) ) ;
#901 = ORIENTED_EDGE ( 'NONE', *, *, #2844, .F. ) ;
#902 = ORIENTED_EDGE ( 'NONE', *, *, #605, .F. ) ;
#903 = CARTESIAN_POINT ( 'NONE',  ( -0.4579708159752969300, 0.1255021177699125500, 0.02000000000000000000 ) ) ;
#904 = CARTESIAN_POINT ( 'NONE',  ( -2.500000000000000000, -1.300000000000000300, 0.3499999999999999800 ) ) ;
#905 = ORIENTED_EDGE ( 'NONE', *, *, #3996, .F. ) ;
#906 = VERTEX_POINT ( 'NONE', #3906 ) ;
#907 = ORIENTED_EDGE ( 'NONE', *, *, #4392, .F. ) ;
#908 = ORIENTED_EDGE ( 'NONE', *, *, #2841, .F. ) ;
#909 = VECTOR ( 'NONE', #3547, 1000.000000000000000 ) ;
#910 = CARTESIAN_POINT ( 'NONE',  ( 0.6552522120671927500, 0.1267317026035192100, 0.02000000000000000000 ) ) ;
#911 = ORIENTED_EDGE ( 'NONE', *, *, #2122, .F. ) ;
#912 = SURFACE_SIDE_STYLE ('',( #2261 ) ) ;
#913 = CARTESIAN_POINT ( 'NONE',  ( 0.5546881159329754000, -0.1560927811820553800, 0.02000000000000000000 ) ) ;
#914 = STYLED_ITEM ( 'NONE', ( #4079 ), #587 ) ;
#915 = DIRECTION ( 'NONE',  ( -1.000000000000000000, 4.336808689942025600E-015, 0.0000000000000000000 ) ) ;
#916 = PLANE ( 'NONE',  #5115 ) ;
#917 = LINE ( 'NONE', #4683, #3289 ) ;
#918 = CARTESIAN_POINT ( 'NONE',  ( 0.1463414634146338900, 0.03526724772876183000, 0.02000000000000000000 ) ) ;
#919 = EDGE_CURVE ( 'NONE', #1224, #5618, #460, .T. ) ;
#920 =( LENGTH_UNIT ( ) NAMED_UNIT ( * ) SI_UNIT ( .MILLI., .METRE. ) );
#921 = EDGE_CURVE ( 'NONE', #4265, #2632, #3181, .T. ) ;
#922 = CARTESIAN_POINT ( 'NONE',  ( -2.349999999999999600, 1.300000000000000300, 0.7500000000000000000 ) ) ;
#923 = MECHANICAL_DESIGN_GEOMETRIC_PRESENTATION_REPRESENTATION (  '', ( #6359 ), #1238 ) ;
#924 = DIRECTION ( 'NONE',  ( -1.000000000000000000, 0.0000000000000000000, 0.0000000000000000000 ) ) ;
#925 =( GEOMETRIC_REPRESENTATION_CONTEXT ( 3 ) GLOBAL_UNCERTAINTY_ASSIGNED_CONTEXT ( ( #2811 ) ) GLOBAL_UNIT_ASSIGNED_CONTEXT ( ( #1276, #5473, #5479 ) ) REPRESENTATION_CONTEXT ( 'NONE', 'WORKASPACE' ) );
#926 = CARTESIAN_POINT ( 'NONE',  ( -0.5548780487804878500, 0.01106755260681059300, 0.0000000000000000000 ) ) ;
#927 = UNCERTAINTY_MEASURE_WITH_UNIT (LENGTH_MEASURE( 1.000000000000000100E-005 ), #2204, 'distance_accuracy_value', 'NONE');
#928 = CARTESIAN_POINT ( 'NONE',  ( 0.3638328332527678800, 0.2560436117162395200, 0.02000000000000000000 ) ) ;
#929 = MECHANICAL_DESIGN_GEOMETRIC_PRESENTATION_REPRESENTATION (  '', ( #6368 ), #1247 ) ;
#930 = STYLED_ITEM ( 'NONE', ( #6081 ), #288 ) ;
#931 = PRESENTATION_LAYER_ASSIGNMENT (  '', '', ( #576 ) ) ;
#932 = CYLINDRICAL_SURFACE ( 'NONE', #2962, 0.2000000000000000900 ) ;
#933 = DIRECTION ( 'NONE',  ( 1.000000000000000000, 0.0000000000000000000, -0.0000000000000000000 ) ) ;
#934 = CARTESIAN_POINT ( 'NONE',  ( -0.05487804878048806900, -0.2452205571492869800, 0.0000000000000000000 ) ) ;
#935 =( NAMED_UNIT ( * ) PLANE_ANGLE_UNIT ( ) SI_UNIT ( $, .RADIAN. ) );
#936 = LINE ( 'NONE', #1881, #3485 ) ;
#937 = DIRECTION ( 'NONE',  ( -0.0000000000000000000, 0.0000000000000000000, -1.000000000000000000 ) ) ;
#938 = CARTESIAN_POINT ( 'NONE',  ( -0.2980254002394450200, -0.1901796539104045300, 0.02000000000000000000 ) ) ;
#939 = DIRECTION ( 'NONE',  ( 0.0000000000000000000, 0.0000000000000000000, -1.000000000000000000 ) ) ;
#940 = CARTESIAN_POINT ( 'NONE',  ( 2.500000000000000000, 1.201000000000000700, -0.001000000000000000000 ) ) ;
#941 = CARTESIAN_POINT ( 'NONE',  ( 2.400000000000000400, 1.201000000000000300, 0.0000000000000000000 ) ) ;
#942 = VECTOR ( 'NONE', #5858, 1000.000000000000000 ) ;
#943 = PRESENTATION_STYLE_ASSIGNMENT (( #2797 ) ) ;
#944 = CARTESIAN_POINT ( 'NONE',  ( 0.6157147486115226400, -0.007866525850831125300, -0.0000000000000000000 ) ) ;
#945 = CARTESIAN_POINT ( 'NONE',  ( 0.3109756097560981700, -0.2193059230029455200, 1.355252715606880500E-017 ) ) ;
#946 = PRESENTATION_STYLE_ASSIGNMENT (( #4532 ) ) ;
#947 = DIRECTION ( 'NONE',  ( 0.0000000000000000000, 0.0000000000000000000, -1.000000000000000000 ) ) ;
#948 = VECTOR ( 'NONE', #1981, 1000.000000000000000 ) ;
#949 = CARTESIAN_POINT ( 'NONE',  ( -2.199999999999999700, 1.300000000000000300, 0.7500000000000000000 ) ) ;
#950 = PRESENTATION_LAYER_ASSIGNMENT (  '', '', ( #204 ) ) ;
#951 = UNCERTAINTY_MEASURE_WITH_UNIT (LENGTH_MEASURE( 1.000000000000000100E-005 ), #4296, 'distance_accuracy_value', 'NONE');
#952 = UNCERTAINTY_MEASURE_WITH_UNIT (LENGTH_MEASURE( 1.000000000000000100E-005 ), #1322, 'distance_accuracy_value', 'NONE');
#953 = FILL_AREA_STYLE_COLOUR ( '', #4003 ) ;
#954 = CARTESIAN_POINT ( 'NONE',  ( -0.4071273330245622200, -0.1610619010853451300, 1.355252715606880500E-017 ) ) ;
#955 = EDGE_LOOP ( 'NONE', ( #3888, #1976, #5446, #3456 ) ) ;
#956 = ORIENTED_EDGE ( 'NONE', *, *, #3434, .F. ) ;
#957 = LINE ( 'NONE', #2262, #6083 ) ;
#958 = CARTESIAN_POINT ( 'NONE',  ( 0.6031887329182967800, 0.08449268121472550100, 0.0000000000000000000 ) ) ;
#959 = ORIENTED_EDGE ( 'NONE', *, *, #2484, .F. ) ;
#960 = VECTOR ( 'NONE', #4736, 1000.000000000000000 ) ;
#961 = EDGE_CURVE ( 'NONE', #5863, #4542, #4334, .T. ) ;
#962 = VERTEX_POINT ( 'NONE', #5358 ) ;
#963 = CARTESIAN_POINT ( 'NONE',  ( -2.500000000000000000, -1.201000000000000700, 0.3489999999999999800 ) ) ;
#964 = AXIS2_PLACEMENT_3D ( 'NONE', #531, #5513, #2590 ) ;
#965 = DIRECTION ( 'NONE',  ( -0.0000000000000000000, -0.0000000000000000000, -1.000000000000000000 ) ) ;
#966 = ORIENTED_EDGE ( 'NONE', *, *, #5950, .F. ) ;
#967 = ORIENTED_EDGE ( 'NONE', *, *, #1189, .T. ) ;
#968 = LINE ( 'NONE', #2997, #3512 ) ;
#969 = CARTESIAN_POINT ( 'NONE',  ( 2.199999999999999700, -1.300000000000000000, 0.7500000000000000000 ) ) ;
#970 = VECTOR ( 'NONE', #309, 1000.000000000000000 ) ;
#971 = DIRECTION ( 'NONE',  ( 0.0000000000000000000, 0.0000000000000000000, 1.000000000000000000 ) ) ;
#972 = CARTESIAN_POINT ( 'NONE',  ( -0.5367801690928422100, -0.09366885322215477700, 0.0000000000000000000 ) ) ;
#973 = CARTESIAN_POINT ( 'NONE',  ( 0.7256097560975607300, -0.2452205571492869800, 0.02000000000000000000 ) ) ;
#974 = EDGE_LOOP ( 'NONE', ( #623, #2132, #1646, #2303 ) ) ;
#975 = ORIENTED_EDGE ( 'NONE', *, *, #3666, .F. ) ;
#976 = DIRECTION ( 'NONE',  ( -0.0000000000000000000, -0.0000000000000000000, -1.000000000000000000 ) ) ;
#977 = ORIENTED_EDGE ( 'NONE', *, *, #4729, .F. ) ;
#978 = CARTESIAN_POINT ( 'NONE',  ( -0.2195121951219513000, 0.1999013940702252200, 0.0000000000000000000 ) ) ;
#979 = ORIENTED_EDGE ( 'NONE', *, *, #5412, .T. ) ;
#980 = ORIENTED_EDGE ( 'NONE', *, *, #2484, .T. ) ;
#981 = DIRECTION ( 'NONE',  ( -1.000000000000000000, 0.0000000000000000000, 0.0000000000000000000 ) ) ;
#982 = DIRECTION ( 'NONE',  ( 0.0000000000000000000, -0.0000000000000000000, 1.000000000000000000 ) ) ;
#983 = CARTESIAN_POINT ( 'NONE',  ( -0.4808271108893159000, -0.05524215161532310100, 0.02000000000000000000 ) ) ;
#984 = LINE ( 'NONE', #2696, #2156 ) ;
#985 = CARTESIAN_POINT ( 'NONE',  ( 2.500000000000000000, 1.301000000000000200, 0.3489999999999999800 ) ) ;
#986 = CARTESIAN_POINT ( 'NONE',  ( -0.4878048780487805900, 0.009638436753152054800, 0.02000000000000000000 ) ) ;
#987 = ORIENTED_EDGE ( 'NONE', *, *, #5593, .F. ) ;
#988 = ORIENTED_EDGE ( 'NONE', *, *, #6445, .T. ) ;
#989 = LINE ( 'NONE', #1832, #6106 ) ;
#990 = CARTESIAN_POINT ( 'NONE',  ( 2.101000000000000000, 1.500000000000000000, 0.3489999999999999800 ) ) ;
#991 = CARTESIAN_POINT ( 'NONE',  ( -0.2883955792682928500, -0.2452205571492870300, 6.776263578034402700E-018 ) ) ;
#992 = CARTESIAN_POINT ( 'NONE',  ( 0.4583433388316404700, -0.1959495275232466800, 0.02000000000000000000 ) ) ;
#993 = CARTESIAN_POINT ( 'NONE',  ( -0.4788288181916178200, 0.1899297930653900700, 0.02000000000000000000 ) ) ;
#994 = CARTESIAN_POINT ( 'NONE',  ( -0.8211699695121951200, 0.1587428574848593900, 0.0000000000000000000 ) ) ;
#995 = EDGE_CURVE ( 'NONE', #4192, #5851, #1652, .T. ) ;
#996 = EDGE_CURVE ( 'NONE', #6174, #4124, #1094, .T. ) ;
#997 = EDGE_CURVE ( 'NONE', #1057, #5009, #5441, .T. ) ;
#998 = FILL_AREA_STYLE ('',( #3952 ) ) ;
#999 = PRESENTATION_LAYER_ASSIGNMENT (  '', '', ( #256 ) ) ;
#1000 = UNCERTAINTY_MEASURE_WITH_UNIT (LENGTH_MEASURE( 1.000000000000000100E-005 ), #3147, 'distance_accuracy_value', 'NONE');
#1001 = AXIS2_PLACEMENT_3D ( 'NONE', #2070, #2651, #2767 ) ;
#1002 = CARTESIAN_POINT ( 'NONE',  ( 0.3381595203132162800, 0.1881254481574126400, 0.0000000000000000000 ) ) ;
#1003 = DIRECTION ( 'NONE',  ( 0.3222024856061135900, -0.9466707760722531400, 0.0000000000000000000 ) ) ;
#1004 = VECTOR ( 'NONE', #3347, 1000.000000000000000 ) ;
#1005 = MECHANICAL_DESIGN_GEOMETRIC_PRESENTATION_REPRESENTATION (  '', ( #6455 ), #1337 ) ;
#1006 = AXIS2_PLACEMENT_3D ( 'NONE', #5236, #2318, #5733 ) ;
#1007 = CARTESIAN_POINT ( 'NONE',  ( -0.4878048780487805900, 0.009638436753152054800, 0.0000000000000000000 ) ) ;
#1008 = B_SPLINE_CURVE_WITH_KNOTS ( 'NONE', 3,
 ( #552, #4093, #6047, #3127, #6553, #3625, #582 ),
 .UNSPECIFIED., .F., .F.,
 ( 4, 1, 1, 1, 4 ),
 ( 0.0000000000000000000, 0.3005411131585100600, 0.5677471464835988100, 0.8000336137369802300, 1.000000000000000000 ),
 .UNSPECIFIED. ) ;
#1009 = SURFACE_STYLE_FILL_AREA ( #200 ) ;
#1010 = CARTESIAN_POINT ( 'NONE',  ( -0.2935403963414635600, 0.2547794428507130800, 2.032879073410320800E-017 ) ) ;
#1011 =( NAMED_UNIT ( * ) SI_UNIT ( $, .STERADIAN. ) SOLID_ANGLE_UNIT ( ) );
#1012 = CARTESIAN_POINT ( 'NONE',  ( -1.600000000000001000, -0.7000000000000000700, 0.3489999999999999800 ) ) ;
#1013 = FACE_OUTER_BOUND ( 'NONE', #5125, .T. ) ;
#1014 = DIRECTION ( 'NONE',  ( -1.000000000000000000, 0.0000000000000000000, 0.0000000000000000000 ) ) ;
#1015 = LINE ( 'NONE', #876, #3568 ) ;
#1016 = CARTESIAN_POINT ( 'NONE',  ( 2.400000000000000400, 1.201000000000000300, 0.3489999999999999800 ) ) ;
#1017 = ORIENTED_EDGE ( 'NONE', *, *, #496, .F. ) ;
#1018 = CYLINDRICAL_SURFACE ( 'NONE', #5621, 0.2990000000000002100 ) ;
#1019 = CARTESIAN_POINT ( 'NONE',  ( 2.399999999999999900, 1.300000000000000300, 0.4699999999999999700 ) ) ;
#1020 = CARTESIAN_POINT ( 'NONE',  ( 0.9146341463414632300, 0.2547794428507130200, 0.0000000000000000000 ) ) ;
#1021 = PLANE ( 'NONE',  #2979 ) ;
#1022 = ORIENTED_EDGE ( 'NONE', *, *, #45, .F. ) ;
#1023 = EDGE_LOOP ( 'NONE', ( #3529, #979, #1199, #907 ) ) ;
#1024 = ORIENTED_EDGE ( 'NONE', *, *, #4795, .T. ) ;
#1025 = LINE ( 'NONE', #215, #881 ) ;
#1026 = DIRECTION ( 'NONE',  ( 1.000000000000000000, -4.336808689942025600E-015, 0.0000000000000000000 ) ) ;
#1027 = CARTESIAN_POINT ( 'NONE',  ( -0.4470191824482142600, 0.1397644761524978500, 0.0000000000000000000 ) ) ;
#1028 = EDGE_CURVE ( 'NONE', #5618, #3364, #85, .T. ) ;
#1029 = ORIENTED_EDGE ( 'NONE', *, *, #4601, .F. ) ;
#1030 = FACE_OUTER_BOUND ( 'NONE', #4258, .T. ) ;
#1031 = VERTEX_POINT ( 'NONE', #6363 ) ;
#1032 = CARTESIAN_POINT ( 'NONE',  ( -2.500000000000000000, -1.600000000000000300, 0.3489999999999999800 ) ) ;
#1033 = EDGE_CURVE ( 'NONE', #1283, #2653, #6480, .T. ) ;
#1034 = ORIENTED_EDGE ( 'NONE', *, *, #4276, .T. ) ;
#1035 = ORIENTED_EDGE ( 'NONE', *, *, #1153, .F. ) ;
#1036 = STYLED_ITEM ( 'NONE', ( #3440 ), #711 ) ;
#1037 = VECTOR ( 'NONE', #4425, 1000.000000000000000 ) ;
#1038 = EDGE_CURVE ( 'NONE', #277, #5439, #1350, .T. ) ;
#1039 = VERTEX_POINT ( 'NONE', #3837 ) ;
#1040 = DIRECTION ( 'NONE',  ( 0.0000000000000000000, -0.0000000000000000000, 1.000000000000000000 ) ) ;
#1041 = CARTESIAN_POINT ( 'NONE',  ( 2.400000000000000400, 0.6999999999999999600, 0.3489999999999999800 ) ) ;
#1042 = ORIENTED_EDGE ( 'NONE', *, *, #835, .T. ) ;
#1043 = DIRECTION ( 'NONE',  ( 0.3363908276654484200, -0.9417224702971437300, 0.0000000000000000000 ) ) ;
#1044 = CARTESIAN_POINT ( 'NONE',  ( -0.2935403963414635600, 0.2547794428507130800, 0.02000000000000000000 ) ) ;
#1045 = EDGE_CURVE ( 'NONE', #3335, #1053, #1190, .T. ) ;
#1046 = FILL_AREA_STYLE ('',( #3070 ) ) ;
#1047 = AXIS2_PLACEMENT_3D ( 'NONE', #1239, #4739, #1736 ) ;
#1048 =( GEOMETRIC_REPRESENTATION_CONTEXT ( 3 ) GLOBAL_UNCERTAINTY_ASSIGNED_CONTEXT ( ( #1944 ) ) GLOBAL_UNIT_ASSIGNED_CONTEXT ( ( #1520, #5398, #5461 ) ) REPRESENTATION_CONTEXT ( 'NONE', 'WORKASPACE' ) );
#1049 = AXIS2_PLACEMENT_3D ( 'NONE', #6341, #3433, #336 ) ;
#1050 = ORIENTED_EDGE ( 'NONE', *, *, #1414, .F. ) ;
#1051 = ORIENTED_EDGE ( 'NONE', *, *, #1977, .F. ) ;
#1052 = PLANE ( 'NONE',  #2270 ) ;
#1053 = VERTEX_POINT ( 'NONE', #1384 ) ;
#1054 = ORIENTED_EDGE ( 'NONE', *, *, #6139, .F. ) ;
#1055 = FACE_OUTER_BOUND ( 'NONE', #5212, .T. ) ;
#1056 = CARTESIAN_POINT ( 'NONE',  ( 0.4675398755289507100, 0.2027626854971906800, 0.02000000000000000000 ) ) ;
#1057 = VERTEX_POINT ( 'NONE', #1262 ) ;
#1058 = CARTESIAN_POINT ( 'NONE',  ( -2.400000000000000400, -1.201000000000000300, 0.3489999999999999800 ) ) ;
#1059 = DIRECTION ( 'NONE',  ( -0.3536223923290755500, 0.9353882635801357100, 0.0000000000000000000 ) ) ;
#1060 = B_SPLINE_CURVE_WITH_KNOTS ( 'NONE', 3,
 ( #4966, #5442, #3039, #6466, #3554, #487, #4034 ),
 .UNSPECIFIED., .F., .F.,
 ( 4, 1, 1, 1, 4 ),
 ( 0.0000000000000000000, 0.1744817153170500300, 0.3982857591281133700, 0.6738978473986659800, 1.000000000000000000 ),
 .UNSPECIFIED. ) ;
#1061 = ORIENTED_EDGE ( 'NONE', *, *, #5807, .F. ) ;
#1062 = CARTESIAN_POINT ( 'NONE',  ( -0.3027263283746383600, 0.2545746968744219100, 2.032879073410320800E-017 ) ) ;
#1063 = DIRECTION ( 'NONE',  ( -1.000000000000000000, 0.0000000000000000000, -0.0000000000000000000 ) ) ;
#1064 = LINE ( 'NONE', #1982, #3609 ) ;
#1065 = CARTESIAN_POINT ( 'NONE',  ( -0.3723473547832421000, 0.2458319349927784700, 0.0000000000000000000 ) ) ;
#1066 = FILL_AREA_STYLE_COLOUR ( '', #603 ) ;
#1067 = DIRECTION ( 'NONE',  ( -1.000000000000000000, 9.856383386231858800E-017, 0.0000000000000000000 ) ) ;
#1068 = CARTESIAN_POINT ( 'NONE',  ( -2.500000000000000000, 1.201000000000000700, 0.3489999999999999800 ) ) ;
#1069 = VECTOR ( 'NONE', #4159, 1000.000000000000000 ) ;
#1070 =( NAMED_UNIT ( * ) SI_UNIT ( $, .STERADIAN. ) SOLID_ANGLE_UNIT ( ) );
#1071 = CARTESIAN_POINT ( 'NONE',  ( -2.199999999999999700, -1.500000000000000000, 0.6999999999999999600 ) ) ;
#1072 = MECHANICAL_DESIGN_GEOMETRIC_PRESENTATION_REPRESENTATION (  '', ( #344 ), #1402 ) ;
#1073 = UNCERTAINTY_MEASURE_WITH_UNIT (LENGTH_MEASURE( 1.000000000000000100E-005 ), #5790, 'distance_accuracy_value', 'NONE');
#1074 = FACE_OUTER_BOUND ( 'NONE', #2100, .T. ) ;
#1075 = CARTESIAN_POINT ( 'NONE',  ( 0.6153433058964602500, 0.02220649023755149500, 0.02000000000000000000 ) ) ;
#1076 = CARTESIAN_POINT ( 'NONE',  ( 2.500000000000000000, -1.600000000000000300, 0.3489999999999999800 ) ) ;
#1077 = DIRECTION ( 'NONE',  ( 0.0000000000000000000, 0.0000000000000000000, -1.000000000000000000 ) ) ;
#1078 = CARTESIAN_POINT ( 'NONE',  ( -0.5546784648336009500, 0.02013103589230268200, -0.0000000000000000000 ) ) ;
#1079 = EDGE_CURVE ( 'NONE', #5384, #1373, #3870, .T. ) ;
#1080 = EDGE_CURVE ( 'NONE', #643, #1212, #4997, .T. ) ;
#1081 = DIRECTION ( 'NONE',  ( -0.0000000000000000000, -0.0000000000000000000, -1.000000000000000000 ) ) ;
#1082 = AXIS2_PLACEMENT_3D ( 'NONE', #3285, #179, #3769 ) ;
#1083 = CARTESIAN_POINT ( 'NONE',  ( 0.3156673051435927600, -0.2218955478378919800, 0.02000000000000000000 ) ) ;
#1084 = AXIS2_PLACEMENT_3D ( 'NONE', #469, #5206, #3067 ) ;
#1085 = DIRECTION ( 'NONE',  ( 0.0000000000000000000, 0.0000000000000000000, -1.000000000000000000 ) ) ;
#1086 = SURFACE_STYLE_FILL_AREA ( #2758 ) ;
#1087 = STYLED_ITEM ( 'NONE', ( #4157 ), #144 ) ;
#1088 = CARTESIAN_POINT ( 'NONE',  ( 0.6088684825404820900, 0.06492401928015684200, 0.02000000000000000000 ) ) ;
#1089 = VECTOR ( 'NONE', #1853, 1000.000000000000000 ) ;
#1090 = SURFACE_STYLE_USAGE ( .BOTH. , #4108 ) ;
#1091 = DIRECTION ( 'NONE',  ( -1.000000000000000000, -4.928191693115930000E-017, -0.0000000000000000000 ) ) ;
#1092 = CARTESIAN_POINT ( 'NONE',  ( 2.400000000000000400, -1.201000000000000300, 0.0000000000000000000 ) ) ;
#1093 = CARTESIAN_POINT ( 'NONE',  ( -0.2195121951219513000, 0.1999013940702252200, 0.02000000000000000000 ) ) ;
#1094 = B_SPLINE_CURVE_WITH_KNOTS ( 'NONE', 3,
 ( #3309, #3336, #1423, #891, #326, #3376, #279, #248, #5270, #4335, #3835, #3356, #2891, #2348, #838, #1351, #1318, #855, #4636 ),
 .UNSPECIFIED., .F., .F.,
 ( 4, 1, 1, 1, 1, 1, 1, 1, 1, 1, 1, 1, 1, 1, 1, 1, 4 ),
 ( 0.0000000000000000000, 0.06783324845577362600, 0.1326555365079042600, 0.1950508840508279900, 0.2555829330687771100, 0.3147998341472898500, 0.3736004728263745400, 0.4325455953267435300, 0.4924306292835654000, 0.5526712559629696200, 0.6125130441881163600, 0.6726102503570063900, 0.7338383693139459700, 0.7965942385677738900, 0.8614497992905731900, 0.9291989423509055000, 1.000000000000000000 ),
 .UNSPECIFIED. ) ;
#1095 =( NAMED_UNIT ( * ) SI_UNIT ( $, .STERADIAN. ) SOLID_ANGLE_UNIT ( ) );
#1096 = SURFACE_STYLE_FILL_AREA ( #2258 ) ;
#1097 = FILL_AREA_STYLE_COLOUR ( '', #6224 ) ;
#1098 = PLANE ( 'NONE',  #5022 ) ;
#1099 = ORIENTED_EDGE ( 'NONE', *, *, #5984, .F. ) ;
#1100 = CARTESIAN_POINT ( 'NONE',  ( 0.9146341463414632300, -0.1903425083687991800, 0.02000000000000000000 ) ) ;
#1101 = FACE_OUTER_BOUND ( 'NONE', #3024, .T. ) ;
#1102 = VERTEX_POINT ( 'NONE', #4856 ) ;
#1103 = VECTOR ( 'NONE', #4922, 1000.000000000000000 ) ;
#1104 = CARTESIAN_POINT ( 'NONE',  ( 0.5410302369630550800, -0.1669545113433147100, 0.02000000000000000000 ) ) ;
#1105 = PLANE ( 'NONE',  #2762 ) ;
#1106 = PRESENTATION_STYLE_ASSIGNMENT (( #5556 ) ) ;
#1107 = CARTESIAN_POINT ( 'NONE',  ( 0.4213677138847103400, -0.1962044987750796200, 0.02000000000000000000 ) ) ;
#1108 = EDGE_LOOP ( 'NONE', ( #1895, #2390, #1650, #967 ) ) ;
#1109 = ORIENTED_EDGE ( 'NONE', *, *, #2751, .T. ) ;
#1110 = ORIENTED_EDGE ( 'NONE', *, *, #5622, .F. ) ;
#1111 = VECTOR ( 'NONE', #965, 1000.000000000000000 ) ;
#1112 = CIRCLE ( 'NONE', #171, 0.01999999999999999700 ) ;
#1113 = ORIENTED_EDGE ( 'NONE', *, *, #6535, .T. ) ;
#1114 = STYLED_ITEM ( 'NONE', ( #4667 ), #612 ) ;
#1115 = DIRECTION ( 'NONE',  ( -1.000000000000000000, 0.0000000000000000000, 0.0000000000000000000 ) ) ;
#1116 = ORIENTED_EDGE ( 'NONE', *, *, #1766, .F. ) ;
#1117 = EDGE_LOOP ( 'NONE', ( #5929, #4790, #4133, #1431 ) ) ;
#1118 = CARTESIAN_POINT ( 'NONE',  ( -2.199999999999999700, -1.300000000000000000, 0.7500000000000000000 ) ) ;
#1119 = EDGE_CURVE ( 'NONE', #5598, #6412, #2541, .T. ) ;
#1120 =( NAMED_UNIT ( * ) PLANE_ANGLE_UNIT ( ) SI_UNIT ( $, .RADIAN. ) );
#1121 = ORIENTED_EDGE ( 'NONE', *, *, #2605, .T. ) ;
#1122 = LINE ( 'NONE', #1842, #4931 ) ;
#1123 = EDGE_CURVE ( 'NONE', #2060, #635, #2382, .T. ) ;
#1124 = AXIS2_PLACEMENT_3D ( 'NONE', #4346, #5256, #1331 ) ;
#1125 =( GEOMETRIC_REPRESENTATION_CONTEXT ( 3 ) GLOBAL_UNCERTAINTY_ASSIGNED_CONTEXT ( ( #2584 ) ) GLOBAL_UNIT_ASSIGNED_CONTEXT ( ( #6033, #329, #1136 ) ) REPRESENTATION_CONTEXT ( 'NONE', 'WORKASPACE' ) );
#1126 = FACE_OUTER_BOUND ( 'NONE', #1903, .T. ) ;
#1127 = SURFACE_SIDE_STYLE ('',( #1475 ) ) ;
#1128 = CARTESIAN_POINT ( 'NONE',  ( 2.101000000000000000, -1.500000000000000000, 0.3489999999999999800 ) ) ;
#1129 = EDGE_LOOP ( 'NONE', ( #3495, #3508, #3170, #5141 ) ) ;
#1130 = PRESENTATION_STYLE_ASSIGNMENT (( #2051 ) ) ;
#1131 = VERTEX_POINT ( 'NONE', #6137 ) ;
#1132 = FILL_AREA_STYLE ('',( #406 ) ) ;
#1133 = ORIENTED_EDGE ( 'NONE', *, *, #4834, .T. ) ;
#1134 = ORIENTED_EDGE ( 'NONE', *, *, #3596, .T. ) ;
#1135 = ORIENTED_EDGE ( 'NONE', *, *, #3204, .T. ) ;
#1136 =( NAMED_UNIT ( * ) SI_UNIT ( $, .STERADIAN. ) SOLID_ANGLE_UNIT ( ) );
#1137 = CARTESIAN_POINT ( 'NONE',  ( 0.3248036304379766100, -0.1722164681101874500, 1.355252715606880500E-017 ) ) ;
#1138 = AXIS2_PLACEMENT_3D ( 'NONE', #2965, #5383, #2455 ) ;
#1139 = VECTOR ( 'NONE', #3745, 1000.000000000000000 ) ;
#1140 = ORIENTED_EDGE ( 'NONE', *, *, #1908, .T. ) ;
#1141 = VERTEX_POINT ( 'NONE', #5969 ) ;
#1142 = SURFACE_SIDE_STYLE ('',( #5581 ) ) ;
#1143 = LINE ( 'NONE', #268, #6262 ) ;
#1144 = CARTESIAN_POINT ( 'NONE',  ( 0.4393102134146347800, -0.1964400693444089400, 0.0000000000000000000 ) ) ;
#1145 = CARTESIAN_POINT ( 'NONE',  ( 0.6827090675407119200, 0.005075033771465225500, 0.02000000000000000000 ) ) ;
#1146 = ORIENTED_EDGE ( 'NONE', *, *, #3517, .T. ) ;
#1147 = CARTESIAN_POINT ( 'NONE',  ( 1.300000000000000300, -1.500000000000000000, 0.0000000000000000000 ) ) ;
#1148 = CARTESIAN_POINT ( 'NONE',  ( 2.200999999999999600, -1.600000000000000300, -0.001000000000000000000 ) ) ;
#1149 = CARTESIAN_POINT ( 'NONE',  ( -0.3207373611852587000, 0.2541732475186565000, 0.02000000000000000000 ) ) ;
#1150 = CARTESIAN_POINT ( 'NONE',  ( 0.5201472030125481300, 0.1844973420690108300, 1.355252715606880500E-017 ) ) ;
#1151 = UNCERTAINTY_MEASURE_WITH_UNIT (LENGTH_MEASURE( 1.000000000000000100E-005 ), #4147, 'distance_accuracy_value', 'NONE');
#1152 = CARTESIAN_POINT ( 'NONE',  ( 0.4286394817073176900, 0.2608770038263227800, 0.0000000000000000000 ) ) ;
#1153 = EDGE_CURVE ( 'NONE', #1131, #3128, #887, .T. ) ;
#1154 = PLANE ( 'NONE',  #648 ) ;
#1155 = STYLED_ITEM ( 'NONE', ( #5762 ), #681 ) ;
#1156 = ADVANCED_FACE ( 'NONE', ( #2222 ), #3384, .T. ) ;
#1157 = EDGE_CURVE ( 'NONE', #1053, #3163, #3432, .T. ) ;
#1158 =( LENGTH_UNIT ( ) NAMED_UNIT ( * ) SI_UNIT ( .MILLI., .METRE. ) );
#1159 = CARTESIAN_POINT ( 'NONE',  ( 0.6429387546605853700, 0.1487826215504820500, 1.355252715606880500E-017 ) ) ;
#1160 = DIRECTION ( 'NONE',  ( 0.0000000000000000000, 0.0000000000000000000, 1.000000000000000000 ) ) ;
#1161 = PRESENTATION_STYLE_ASSIGNMENT (( #105 ) ) ;
#1162 = EDGE_CURVE ( 'NONE', #4356, #1053, #4853, .T. ) ;
#1163 = MECHANICAL_DESIGN_GEOMETRIC_PRESENTATION_REPRESENTATION (  '', ( #62 ), #1509 ) ;
#1164 = DIRECTION ( 'NONE',  ( 0.0000000000000000000, -0.0000000000000000000, 1.000000000000000000 ) ) ;
#1165 = CARTESIAN_POINT ( 'NONE',  ( 0.3149556715114252300, 0.2426755254710279100, -0.0000000000000000000 ) ) ;
#1166 = CYLINDRICAL_SURFACE ( 'NONE', #4994, 0.05000000000000002400 ) ;
#1167 = LINE ( 'NONE', #284, #2518 ) ;
#1168 = SURFACE_SIDE_STYLE ('',( #1315 ) ) ;
#1169 = ORIENTED_EDGE ( 'NONE', *, *, #1578, .F. ) ;
#1170 = CARTESIAN_POINT ( 'NONE',  ( -2.199999999999999700, -1.500000000000000000, 0.7500000000000000000 ) ) ;
#1171 = ORIENTED_EDGE ( 'NONE', *, *, #4476, .F. ) ;
#1172 = DIRECTION ( 'NONE',  ( -1.000000000000000000, 0.0000000000000000000, 0.0000000000000000000 ) ) ;
#1173 = SURFACE_STYLE_USAGE ( .BOTH. , #4198 ) ;
#1174 = SURFACE_STYLE_USAGE ( .BOTH. , #1185 ) ;
#1175 = LINE ( 'NONE', #680, #4986 ) ;
#1176 = ORIENTED_EDGE ( 'NONE', *, *, #6191, .F. ) ;
#1177 = CARTESIAN_POINT ( 'NONE',  ( 0.3156673051435927600, -0.2218955478378919800, 1.355252715606880500E-017 ) ) ;
#1178 = ORIENTED_EDGE ( 'NONE', *, *, #4876, .F. ) ;
#1179 = LINE ( 'NONE', #5481, #2376 ) ;
#1180 = CARTESIAN_POINT ( 'NONE',  ( 0.5060815322072960100, 0.2510437881909270400, 0.02000000000000000000 ) ) ;
#1181 = CARTESIAN_POINT ( 'NONE',  ( 0.6158536585365860200, -0.0005559230029455151900, 0.0000000000000000000 ) ) ;
#1182 = VERTEX_POINT ( 'NONE', #3571 ) ;
#1183 = CARTESIAN_POINT ( 'NONE',  ( 2.101000000000000000, -1.500000000000000000, -0.001000000000000000000 ) ) ;
#1184 = EDGE_LOOP ( 'NONE', ( #1340, #1255, #6385, #4768 ) ) ;
#1185 = SURFACE_SIDE_STYLE ('',( #3264 ) ) ;
#1186 = ORIENTED_EDGE ( 'NONE', *, *, #2700, .T. ) ;
#1187 = MECHANICAL_DESIGN_GEOMETRIC_PRESENTATION_REPRESENTATION (  '', ( #495 ), #1534 ) ;
#1188 = ADVANCED_FACE ( 'NONE', ( #2050 ), #1582, .T. ) ;
#1189 = EDGE_CURVE ( 'NONE', #1131, #5851, #4111, .T. ) ;
#1190 = LINE ( 'NONE', #3591, #6320 ) ;
#1191 = DIRECTION ( 'NONE',  ( -1.000000000000000000, 0.0000000000000000000, 0.0000000000000000000 ) ) ;
#1192 = PRESENTATION_STYLE_ASSIGNMENT (( #6448 ) ) ;
#1193 = EDGE_LOOP ( 'NONE', ( #3522, #6479, #2381, #2138 ) ) ;
#1194 = ORIENTED_EDGE ( 'NONE', *, *, #1038, .T. ) ;
#1195 = FILL_AREA_STYLE ('',( #2836 ) ) ;
#1196 = UNCERTAINTY_MEASURE_WITH_UNIT (LENGTH_MEASURE( 1.000000000000000100E-005 ), #3105, 'distance_accuracy_value', 'NONE');
#1197 =( NAMED_UNIT ( * ) PLANE_ANGLE_UNIT ( ) SI_UNIT ( $, .RADIAN. ) );
#1198 = PRESENTATION_STYLE_ASSIGNMENT (( #5177 ) ) ;
#1199 = ORIENTED_EDGE ( 'NONE', *, *, #1946, .T. ) ;
#1200 = CARTESIAN_POINT ( 'NONE',  ( -0.8964367378048782000, -0.05009860592977477500, 0.02000000000000000000 ) ) ;
#1201 = CARTESIAN_POINT ( 'NONE',  ( 0.6474648039987285200, -0.1472709860729411500, -0.0000000000000000000 ) ) ;
#1202 = ORIENTED_EDGE ( 'NONE', *, *, #6446, .T. ) ;
#1203 = SURFACE_STYLE_FILL_AREA ( #5314 ) ;
#1204 = FILL_AREA_STYLE ('',( #1748 ) ) ;
#1205 = VERTEX_POINT ( 'NONE', #1092 ) ;
#1206 = EDGE_CURVE ( 'NONE', #3892, #1031, #1426, .T. ) ;
#1207 = EDGE_CURVE ( 'NONE', #1450, #643, #5365, .T. ) ;
#1208 = PRESENTATION_LAYER_ASSIGNMENT (  '', '', ( #880 ) ) ;
#1209 = VECTOR ( 'NONE', #5880, 1000.000000000000000 ) ;
#1210 = CARTESIAN_POINT ( 'NONE',  ( -0.3345974694437339700, 0.1972418912672645500, 0.02000000000000000000 ) ) ;
#1211 = CARTESIAN_POINT ( 'NONE',  ( 0.0000000000000000000, 1.500000000000000000, 0.0000000000000000000 ) ) ;
#1212 = VERTEX_POINT ( 'NONE', #3054 ) ;
#1214 = ORIENTED_EDGE ( 'NONE', *, *, #5245, .F. ) ;
#1213 = AXIS2_PLACEMENT_3D ( 'NONE', #3014, #3036, #3050 ) ;
#1215 = ORIENTED_EDGE ( 'NONE', *, *, #1578, .T. ) ;
#1216 = DIRECTION ( 'NONE',  ( 0.0000000000000000000, 0.0000000000000000000, -1.000000000000000000 ) ) ;
#1217 = CARTESIAN_POINT ( 'NONE',  ( 2.500000000000000000, 1.600000000000000300, 0.3489999999999999800 ) ) ;
#1218 = CIRCLE ( 'NONE', #3206, 0.2000000000000000900 ) ;
#1219 = PLANE ( 'NONE',  #4491 ) ;
#1220 = CARTESIAN_POINT ( 'NONE',  ( -0.3341406441838932800, -0.1873390553491258400, 0.0000000000000000000 ) ) ;
#1221 = CARTESIAN_POINT ( 'NONE',  ( -0.4980396252656470500, 0.1717439218074573700, 0.02000000000000000000 ) ) ;
#1222 = ORIENTED_EDGE ( 'NONE', *, *, #2893, .F. ) ;
#1223 = VECTOR ( 'NONE', #1621, 1000.000000000000000 ) ;
#1224 = VERTEX_POINT ( 'NONE', #518 ) ;
#1225 = CARTESIAN_POINT ( 'NONE',  ( 2.199999999999999700, -1.300000000000000000, 0.4699999999999999700 ) ) ;
#1226 = CARTESIAN_POINT ( 'NONE',  ( 0.6158536585365860200, -0.0005559230029455151900, 0.02000000000000000000 ) ) ;
#1227 = DIRECTION ( 'NONE',  ( 0.0000000000000000000, 0.0000000000000000000, -1.000000000000000000 ) ) ;
#1228 = CARTESIAN_POINT ( 'NONE',  ( -0.4407023022779717500, -0.2062802087956596400, 0.02000000000000000000 ) ) ;
#1229 = DIRECTION ( 'NONE',  ( 0.0000000000000000000, -1.000000000000000000, 0.0000000000000000000 ) ) ;
#1230 = CARTESIAN_POINT ( 'NONE',  ( -0.4872970335962070200, -0.01299725068988547200, 0.0000000000000000000 ) ) ;
#1231 = CARTESIAN_POINT ( 'NONE',  ( -0.8964367378048780900, -0.05009860592977477500, 0.0000000000000000000 ) ) ;
#1232 = AXIS2_PLACEMENT_3D ( 'NONE', #864, #1216, #3575 ) ;
#1233 = FACE_OUTER_BOUND ( 'NONE', #2823, .T. ) ;
#1234 = EDGE_CURVE ( 'NONE', #3461, #4580, #3955, .T. ) ;
#1235 = LINE ( 'NONE', #3887, #3763 ) ;
#1236 = DIRECTION ( 'NONE',  ( -1.000000000000000000, 0.0000000000000000000, 0.0000000000000000000 ) ) ;
#1237 = EDGE_CURVE ( 'NONE', #4109, #820, #2633, .T. ) ;
#1238 =( GEOMETRIC_REPRESENTATION_CONTEXT ( 3 ) GLOBAL_UNCERTAINTY_ASSIGNED_CONTEXT ( ( #1151 ) ) GLOBAL_UNIT_ASSIGNED_CONTEXT ( ( #4147, #3270, #3894 ) ) REPRESENTATION_CONTEXT ( 'NONE', 'WORKASPACE' ) );
#1239 = CARTESIAN_POINT ( 'NONE',  ( -2.199999999999999700, 1.300000000000000300, 0.8000000000000000400 ) ) ;
#1240 = PRESENTATION_STYLE_ASSIGNMENT (( #4645 ) ) ;
#1241 = PRESENTATION_STYLE_ASSIGNMENT (( #6118 ) ) ;
#1242 = SURFACE_STYLE_FILL_AREA ( #1046 ) ;
#1243 = ORIENTED_EDGE ( 'NONE', *, *, #4149, .T. ) ;
#1244 = DIRECTION ( 'NONE',  ( 0.0000000000000000000, 1.000000000000000000, 0.0000000000000000000 ) ) ;
#1245 = VECTOR ( 'NONE', #3921, 1000.000000000000000 ) ;
#1246 = DIRECTION ( 'NONE',  ( -1.000000000000000000, 0.0000000000000000000, 0.0000000000000000000 ) ) ;
#1247 =( GEOMETRIC_REPRESENTATION_CONTEXT ( 3 ) GLOBAL_UNCERTAINTY_ASSIGNED_CONTEXT ( ( #1624 ) ) GLOBAL_UNIT_ASSIGNED_CONTEXT ( ( #5495, #2582, #6021 ) ) REPRESENTATION_CONTEXT ( 'NONE', 'WORKASPACE' ) );
#1248 = CARTESIAN_POINT ( 'NONE',  ( -0.8045857424527085300, 0.1610217964882404200, 1.355252715606880500E-017 ) ) ;
#1249 = AXIS2_PLACEMENT_3D ( 'NONE', #5602, #1810, #3210 ) ;
#1250 = MECHANICAL_DESIGN_GEOMETRIC_PRESENTATION_REPRESENTATION (  '', ( #576 ), #1597 ) ;
#1251 = CARTESIAN_POINT ( 'NONE',  ( 0.5356928650119090500, 0.1747554384129559000, 1.355252715606880500E-017 ) ) ;
#1252 = CIRCLE ( 'NONE', #2365, 0.01999999999999999700 ) ;
#1253 = DIRECTION ( 'NONE',  ( -0.0000000000000000000, -0.0000000000000000000, -1.000000000000000000 ) ) ;
#1254 = FACE_OUTER_BOUND ( 'NONE', #1345, .T. ) ;
#1255 = ORIENTED_EDGE ( 'NONE', *, *, #1374, .T. ) ;
#1256 = CIRCLE ( 'NONE', #414, 0.1499999999999999700 ) ;
#1257 = ORIENTED_EDGE ( 'NONE', *, *, #2701, .T. ) ;
#1258 = VECTOR ( 'NONE', #4984, 1000.000000000000000 ) ;
#1259 = DIRECTION ( 'NONE',  ( -0.0000000000000000000, 0.0000000000000000000, 1.000000000000000000 ) ) ;
#1260 = ORIENTED_EDGE ( 'NONE', *, *, #311, .T. ) ;
#1261 = ORIENTED_EDGE ( 'NONE', *, *, #57, .T. ) ;
#1262 = CARTESIAN_POINT ( 'NONE',  ( 2.500000000000000000, -1.399999999999999900, 0.4500000000000000100 ) ) ;
#1263 = VECTOR ( 'NONE', #257, 1000.000000000000000 ) ;
#1264 = DIRECTION ( 'NONE',  ( -1.000000000000000000, 0.0000000000000000000, 0.0000000000000000000 ) ) ;
#1265 = EDGE_LOOP ( 'NONE', ( #1171, #1024, #1488, #3640 ) ) ;
#1266 = VECTOR ( 'NONE', #2591, 1000.000000000000000 ) ;
#1267 = CARTESIAN_POINT ( 'NONE',  ( 2.200999999999999600, 1.600000000000000300, 0.3489999999999999800 ) ) ;
#1268 = VERTEX_POINT ( 'NONE', #229 ) ;
#1269 = ORIENTED_EDGE ( 'NONE', *, *, #5669, .T. ) ;
#1270 = DIRECTION ( 'NONE',  ( -0.0000000000000000000, -0.0000000000000000000, -1.000000000000000000 ) ) ;
#1271 = CARTESIAN_POINT ( 'NONE',  ( -0.5546761151791653700, 0.001623760353635814800, 1.355252715606880500E-017 ) ) ;
#1272 = VECTOR ( 'NONE', #2336, 1000.000000000000000 ) ;
#1273 = CARTESIAN_POINT ( 'NONE',  ( -0.3207373611852587000, 0.2541732475186565000, 2.032879073410320800E-017 ) ) ;
#1274 = AXIS2_PLACEMENT_3D ( 'NONE', #5069, #4382, #5226 ) ;
#1275 = ORIENTED_EDGE ( 'NONE', *, *, #3556, .T. ) ;
#1276 =( LENGTH_UNIT ( ) NAMED_UNIT ( * ) SI_UNIT ( .MILLI., .METRE. ) );
#1277 =( NAMED_UNIT ( * ) SI_UNIT ( $, .STERADIAN. ) SOLID_ANGLE_UNIT ( ) );
#1278 = ORIENTED_EDGE ( 'NONE', *, *, #4516, .F. ) ;
#1279 = LINE ( 'NONE', #4052, #5082 ) ;
#1280 = MECHANICAL_DESIGN_GEOMETRIC_PRESENTATION_REPRESENTATION (  '', ( #204 ), #1615 ) ;
#1281 = EDGE_LOOP ( 'NONE', ( #4778, #2792, #2519, #238, #5269 ) ) ;
#1282 = ORIENTED_EDGE ( 'NONE', *, *, #4664, .T. ) ;
#1283 = VERTEX_POINT ( 'NONE', #371 ) ;
#1284 = CARTESIAN_POINT ( 'NONE',  ( -2.419999999999999900, -1.300000000000000000, 0.4699999999999999700 ) ) ;
#1285 = CARTESIAN_POINT ( 'NONE',  ( 0.5929558394664785600, 0.2052409427049037600, 0.0000000000000000000 ) ) ;
#1286 = CIRCLE ( 'NONE', #5808, 0.2000000000000000900 ) ;
#1287 = DIRECTION ( 'NONE',  ( 0.0000000000000000000, 1.000000000000000000, -0.0000000000000000000 ) ) ;
#1288 = CARTESIAN_POINT ( 'NONE',  ( 2.500000000000000000, 1.300000000000000300, 0.3499999999999999800 ) ) ;
#1289 = EDGE_CURVE ( 'NONE', #2539, #3737, #5066, .T. ) ;
#1290 = AXIS2_PLACEMENT_3D ( 'NONE', #1688, #5156, #2198 ) ;
#1291 = ORIENTED_EDGE ( 'NONE', *, *, #4947, .F. ) ;
#1292 = STYLED_ITEM ( 'NONE', ( #1472 ), #199 ) ;
#1293 =( NAMED_UNIT ( * ) PLANE_ANGLE_UNIT ( ) SI_UNIT ( $, .RADIAN. ) );
#1294 = LINE ( 'NONE', #1747, #3817 ) ;
#1295 = PLANE ( 'NONE',  #5555 ) ;
#1296 = CARTESIAN_POINT ( 'NONE',  ( -0.4980903209863233300, -0.1573832419573591700, 0.02000000000000000000 ) ) ;
#1297 = CARTESIAN_POINT ( 'NONE',  ( -0.3471494332783244300, 0.2511237698971840500, 0.02000000000000000000 ) ) ;
#1298 = CARTESIAN_POINT ( 'NONE',  ( 0.5503284455404370300, 0.1634075122256821400, 1.355252715606880500E-017 ) ) ;
#1299 = DIRECTION ( 'NONE',  ( -0.0000000000000000000, -0.0000000000000000000, 1.000000000000000000 ) ) ;
#1300 = SURFACE_SIDE_STYLE ('',( #2304 ) ) ;
#1301 = CARTESIAN_POINT ( 'NONE',  ( 0.3381595203132162800, 0.1881254481574126400, 0.02000000000000000000 ) ) ;
#1302 = PRESENTATION_STYLE_ASSIGNMENT (( #2358 ) ) ;
#1303 = DIRECTION ( 'NONE',  ( 0.0000000000000000000, 0.0000000000000000000, -1.000000000000000000 ) ) ;
#1304 = CARTESIAN_POINT ( 'NONE',  ( 0.3109756097560981700, 0.2410599306555911100, 0.02000000000000000000 ) ) ;
#1305 = DIRECTION ( 'NONE',  ( 0.0000000000000000000, 1.000000000000000000, -0.0000000000000000000 ) ) ;
#1306 = FACE_OUTER_BOUND ( 'NONE', #1281, .T. ) ;
#1307 = DIRECTION ( 'NONE',  ( -0.0000000000000000000, -0.0000000000000000000, -1.000000000000000000 ) ) ;
#1308 = FILL_AREA_STYLE_COLOUR ( '', #3559 ) ;
#1309 = VECTOR ( 'NONE', #3543, 1000.000000000000000 ) ;
#1310 = CARTESIAN_POINT ( 'NONE',  ( -0.3703077036300180300, -0.2359113419649045400, 1.355252715606880500E-017 ) ) ;
#1311 = PLANE ( 'NONE',  #5683 ) ;
#1312 = CARTESIAN_POINT ( 'NONE',  ( 2.399999999999999900, 1.300000000000000300, 0.6999999999999999600 ) ) ;
#1313 = CARTESIAN_POINT ( 'NONE',  ( -0.4677658563680960300, -0.09231417633902552800, 0.02000000000000000000 ) ) ;
#1314 = DIRECTION ( 'NONE',  ( -0.3363908276654484200, 0.9417224702971437300, 0.0000000000000000000 ) ) ;
#1315 = SURFACE_STYLE_FILL_AREA ( #1195 ) ;
#1316 = VECTOR ( 'NONE', #2186, 1000.000000000000000 ) ;
#1317 = VERTEX_POINT ( 'NONE', #2356 ) ;
#1318 = CARTESIAN_POINT ( 'NONE',  ( 0.6824647428092076600, -0.03144435296032999100, 0.02000000000000000000 ) ) ;
#1319 = DIRECTION ( 'NONE',  ( 1.000000000000000000, 9.856383386231858800E-017, 0.0000000000000000000 ) ) ;
#1320 = EDGE_CURVE ( 'NONE', #361, #4996, #177, .T. ) ;
#1321 = EDGE_CURVE ( 'NONE', #620, #1958, #2461, .T. ) ;
#1322 =( LENGTH_UNIT ( ) NAMED_UNIT ( * ) SI_UNIT ( .MILLI., .METRE. ) );
#1323 = EDGE_CURVE ( 'NONE', #3461, #3265, #6558, .T. ) ;
#1324 = MECHANICAL_DESIGN_GEOMETRIC_PRESENTATION_REPRESENTATION (  '', ( #256 ), #1658 ) ;
#1325 = PRESENTATION_LAYER_ASSIGNMENT (  '', '', ( #653 ) ) ;
#1326 = ORIENTED_EDGE ( 'NONE', *, *, #251, .T. ) ;
#1327 = FACE_OUTER_BOUND ( 'NONE', #3197, .T. ) ;
#1328 = CARTESIAN_POINT ( 'NONE',  ( 0.1463414634146338900, 0.1999013940702252200, 0.02000000000000000000 ) ) ;
#1329 = CIRCLE ( 'NONE', #4796, 0.3000000000000003800 ) ;
#1330 = CARTESIAN_POINT ( 'NONE',  ( -0.2883955792682927900, -0.2452205571492869800, 0.0000000000000000000 ) ) ;
#1331 = DIRECTION ( 'NONE',  ( 0.0000000000000000000, 0.0000000000000000000, -1.000000000000000000 ) ) ;
#1332 = FACE_OUTER_BOUND ( 'NONE', #4106, .T. ) ;
#1333 = CARTESIAN_POINT ( 'NONE',  ( 0.3242558045063165300, 0.1817035534443643700, 0.02000000000000000000 ) ) ;
#1334 = CARTESIAN_POINT ( 'NONE',  ( 0.9817073170731704900, 0.2547794428507130200, 0.02000000000000000000 ) ) ;
#1335 = DIRECTION ( 'NONE',  ( -0.0000000000000000000, -0.0000000000000000000, -1.000000000000000000 ) ) ;
#1336 = ORIENTED_EDGE ( 'NONE', *, *, #3134, .F. ) ;
#1337 =( GEOMETRIC_REPRESENTATION_CONTEXT ( 3 ) GLOBAL_UNCERTAINTY_ASSIGNED_CONTEXT ( ( #5591 ) ) GLOBAL_UNIT_ASSIGNED_CONTEXT ( ( #143, #4577, #3129 ) ) REPRESENTATION_CONTEXT ( 'NONE', 'WORKASPACE' ) );
#1338 = AXIS2_PLACEMENT_3D ( 'NONE', #3897, #884, #4379 ) ;
#1339 = COLOUR_RGB ( '',0.8274509803921568100, 0.6666666666666666300, 0.1294117647058823400 ) ;
#1340 = ORIENTED_EDGE ( 'NONE', *, *, #1987, .F. ) ;
#1341 = LINE ( 'NONE', #2081, #4023 ) ;
#1342 = FILL_AREA_STYLE_COLOUR ( '', #540 ) ;
#1343 = CARTESIAN_POINT ( 'NONE',  ( 0.1463414634146338900, -0.01961080105172599200, 0.02000000000000000000 ) ) ;
#1344 = CARTESIAN_POINT ( 'NONE',  ( 0.6158536585365860200, -0.0005559230029455151900, 0.02000000000000000000 ) ) ;
#1345 = EDGE_LOOP ( 'NONE', ( #5000, #3727, #2389, #1042 ) ) ;
#1346 = ORIENTED_EDGE ( 'NONE', *, *, #45, .T. ) ;
#1347 = FACE_OUTER_BOUND ( 'NONE', #1891, .T. ) ;
#1348 = VERTEX_POINT ( 'NONE', #926 ) ;
#1349 = ORIENTED_EDGE ( 'NONE', *, *, #4278, .T. ) ;
#1350 = LINE ( 'NONE', #4376, #4033 ) ;
#1351 = CARTESIAN_POINT ( 'NONE',  ( 0.6792951741591103400, -0.05731208890310668400, 0.02000000000000000000 ) ) ;
#1352 = UNCERTAINTY_MEASURE_WITH_UNIT (LENGTH_MEASURE( 1.000000000000000100E-005 ), #321, 'distance_accuracy_value', 'NONE');
#1353 = CARTESIAN_POINT ( 'NONE',  ( -0.05487804878048806900, -0.2452205571492869800, 0.02000000000000000000 ) ) ;
#1354 = FACE_OUTER_BOUND ( 'NONE', #5167, .T. ) ;
#1355 = CARTESIAN_POINT ( 'NONE',  ( -0.1524390243902439800, 0.2547794428507130200, 0.0000000000000000000 ) ) ;
#1356 = CARTESIAN_POINT ( 'NONE',  ( 0.9146341463414632300, -0.1903425083687991800, 0.02000000000000000000 ) ) ;
#1357 = EDGE_LOOP ( 'NONE', ( #1358, #2062, #97, #108 ) ) ;
#1358 = ORIENTED_EDGE ( 'NONE', *, *, #2756, .F. ) ;
#1359 = CYLINDRICAL_SURFACE ( 'NONE', #3552, 0.02000000000000005200 ) ;
#1360 = COLOUR_RGB ( '',0.8274509803921568100, 0.6666666666666666300, 0.1294117647058823400 ) ;
#1361 = CARTESIAN_POINT ( 'NONE',  ( 2.500000000000000000, -1.201000000000000700, 0.3489999999999999800 ) ) ;
#1362 = ORIENTED_EDGE ( 'NONE', *, *, #1845, .F. ) ;
#1363 = CARTESIAN_POINT ( 'NONE',  ( 0.3156673051435927600, -0.2218955478378919800, -0.0000000000000000000 ) ) ;
#1364 = ORIENTED_EDGE ( 'NONE', *, *, #2030, .F. ) ;
#1365 = CIRCLE ( 'NONE', #5709, 0.1499999999999999700 ) ;
#1366 = CARTESIAN_POINT ( 'NONE',  ( -2.299999999999999800, -1.300000000000000000, 0.8000000000000000400 ) ) ;
#1367 = CARTESIAN_POINT ( 'NONE',  ( -0.3471494332783244300, 0.2511237698971840500, 2.032879073410320800E-017 ) ) ;
#1368 = VECTOR ( 'NONE', #3823, 1000.000000000000000 ) ;
#1369 = DIRECTION ( 'NONE',  ( 0.0000000000000000000, 0.0000000000000000000, -1.000000000000000000 ) ) ;
#1370 = ORIENTED_EDGE ( 'NONE', *, *, #1028, .T. ) ;
#1371 = CARTESIAN_POINT ( 'NONE',  ( 0.5546881159329754000, -0.1560927811820553800, 0.02000000000000000000 ) ) ;
#1372 = CARTESIAN_POINT ( 'NONE',  ( 0.3789534589230554900, 0.2582919225842028000, 0.02000000000000000000 ) ) ;
#1373 = VERTEX_POINT ( 'NONE', #1651 ) ;
#1374 = EDGE_CURVE ( 'NONE', #5076, #2481, #957, .T. ) ;
#1375 = EDGE_CURVE ( 'NONE', #449, #3467, #4921, .T. ) ;
#1376 = CARTESIAN_POINT ( 'NONE',  ( -2.500000000000000000, -1.399999999999999900, 0.0000000000000000000 ) ) ;
#1377 = AXIS2_PLACEMENT_3D ( 'NONE', #1925, #1617, #1577 ) ;
#1378 = ORIENTED_EDGE ( 'NONE', *, *, #875, .T. ) ;
#1379 = VECTOR ( 'NONE', #1897, 1000.000000000000000 ) ;
#1380 = VERTEX_POINT ( 'NONE', #1516 ) ;
#1381 = DIRECTION ( 'NONE',  ( -0.0000000000000000000, -0.0000000000000000000, 1.000000000000000000 ) ) ;
#1382 = EDGE_CURVE ( 'NONE', #6343, #5522, #2130, .T. ) ;
#1383 = DIRECTION ( 'NONE',  ( 1.000000000000000000, -9.856383386231858800E-017, 0.0000000000000000000 ) ) ;
#1384 = CARTESIAN_POINT ( 'NONE',  ( -1.300000000000000300, 0.7000000000000000700, -0.001000000000000000000 ) ) ;
#1385 = LINE ( 'NONE', #3205, #6039 ) ;
#1386 = ORIENTED_EDGE ( 'NONE', *, *, #2400, .T. ) ;
#1387 = EDGE_CURVE ( 'NONE', #1798, #3425, #3504, .T. ) ;
#1388 = AXIS2_PLACEMENT_3D ( 'NONE', #5612, #3199, #86 ) ;
#1389 = STYLED_ITEM ( 'NONE', ( #1969 ), #5120 ) ;
#1390 = CARTESIAN_POINT ( 'NONE',  ( -0.7292301829268294000, -0.05009860592977477500, 0.02000000000000000000 ) ) ;
#1391 =( NAMED_UNIT ( * ) SI_UNIT ( $, .STERADIAN. ) SOLID_ANGLE_UNIT ( ) );
#1392 = FILL_AREA_STYLE ('',( #4383 ) ) ;
#1393 = DIRECTION ( 'NONE',  ( 0.0000000000000000000, 0.0000000000000000000, 1.000000000000000000 ) ) ;
#1394 = FILL_AREA_STYLE ('',( #3017 ) ) ;
#1395 =( NAMED_UNIT ( * ) SI_UNIT ( $, .STERADIAN. ) SOLID_ANGLE_UNIT ( ) );
#1396 = CARTESIAN_POINT ( 'NONE',  ( 2.101000000000000400, 1.600000000000000300, -0.001000000000000000000 ) ) ;
#1397 = CARTESIAN_POINT ( 'NONE',  ( 0.3109756097560982300, 0.2410599306555911400, 1.355252715606880500E-017 ) ) ;
#1398 = DIRECTION ( 'NONE',  ( -4.336808689942006700E-015, 1.000000000000000000, 0.0000000000000000000 ) ) ;
#1399 = CARTESIAN_POINT ( 'NONE',  ( -0.4343974082350628400, 0.1524192623513770100, 0.02000000000000000000 ) ) ;
#1400 = UNCERTAINTY_MEASURE_WITH_UNIT (LENGTH_MEASURE( 1.000000000000000100E-005 ), #4733, 'distance_accuracy_value', 'NONE');
#1401 = VECTOR ( 'NONE', #3911, 1000.000000000000000 ) ;
#1402 =( GEOMETRIC_REPRESENTATION_CONTEXT ( 3 ) GLOBAL_UNCERTAINTY_ASSIGNED_CONTEXT ( ( #2166 ) ) GLOBAL_UNIT_ASSIGNED_CONTEXT ( ( #5354, #4980, #3711 ) ) REPRESENTATION_CONTEXT ( 'NONE', 'WORKASPACE' ) );
#1403 = CARTESIAN_POINT ( 'NONE',  ( 0.6282416040731028100, 0.1693032764441246000, 0.02000000000000000000 ) ) ;
#1404 = DIRECTION ( 'NONE',  ( 1.000000000000000000, 0.0000000000000000000, 0.0000000000000000000 ) ) ;
#1405 = CARTESIAN_POINT ( 'NONE',  ( -0.8045857424527085300, 0.1610217964882404200, 0.02000000000000000000 ) ) ;
#1406 = LINE ( 'NONE', #986, #6534 ) ;
#1407 = FILL_AREA_STYLE ('',( #1342 ) ) ;
#1408 = AXIS2_PLACEMENT_3D ( 'NONE', #2086, #3654, #3843 ) ;
#1409 = FACE_OUTER_BOUND ( 'NONE', #5731, .T. ) ;
#1410 = CARTESIAN_POINT ( 'NONE',  ( -0.8211699695121952300, 0.1587428574848593900, 0.02000000000000000000 ) ) ;
#1411 = LINE ( 'NONE', #1343, #2614 ) ;
#1412 = SURFACE_STYLE_FILL_AREA ( #2327 ) ;
#1413 = EDGE_LOOP ( 'NONE', ( #3881, #2229, #1737, #2540 ) ) ;
#1414 = EDGE_CURVE ( 'NONE', #2653, #3035, #5923, .T. ) ;
#1415 = DIRECTION ( 'NONE',  ( 1.000000000000000000, 0.0000000000000000000, 0.0000000000000000000 ) ) ;
#1416 = ORIENTED_EDGE ( 'NONE', *, *, #6357, .T. ) ;
#1417 = AXIS2_PLACEMENT_3D ( 'NONE', #3171, #2717, #4687 ) ;
#1418 = LINE ( 'NONE', #4815, #3417 ) ;
#1419 = MECHANICAL_DESIGN_GEOMETRIC_PRESENTATION_REPRESENTATION (  '', ( #751 ), #1741 ) ;
#1420 = LINE ( 'NONE', #4956, #6554 ) ;
#1421 = CARTESIAN_POINT ( 'NONE',  ( 0.3359067750317615800, 0.2498784427576004300, 0.02000000000000000000 ) ) ;
#1422 = FACE_OUTER_BOUND ( 'NONE', #3503, .T. ) ;
#1423 = CARTESIAN_POINT ( 'NONE',  ( 0.4742051573765536100, -0.2507459749996672800, 0.02000000000000000000 ) ) ;
#1424 = ORIENTED_EDGE ( 'NONE', *, *, #5756, .T. ) ;
#1425 = ORIENTED_EDGE ( 'NONE', *, *, #211, .F. ) ;
#1426 = CIRCLE ( 'NONE', #1581, 0.2000000000000000900 ) ;
#1427 = DIRECTION ( 'NONE',  ( -1.000000000000000000, 0.0000000000000000000, 0.0000000000000000000 ) ) ;
#1428 =( NAMED_UNIT ( * ) SI_UNIT ( $, .STERADIAN. ) SOLID_ANGLE_UNIT ( ) );
#1429 = VECTOR ( 'NONE', #1559, 1000.000000000000000 ) ;
#1430 = VERTEX_POINT ( 'NONE', #4058 ) ;
#1431 = ORIENTED_EDGE ( 'NONE', *, *, #1696, .F. ) ;
#1432 = EDGE_LOOP ( 'NONE', ( #4617, #5277, #5265, #1886 ) ) ;
#1433 = FACE_OUTER_BOUND ( 'NONE', #1567, .T. ) ;
#1434 = CARTESIAN_POINT ( 'NONE',  ( -2.500000000000000000, 1.600000000000000300, 0.3489999999999999800 ) ) ;
#1435 = VECTOR ( 'NONE', #5726, 1000.000000000000000 ) ;
#1436 = SURFACE_STYLE_USAGE ( .BOTH. , #5738 ) ;
#1437 = CARTESIAN_POINT ( 'NONE',  ( -0.3127223659116416000, -0.1898619561555942000, 0.02000000000000000000 ) ) ;
#1438 = CARTESIAN_POINT ( 'NONE',  ( 0.4481291366731994800, 0.2055676003399126400, 0.0000000000000000000 ) ) ;
#1439 = ORIENTED_EDGE ( 'NONE', *, *, #748, .F. ) ;
#1440 = VERTEX_POINT ( 'NONE', #6189 ) ;
#1441 = DIRECTION ( 'NONE',  ( -4.336808689942006700E-015, -1.000000000000000000, 0.0000000000000000000 ) ) ;
#1442 = ORIENTED_EDGE ( 'NONE', *, *, #1387, .T. ) ;
#1443 = ORIENTED_EDGE ( 'NONE', *, *, #157, .T. ) ;
#1444 = ADVANCED_FACE ( 'NONE', ( #3331 ), #2863, .T. ) ;
#1445 = CARTESIAN_POINT ( 'NONE',  ( -2.299999999999999800, -1.599999999999999900, 0.3499999999999999800 ) ) ;
#1446 = CARTESIAN_POINT ( 'NONE',  ( -2.500000000000000000, -1.201000000000000700, -0.001000000000000000000 ) ) ;
#1447 = DIRECTION ( 'NONE',  ( -0.0000000000000000000, 0.0000000000000000000, -1.000000000000000000 ) ) ;
#1448 = CARTESIAN_POINT ( 'NONE',  ( 2.200999999999999600, -1.600000000000000300, 0.3489999999999999800 ) ) ;
#1449 = CARTESIAN_POINT ( 'NONE',  ( -0.3723473547832421000, 0.2458319349927784700, 0.02000000000000000000 ) ) ;
#1450 = VERTEX_POINT ( 'NONE', #5629 ) ;
#1451 = ORIENTED_EDGE ( 'NONE', *, *, #875, .F. ) ;
#1452 = FACE_OUTER_BOUND ( 'NONE', #4558, .T. ) ;
#1453 = SURFACE_SIDE_STYLE ('',( #6471 ) ) ;
#1454 = CARTESIAN_POINT ( 'NONE',  ( 0.1463414634146338900, 0.03526724772876183000, 0.0000000000000000000 ) ) ;
#1455 = EDGE_CURVE ( 'NONE', #4176, #4409, #4177, .T. ) ;
#1456 = CARTESIAN_POINT ( 'NONE',  ( -2.199999999999999700, -1.300000000000000000, 0.8000000000000000400 ) ) ;
#1457 = EDGE_CURVE ( 'NONE', #2636, #1182, #1500, .T. ) ;
#1458 = CARTESIAN_POINT ( 'NONE',  ( -0.4221823489837584500, -0.1503189914790619100, 1.355252715606880500E-017 ) ) ;
#1459 = AXIS2_PLACEMENT_3D ( 'NONE', #2531, #5974, #3061 ) ;
#1460 = CARTESIAN_POINT ( 'NONE',  ( 0.6129680645552330100, 0.04417471194712827700, 0.0000000000000000000 ) ) ;
#1461 = PRESENTATION_LAYER_ASSIGNMENT (  '', '', ( #1773 ) ) ;
#1462 = CARTESIAN_POINT ( 'NONE',  ( 0.6093370453716222500, -0.06268616063144638600, 1.355252715606880500E-017 ) ) ;
#1463 = CARTESIAN_POINT ( 'NONE',  ( -0.05487804878048806900, -0.1903425083687991800, 0.02000000000000000000 ) ) ;
#1464 = DIRECTION ( 'NONE',  ( 1.000000000000000000, 0.0000000000000000000, 0.0000000000000000000 ) ) ;
#1465 = AXIS2_PLACEMENT_3D ( 'NONE', #4290, #4453, #4436 ) ;
#1466 = AXIS2_PLACEMENT_3D ( 'NONE', #3541, #462, #4010 ) ;
#1467 = CARTESIAN_POINT ( 'NONE',  ( -0.5132705962058891100, -0.1375699794085271700, 0.0000000000000000000 ) ) ;
#1468 = DIRECTION ( 'NONE',  ( -0.0000000000000000000, -0.0000000000000000000, -1.000000000000000000 ) ) ;
#1469 = CARTESIAN_POINT ( 'NONE',  ( 0.5546881159329754000, -0.1560927811820553800, 1.355252715606880500E-017 ) ) ;
#1470 = DIRECTION ( 'NONE',  ( 0.0000000000000000000, 0.0000000000000000000, -1.000000000000000000 ) ) ;
#1471 = CARTESIAN_POINT ( 'NONE',  ( -0.1524390243902439800, 0.2547794428507130200, 0.0000000000000000000 ) ) ;
#1472 = PRESENTATION_STYLE_ASSIGNMENT (( #6129 ) ) ;
#1473 = CARTESIAN_POINT ( 'NONE',  ( -0.4849282495683451300, -0.03477797000460415600, 0.02000000000000000000 ) ) ;
#1474 = CARTESIAN_POINT ( 'NONE',  ( -0.8134527439024390500, 0.1938038330946154600, 0.0000000000000000000 ) ) ;
#1475 = SURFACE_STYLE_FILL_AREA ( #5813 ) ;
#1476 = UNCERTAINTY_MEASURE_WITH_UNIT (LENGTH_MEASURE( 1.000000000000000100E-005 ), #4326, 'distance_accuracy_value', 'NONE');
#1477 = COLOUR_RGB ( '',0.6666666666666666300, 0.6666666666666666300, 0.6666666666666666300 ) ;
#1478 = CARTESIAN_POINT ( 'NONE',  ( 0.6154434608049096400, -0.02214396074770013900, 0.02000000000000000000 ) ) ;
#1479 = DIRECTION ( 'NONE',  ( -1.000000000000000000, 0.0000000000000000000, 0.0000000000000000000 ) ) ;
#1480 = SURFACE_STYLE_FILL_AREA ( #3346 ) ;
#1481 = FILL_AREA_STYLE_COLOUR ( '', #3122 ) ;
#1482 = AXIS2_PLACEMENT_3D ( 'NONE', #6176, #2737, #2777 ) ;
#1483 = CARTESIAN_POINT ( 'NONE',  ( -1.300000000000000300, -1.500000000000000000, 0.3489999999999999800 ) ) ;
#1484 = ORIENTED_EDGE ( 'NONE', *, *, #3820, .F. ) ;
#1485 = CARTESIAN_POINT ( 'NONE',  ( -2.200999999999999600, 1.600000000000000300, -0.001000000000000000000 ) ) ;
#1486 = EDGE_CURVE ( 'NONE', #5369, #3099, #2879, .T. ) ;
#1487 = CARTESIAN_POINT ( 'NONE',  ( -0.3723473547832421000, 0.2458319349927784700, 2.032879073410320800E-017 ) ) ;
#1488 = ORIENTED_EDGE ( 'NONE', *, *, #2203, .T. ) ;
#1489 = LINE ( 'NONE', #5083, #4017 ) ;
#1490 = CARTESIAN_POINT ( 'NONE',  ( 0.6031887329182967800, 0.08449268121472550100, 1.355252715606880500E-017 ) ) ;
#1491 = VERTEX_POINT ( 'NONE', #1861 ) ;
#1492 = AXIS2_PLACEMENT_3D ( 'NONE', #4742, #4386, #6091 ) ;
#1493 = CARTESIAN_POINT ( 'NONE',  ( -2.400000000000000400, 0.6999999999999999600, 0.0000000000000000000 ) ) ;
#1494 = CIRCLE ( 'NONE', #4806, 0.05000000000000002400 ) ;
#1495 = EDGE_CURVE ( 'NONE', #3425, #1958, #6472, .T. ) ;
#1496 = SURFACE_STYLE_USAGE ( .BOTH. , #3993 ) ;
#1497 = SURFACE_STYLE_USAGE ( .BOTH. , #4504 ) ;
#1498 = ORIENTED_EDGE ( 'NONE', *, *, #5467, .F. ) ;
#1499 = ORIENTED_EDGE ( 'NONE', *, *, #5070, .F. ) ;
#1500 = LINE ( 'NONE', #4228, #5433 ) ;
#1501 = CARTESIAN_POINT ( 'NONE',  ( 2.101000000000000400, 1.600000000000000300, 0.3489999999999999800 ) ) ;
#1502 = CARTESIAN_POINT ( 'NONE',  ( -0.3964004182984808300, 0.2386126856279714700, 0.02000000000000000000 ) ) ;
#1503 = ORIENTED_EDGE ( 'NONE', *, *, #3044, .T. ) ;
#1504 = FACE_OUTER_BOUND ( 'NONE', #2155, .T. ) ;
#1505 = EDGE_CURVE ( 'NONE', #1798, #620, #1341, .T. ) ;
#1506 = ORIENTED_EDGE ( 'NONE', *, *, #1542, .F. ) ;
#1507 = CARTESIAN_POINT ( 'NONE',  ( 0.3668698776661527000, 0.1981420176592990900, 0.0000000000000000000 ) ) ;
#1508 = AXIS2_PLACEMENT_3D ( 'NONE', #5353, #2432, #5869 ) ;
#1509 =( GEOMETRIC_REPRESENTATION_CONTEXT ( 3 ) GLOBAL_UNCERTAINTY_ASSIGNED_CONTEXT ( ( #1673 ) ) GLOBAL_UNIT_ASSIGNED_CONTEXT ( ( #3620, #3115, #2718 ) ) REPRESENTATION_CONTEXT ( 'NONE', 'WORKASPACE' ) );
#1510 = ORIENTED_EDGE ( 'NONE', *, *, #2697, .T. ) ;
#1511 = EDGE_LOOP ( 'NONE', ( #4344, #5289, #1362, #91, #1668, #2617, #1515, #4339, #1826, #382, #6141, #3584, #1882, #825, #3052, #4070 ) ) ;
#1512 = VECTOR ( 'NONE', #273, 1000.000000000000000 ) ;
#1513 = DIRECTION ( 'NONE',  ( 1.000000000000000000, -0.0000000000000000000, 0.0000000000000000000 ) ) ;
#1514 = CIRCLE ( 'NONE', #3093, 0.05000000000000002400 ) ;
#1515 = ORIENTED_EDGE ( 'NONE', *, *, #1323, .F. ) ;
#1516 = CARTESIAN_POINT ( 'NONE',  ( -0.7123666158536586800, -0.1049766547102625700, 0.0000000000000000000 ) ) ;
#1517 = CARTESIAN_POINT ( 'NONE',  ( 2.500000000000000000, -1.300000000000000300, 0.3489999999999999800 ) ) ;
#1518 = ORIENTED_EDGE ( 'NONE', *, *, #4152, .T. ) ;
#1519 = CARTESIAN_POINT ( 'NONE',  ( -0.3964004182984808300, 0.2386126856279714700, 2.032879073410320800E-017 ) ) ;
#1520 =( LENGTH_UNIT ( ) NAMED_UNIT ( * ) SI_UNIT ( .MILLI., .METRE. ) );
#1521 = ORIENTED_EDGE ( 'NONE', *, *, #1990, .T. ) ;
#1522 = ORIENTED_EDGE ( 'NONE', *, *, #1234, .T. ) ;
#1523 = DIRECTION ( 'NONE',  ( 0.0000000000000000000, 0.0000000000000000000, -1.000000000000000000 ) ) ;
#1524 = VERTEX_POINT ( 'NONE', #4769 ) ;
#1525 = CARTESIAN_POINT ( 'NONE',  ( 2.500000000000000000, -1.600000000000000300, 0.3499999999999999800 ) ) ;
#1526 = VECTOR ( 'NONE', #1772, 1000.000000000000000 ) ;
#1527 = ORIENTED_EDGE ( 'NONE', *, *, #5155, .F. ) ;
#1528 = DIRECTION ( 'NONE',  ( -1.000000000000000000, 0.0000000000000000000, 0.0000000000000000000 ) ) ;
#1529 = SURFACE_STYLE_USAGE ( .BOTH. , #1899 ) ;
#1530 = EDGE_LOOP ( 'NONE', ( #5165, #3038, #3850, #4474 ) ) ;
#1531 = VERTEX_POINT ( 'NONE', #5879 ) ;
#1532 = DIRECTION ( 'NONE',  ( -0.0000000000000000000, -0.0000000000000000000, -1.000000000000000000 ) ) ;
#1533 = VECTOR ( 'NONE', #384, 1000.000000000000000 ) ;
#1534 =( GEOMETRIC_REPRESENTATION_CONTEXT ( 3 ) GLOBAL_UNCERTAINTY_ASSIGNED_CONTEXT ( ( #3945 ) ) GLOBAL_UNIT_ASSIGNED_CONTEXT ( ( #4562, #4786, #5410 ) ) REPRESENTATION_CONTEXT ( 'NONE', 'WORKASPACE' ) );
#1535 = EDGE_CURVE ( 'NONE', #643, #3804, #2530, .T. ) ;
#1536 = ORIENTED_EDGE ( 'NONE', *, *, #3738, .T. ) ;
#1537 = CARTESIAN_POINT ( 'NONE',  ( 0.4038117729642039500, -0.1946005113006493100, -0.0000000000000000000 ) ) ;
#1538 = CARTESIAN_POINT ( 'NONE',  ( 5.208507236620328600E-015, 1.200999999999989900, 0.0000000000000000000 ) ) ;
#1539 = VECTOR ( 'NONE', #4127, 1000.000000000000000 ) ;
#1540 = CARTESIAN_POINT ( 'NONE',  ( -0.4204153958142502500, 0.1635446457464739800, 0.0000000000000000000 ) ) ;
#1541 = EDGE_CURVE ( 'NONE', #5009, #3971, #3862, .T. ) ;
#1542 = EDGE_CURVE ( 'NONE', #883, #1871, #1179, .T. ) ;
#1543 = MECHANICAL_DESIGN_GEOMETRIC_PRESENTATION_REPRESENTATION (  '', ( #880 ), #1860 ) ;
#1544 = PRESENTATION_STYLE_ASSIGNMENT (( #5351 ) ) ;
#1545 = CARTESIAN_POINT ( 'NONE',  ( -0.4193364853228177000, 0.2293901733553912700, 0.02000000000000000000 ) ) ;
#1546 = SURFACE_STYLE_USAGE ( .BOTH. , #4547 ) ;
#1547 = COLOUR_RGB ( '',0.8274509803921568100, 0.6666666666666666300, 0.1294117647058823400 ) ;
#1548 = UNCERTAINTY_MEASURE_WITH_UNIT (LENGTH_MEASURE( 1.000000000000000100E-005 ), #795, 'distance_accuracy_value', 'NONE');
#1549 = FILL_AREA_STYLE ('',( #498 ) ) ;
#1550 = CARTESIAN_POINT ( 'NONE',  ( 0.5035959877791481600, 0.1924243572416083300, 0.02000000000000000000 ) ) ;
#1551 = CIRCLE ( 'NONE', #1482, 0.2990000000000002100 ) ;
#1552 = CARTESIAN_POINT ( 'NONE',  ( -2.500000000000000000, 1.399999999999999900, 0.4500000000000000100 ) ) ;
#1553 = LINE ( 'NONE', #811, #139 ) ;
#1554 = FILL_AREA_STYLE_COLOUR ( '', #5371 ) ;
#1555 = B_SPLINE_SURFACE_WITH_KNOTS ( 'NONE', 3, 1, ( 
 ( #4535, #4782 ),
 ( #6099, #6151 ),
 ( #5789, #6285 ),
 ( #6348, #6566 ),
 ( #427, #96 ),
 ( #1405, #1248 ),
 ( #2293, #2234 ) ),
 .UNSPECIFIED., .F., .F., .F.,
 ( 4, 1, 1, 1, 4 ),
 ( 2, 2 ),
 ( 0.0000000000000000000, 0.3005411131585100600, 0.5677471464835988100, 0.8000336137369802300, 1.000000000000000000 ),
 ( 0.0000000000000000000, 1.000000000000000000 ),
 .UNSPECIFIED. ) ;
#1556 = CARTESIAN_POINT ( 'NONE',  ( -0.4193364853228177000, 0.2293901733553912700, 0.0000000000000000000 ) ) ;
#1557 = LINE ( 'NONE', #3997, #5496 ) ;
#1558 = PLANE ( 'NONE',  #964 ) ;
#1559 = DIRECTION ( 'NONE',  ( 0.0000000000000000000, -1.000000000000000000, -0.0000000000000000000 ) ) ;
#1560 = CARTESIAN_POINT ( 'NONE',  ( 0.5958547439563646200, 0.1028539963313422800, 0.02000000000000000000 ) ) ;
#1561 = PLANE ( 'NONE',  #4879 ) ;
#1562 = VECTOR ( 'NONE', #6516, 1000.000000000000000 ) ;
#1563 = FACE_OUTER_BOUND ( 'NONE', #3120, .T. ) ;
#1564 = B_SPLINE_SURFACE_WITH_KNOTS ( 'NONE', 3, 1, ( 
 ( #6052, #1586 ),
 ( #5679, #3474 ),
 ( #1333, #4065 ),
 ( #2384, #3827 ),
 ( #1970, #5399 ),
 ( #1746, #2158 ),
 ( #2197, #1777 ),
 ( #2517, #1988 ),
 ( #2833, #4522 ),
 ( #3343, #3146 ),
 ( #3479, #1831 ) ),
 .UNSPECIFIED., .F., .F., .F.,
 ( 4, 1, 1, 1, 1, 1, 1, 1, 4 ),
 ( 2, 2 ),
 ( 0.0000000000000000000, 0.1252796967356258600, 0.2494199707420513300, 0.3733567994928198000, 0.4966812787822860200, 0.6202029157439824500, 0.7450863201614562600, 0.8712691950190979400, 1.000000000000000000 ),
 ( 0.0000000000000000000, 1.000000000000000000 ),
 .UNSPECIFIED. ) ;
#1565 = ORIENTED_EDGE ( 'NONE', *, *, #4907, .T. ) ;
#1566 = CIRCLE ( 'NONE', #1338, 0.05000000000000002400 ) ;
#1567 = EDGE_LOOP ( 'NONE', ( #816, #4200, #4043, #4183 ) ) ;
#1568 = EDGE_LOOP ( 'NONE', ( #5831, #5134, #5422, #5575 ) ) ;
#1569 = FACE_OUTER_BOUND ( 'NONE', #1117, .T. ) ;
#1570 = MECHANICAL_DESIGN_GEOMETRIC_PRESENTATION_REPRESENTATION (  '', ( #914 ), #1901 ) ;
#1571 = CARTESIAN_POINT ( 'NONE',  ( 0.6158536585365860200, -0.0005559230029455151900, 0.02000000000000000000 ) ) ;
#1572 = EDGE_LOOP ( 'NONE', ( #4188, #2470, #6546, #285 ) ) ;
#1573 = DIRECTION ( 'NONE',  ( -1.000000000000000000, 0.0000000000000000000, 0.0000000000000000000 ) ) ;
#1574 = EDGE_CURVE ( 'NONE', #1725, #5824, #4992, .T. ) ;
#1575 = ORIENTED_EDGE ( 'NONE', *, *, #5298, .T. ) ;
#1576 = LINE ( 'NONE', #1471, #4107 ) ;
#1577 = DIRECTION ( 'NONE',  ( 0.0000000000000000000, -0.0000000000000000000, -1.000000000000000000 ) ) ;
#1578 = EDGE_CURVE ( 'NONE', #4175, #2502, #3719, .T. ) ;
#1579 = ORIENTED_EDGE ( 'NONE', *, *, #2126, .F. ) ;
#1580 = VERTEX_POINT ( 'NONE', #6239 ) ;
#1581 = AXIS2_PLACEMENT_3D ( 'NONE', #48, #159, #5476 ) ;
#1582 = TOROIDAL_SURFACE ( 'NONE', #1912, 0.1000000000000000700, 0.05000000000000000300 ) ;
#1583 = CARTESIAN_POINT ( 'NONE',  ( 2.199999999999999700, 1.300000000000000300, 0.6999999999999999600 ) ) ;
#1584 = STYLED_ITEM ( 'NONE', ( #164 ), #26 ) ;
#1585 = LINE ( 'NONE', #6540, #1266 ) ;
#1586 = CARTESIAN_POINT ( 'NONE',  ( 0.3109756097560981700, 0.1739867599238837900, 1.355252715606880500E-017 ) ) ;
#1587 = DIRECTION ( 'NONE',  ( -1.000000000000000000, 9.856383386231857600E-017, -0.0000000000000000000 ) ) ;
#1588 = CARTESIAN_POINT ( 'NONE',  ( 0.3251187419298121600, -0.2271123561355403400, 0.02000000000000000000 ) ) ;
#1589 = ORIENTED_EDGE ( 'NONE', *, *, #4202, .T. ) ;
#1590 = EDGE_LOOP ( 'NONE', ( #734, #1214, #282, #393 ) ) ;
#1591 = PLANE ( 'NONE',  #474 ) ;
#1592 = FILL_AREA_STYLE ('',( #4665 ) ) ;
#1593 = CARTESIAN_POINT ( 'NONE',  ( -0.3345974694437339700, 0.1972418912672645500, 1.355252715606880500E-017 ) ) ;
#1594 =( NAMED_UNIT ( * ) PLANE_ANGLE_UNIT ( ) SI_UNIT ( $, .RADIAN. ) );
#1595 = LINE ( 'NONE', #3774, #4417 ) ;
#1596 = PRESENTATION_LAYER_ASSIGNMENT (  '', '', ( #930 ) ) ;
#1597 =( GEOMETRIC_REPRESENTATION_CONTEXT ( 3 ) GLOBAL_UNCERTAINTY_ASSIGNED_CONTEXT ( ( #1905 ) ) GLOBAL_UNIT_ASSIGNED_CONTEXT ( ( #780, #4291, #1277 ) ) REPRESENTATION_CONTEXT ( 'NONE', 'WORKASPACE' ) );
#1598 = ORIENTED_EDGE ( 'NONE', *, *, #1620, .T. ) ;
#1599 = ORIENTED_EDGE ( 'NONE', *, *, #6536, .T. ) ;
#1600 = PRESENTATION_STYLE_ASSIGNMENT (( #5089 ) ) ;
#1601 = ORIENTED_EDGE ( 'NONE', *, *, #788, .T. ) ;
#1602 = VERTEX_POINT ( 'NONE', #2832 ) ;
#1603 = DIRECTION ( 'NONE',  ( -0.0000000000000000000, -0.0000000000000000000, -1.000000000000000000 ) ) ;
#1604 = DIRECTION ( 'NONE',  ( 0.0000000000000000000, 0.0000000000000000000, 1.000000000000000000 ) ) ;
#1605 = ORIENTED_EDGE ( 'NONE', *, *, #4359, .F. ) ;
#1606 = ORIENTED_EDGE ( 'NONE', *, *, #4315, .F. ) ;
#1607 = DIRECTION ( 'NONE',  ( -1.000000000000000000, 0.0000000000000000000, -0.0000000000000000000 ) ) ;
#1608 = DIRECTION ( 'NONE',  ( -0.0000000000000000000, -0.0000000000000000000, -1.000000000000000000 ) ) ;
#1609 = DIRECTION ( 'NONE',  ( 0.0000000000000000000, 0.0000000000000000000, -1.000000000000000000 ) ) ;
#1610 = DIRECTION ( 'NONE',  ( 1.000000000000000000, 0.0000000000000000000, 0.0000000000000000000 ) ) ;
#1611 = ORIENTED_EDGE ( 'NONE', *, *, #4087, .F. ) ;
#1612 = CARTESIAN_POINT ( 'NONE',  ( 0.4038117729642039500, -0.1946005113006493100, 0.02000000000000000000 ) ) ;
#1613 = AXIS2_PLACEMENT_3D ( 'NONE', #4590, #3903, #1040 ) ;
#1614 = CARTESIAN_POINT ( 'NONE',  ( 0.6131126674932582100, -0.04298279970911134100, 0.02000000000000000000 ) ) ;
#1615 =( GEOMETRIC_REPRESENTATION_CONTEXT ( 3 ) GLOBAL_UNCERTAINTY_ASSIGNED_CONTEXT ( ( #2246 ) ) GLOBAL_UNIT_ASSIGNED_CONTEXT ( ( #296, #87, #6530 ) ) REPRESENTATION_CONTEXT ( 'NONE', 'WORKASPACE' ) );
#1616 = SURFACE_SIDE_STYLE ('',( #396 ) ) ;
#1617 = DIRECTION ( 'NONE',  ( 0.0000000000000000000, -1.000000000000000000, 0.0000000000000000000 ) ) ;
#1618 =( NAMED_UNIT ( * ) SI_UNIT ( $, .STERADIAN. ) SOLID_ANGLE_UNIT ( ) );
#1619 = CARTESIAN_POINT ( 'NONE',  ( -0.7292301829268294000, -0.05009860592977477500, 0.02000000000000000000 ) ) ;
#1620 = EDGE_CURVE ( 'NONE', #5439, #1373, #1025, .T. ) ;
#1621 = DIRECTION ( 'NONE',  ( -0.0000000000000000000, -0.0000000000000000000, 1.000000000000000000 ) ) ;
#1622 = STYLED_ITEM ( 'NONE', ( #4438 ), #3682 ) ;
#1623 = AXIS2_PLACEMENT_3D ( 'NONE', #3729, #3878, #5886 ) ;
#1624 = UNCERTAINTY_MEASURE_WITH_UNIT (LENGTH_MEASURE( 1.000000000000000100E-005 ), #5495, 'distance_accuracy_value', 'NONE');
#1625 = UNCERTAINTY_MEASURE_WITH_UNIT (LENGTH_MEASURE( 1.000000000000000100E-005 ), #2121, 'distance_accuracy_value', 'NONE');
#1626 = CARTESIAN_POINT ( 'NONE',  ( -0.3142672990260592100, 0.1994690261560747900, 0.02000000000000000000 ) ) ;
#1627 = CARTESIAN_POINT ( 'NONE',  ( 0.3155717748205164000, -0.1670166513114765000, 1.355252715606880500E-017 ) ) ;
#1628 = FACE_OUTER_BOUND ( 'NONE', #5759, .T. ) ;
#1629 = ORIENTED_EDGE ( 'NONE', *, *, #1387, .F. ) ;
#1630 =( LENGTH_UNIT ( ) NAMED_UNIT ( * ) SI_UNIT ( .MILLI., .METRE. ) );
#1631 = CARTESIAN_POINT ( 'NONE',  ( 2.199999999999999700, -1.300000000000000000, 0.6999999999999999600 ) ) ;
#1632 = COLOUR_RGB ( '',0.6666666666666666300, 0.6666666666666666300, 0.6666666666666666300 ) ;
#1633 = SURFACE_STYLE_FILL_AREA ( #3836 ) ;
#1634 = CARTESIAN_POINT ( 'NONE',  ( -0.4848443947653962000, 0.05377582260918129000, 1.355252715606880500E-017 ) ) ;
#1635 = CARTESIAN_POINT ( 'NONE',  ( 0.6822828863907656200, 0.02411320955575899800, 0.02000000000000000000 ) ) ;
#1636 = ORIENTED_EDGE ( 'NONE', *, *, #2510, .F. ) ;
#1637 = DIRECTION ( 'NONE',  ( 1.000000000000000000, 0.0000000000000000000, 0.0000000000000000000 ) ) ;
#1638 = VECTOR ( 'NONE', #5526, 1000.000000000000000 ) ;
#1639 = CARTESIAN_POINT ( 'NONE',  ( -0.4193364853228177000, 0.2293901733553912700, 2.032879073410320800E-017 ) ) ;
#1640 = ADVANCED_FACE ( 'NONE', ( #2212 ), #1295, .T. ) ;
#1641 = SURFACE_SIDE_STYLE ('',( #3019 ) ) ;
#1642 = FACE_OUTER_BOUND ( 'NONE', #619, .T. ) ;
#1643 = CARTESIAN_POINT ( 'NONE',  ( 2.199999999999999700, 1.300000000000000300, 0.4500000000000000100 ) ) ;
#1644 = COLOUR_RGB ( '',0.8274509803921568100, 0.6666666666666666300, 0.1294117647058823400 ) ;
#1645 = ORIENTED_EDGE ( 'NONE', *, *, #2257, .T. ) ;
#1646 = ORIENTED_EDGE ( 'NONE', *, *, #3914, .T. ) ;
#1647 = ORIENTED_EDGE ( 'NONE', *, *, #6028, .F. ) ;
#1648 = CARTESIAN_POINT ( 'NONE',  ( 2.199999999999999700, -1.500000000000000000, 0.7500000000000000000 ) ) ;
#1649 = ORIENTED_EDGE ( 'NONE', *, *, #2167, .T. ) ;
#1650 = ORIENTED_EDGE ( 'NONE', *, *, #749, .T. ) ;
#1651 = CARTESIAN_POINT ( 'NONE',  ( -0.05487804878048806900, -0.1903425083687991800, 0.0000000000000000000 ) ) ;
#1652 = LINE ( 'NONE', #240, #1512 ) ;
#1653 = DIRECTION ( 'NONE',  ( 1.000000000000000000, 0.0000000000000000000, 0.0000000000000000000 ) ) ;
#1654 = EDGE_CURVE ( 'NONE', #1102, #5451, #4842, .T. ) ;
#1655 = PLANE ( 'NONE',  #3431 ) ;
#1656 = EDGE_CURVE ( 'NONE', #5524, #4252, #4700, .T. ) ;
#1657 = EDGE_CURVE ( 'NONE', #1945, #1283, #2036, .T. ) ;
#1658 =( GEOMETRIC_REPRESENTATION_CONTEXT ( 3 ) GLOBAL_UNCERTAINTY_ASSIGNED_CONTEXT ( ( #2109 ) ) GLOBAL_UNIT_ASSIGNED_CONTEXT ( ( #3232, #132, #3739 ) ) REPRESENTATION_CONTEXT ( 'NONE', 'WORKASPACE' ) );
#1659 = CARTESIAN_POINT ( 'NONE',  ( 0.6282416040731028100, 0.1693032764441246000, 1.355252715606880500E-017 ) ) ;
#1660 = ORIENTED_EDGE ( 'NONE', *, *, #5983, .T. ) ;
#1661 = MECHANICAL_DESIGN_GEOMETRIC_PRESENTATION_REPRESENTATION (  '', ( #653 ), #1994 ) ;
#1662 = VERTEX_POINT ( 'NONE', #4319 ) ;
#1663 =( NAMED_UNIT ( * ) PLANE_ANGLE_UNIT ( ) SI_UNIT ( $, .RADIAN. ) );
#1664 = CARTESIAN_POINT ( 'NONE',  ( -1.042682926829268300, -0.2452205571492869800, 0.02000000000000000000 ) ) ;
#1665 = ORIENTED_EDGE ( 'NONE', *, *, #1495, .F. ) ;
#1666 = DIRECTION ( 'NONE',  ( 0.0000000000000000000, 0.0000000000000000000, -1.000000000000000000 ) ) ;
#1667 = ORIENTED_EDGE ( 'NONE', *, *, #4792, .T. ) ;
#1668 = ORIENTED_EDGE ( 'NONE', *, *, #1542, .T. ) ;
#1669 =( NAMED_UNIT ( * ) PLANE_ANGLE_UNIT ( ) SI_UNIT ( $, .RADIAN. ) );
#1670 = AXIS2_PLACEMENT_3D ( 'NONE', #4808, #1812, #5264 ) ;
#1671 = VECTOR ( 'NONE', #790, 1000.000000000000000 ) ;
#1672 = ORIENTED_EDGE ( 'NONE', *, *, #1495, .T. ) ;
#1673 = UNCERTAINTY_MEASURE_WITH_UNIT (LENGTH_MEASURE( 1.000000000000000100E-005 ), #3620, 'distance_accuracy_value', 'NONE');
#1674 = VERTEX_POINT ( 'NONE', #5735 ) ;
#1675 = DIRECTION ( 'NONE',  ( -1.000000000000000000, 0.0000000000000000000, 0.0000000000000000000 ) ) ;
#1676 = SURFACE_SIDE_STYLE ('',( #3406 ) ) ;
#1677 = VERTEX_POINT ( 'NONE', #1804 ) ;
#1678 = LINE ( 'NONE', #6375, #1533 ) ;
#1679 = ADVANCED_FACE ( 'NONE', ( #5829 ), #6551, .T. ) ;
#1680 = DIRECTION ( 'NONE',  ( 1.000000000000000000, 0.0000000000000000000, 0.0000000000000000000 ) ) ;
#1681 = DIRECTION ( 'NONE',  ( 1.000000000000000000, -0.0000000000000000000, 0.0000000000000000000 ) ) ;
#1682 = UNCERTAINTY_MEASURE_WITH_UNIT (LENGTH_MEASURE( 1.000000000000000100E-005 ), #3757, 'distance_accuracy_value', 'NONE');
#1683 = CARTESIAN_POINT ( 'NONE',  ( 0.1463414634146338900, 0.03526724772876183000, 0.02000000000000000000 ) ) ;
#1684 = CARTESIAN_POINT ( 'NONE',  ( 0.4813554753168046700, 0.2567307389347600100, 0.02000000000000000000 ) ) ;
#1685 = VECTOR ( 'NONE', #1081, 1000.000000000000000 ) ;
#1686 = ORIENTED_EDGE ( 'NONE', *, *, #5511, .F. ) ;
#1687 = CARTESIAN_POINT ( 'NONE',  ( 2.101000000000000000, -1.500000000000000000, -0.001000000000000000000 ) ) ;
#1688 = CARTESIAN_POINT ( 'NONE',  ( -2.199999999999999700, -1.300000000000000000, 0.4500000000000000100 ) ) ;
#1689 = CARTESIAN_POINT ( 'NONE',  ( -0.4409394792252237500, 0.2178368274927701400, 0.02000000000000000000 ) ) ;
#1690 = SURFACE_STYLE_USAGE ( .BOTH. , #1710 ) ;
#1691 = CARTESIAN_POINT ( 'NONE',  ( -0.1524390243902439800, 0.2547794428507130200, 0.02000000000000000000 ) ) ;
#1692 = AXIS2_PLACEMENT_3D ( 'NONE', #2458, #4101, #2942 ) ;
#1693 = DIRECTION ( 'NONE',  ( 0.0000000000000000000, -1.000000000000000000, -0.0000000000000000000 ) ) ;
#1694 = EDGE_CURVE ( 'NONE', #3804, #1224, #1418, .T. ) ;
#1695 = PLANE ( 'NONE',  #2704 ) ;
#1696 = EDGE_CURVE ( 'NONE', #175, #2060, #2791, .T. ) ;
#1697 = PRESENTATION_LAYER_ASSIGNMENT (  '', '', ( #1036 ) ) ;
#1698 = CARTESIAN_POINT ( 'NONE',  ( 0.6674435890370698000, -0.1050160049156174900, -0.0000000000000000000 ) ) ;
#1699 = EDGE_CURVE ( 'NONE', #4867, #3163, #5199, .T. ) ;
#1700 = CARTESIAN_POINT ( 'NONE',  ( -1.300000000000000300, -1.000000000000002700, 0.3489999999999999800 ) ) ;
#1701 = CYLINDRICAL_SURFACE ( 'NONE', #2807, 0.2000000000000000900 ) ;
#1702 = FILL_AREA_STYLE ('',( #729 ) ) ;
#1703 = VECTOR ( 'NONE', #779, 1000.000000000000000 ) ;
#1704 = EDGE_CURVE ( 'NONE', #2729, #2041, #5483, .T. ) ;
#1705 = ORIENTED_EDGE ( 'NONE', *, *, #2394, .T. ) ;
#1706 = AXIS2_PLACEMENT_3D ( 'NONE', #770, #4279, #1264 ) ;
#1707 = PRESENTATION_LAYER_ASSIGNMENT (  '', '', ( #1389 ) ) ;
#1708 = CARTESIAN_POINT ( 'NONE',  ( -2.199999999999999700, -1.520000000000000000, 0.4699999999999999700 ) ) ;
#1709 = CARTESIAN_POINT ( 'NONE',  ( -0.4409394792252237500, 0.2178368274927701400, 2.032879073410320800E-017 ) ) ;
#1710 = SURFACE_SIDE_STYLE ('',( #6476 ) ) ;
#1711 = PRESENTATION_STYLE_ASSIGNMENT (( #2231 ) ) ;
#1712 = CARTESIAN_POINT ( 'NONE',  ( -0.8211699695121952300, 0.1587428574848593900, 1.355252715606880500E-017 ) ) ;
#1713 = CARTESIAN_POINT ( 'NONE',  ( -0.3732003330700083300, -0.1776125106780562200, 0.0000000000000000000 ) ) ;
#1714 = CARTESIAN_POINT ( 'NONE',  ( -0.5262737158895545200, 0.1328321326744797100, 0.02000000000000000000 ) ) ;
#1715 = COLOUR_RGB ( '',0.2980392156862745100, 0.2980392156862745100, 0.2980392156862745100 ) ;
#1716 = LINE ( 'NONE', #3497, #5649 ) ;
#1717 = SURFACE_SIDE_STYLE ('',( #6491 ) ) ;
#1718 = VECTOR ( 'NONE', #3365, 1000.000000000000000 ) ;
#1719 = CARTESIAN_POINT ( 'NONE',  ( -0.2932545731707317800, 0.1999013940702252200, 1.355252715606880500E-017 ) ) ;
#1720 = CARTESIAN_POINT ( 'NONE',  ( -0.3950711594167478100, -0.2281159654332620700, 0.02000000000000000000 ) ) ;
#1721 = VECTOR ( 'NONE', #4455, 1000.000000000000000 ) ;
#1722 =( LENGTH_UNIT ( ) NAMED_UNIT ( * ) SI_UNIT ( .MILLI., .METRE. ) );
#1723 = VERTEX_POINT ( 'NONE', #1390 ) ;
#1724 = PLANE ( 'NONE',  #2659 ) ;
#1725 = VERTEX_POINT ( 'NONE', #4861 ) ;
#1726 = CARTESIAN_POINT ( 'NONE',  ( 0.4767545418744458800, -0.1934257428693633700, 1.355252715606880500E-017 ) ) ;
#1727 = CARTESIAN_POINT ( 'NONE',  ( -0.4878048780487805900, 0.009638436753152054800, 0.0000000000000000000 ) ) ;
#1728 = VERTEX_POINT ( 'NONE', #1866 ) ;
#1729 = LINE ( 'NONE', #2009, #182 ) ;
#1730 = VERTEX_POINT ( 'NONE', #4380 ) ;
#1731 = ORIENTED_EDGE ( 'NONE', *, *, #6441, .F. ) ;
#1732 = STYLED_ITEM ( 'NONE', ( #4885 ), #634 ) ;
#1733 = CARTESIAN_POINT ( 'NONE',  ( -2.199999999999999700, 1.500000000000000200, 0.4699999999999999700 ) ) ;
#1734 = VECTOR ( 'NONE', #4292, 1000.000000000000000 ) ;
#1735 = DIRECTION ( 'NONE',  ( -0.0000000000000000000, -0.0000000000000000000, -1.000000000000000000 ) ) ;
#1736 = DIRECTION ( 'NONE',  ( 1.000000000000000000, 0.0000000000000000000, 0.0000000000000000000 ) ) ;
#1737 = ORIENTED_EDGE ( 'NONE', *, *, #1153, .T. ) ;
#1738 = ORIENTED_EDGE ( 'NONE', *, *, #4715, .T. ) ;
#1739 = EDGE_CURVE ( 'NONE', #4124, #703, #1797, .T. ) ;
#1740 = AXIS2_PLACEMENT_3D ( 'NONE', #5230, #2301, #5722 ) ;
#1741 =( GEOMETRIC_REPRESENTATION_CONTEXT ( 3 ) GLOBAL_UNCERTAINTY_ASSIGNED_CONTEXT ( ( #1476 ) ) GLOBAL_UNIT_ASSIGNED_CONTEXT ( ( #4326, #3922, #3847 ) ) REPRESENTATION_CONTEXT ( 'NONE', 'WORKASPACE' ) );
#1742 = PLANE ( 'NONE',  #1006 ) ;
#1744 = VERTEX_POINT ( 'NONE', #4838 ) ;
#1743 = AXIS2_PLACEMENT_3D ( 'NONE', #6309, #5774, #5817 ) ;
#1745 = VERTEX_POINT ( 'NONE', #4432 ) ;
#1746 = CARTESIAN_POINT ( 'NONE',  ( 0.3668698776661527000, 0.1981420176592990900, 0.02000000000000000000 ) ) ;
#1747 = CARTESIAN_POINT ( 'NONE',  ( -2.419999999999999900, 1.300000000000000300, 0.4500000000000000100 ) ) ;
#1748 = FILL_AREA_STYLE_COLOUR ( '', #1890 ) ;
#1749 =( NAMED_UNIT ( * ) SI_UNIT ( $, .STERADIAN. ) SOLID_ANGLE_UNIT ( ) );
#1750 = VECTOR ( 'NONE', #596, 1000.000000000000000 ) ;
#1751 = CARTESIAN_POINT ( 'NONE',  ( -0.3003742112739517500, 0.1997548969856780500, 0.02000000000000000000 ) ) ;
#1752 = DIRECTION ( 'NONE',  ( 0.0000000000000000000, -1.000000000000000000, 0.0000000000000000000 ) ) ;
#1753 = DIRECTION ( 'NONE',  ( -1.000000000000000000, -4.928191693115930000E-017, 0.0000000000000000000 ) ) ;
#1754 = CARTESIAN_POINT ( 'NONE',  ( 0.6829268292682932900, -0.004652721783433296800, 0.0000000000000000000 ) ) ;
#1755 = CARTESIAN_POINT ( 'NONE',  ( -0.5548780487804878500, 0.01106755260681059300, 0.02000000000000000000 ) ) ;
#1756 = VECTOR ( 'NONE', #915, 1000.000000000000000 ) ;
#1757 = DIRECTION ( 'NONE',  ( 4.336808689942006700E-015, 1.000000000000000000, 0.0000000000000000000 ) ) ;
#1758 = CARTESIAN_POINT ( 'NONE',  ( -0.5542802873806468300, -0.01688784679226948400, 1.355252715606880500E-017 ) ) ;
#1759 =( LENGTH_UNIT ( ) NAMED_UNIT ( * ) SI_UNIT ( .MILLI., .METRE. ) );
#1760 = PRESENTATION_STYLE_ASSIGNMENT (( #5011 ) ) ;
#1761 = CARTESIAN_POINT ( 'NONE',  ( -0.2932545731707317800, 0.1999013940702252200, 0.02000000000000000000 ) ) ;
#1762 = CARTESIAN_POINT ( 'NONE',  ( 0.3109756097560981700, 0.2410599306555911100, 0.0000000000000000000 ) ) ;
#1763 = B_SPLINE_SURFACE_WITH_KNOTS ( 'NONE', 3, 1, ( 
 ( #168, #5701 ),
 ( #4285, #1271 ),
 ( #4757, #1758 ),
 ( #5227, #2292 ),
 ( #5719, #2834 ),
 ( #6242, #3314 ),
 ( #217, #3807 ),
 ( #803, #4298 ),
 ( #1296, #4780 ),
 ( #1779, #5239 ),
 ( #2323, #5740 ),
 ( #2850, #6266 ),
 ( #3344, #235 ),
 ( #3828, #827 ),
 ( #4323, #1310 ),
 ( #4803, #1807 ),
 ( #5261, #2341 ),
 ( #5770, #2872 ),
 ( #6283, #3370 ) ),
 .UNSPECIFIED., .F., .F., .F.,
 ( 4, 1, 1, 1, 1, 1, 1, 1, 1, 1, 1, 1, 1, 1, 1, 1, 4 ),
 ( 2, 2 ),
 ( 0.0000000000000000000, 0.06806869584499403200, 0.1334274328189550600, 0.1961460338131565700, 0.2570485924493128800, 0.3168826631591620800, 0.3761872086663216600, 0.4359603353635461100, 0.4965352368627263300, 0.5574653434807331800, 0.6176868634101467800, 0.6779436406969062700, 0.7388052848060404600, 0.8009493367665843100, 0.8648146674702268400, 0.9310247810786572700, 1.000000000000000000 ),
 ( 0.0000000000000000000, 1.000000000000000000 ),
 .UNSPECIFIED. ) ;
#1764 = AXIS2_PLACEMENT_3D ( 'NONE', #2676, #2314, #5769 ) ;
#1765 = FACE_OUTER_BOUND ( 'NONE', #1965, .T. ) ;
#1766 = EDGE_CURVE ( 'NONE', #1745, #3055, #1256, .T. ) ;
#1767 = COLOUR_RGB ( '',0.8274509803921568100, 0.6666666666666666300, 0.1294117647058823400 ) ;
#1768 = CARTESIAN_POINT ( 'NONE',  ( 0.5519480709241033600, 0.2327515285535269000, 0.0000000000000000000 ) ) ;
#1769 = EDGE_CURVE ( 'NONE', #2150, #361, #3243, .T. ) ;
#1770 = AXIS2_PLACEMENT_3D ( 'NONE', #4999, #2019, #5480 ) ;
#1771 = DIRECTION ( 'NONE',  ( -0.0000000000000000000, -0.0000000000000000000, -1.000000000000000000 ) ) ;
#1772 = DIRECTION ( 'NONE',  ( 0.0000000000000000000, 0.0000000000000000000, -1.000000000000000000 ) ) ;
#1773 = STYLED_ITEM ( 'NONE', ( #6461 ), #38 ) ;
#1774 = SURFACE_STYLE_FILL_AREA ( #5521 ) ;
#1775 = PRESENTATION_STYLE_ASSIGNMENT (( #1090 ) ) ;
#1776 = DIRECTION ( 'NONE',  ( 0.0000000000000000000, -1.000000000000000000, 0.0000000000000000000 ) ) ;
#1777 = CARTESIAN_POINT ( 'NONE',  ( 0.3816842251632447900, 0.2017326008699218700, 1.355252715606880500E-017 ) ) ;
#1778 =( LENGTH_UNIT ( ) NAMED_UNIT ( * ) SI_UNIT ( .MILLI., .METRE. ) );
#1779 = CARTESIAN_POINT ( 'NONE',  ( -0.4806392962021378000, -0.1755540205914035400, 0.02000000000000000000 ) ) ;
#1780 = FACE_OUTER_BOUND ( 'NONE', #2297, .T. ) ;
#1781 = FACE_BOUND ( 'NONE', #1, .T. ) ;
#1782 = AXIS2_PLACEMENT_3D ( 'NONE', #4085, #3833, #3879 ) ;
#1783 = AXIS2_PLACEMENT_3D ( 'NONE', #5005, #2028, #5485 ) ;
#1784 = CARTESIAN_POINT ( 'NONE',  ( 0.4286394817073176900, 0.2608770038263227800, 0.02000000000000000000 ) ) ;
#1785 = VERTEX_POINT ( 'NONE', #2933 ) ;
#1786 = PLANE ( 'NONE',  #2046 ) ;
#1787 =( LENGTH_UNIT ( ) NAMED_UNIT ( * ) SI_UNIT ( .MILLI., .METRE. ) );
#1788 = PRESENTATION_STYLE_ASSIGNMENT (( #6023 ) ) ;
#1789 = LINE ( 'NONE', #2602, #1638 ) ;
#1790 = CARTESIAN_POINT ( 'NONE',  ( -2.101000000000000400, -1.600000000000000300, 0.3489999999999999800 ) ) ;
#1791 = CIRCLE ( 'NONE', #3830, 0.2990000000000002100 ) ;
#1792 = CARTESIAN_POINT ( 'NONE',  ( 0.3668698776661527000, 0.1981420176592990900, 0.02000000000000000000 ) ) ;
#1793 = VERTEX_POINT ( 'NONE', #6393 ) ;
#1794 = ORIENTED_EDGE ( 'NONE', *, *, #697, .F. ) ;
#1795 = DIRECTION ( 'NONE',  ( -1.000000000000000000, -4.336808689942025600E-015, 0.0000000000000000000 ) ) ;
#1796 = DIRECTION ( 'NONE',  ( 0.0000000000000000000, 0.0000000000000000000, 1.000000000000000000 ) ) ;
#1797 = B_SPLINE_CURVE_WITH_KNOTS ( 'NONE', 3,
 ( #2412, #293, #6345, #3447, #345, #3920, #910, #4408, #1403, #4882, #1894, #5348, #2430, #5868, #2954, #6372, #3473, #381, #3938 ),
 .UNSPECIFIED., .F., .F.,
 ( 4, 1, 1, 1, 1, 1, 1, 1, 1, 1, 1, 1, 1, 1, 1, 1, 4 ),
 ( 0.0000000000000000000, 0.07064371857535412000, 0.1382567155089045600, 0.2033641242175799900, 0.2663240938030567200, 0.3279047615429892000, 0.3887377151730921900, 0.4494235281093021400, 0.5108610114593152800, 0.5720793960475144500, 0.6317344287314451400, 0.6911172105788375700, 0.7503600294901702200, 0.8100329005312617600, 0.8713624508287359800, 0.9344271412311532200, 0.9999999999999998900 ),
 .UNSPECIFIED. ) ;
#1798 = VERTEX_POINT ( 'NONE', #3965 ) ;
#1799 = ORIENTED_EDGE ( 'NONE', *, *, #5799, .T. ) ;
#1800 = CARTESIAN_POINT ( 'NONE',  ( -2.101000000000000400, -1.600000000000000300, -0.001000000000000000000 ) ) ;
#1801 = ORIENTED_EDGE ( 'NONE', *, *, #6441, .T. ) ;
#1802 = ORIENTED_EDGE ( 'NONE', *, *, #5554, .T. ) ;
#1803 = VECTOR ( 'NONE', #976, 1000.000000000000000 ) ;
#1804 = CARTESIAN_POINT ( 'NONE',  ( -0.2195121951219513000, 0.1999013940702252200, 0.0000000000000000000 ) ) ;
#1805 = VERTEX_POINT ( 'NONE', #403 ) ;
#1806 = CARTESIAN_POINT ( 'NONE',  ( 0.5263499968943464700, -0.1760206747587022600, 0.0000000000000000000 ) ) ;
#1807 = CARTESIAN_POINT ( 'NONE',  ( -0.3441520247636225000, -0.2412188311929424600, 1.355252715606880500E-017 ) ) ;
#1808 = CARTESIAN_POINT ( 'NONE',  ( -0.4614464312525449200, 0.2043541831933167200, 2.032879073410320800E-017 ) ) ;
#1809 = AXIS2_PLACEMENT_3D ( 'NONE', #4012, #347, #2983 ) ;
#1810 = DIRECTION ( 'NONE',  ( 4.336808689942025600E-015, -1.000000000000000000, 0.0000000000000000000 ) ) ;
#1811 = EDGE_LOOP ( 'NONE', ( #5075, #6399, #4920, #1116 ) ) ;
#1812 = DIRECTION ( 'NONE',  ( -0.0000000000000000000, 1.000000000000000000, 0.0000000000000000000 ) ) ;
#1813 = CARTESIAN_POINT ( 'NONE',  ( -0.4808271108893159000, -0.05524215161532310100, 0.02000000000000000000 ) ) ;
#1814 = CARTESIAN_POINT ( 'NONE',  ( -2.399999999999999900, -1.300000000000000000, 0.6999999999999999600 ) ) ;
#1815 = EDGE_CURVE ( 'NONE', #3804, #6318, #3780, .T. ) ;
#1816 = PRESENTATION_STYLE_ASSIGNMENT (( #685 ) ) ;
#1817 = ORIENTED_EDGE ( 'NONE', *, *, #3517, .F. ) ;
#1818 = PRESENTATION_LAYER_ASSIGNMENT (  '', '', ( #1155 ) ) ;
#1819 = EDGE_LOOP ( 'NONE', ( #1257, #1243, #4191, #109 ) ) ;
#1820 = UNCERTAINTY_MEASURE_WITH_UNIT (LENGTH_MEASURE( 1.000000000000000100E-005 ), #3653, 'distance_accuracy_value', 'NONE');
#1821 = CARTESIAN_POINT ( 'NONE',  ( 0.3402335741721104800, -0.2335494011916366700, 0.02000000000000000000 ) ) ;
#1822 = ORIENTED_EDGE ( 'NONE', *, *, #4018, .T. ) ;
#1823 = EDGE_CURVE ( 'NONE', #5690, #3913, #3943, .T. ) ;
#1824 =( NAMED_UNIT ( * ) SI_UNIT ( $, .STERADIAN. ) SOLID_ANGLE_UNIT ( ) );
#1825 = LINE ( 'NONE', #2802, #5614 ) ;
#1826 = ORIENTED_EDGE ( 'NONE', *, *, #412, .F. ) ;
#1827 = EDGE_CURVE ( 'NONE', #1348, #899, #5785, .T. ) ;
#1828 = AXIS2_PLACEMENT_3D ( 'NONE', #6347, #3452, #349 ) ;
#1829 = DIRECTION ( 'NONE',  ( 0.0000000000000000000, 0.0000000000000000000, -1.000000000000000000 ) ) ;
#1830 = ORIENTED_EDGE ( 'NONE', *, *, #2400, .F. ) ;
#1831 = CARTESIAN_POINT ( 'NONE',  ( 0.4280678353658542400, 0.2059989550458349900, 1.355252715606880500E-017 ) ) ;
#1832 = CARTESIAN_POINT ( 'NONE',  ( -0.9695121951219513000, -0.2452205571492869800, 0.02000000000000000000 ) ) ;
#1833 = CARTESIAN_POINT ( 'NONE',  ( -0.4805904874864144200, 0.1889129990513783700, 0.02000000000000000000 ) ) ;
#1834 = CARTESIAN_POINT ( 'NONE',  ( 0.2134146341463412100, -0.2452205571492869800, -0.0000000000000000000 ) ) ;
#1835 = DIRECTION ( 'NONE',  ( 0.0000000000000000000, -1.000000000000000000, 0.0000000000000000000 ) ) ;
#1836 = LINE ( 'NONE', #6519, #493 ) ;
#1837 = CARTESIAN_POINT ( 'NONE',  ( -2.400000000000000400, 0.0000000000000000000, 0.0000000000000000000 ) ) ;
#1838 = CARTESIAN_POINT ( 'NONE',  ( -2.500000000000000000, -1.201000000000000700, 0.0000000000000000000 ) ) ;
#1839 = ORIENTED_EDGE ( 'NONE', *, *, #1321, .F. ) ;
#1840 = CARTESIAN_POINT ( 'NONE',  ( -0.4878048780487805900, 0.009638436753152054800, 0.02000000000000000000 ) ) ;
#1841 = PRODUCT_DEFINITION_SHAPE ( 'NONE', 'NONE',  #5642 ) ;
#1842 = CARTESIAN_POINT ( 'NONE',  ( 1.300000000000000300, -1.500000000000000000, 0.3489999999999999800 ) ) ;
#1843 = CARTESIAN_POINT ( 'NONE',  ( -2.101000000000000400, -1.600000000000000300, -0.001000000000000000000 ) ) ;
#1844 = CARTESIAN_POINT ( 'NONE',  ( -2.199999999999999700, -1.450000000000000000, 0.7500000000000000000 ) ) ;
#1845 = EDGE_CURVE ( 'NONE', #4273, #2460, #2453, .T. ) ;
#1846 =( NAMED_UNIT ( * ) SI_UNIT ( $, .STERADIAN. ) SOLID_ANGLE_UNIT ( ) );
#1847 = DIRECTION ( 'NONE',  ( 0.0000000000000000000, 0.0000000000000000000, 1.000000000000000000 ) ) ;
#1848 = CARTESIAN_POINT ( 'NONE',  ( -0.4805904874864144200, 0.1889129990513783700, 2.032879073410320800E-017 ) ) ;
#1849 =( NAMED_UNIT ( * ) PLANE_ANGLE_UNIT ( ) SI_UNIT ( $, .RADIAN. ) );
#1850 = CARTESIAN_POINT ( 'NONE',  ( 0.5263499968943464700, -0.1760206747587022600, 0.02000000000000000000 ) ) ;
#1851 = CARTESIAN_POINT ( 'NONE',  ( 0.3638328332527678800, 0.2560436117162395200, 0.02000000000000000000 ) ) ;
#1852 = VECTOR ( 'NONE', #2254, 1000.000000000000000 ) ;
#1853 = DIRECTION ( 'NONE',  ( 0.0000000000000000000, 0.0000000000000000000, -1.000000000000000000 ) ) ;
#1854 = CARTESIAN_POINT ( 'NONE',  ( -2.101000000000000400, 1.600000000000000300, 0.0000000000000000000 ) ) ;
#1855 = FACE_OUTER_BOUND ( 'NONE', #4721, .T. ) ;
#1856 = VECTOR ( 'NONE', #1441, 1000.000000000000000 ) ;
#1857 = EDGE_CURVE ( 'NONE', #2567, #2874, #6220, .T. ) ;
#1858 = CARTESIAN_POINT ( 'NONE',  ( -0.4873225018660896100, 0.03218531867558923500, 0.02000000000000000000 ) ) ;
#1859 = EDGE_CURVE ( 'NONE', #4767, #6469, #4915, .T. ) ;
#1860 =( GEOMETRIC_REPRESENTATION_CONTEXT ( 3 ) GLOBAL_UNCERTAINTY_ASSIGNED_CONTEXT ( ( #3304 ) ) GLOBAL_UNIT_ASSIGNED_CONTEXT ( ( #5017, #2042, #5491 ) ) REPRESENTATION_CONTEXT ( 'NONE', 'WORKASPACE' ) );
#1861 = CARTESIAN_POINT ( 'NONE',  ( -2.500000000000000000, 1.300000000000000300, 0.3499999999999999800 ) ) ;
#1862 = UNCERTAINTY_MEASURE_WITH_UNIT (LENGTH_MEASURE( 1.000000000000000100E-005 ), #3691, 'distance_accuracy_value', 'NONE');
#1863 = AXIS2_PLACEMENT_3D ( 'NONE', #3113, #2741, #3148 ) ;
#1864 = FACE_OUTER_BOUND ( 'NONE', #6155, .T. ) ;
#1865 = CARTESIAN_POINT ( 'NONE',  ( -0.3003742112739517500, 0.1997548969856780500, 1.355252715606880500E-017 ) ) ;
#1866 = CARTESIAN_POINT ( 'NONE',  ( 2.400000000000000400, -0.6999999999999999600, -0.001000000000000000000 ) ) ;
#1867 = CIRCLE ( 'NONE', #1670, 0.01999999999999999700 ) ;
#1868 =( LENGTH_UNIT ( ) NAMED_UNIT ( * ) SI_UNIT ( .MILLI., .METRE. ) );
#1869 = SURFACE_STYLE_USAGE ( .BOTH. , #4863 ) ;
#1870 = SURFACE_STYLE_FILL_AREA ( #4537 ) ;
#1871 = VERTEX_POINT ( 'NONE', #6458 ) ;
#1872 = PLANE ( 'NONE',  #3866 ) ;
#1873 = CARTESIAN_POINT ( 'NONE',  ( -0.7804878048780488100, 0.2547794428507130200, 0.02000000000000000000 ) ) ;
#1874 = COLOUR_RGB ( '',0.6666666666666666300, 0.6666666666666666300, 0.6666666666666666300 ) ;
#1875 = CARTESIAN_POINT ( 'NONE',  ( 0.4860535721198373000, 0.1985662158810553000, 0.02000000000000000000 ) ) ;
#1876 = DIRECTION ( 'NONE',  ( 0.0000000000000000000, 0.0000000000000000000, 1.000000000000000000 ) ) ;
#1877 = CARTESIAN_POINT ( 'NONE',  ( -0.2195121951219513000, 0.1999013940702252200, 0.02000000000000000000 ) ) ;
#1878 = PLANE ( 'NONE',  #1138 ) ;
#1879 = LINE ( 'NONE', #918, #4556 ) ;
#1880 = FACE_OUTER_BOUND ( 'NONE', #5535, .T. ) ;
#1881 = CARTESIAN_POINT ( 'NONE',  ( 2.400000000000000400, -1.201000000000000300, 0.3489999999999999800 ) ) ;
#1882 = ORIENTED_EDGE ( 'NONE', *, *, #5342, .F. ) ;
#1883 = ORIENTED_EDGE ( 'NONE', *, *, #1654, .F. ) ;
#1884 = PLANE ( 'NONE',  #3445 ) ;
#1885 = VECTOR ( 'NONE', #1528, 1000.000000000000000 ) ;
#1886 = ORIENTED_EDGE ( 'NONE', *, *, #3561, .T. ) ;
#1887 = CARTESIAN_POINT ( 'NONE',  ( -0.4054168985882702400, 0.1733355308221993200, 0.02000000000000000000 ) ) ;
#1888 = ORIENTED_EDGE ( 'NONE', *, *, #453, .F. ) ;
#1889 = ORIENTED_EDGE ( 'NONE', *, *, #877, .T. ) ;
#1890 = COLOUR_RGB ( '',0.8274509803921568100, 0.6666666666666666300, 0.1294117647058823400 ) ;
#1891 = EDGE_LOOP ( 'NONE', ( #2079, #1029, #2708, #2161 ) ) ;
#1892 = VECTOR ( 'NONE', #741, 1000.000000000000000 ) ;
#1893 = VERTEX_POINT ( 'NONE', #480 ) ;
#1894 = CARTESIAN_POINT ( 'NONE',  ( 0.5929558394664785600, 0.2052409427049037600, 0.02000000000000000000 ) ) ;
#1895 = ORIENTED_EDGE ( 'NONE', *, *, #995, .F. ) ;
#1896 = FILL_AREA_STYLE ('',( #1308 ) ) ;
#1897 = DIRECTION ( 'NONE',  ( 0.0000000000000000000, 0.0000000000000000000, -1.000000000000000000 ) ) ;
#1898 = ORIENTED_EDGE ( 'NONE', *, *, #1694, .T. ) ;
#1899 = SURFACE_SIDE_STYLE ('',( #5408 ) ) ;
#1900 = LINE ( 'NONE', #990, #4424 ) ;
#1901 =( GEOMETRIC_REPRESENTATION_CONTEXT ( 3 ) GLOBAL_UNCERTAINTY_ASSIGNED_CONTEXT ( ( #3902 ) ) GLOBAL_UNIT_ASSIGNED_CONTEXT ( ( #3974, #5920, #1846 ) ) REPRESENTATION_CONTEXT ( 'NONE', 'WORKASPACE' ) );
#1902 = FILL_AREA_STYLE_COLOUR ( '', #2537 ) ;
#1903 = EDGE_LOOP ( 'NONE', ( #794, #980, #6497, #3528 ) ) ;
#1904 = ORIENTED_EDGE ( 'NONE', *, *, #844, .F. ) ;
#1905 = UNCERTAINTY_MEASURE_WITH_UNIT (LENGTH_MEASURE( 1.000000000000000100E-005 ), #780, 'distance_accuracy_value', 'NONE');
#1906 = DIRECTION ( 'NONE',  ( -1.000000000000000000, 0.0000000000000000000, 0.0000000000000000000 ) ) ;
#1907 = ORIENTED_EDGE ( 'NONE', *, *, #5299, .F. ) ;
#1908 = EDGE_CURVE ( 'NONE', #6088, #3966, #6074, .T. ) ;
#1909 =( NAMED_UNIT ( * ) SI_UNIT ( $, .STERADIAN. ) SOLID_ANGLE_UNIT ( ) );
#1910 = EDGE_CURVE ( 'NONE', #2137, #1283, #2288, .T. ) ;
#1911 = DIRECTION ( 'NONE',  ( -1.000000000000000000, -0.0000000000000000000, -0.0000000000000000000 ) ) ;
#1912 = AXIS2_PLACEMENT_3D ( 'NONE', #6477, #442, #209 ) ;
#1913 = LINE ( 'NONE', #1093, #1750 ) ;
#1914 = AXIS2_PLACEMENT_3D ( 'NONE', #5533, #5543, #5548 ) ;
#1915 = CARTESIAN_POINT ( 'NONE',  ( -1.042682926829268300, -0.2452205571492869800, 0.02000000000000000000 ) ) ;
#1916 = DIRECTION ( 'NONE',  ( -1.000000000000000000, 0.0000000000000000000, 0.0000000000000000000 ) ) ;
#1917 = ORIENTED_EDGE ( 'NONE', *, *, #6031, .F. ) ;
#1918 = FACE_OUTER_BOUND ( 'NONE', #6310, .T. ) ;
#1919 = ORIENTED_EDGE ( 'NONE', *, *, #3738, .F. ) ;
#1920 = CARTESIAN_POINT ( 'NONE',  ( 0.3149556715114252300, 0.2426755254710279100, 0.02000000000000000000 ) ) ;
#1921 = MECHANICAL_DESIGN_GEOMETRIC_PRESENTATION_REPRESENTATION (  '', ( #930 ), #2271 ) ;
#1922 = CARTESIAN_POINT ( 'NONE',  ( -0.8134527439024390500, 0.1938038330946154600, 0.02000000000000000000 ) ) ;
#1923 = STYLED_ITEM ( 'NONE', ( #2885 ), #5627 ) ;
#1924 = SURFACE_STYLE_USAGE ( .BOTH. , #6241 ) ;
#1925 = CARTESIAN_POINT ( 'NONE',  ( -0.2195121951219513000, -0.1903425083687991800, 0.02000000000000000000 ) ) ;
#1926 = CARTESIAN_POINT ( 'NONE',  ( -0.4980396252656470500, 0.1717439218074573700, 0.02000000000000000000 ) ) ;
#1927 = DIRECTION ( 'NONE',  ( 0.0000000000000000000, -0.0000000000000000000, 1.000000000000000000 ) ) ;
#1928 = DIRECTION ( 'NONE',  ( -1.000000000000000000, 0.0000000000000000000, 0.0000000000000000000 ) ) ;
#1929 = SURFACE_STYLE_USAGE ( .BOTH. , #5285 ) ;
#1930 = CARTESIAN_POINT ( 'NONE',  ( -0.3341406441838932800, -0.1873390553491258400, 0.02000000000000000000 ) ) ;
#1931 = CARTESIAN_POINT ( 'NONE',  ( 0.4860535721198373000, 0.1985662158810553000, 0.0000000000000000000 ) ) ;
#1932 = FILL_AREA_STYLE_COLOUR ( '', #3733 ) ;
#1933 =( LENGTH_UNIT ( ) NAMED_UNIT ( * ) SI_UNIT ( .MILLI., .METRE. ) );
#1934 = PRESENTATION_LAYER_ASSIGNMENT (  '', '', ( #591 ) ) ;
#1935 = DIRECTION ( 'NONE',  ( 0.0000000000000000000, -1.000000000000000000, 0.0000000000000000000 ) ) ;
#1936 = CYLINDRICAL_SURFACE ( 'NONE', #1274, 0.04999999999999991300 ) ;
#1937 =( NAMED_UNIT ( * ) PLANE_ANGLE_UNIT ( ) SI_UNIT ( $, .RADIAN. ) );
#1938 = DIRECTION ( 'NONE',  ( -0.0000000000000000000, 0.0000000000000000000, -1.000000000000000000 ) ) ;
#1939 = SURFACE_STYLE_FILL_AREA ( #572 ) ;
#1940 = PLANE ( 'NONE',  #1377 ) ;
#1941 = SURFACE_STYLE_FILL_AREA ( #4948 ) ;
#1942 = CARTESIAN_POINT ( 'NONE',  ( -0.4358665464100915400, -0.1379814611230043000, 1.355252715606880500E-017 ) ) ;
#1943 = CARTESIAN_POINT ( 'NONE',  ( 0.6156805012968636900, 0.007167122468463651300, -0.0000000000000000000 ) ) ;
#1944 = UNCERTAINTY_MEASURE_WITH_UNIT (LENGTH_MEASURE( 1.000000000000000100E-005 ), #1520, 'distance_accuracy_value', 'NONE');
#1945 = VERTEX_POINT ( 'NONE', #2508 ) ;
#1946 = EDGE_CURVE ( 'NONE', #2236, #3586, #4621, .T. ) ;
#1947 = DIRECTION ( 'NONE',  ( -1.000000000000000000, -0.0000000000000000000, -0.0000000000000000000 ) ) ;
#1948 = PRESENTATION_LAYER_ASSIGNMENT (  '', '', ( #1622 ) ) ;
#1949 = LINE ( 'NONE', #1538, #617 ) ;
#1950 = ORIENTED_EDGE ( 'NONE', *, *, #1207, .F. ) ;
#1951 = SURFACE_SIDE_STYLE ('',( #2403 ) ) ;
#1952 = ORIENTED_EDGE ( 'NONE', *, *, #785, .T. ) ;
#1953 = ORIENTED_EDGE ( 'NONE', *, *, #1045, .T. ) ;
#1954 = ORIENTED_EDGE ( 'NONE', *, *, #4357, .T. ) ;
#1955 = PRESENTATION_STYLE_ASSIGNMENT (( #2673 ) ) ;
#1956 = CARTESIAN_POINT ( 'NONE',  ( -0.4806392962021378000, -0.1755540205914035400, 0.0000000000000000000 ) ) ;
#1957 = CARTESIAN_POINT ( 'NONE',  ( -2.199999999999999700, -1.399999999999999900, 0.8000000000000000400 ) ) ;
#1958 = VERTEX_POINT ( 'NONE', #500 ) ;
#1959 = SURFACE_STYLE_FILL_AREA ( #4746 ) ;
#1960 = ORIENTED_EDGE ( 'NONE', *, *, #6496, .F. ) ;
#1961 = CARTESIAN_POINT ( 'NONE',  ( 0.6792951741591103400, -0.05731208890310668400, 1.355252715606880500E-017 ) ) ;
#1962 = DIRECTION ( 'NONE',  ( -1.000000000000000000, 0.0000000000000000000, 0.0000000000000000000 ) ) ;
#1963 = CARTESIAN_POINT ( 'NONE',  ( 2.400000000000000400, 0.6999999999999999600, -0.001000000000000000000 ) ) ;
#1964 = ORIENTED_EDGE ( 'NONE', *, *, #5893, .F. ) ;
#1965 = EDGE_LOOP ( 'NONE', ( #4114, #1133, #185, #3953 ) ) ;
#1966 = LINE ( 'NONE', #4008, #4489 ) ;
#1967 = DIRECTION ( 'NONE',  ( -1.000000000000000000, 0.0000000000000000000, 0.0000000000000000000 ) ) ;
#1968 = ORIENTED_EDGE ( 'NONE', *, *, #1382, .F. ) ;
#1969 = PRESENTATION_STYLE_ASSIGNMENT (( #5854 ) ) ;
#1970 = CARTESIAN_POINT ( 'NONE',  ( 0.3523311418886928600, 0.1936955172444572400, 0.02000000000000000000 ) ) ;
#1971 = CARTESIAN_POINT ( 'NONE',  ( -0.4872970335962070200, -0.01299725068988547200, 0.02000000000000000000 ) ) ;
#1972 = ORIENTED_EDGE ( 'NONE', *, *, #2125, .F. ) ;
#1973 = DIRECTION ( 'NONE',  ( 1.000000000000000000, 0.0000000000000000000, 0.0000000000000000000 ) ) ;
#1974 = CARTESIAN_POINT ( 'NONE',  ( -2.200999999999999600, -1.600000000000000300, -0.001000000000000000000 ) ) ;
#1975 = LINE ( 'NONE', #4090, #638 ) ;
#1976 = ORIENTED_EDGE ( 'NONE', *, *, #1206, .T. ) ;
#1977 = EDGE_CURVE ( 'NONE', #1893, #5662, #5918, .T. ) ;
#1978 = ORIENTED_EDGE ( 'NONE', *, *, #3863, .T. ) ;
#1979 = CARTESIAN_POINT ( 'NONE',  ( -0.4848443947653962000, 0.05377582260918129000, 0.02000000000000000000 ) ) ;
#1980 = CIRCLE ( 'NONE', #1047, 0.1000000000000002600 ) ;
#1981 = DIRECTION ( 'NONE',  ( 0.0000000000000000000, 0.0000000000000000000, -1.000000000000000000 ) ) ;
#1982 = CARTESIAN_POINT ( 'NONE',  ( -2.101000000000000000, -1.500000000000000000, 0.3489999999999999800 ) ) ;
#1983 = CARTESIAN_POINT ( 'NONE',  ( 0.3251187419298121600, -0.2271123561355403400, 1.355252715606880500E-017 ) ) ;
#1984 = CARTESIAN_POINT ( 'NONE',  ( -0.4980396252656470500, 0.1717439218074573700, 2.032879073410320800E-017 ) ) ;
#1985 = DIRECTION ( 'NONE',  ( 0.0000000000000000000, 1.000000000000000000, 0.0000000000000000000 ) ) ;
#1986 = CARTESIAN_POINT ( 'NONE',  ( 2.349999999999999600, -1.300000000000000000, 0.7500000000000000000 ) ) ;
#1987 = EDGE_CURVE ( 'NONE', #5076, #196, #1949, .T. ) ;
#1988 = CARTESIAN_POINT ( 'NONE',  ( 0.3968518678333570200, 0.2041409062263290500, 1.355252715606880500E-017 ) ) ;
#1989 = EDGE_CURVE ( 'NONE', #652, #1031, #797, .T. ) ;
#1990 = EDGE_CURVE ( 'NONE', #4749, #4767, #190, .T. ) ;
#1991 =( NAMED_UNIT ( * ) PLANE_ANGLE_UNIT ( ) SI_UNIT ( $, .RADIAN. ) );
#1992 = DIRECTION ( 'NONE',  ( -4.336808689942006700E-015, -1.000000000000000000, 0.0000000000000000000 ) ) ;
#1993 = CARTESIAN_POINT ( 'NONE',  ( 0.5263499968943464700, -0.1760206747587022600, 0.02000000000000000000 ) ) ;
#1994 =( GEOMETRIC_REPRESENTATION_CONTEXT ( 3 ) GLOBAL_UNCERTAINTY_ASSIGNED_CONTEXT ( ( #4415 ) ) GLOBAL_UNIT_ASSIGNED_CONTEXT ( ( #5564, #4596, #571 ) ) REPRESENTATION_CONTEXT ( 'NONE', 'WORKASPACE' ) );
#1995 = CARTESIAN_POINT ( 'NONE',  ( 0.6131126674932582100, -0.04298279970911134100, 1.355252715606880500E-017 ) ) ;
#1996 = CARTESIAN_POINT ( 'NONE',  ( 0.3968518678333570200, 0.2041409062263290500, 0.0000000000000000000 ) ) ;
#1997 = CARTESIAN_POINT ( 'NONE',  ( 0.4332725031317565300, -0.1963607990706987000, -0.0000000000000000000 ) ) ;
#1998 = STYLED_ITEM ( 'NONE', ( #5423 ), #342 ) ;
#1999 = AXIS2_PLACEMENT_3D ( 'NONE', #3851, #851, #4352 ) ;
#2000 = FACE_OUTER_BOUND ( 'NONE', #1023, .T. ) ;
#2001 = CARTESIAN_POINT ( 'NONE',  ( 2.500000000000000000, 1.600000000000000300, 0.3499999999999999800 ) ) ;
#2002 = CARTESIAN_POINT ( 'NONE',  ( -0.4876409877575750300, 0.01729887932191855700, -0.0000000000000000000 ) ) ;
#2003 = B_SPLINE_CURVE_WITH_KNOTS ( 'NONE', 3,
 ( #5465, #4520, #527, #4080, #1065, #4565, #1556, #5031, #2061, #5507, #2588, #6034, #3107, #6532, #3615, #558, #4097, #1078, #4589 ),
 .UNSPECIFIED., .F., .F.,
 ( 4, 1, 1, 1, 1, 1, 1, 1, 1, 1, 1, 1, 1, 1, 1, 1, 4 ),
 ( 0.0000000000000000000, 0.06863117867660112300, 0.1345664660386772200, 0.1983281540108811900, 0.2607897666408450200, 0.3219991514841584200, 0.3827217465030197100, 0.4435374740357287400, 0.5051334294849249000, 0.5662138747646717800, 0.6261058646175454700, 0.6853493221605164700, 0.7449958703477971300, 0.8054158418145626100, 0.8676362663459532600, 0.9323077823023292500, 1.000000000000000000 ),
 .UNSPECIFIED. ) ;
#2004 = CARTESIAN_POINT ( 'NONE',  ( -0.2883955792682927900, -0.2452205571492869800, 0.02000000000000000000 ) ) ;
#2005 = FACE_OUTER_BOUND ( 'NONE', #401, .T. ) ;
#2006 = PLANE ( 'NONE',  #4604 ) ;
#2007 = SURFACE_STYLE_USAGE ( .BOTH. , #465 ) ;
#2008 = DIRECTION ( 'NONE',  ( -1.000000000000000000, 0.0000000000000000000, 0.0000000000000000000 ) ) ;
#2009 = CARTESIAN_POINT ( 'NONE',  ( 0.1463414634146338900, -0.01961080105172599200, -0.0000000000000000000 ) ) ;
#2010 =( NAMED_UNIT ( * ) PLANE_ANGLE_UNIT ( ) SI_UNIT ( $, .RADIAN. ) );
#2011 = PRESENTATION_STYLE_ASSIGNMENT (( #1436 ) ) ;
#2012 = VECTOR ( 'NONE', #6161, 1000.000000000000000 ) ;
#2013 = DIRECTION ( 'NONE',  ( 0.0000000000000000000, 0.0000000000000000000, -1.000000000000000000 ) ) ;
#2014 = UNCERTAINTY_MEASURE_WITH_UNIT (LENGTH_MEASURE( 1.000000000000000100E-005 ), #5763, 'distance_accuracy_value', 'NONE');
#2015 = CARTESIAN_POINT ( 'NONE',  ( 0.3704262831464873500, -0.1886330442821613800, -0.0000000000000000000 ) ) ;
#2016 = VECTOR ( 'NONE', #1415, 1000.000000000000000 ) ;
#2017 = DIRECTION ( 'NONE',  ( 0.0000000000000000000, -1.000000000000000000, 0.0000000000000000000 ) ) ;
#2018 = STYLED_ITEM ( 'NONE', ( #2672 ), #547 ) ;
#2019 = DIRECTION ( 'NONE',  ( -0.0000000000000000000, 1.000000000000000000, 0.0000000000000000000 ) ) ;
#2020 = CARTESIAN_POINT ( 'NONE',  ( -0.6646341463414634500, -0.2452205571492869800, 0.02000000000000000000 ) ) ;
#2021 = CARTESIAN_POINT ( 'NONE',  ( -0.3892718088248065000, 0.1815563509975990100, 0.0000000000000000000 ) ) ;
#2022 = EDGE_CURVE ( 'NONE', #2556, #2060, #5732, .T. ) ;
#2023 = CARTESIAN_POINT ( 'NONE',  ( -0.5132506857202211400, 0.1529665849759517800, 0.02000000000000000000 ) ) ;
#2024 = PRESENTATION_STYLE_ASSIGNMENT (( #5143 ) ) ;
#2025 = CARTESIAN_POINT ( 'NONE',  ( 2.101000000000000000, 1.500000000000000000, 0.3489999999999999800 ) ) ;
#2026 = EDGE_CURVE ( 'NONE', #1182, #4167, #3167, .T. ) ;
#2027 = MECHANICAL_DESIGN_GEOMETRIC_PRESENTATION_REPRESENTATION (  '', ( #1036 ), #2397 ) ;
#2028 = DIRECTION ( 'NONE',  ( -0.0000000000000000000, -0.0000000000000000000, -1.000000000000000000 ) ) ;
#2029 = LINE ( 'NONE', #822, #5825 ) ;
#2030 = EDGE_CURVE ( 'NONE', #635, #3892, #3498, .T. ) ;
#2031 = DIRECTION ( 'NONE',  ( 1.000000000000000000, 0.0000000000000000000, -0.0000000000000000000 ) ) ;
#2032 = ORIENTED_EDGE ( 'NONE', *, *, #4646, .T. ) ;
#2033 = DIRECTION ( 'NONE',  ( -0.0000000000000000000, -0.0000000000000000000, -1.000000000000000000 ) ) ;
#2034 = VECTOR ( 'NONE', #5057, 1000.000000000000000 ) ;
#2035 = ORIENTED_EDGE ( 'NONE', *, *, #5342, .T. ) ;
#2036 = LINE ( 'NONE', #824, #4552 ) ;
#2037 = CARTESIAN_POINT ( 'NONE',  ( -0.8118330792682927300, 0.1938038330946154600, 0.02000000000000000000 ) ) ;
#2038 = CARTESIAN_POINT ( 'NONE',  ( -0.5132506857202211400, 0.1529665849759517800, 2.032879073410320800E-017 ) ) ;
#2039 = VECTOR ( 'NONE', #853, 1000.000000000000200 ) ;
#2040 = EDGE_CURVE ( 'NONE', #5015, #885, #1789, .T. ) ;
#2041 = VERTEX_POINT ( 'NONE', #2095 ) ;
#2042 =( NAMED_UNIT ( * ) PLANE_ANGLE_UNIT ( ) SI_UNIT ( $, .RADIAN. ) );
#2043 = AXIS2_PLACEMENT_3D ( 'NONE', #4798, #1796, #5341 ) ;
#2044 = LINE ( 'NONE', #5794, #4705 ) ;
#2045 = ORIENTED_EDGE ( 'NONE', *, *, #3367, .T. ) ;
#2046 = AXIS2_PLACEMENT_3D ( 'NONE', #5036, #5532, #4952 ) ;
#2047 = MECHANICAL_DESIGN_GEOMETRIC_PRESENTATION_REPRESENTATION (  '', ( #1389 ), #2410 ) ;
#2048 = ORIENTED_EDGE ( 'NONE', *, *, #4729, .T. ) ;
#2049 = ORIENTED_EDGE ( 'NONE', *, *, #3080, .F. ) ;
#2050 = FACE_OUTER_BOUND ( 'NONE', #5187, .T. ) ;
#2051 = SURFACE_STYLE_USAGE ( .BOTH. , #5020 ) ;
#2052 = ORIENTED_EDGE ( 'NONE', *, *, #157, .F. ) ;
#2053 = LINE ( 'NONE', #6473, #5839 ) ;
#2054 = CARTESIAN_POINT ( 'NONE',  ( 0.5356928650119090500, 0.1747554384129559000, 0.02000000000000000000 ) ) ;
#2055 = ORIENTED_EDGE ( 'NONE', *, *, #5333, .T. ) ;
#2056 = CIRCLE ( 'NONE', #5801, 0.3000000000000003800 ) ;
#2057 = CARTESIAN_POINT ( 'NONE',  ( -0.2195121951219513000, -0.1903425083687991800, 0.0000000000000000000 ) ) ;
#2058 = CIRCLE ( 'NONE', #317, 0.2200000000000001400 ) ;
#2059 = PLANE ( 'NONE',  #2554 ) ;
#2060 = VERTEX_POINT ( 'NONE', #2635 ) ;
#2061 = CARTESIAN_POINT ( 'NONE',  ( -0.4614464312525449200, 0.2043541831933167200, 0.0000000000000000000 ) ) ;
#2062 = ORIENTED_EDGE ( 'NONE', *, *, #3334, .F. ) ;
#2063 = ORIENTED_EDGE ( 'NONE', *, *, #305, .T. ) ;
#2064 = SURFACE_STYLE_FILL_AREA ( #5978 ) ;
#2065 = CARTESIAN_POINT ( 'NONE',  ( -0.8475609756097561800, 0.2547794428507130200, 0.0000000000000000000 ) ) ;
#2066 = CARTESIAN_POINT ( 'NONE',  ( 0.1463414634146338900, -0.1903425083687991800, -0.0000000000000000000 ) ) ;
#2067 = ORIENTED_EDGE ( 'NONE', *, *, #2697, .F. ) ;
#2068 = SURFACE_STYLE_USAGE ( .BOTH. , #4623 ) ;
#2069 = EDGE_LOOP ( 'NONE', ( #1370, #3734, #3277, #1215, #4689, #2325, #3261, #754 ) ) ;
#2070 = CARTESIAN_POINT ( 'NONE',  ( 0.0000000000000000000, 0.0000000000000000000, 0.0000000000000000000 ) ) ;
#2071 = DIRECTION ( 'NONE',  ( -0.0000000000000000000, -0.0000000000000000000, -1.000000000000000000 ) ) ;
#2072 = EDGE_LOOP ( 'NONE', ( #4182, #3106, #755, #4406 ) ) ;
#2073 = VECTOR ( 'NONE', #1059, 1000.000000000000100 ) ;
#2074 = STYLED_ITEM ( 'NONE', ( #863 ), #419 ) ;
#2075 = EDGE_LOOP ( 'NONE', ( #3446, #5279, #1275, #278, #5088, #4026, #4726, #4582, #3592, #476, #1972, #3186, #550, #2644, #4625, #2380 ) ) ;
#2076 = ORIENTED_EDGE ( 'NONE', *, *, #1857, .F. ) ;
#2077 = AXIS2_PLACEMENT_3D ( 'NONE', #4961, #4235, #982 ) ;
#2078 = UNCERTAINTY_MEASURE_WITH_UNIT (LENGTH_MEASURE( 1.000000000000000100E-005 ), #4686, 'distance_accuracy_value', 'NONE');
#2079 = ORIENTED_EDGE ( 'NONE', *, *, #6355, .F. ) ;
#2080 = LINE ( 'NONE', #1183, #756 ) ;
#2081 = CARTESIAN_POINT ( 'NONE',  ( 0.9146341463414632300, 0.2547794428507130200, 0.02000000000000000000 ) ) ;
#2082 = DIRECTION ( 'NONE',  ( 1.000000000000000000, 0.0000000000000000000, 0.0000000000000000000 ) ) ;
#2083 = ORIENTED_EDGE ( 'NONE', *, *, #2574, .T. ) ;
#2084 = CARTESIAN_POINT ( 'NONE',  ( 0.7256097560975607300, -0.1903425083687991800, 0.02000000000000000000 ) ) ;
#2085 = PLANE ( 'NONE',  #1809 ) ;
#2086 = CARTESIAN_POINT ( 'NONE',  ( -2.400000000000000400, 1.201000000000000300, 0.3489999999999999800 ) ) ;
#2087 = EDGE_CURVE ( 'NONE', #4413, #175, #3016, .T. ) ;
#2088 = AXIS2_PLACEMENT_3D ( 'NONE', #4304, #1299, #4788 ) ;
#2089 = PRESENTATION_LAYER_ASSIGNMENT (  '', '', ( #2441 ) ) ;
#2090 = CARTESIAN_POINT ( 'NONE',  ( 2.200999999999999600, 1.600000000000000300, -0.001000000000000000000 ) ) ;
#2091 = CARTESIAN_POINT ( 'NONE',  ( -0.5262737158895545200, 0.1328321326744797100, 0.02000000000000000000 ) ) ;
#2092 = AXIS2_PLACEMENT_3D ( 'NONE', #6398, #430, #239 ) ;
#2093 =( LENGTH_UNIT ( ) NAMED_UNIT ( * ) SI_UNIT ( .MILLI., .METRE. ) );
#2094 =( NAMED_UNIT ( * ) SI_UNIT ( $, .STERADIAN. ) SOLID_ANGLE_UNIT ( ) );
#2095 = CARTESIAN_POINT ( 'NONE',  ( 0.4485518292682932900, -0.2513181181248967400, 0.0000000000000000000 ) ) ;
#2096 = CARTESIAN_POINT ( 'NONE',  ( -0.9695121951219513000, -0.2452205571492869800, 0.0000000000000000000 ) ) ;
#2097 = B_SPLINE_CURVE_WITH_KNOTS ( 'NONE', 3,
 ( #1754, #4750, #5711, #2826, #6225, #3306, #208, #3796, #787, #4293, #1285, #4766, #1768, #5235, #2312, #5727, #2843, #6254, #3328 ),
 .UNSPECIFIED., .F., .F.,
 ( 4, 1, 1, 1, 1, 1, 1, 1, 1, 1, 1, 1, 1, 1, 1, 1, 4 ),
 ( 0.0000000000000000000, 0.07064371857535412000, 0.1382567155089045600, 0.2033641242175799900, 0.2663240938030567200, 0.3279047615429892000, 0.3887377151730921900, 0.4494235281093021400, 0.5108610114593152800, 0.5720793960475144500, 0.6317344287314451400, 0.6911172105788375700, 0.7503600294901702200, 0.8100329005312617600, 0.8713624508287359800, 0.9344271412311532200, 0.9999999999999998900 ),
 .UNSPECIFIED. ) ;
#2098 = FACE_OUTER_BOUND ( 'NONE', #2945, .T. ) ;
#2099 = FACE_OUTER_BOUND ( 'NONE', #4852, .T. ) ;
#2100 = EDGE_LOOP ( 'NONE', ( #454, #6483, #538, #765 ) ) ;
#2101 = DIRECTION ( 'NONE',  ( -0.0000000000000000000, -0.0000000000000000000, -1.000000000000000000 ) ) ;
#2102 = FILL_AREA_STYLE_COLOUR ( '', #3641 ) ;
#2103 = SURFACE_SIDE_STYLE ('',( #3646 ) ) ;
#2104 = FACE_OUTER_BOUND ( 'NONE', #1819, .T. ) ;
#2105 = DIRECTION ( 'NONE',  ( 0.0000000000000000000, -1.000000000000000000, 0.0000000000000000000 ) ) ;
#2106 = DIRECTION ( 'NONE',  ( 0.7071067811865454600, -0.7071067811865495700, -0.0000000000000000000 ) ) ;
#2107 = ORIENTED_EDGE ( 'NONE', *, *, #1321, .T. ) ;
#2108 = UNCERTAINTY_MEASURE_WITH_UNIT (LENGTH_MEASURE( 1.000000000000000100E-005 ), #4215, 'distance_accuracy_value', 'NONE');
#2109 = UNCERTAINTY_MEASURE_WITH_UNIT (LENGTH_MEASURE( 1.000000000000000100E-005 ), #3232, 'distance_accuracy_value', 'NONE');
#2110 = CARTESIAN_POINT ( 'NONE',  ( 0.3868066585732958300, -0.1921864016431352500, 0.02000000000000000000 ) ) ;
#2111 = SURFACE_STYLE_FILL_AREA ( #3419 ) ;
#2112 = ORIENTED_EDGE ( 'NONE', *, *, #5026, .T. ) ;
#2113 = TOROIDAL_SURFACE ( 'NONE', #270, 0.2000000000000000700, 0.05000000000000000300 ) ;
#2114 = ORIENTED_EDGE ( 'NONE', *, *, #3819, .F. ) ;
#2115 = DIRECTION ( 'NONE',  ( 1.000000000000000000, -9.856383386231858800E-017, 0.0000000000000000000 ) ) ;
#2116 = ORIENTED_EDGE ( 'NONE', *, *, #4359, .T. ) ;
#2117 = VECTOR ( 'NONE', #4024, 1000.000000000000000 ) ;
#2118 = CARTESIAN_POINT ( 'NONE',  ( 0.6158536585365860200, -0.0005559230029455151900, 1.355252715606880500E-017 ) ) ;
#2119 = CARTESIAN_POINT ( 'NONE',  ( 2.199999999999999700, 1.600000000000000300, 0.3489999999999999800 ) ) ;
#2120 = DIRECTION ( 'NONE',  ( 0.0000000000000000000, -1.000000000000000000, -0.0000000000000000000 ) ) ;
#2121 =( LENGTH_UNIT ( ) NAMED_UNIT ( * ) SI_UNIT ( .MILLI., .METRE. ) );
#2122 = EDGE_CURVE ( 'NONE', #3966, #1182, #247, .T. ) ;
#2123 = ORIENTED_EDGE ( 'NONE', *, *, #6070, .T. ) ;
#2124 = FACE_OUTER_BOUND ( 'NONE', #2075, .T. ) ;
#2125 = EDGE_CURVE ( 'NONE', #4275, #4580, #4169, .T. ) ;
#2126 = EDGE_CURVE ( 'NONE', #5541, #1039, #1489, .T. ) ;
#2127 = ORIENTED_EDGE ( 'NONE', *, *, #6190, .T. ) ;
#2128 = ORIENTED_EDGE ( 'NONE', *, *, #2666, .F. ) ;
#2129 = AXIS2_PLACEMENT_3D ( 'NONE', #3124, #6552, #3623 ) ;
#2130 = LINE ( 'NONE', #1200, #808 ) ;
#2131 = AXIS2_PLACEMENT_3D ( 'NONE', #798, #2359, #971 ) ;
#2132 = ORIENTED_EDGE ( 'NONE', *, *, #6302, .F. ) ;
#2133 = LINE ( 'NONE', #2278, #4629 ) ;
#2134 = FILL_AREA_STYLE ('',( #2665 ) ) ;
#2135 = VERTEX_POINT ( 'NONE', #6062 ) ;
#2136 = CARTESIAN_POINT ( 'NONE',  ( 0.4332725031317565300, -0.1963607990706987000, 0.02000000000000000000 ) ) ;
#2137 = VERTEX_POINT ( 'NONE', #4136 ) ;
#2138 = ORIENTED_EDGE ( 'NONE', *, *, #3334, .T. ) ;
#2139 = CARTESIAN_POINT ( 'NONE',  ( 0.6344277638371990100, -0.1663243284817211300, 0.02000000000000000000 ) ) ;
#2140 = CIRCLE ( 'NONE', #5672, 0.1499999999999999700 ) ;
#2141 = DIRECTION ( 'NONE',  ( -1.000000000000000000, 0.0000000000000000000, 0.0000000000000000000 ) ) ;
#2142 = CARTESIAN_POINT ( 'NONE',  ( 0.3109756097560982300, -0.1644278742224577200, 1.355252715606880500E-017 ) ) ;
#2143 = CIRCLE ( 'NONE', #1049, 0.2990000000000002100 ) ;
#2144 = STYLED_ITEM ( 'NONE', ( #529 ), #312 ) ;
#2145 = STYLED_ITEM ( 'NONE', ( #1106 ), #6107 ) ;
#2146 = EDGE_LOOP ( 'NONE', ( #4206, #4259, #4333, #4581 ) ) ;
#2147 = VERTEX_POINT ( 'NONE', #2119 ) ;
#2148 = VERTEX_POINT ( 'NONE', #6087 ) ;
#2149 =( NAMED_UNIT ( * ) SI_UNIT ( $, .STERADIAN. ) SOLID_ANGLE_UNIT ( ) );
#2150 = VERTEX_POINT ( 'NONE', #28 ) ;
#2151 = ADVANCED_FACE ( 'NONE', ( #5130 ), #2658, .F. ) ;
#2152 = DIRECTION ( 'NONE',  ( 1.000000000000000000, 0.0000000000000000000, 0.0000000000000000000 ) ) ;
#2153 = ORIENTED_EDGE ( 'NONE', *, *, #6408, .F. ) ;
#2154 = DIRECTION ( 'NONE',  ( -0.0000000000000000000, 0.0000000000000000000, 1.000000000000000000 ) ) ;
#2155 = EDGE_LOOP ( 'NONE', ( #1022, #1113, #1799, #1647 ) ) ;
#2156 = VECTOR ( 'NONE', #1680, 1000.000000000000000 ) ;
#2157 = CARTESIAN_POINT ( 'NONE',  ( 0.6788953285478538400, 0.05195168874432537500, 0.02000000000000000000 ) ) ;
#2158 = CARTESIAN_POINT ( 'NONE',  ( 0.3668698776661527000, 0.1981420176592990900, 1.355252715606880500E-017 ) ) ;
#2159 = CARTESIAN_POINT ( 'NONE',  ( 0.4038117729642039500, -0.1946005113006493100, 0.02000000000000000000 ) ) ;
#2160 = CARTESIAN_POINT ( 'NONE',  ( -0.8134527439024390500, 0.1938038330946154600, 0.02000000000000000000 ) ) ;
#2161 = ORIENTED_EDGE ( 'NONE', *, *, #3378, .T. ) ;
#2162 = SURFACE_STYLE_FILL_AREA ( #1392 ) ;
#2163 =( NAMED_UNIT ( * ) SI_UNIT ( $, .STERADIAN. ) SOLID_ANGLE_UNIT ( ) );
#2164 = DIRECTION ( 'NONE',  ( -1.000000000000000000, 0.0000000000000000000, 0.0000000000000000000 ) ) ;
#2165 = STYLED_ITEM ( 'NONE', ( #5330 ), #497 ) ;
#2166 = UNCERTAINTY_MEASURE_WITH_UNIT (LENGTH_MEASURE( 1.000000000000000100E-005 ), #5354, 'distance_accuracy_value', 'NONE');
#2167 = EDGE_CURVE ( 'NONE', #4643, #5598, #6463, .T. ) ;
#2168 = VERTEX_POINT ( 'NONE', #3681 ) ;
#2169 = DIRECTION ( 'NONE',  ( 0.0000000000000000000, 0.0000000000000000000, -1.000000000000000000 ) ) ;
#2170 = MECHANICAL_DESIGN_GEOMETRIC_PRESENTATION_REPRESENTATION (  '', ( #1155 ), #2513 ) ;
#2171 = DIRECTION ( 'NONE',  ( 0.0000000000000000000, 1.000000000000000000, 0.0000000000000000000 ) ) ;
#2172 = EDGE_CURVE ( 'NONE', #5015, #5078, #5993, .T. ) ;
#2173 = DIRECTION ( 'NONE',  ( 1.000000000000000000, 0.0000000000000000000, 0.0000000000000000000 ) ) ;
#2174 = CARTESIAN_POINT ( 'NONE',  ( 0.3402335741721104800, -0.2335494011916366700, 0.02000000000000000000 ) ) ;
#2175 = LINE ( 'NONE', #1334, #5966 ) ;
#2176 = CARTESIAN_POINT ( 'NONE',  ( 0.6113948168277749700, 0.1881541894542860500, 1.355252715606880500E-017 ) ) ;
#2177 = EDGE_CURVE ( 'NONE', #5162, #1871, #1329, .T. ) ;
#2178 = DIRECTION ( 'NONE',  ( -0.0000000000000000000, -0.0000000000000000000, -1.000000000000000000 ) ) ;
#2179 = AXIS2_PLACEMENT_3D ( 'NONE', #2449, #5884, #2984 ) ;
#2180 = DIRECTION ( 'NONE',  ( 0.0000000000000000000, 0.0000000000000000000, -1.000000000000000000 ) ) ;
#2181 = CARTESIAN_POINT ( 'NONE',  ( -0.5262737158895545200, 0.1328321326744797100, 2.032879073410320800E-017 ) ) ;
#2182 = SURFACE_STYLE_FILL_AREA ( #2134 ) ;
#2183 = ADVANCED_FACE ( 'NONE', ( #2200 ), #1154, .F. ) ;
#2184 = SURFACE_STYLE_FILL_AREA ( #5960 ) ;
#2185 = SURFACE_SIDE_STYLE ('',( #4691 ) ) ;
#2186 = DIRECTION ( 'NONE',  ( 0.0000000000000000000, 0.0000000000000000000, -1.000000000000000000 ) ) ;
#2187 = LINE ( 'NONE', #6146, #858 ) ;
#2188 = CARTESIAN_POINT ( 'NONE',  ( 0.4280678353658542400, 0.2059989550458349900, 0.02000000000000000000 ) ) ;
#2189 = CARTESIAN_POINT ( 'NONE',  ( 0.6040308745227657200, -0.08123667622124218500, 1.355252715606880500E-017 ) ) ;
#2190 =( LENGTH_UNIT ( ) NAMED_UNIT ( * ) SI_UNIT ( .MILLI., .METRE. ) );
#2191 = CARTESIAN_POINT ( 'NONE',  ( 0.4742051573765536100, -0.2507459749996672800, 0.0000000000000000000 ) ) ;
#2192 = B_SPLINE_CURVE_WITH_KNOTS ( 'NONE', 3,
 ( #2282, #5216, #4311, #1301, #4794, #1792, #5249, #2337, #5755, #2862, #6276 ),
 .UNSPECIFIED., .F., .F.,
 ( 4, 1, 1, 1, 1, 1, 1, 1, 4 ),
 ( 0.0000000000000000000, 0.1252796967356258600, 0.2494199707420513300, 0.3733567994928198000, 0.4966812787822860200, 0.6202029157439824500, 0.7450863201614562600, 0.8712691950190979400, 1.000000000000000000 ),
 .UNSPECIFIED. ) ;
#2193 = COLOUR_RGB ( '',0.2980392156862745100, 0.2980392156862745100, 0.2980392156862745100 ) ;
#2194 = LINE ( 'NONE', #2401, #5982 ) ;
#2195 = CARTESIAN_POINT ( 'NONE',  ( 0.4553858262546222100, 0.2602547031304121600, 0.02000000000000000000 ) ) ;
#2196 = ORIENTED_EDGE ( 'NONE', *, *, #6496, .T. ) ;
#2197 = CARTESIAN_POINT ( 'NONE',  ( 0.3816842251632447900, 0.2017326008699218700, 0.02000000000000000000 ) ) ;
#2198 = DIRECTION ( 'NONE',  ( -1.000000000000000000, 0.0000000000000000000, 0.0000000000000000000 ) ) ;
#2199 = CARTESIAN_POINT ( 'NONE',  ( 0.3402335741721104800, -0.2335494011916366700, 1.355252715606880500E-017 ) ) ;
#2200 = FACE_OUTER_BOUND ( 'NONE', #4860, .T. ) ;
#2201 = CARTESIAN_POINT ( 'NONE',  ( -0.5367538280350979700, 0.1111813637478258800, 0.02000000000000000000 ) ) ;
#2202 = STYLED_ITEM ( 'NONE', ( #3775 ), #378 ) ;
#2203 = EDGE_CURVE ( 'NONE', #1602, #69, #2943, .T. ) ;
#2204 =( LENGTH_UNIT ( ) NAMED_UNIT ( * ) SI_UNIT ( .MILLI., .METRE. ) );
#2205 = ORIENTED_EDGE ( 'NONE', *, *, #921, .F. ) ;
#2206 = DIRECTION ( 'NONE',  ( 0.0000000000000000000, -0.0000000000000000000, -1.000000000000000000 ) ) ;
#2207 = CARTESIAN_POINT ( 'NONE',  ( 2.419999999999999900, -1.300000000000000000, 0.4500000000000000100 ) ) ;
#2208 = CARTESIAN_POINT ( 'NONE',  ( 0.9817073170731704900, 0.2547794428507130200, 0.0000000000000000000 ) ) ;
#2209 = ORIENTED_EDGE ( 'NONE', *, *, #5984, .T. ) ;
#2210 = VECTOR ( 'NONE', #810, 1000.000000000000000 ) ;
#2211 = ORIENTED_EDGE ( 'NONE', *, *, #5416, .F. ) ;
#2212 = FACE_OUTER_BOUND ( 'NONE', #4226, .T. ) ;
#2213 = CARTESIAN_POINT ( 'NONE',  ( 0.6158536585365860200, -0.0005559230029455151900, 0.02000000000000000000 ) ) ;
#2214 = ORIENTED_EDGE ( 'NONE', *, *, #4039, .F. ) ;
#2215 = LINE ( 'NONE', #2347, #4848 ) ;
#2216 = VERTEX_POINT ( 'NONE', #81 ) ;
#2217 = EDGE_LOOP ( 'NONE', ( #839, #911, #3354, #1146 ) ) ;
#2218 = FILL_AREA_STYLE_COLOUR ( '', #155 ) ;
#2219 = ORIENTED_EDGE ( 'NONE', *, *, #997, .T. ) ;
#2220 = ORIENTED_EDGE ( 'NONE', *, *, #5103, .F. ) ;
#2221 = ADVANCED_FACE ( 'NONE', ( #1563 ), #1695, .T. ) ;
#2222 = FACE_OUTER_BOUND ( 'NONE', #3655, .T. ) ;
#2223 = CARTESIAN_POINT ( 'NONE',  ( 0.6792951741591103400, -0.05731208890310668400, -0.0000000000000000000 ) ) ;
#2224 = VERTEX_POINT ( 'NONE', #4693 ) ;
#2225 = EDGE_CURVE ( 'NONE', #3366, #2795, #6213, .T. ) ;
#2226 = EDGE_CURVE ( 'NONE', #5451, #6089, #4906, .T. ) ;
#2227 = CARTESIAN_POINT ( 'NONE',  ( -0.5542802873806468300, -0.01688784679226948400, 0.02000000000000000000 ) ) ;
#2228 = VERTEX_POINT ( 'NONE', #156 ) ;
#2229 = ORIENTED_EDGE ( 'NONE', *, *, #1189, .F. ) ;
#2230 = STYLED_ITEM ( 'NONE', ( #338 ), #122 ) ;
#2231 = SURFACE_STYLE_USAGE ( .BOTH. , #383 ) ;
#2232 = DIRECTION ( 'NONE',  ( 0.0000000000000000000, 0.0000000000000000000, -1.000000000000000000 ) ) ;
#2233 = ORIENTED_EDGE ( 'NONE', *, *, #995, .T. ) ;
#2234 = CARTESIAN_POINT ( 'NONE',  ( -0.8038300304878049900, 0.1587428574848593900, 1.355252715606880500E-017 ) ) ;
#2235 =( NAMED_UNIT ( * ) SI_UNIT ( $, .STERADIAN. ) SOLID_ANGLE_UNIT ( ) );
#2236 = VERTEX_POINT ( 'NONE', #5178 ) ;
#2237 =( NAMED_UNIT ( * ) PLANE_ANGLE_UNIT ( ) SI_UNIT ( $, .RADIAN. ) );
#2238 = ORIENTED_EDGE ( 'NONE', *, *, #3293, .F. ) ;
#2239 = CARTESIAN_POINT ( 'NONE',  ( -0.4071273330245622200, -0.1610619010853451300, 0.0000000000000000000 ) ) ;
#2240 = CARTESIAN_POINT ( 'NONE',  ( -0.5448913222597653300, 0.08813093253733343700, 0.02000000000000000000 ) ) ;
#2241 =( LENGTH_UNIT ( ) NAMED_UNIT ( * ) SI_UNIT ( .MILLI., .METRE. ) );
#2242 = ORIENTED_EDGE ( 'NONE', *, *, #305, .F. ) ;
#2243 = LINE ( 'NONE', #4555, #5867 ) ;
#2244 = CARTESIAN_POINT ( 'NONE',  ( -0.2932545731707317800, 0.1999013940702252200, 0.0000000000000000000 ) ) ;
#2245 = VERTEX_POINT ( 'NONE', #3268 ) ;
#2246 = UNCERTAINTY_MEASURE_WITH_UNIT (LENGTH_MEASURE( 1.000000000000000100E-005 ), #296, 'distance_accuracy_value', 'NONE');
#2247 = CARTESIAN_POINT ( 'NONE',  ( -0.3441520247636225000, -0.2412188311929424600, 0.02000000000000000000 ) ) ;
#2248 = VECTOR ( 'NONE', #2178, 1000.000000000000000 ) ;
#2249 = ORIENTED_EDGE ( 'NONE', *, *, #4521, .T. ) ;
#2250 = CARTESIAN_POINT ( 'NONE',  ( 2.101000000000000400, -1.600000000000000300, 0.3489999999999999800 ) ) ;
#2251 = FILL_AREA_STYLE_COLOUR ( '', #3891 ) ;
#2252 = ADVANCED_FACE ( 'NONE', ( #2281 ), #5195, .F. ) ;
#2253 = CARTESIAN_POINT ( 'NONE',  ( -0.5367538280350979700, 0.1111813637478258800, 2.032879073410320800E-017 ) ) ;
#2254 = DIRECTION ( 'NONE',  ( -0.0000000000000000000, -0.0000000000000000000, 1.000000000000000000 ) ) ;
#2255 = PRESENTATION_LAYER_ASSIGNMENT (  '', '', ( #2601 ) ) ;
#2256 = CARTESIAN_POINT ( 'NONE',  ( 2.400000000000000400, 1.201000000000000300, -0.001000000000000000000 ) ) ;
#2257 = EDGE_CURVE ( 'NONE', #1524, #530, #2097, .T. ) ;
#2258 = FILL_AREA_STYLE ('',( #3760 ) ) ;
#2259 = EDGE_CURVE ( 'NONE', #449, #4749, #2192, .T. ) ;
#2260 = AXIS2_PLACEMENT_3D ( 'NONE', #501, #551, #641 ) ;
#2261 = SURFACE_STYLE_FILL_AREA ( #3751 ) ;
#2262 = CARTESIAN_POINT ( 'NONE',  ( -2.500000000000000000, 1.201000000000000700, 0.3489999999999999800 ) ) ;
#2263 = DIRECTION ( 'NONE',  ( 1.000000000000000000, -0.0000000000000000000, 0.0000000000000000000 ) ) ;
#2264 = PRESENTATION_LAYER_ASSIGNMENT (  '', '', ( #1584 ) ) ;
#2265 = DIRECTION ( 'NONE',  ( 1.000000000000000000, -0.0000000000000000000, -0.0000000000000000000 ) ) ;
#2266 = SURFACE_STYLE_USAGE ( .BOTH. , #4433 ) ;
#2267 = LINE ( 'NONE', #4395, #6056 ) ;
#2268 = DIRECTION ( 'NONE',  ( 9.856383386231858800E-017, -1.000000000000000000, 0.0000000000000000000 ) ) ;
#2269 = DIRECTION ( 'NONE',  ( -0.0000000000000000000, 1.000000000000000000, -0.0000000000000000000 ) ) ;
#2270 = AXIS2_PLACEMENT_3D ( 'NONE', #6525, #3610, #543 ) ;
#2271 =( GEOMETRIC_REPRESENTATION_CONTEXT ( 3 ) GLOBAL_UNCERTAINTY_ASSIGNED_CONTEXT ( ( #5795 ) ) GLOBAL_UNIT_ASSIGNED_CONTEXT ( ( #6350, #6556, #3394 ) ) REPRESENTATION_CONTEXT ( 'NONE', 'WORKASPACE' ) );
#2272 = AXIS2_PLACEMENT_3D ( 'NONE', #2821, #5231, #2302 ) ;
#2273 = CARTESIAN_POINT ( 'NONE',  ( -2.500000000000000000, -1.600000000000000300, 0.3499999999999999800 ) ) ;
#2274 = CARTESIAN_POINT ( 'NONE',  ( -0.5448913222597653300, 0.08813093253733343700, 0.02000000000000000000 ) ) ;
#2275 = CARTESIAN_POINT ( 'NONE',  ( 0.5503284455404370300, 0.1634075122256821400, 0.02000000000000000000 ) ) ;
#2276 = CARTESIAN_POINT ( 'NONE',  ( -0.4873225018660896100, 0.03218531867558923500, 1.355252715606880500E-017 ) ) ;
#2277 = DIRECTION ( 'NONE',  ( 0.0000000000000000000, -1.000000000000000000, 0.0000000000000000000 ) ) ;
#2278 = CARTESIAN_POINT ( 'NONE',  ( -1.300000000000000300, -1.500000000000000000, -0.001000000000000000000 ) ) ;
#2279 = CARTESIAN_POINT ( 'NONE',  ( -2.400000000000000400, 0.6999999999999999600, -0.001000000000000000000 ) ) ;
#2280 = SURFACE_STYLE_FILL_AREA ( #2595 ) ;
#2281 = FACE_OUTER_BOUND ( 'NONE', #2730, .T. ) ;
#2282 = CARTESIAN_POINT ( 'NONE',  ( 0.3109756097560981700, 0.1739867599238837900, 0.02000000000000000000 ) ) ;
#2283 = EDGE_LOOP ( 'NONE', ( #3449, #4042, #2722, #6485 ) ) ;
#2284 = ADVANCED_FACE ( 'NONE', ( #4464, #3158, #1781, #434, #5572, #4310 ), #228, .T. ) ;
#2285 = DIRECTION ( 'NONE',  ( -0.0000000000000000000, -0.0000000000000000000, -1.000000000000000000 ) ) ;
#2286 = EDGE_LOOP ( 'NONE', ( #2548, #2888, #3029, #3040 ) ) ;
#2287 = CYLINDRICAL_SURFACE ( 'NONE', #3957, 0.2000000000000000900 ) ;
#2288 = CIRCLE ( 'NONE', #1459, 0.2000000000000000900 ) ;
#2289 = CARTESIAN_POINT ( 'NONE',  ( -0.5914634146341464200, -0.2452205571492869800, 0.0000000000000000000 ) ) ;
#2290 = FACE_OUTER_BOUND ( 'NONE', #6403, .T. ) ;
#2291 = DIRECTION ( 'NONE',  ( 0.0000000000000000000, 0.0000000000000000000, -1.000000000000000000 ) ) ;
#2292 = CARTESIAN_POINT ( 'NONE',  ( -0.5506623980646331300, -0.04390394433163362400, 1.355252715606880500E-017 ) ) ;
#2293 = CARTESIAN_POINT ( 'NONE',  ( -0.8038300304878049900, 0.1587428574848593900, 0.02000000000000000000 ) ) ;
#2294 = EDGE_LOOP ( 'NONE', ( #3502, #1522, #5767, #5211 ) ) ;
#2295 = VERTEX_POINT ( 'NONE', #3821 ) ;
#2296 = CARTESIAN_POINT ( 'NONE',  ( -0.5448913222597653300, 0.08813093253733343700, 2.032879073410320800E-017 ) ) ;
#2297 = EDGE_LOOP ( 'NONE', ( #2750, #3290, #4272, #4343 ) ) ;
#2298 = MECHANICAL_DESIGN_GEOMETRIC_PRESENTATION_REPRESENTATION (  '', ( #591 ), #2655 ) ;
#2299 = VECTOR ( 'NONE', #2532, 1000.000000000000000 ) ;
#2300 = SURFACE_STYLE_USAGE ( .BOTH. , #2388 ) ;
#2301 = DIRECTION ( 'NONE',  ( 0.0000000000000000000, 1.000000000000000000, 0.0000000000000000000 ) ) ;
#2302 = DIRECTION ( 'NONE',  ( -1.000000000000000000, 0.0000000000000000000, 0.0000000000000000000 ) ) ;
#2303 = ORIENTED_EDGE ( 'NONE', *, *, #5301, .T. ) ;
#2304 = SURFACE_STYLE_FILL_AREA ( #4305 ) ;
#2305 = ORIENTED_EDGE ( 'NONE', *, *, #2893, .T. ) ;
#2306 = ORIENTED_EDGE ( 'NONE', *, *, #2926, .F. ) ;
#2307 = EDGE_LOOP ( 'NONE', ( #5588, #541, #5828, #719 ) ) ;
#2308 = STYLED_ITEM ( 'NONE', ( #5163 ), #665 ) ;
#2309 = CIRCLE ( 'NONE', #5030, 0.2000000000000000900 ) ;
#2310 = LINE ( 'NONE', #874, #819 ) ;
#2311 = CARTESIAN_POINT ( 'NONE',  ( 0.6157147486115226400, -0.007866525850831125300, 1.355252715606880500E-017 ) ) ;
#2312 = CARTESIAN_POINT ( 'NONE',  ( 0.5060815322072960100, 0.2510437881909270400, 0.0000000000000000000 ) ) ;
#2313 = CARTESIAN_POINT ( 'NONE',  ( 0.1463414634146338900, -0.1903425083687991800, -0.0000000000000000000 ) ) ;
#2314 = DIRECTION ( 'NONE',  ( 0.0000000000000000000, 0.0000000000000000000, -1.000000000000000000 ) ) ;
#2315 = EDGE_CURVE ( 'NONE', #3606, #2567, #1167, .T. ) ;
#2316 = MECHANICAL_DESIGN_GEOMETRIC_PRESENTATION_REPRESENTATION (  '', ( #1622 ), #2667 ) ;
#2317 = PRESENTATION_LAYER_ASSIGNMENT (  '', '', ( #1292 ) ) ;
#2318 = DIRECTION ( 'NONE',  ( -0.0000000000000000000, 0.0000000000000000000, -1.000000000000000000 ) ) ;
#2319 = ORIENTED_EDGE ( 'NONE', *, *, #1289, .T. ) ;
#2320 = FILL_AREA_STYLE_COLOUR ( '', #1874 ) ;
#2321 = EDGE_LOOP ( 'NONE', ( #726, #5458, #360, #1050 ) ) ;
#2322 =( NAMED_UNIT ( * ) PLANE_ANGLE_UNIT ( ) SI_UNIT ( $, .RADIAN. ) );
#2323 = CARTESIAN_POINT ( 'NONE',  ( -0.4613397204180566500, -0.1918168026657045000, 0.02000000000000000000 ) ) ;
#2324 = CARTESIAN_POINT ( 'NONE',  ( -0.5506537293359090600, 0.06369755356375507400, 0.02000000000000000000 ) ) ;
#2325 = ORIENTED_EDGE ( 'NONE', *, *, #5632, .T. ) ;
#2326 = VECTOR ( 'NONE', #2171, 1000.000000000000000 ) ;
#2327 = FILL_AREA_STYLE ('',( #892 ) ) ;
#2328 = VERTEX_POINT ( 'NONE', #1355 ) ;
#2329 = CARTESIAN_POINT ( 'NONE',  ( -0.3341406441838932800, -0.1873390553491258400, 0.02000000000000000000 ) ) ;
#2330 =( NAMED_UNIT ( * ) SI_UNIT ( $, .STERADIAN. ) SOLID_ANGLE_UNIT ( ) );
#2331 = ORIENTED_EDGE ( 'NONE', *, *, #1080, .T. ) ;
#2332 = ORIENTED_EDGE ( 'NONE', *, *, #4315, .T. ) ;
#2333 = VECTOR ( 'NONE', #3874, 1000.000000000000000 ) ;
#2334 = UNCERTAINTY_MEASURE_WITH_UNIT (LENGTH_MEASURE( 1.000000000000000100E-005 ), #3545, 'distance_accuracy_value', 'NONE');
#2335 = UNCERTAINTY_MEASURE_WITH_UNIT (LENGTH_MEASURE( 1.000000000000000100E-005 ), #2431, 'distance_accuracy_value', 'NONE');
#2336 = DIRECTION ( 'NONE',  ( 0.0000000000000000000, 0.0000000000000000000, -1.000000000000000000 ) ) ;
#2337 = CARTESIAN_POINT ( 'NONE',  ( 0.3968518678333570200, 0.2041409062263290500, 0.02000000000000000000 ) ) ;
#2338 = ORIENTED_EDGE ( 'NONE', *, *, #1505, .T. ) ;
#2339 = DIRECTION ( 'NONE',  ( -0.0000000000000000000, -0.0000000000000000000, -1.000000000000000000 ) ) ;
#2340 = EDGE_CURVE ( 'NONE', #6251, #5193, #6295, .T. ) ;
#2341 = CARTESIAN_POINT ( 'NONE',  ( -0.3167229944959291700, -0.2447080404971323000, 1.355252715606880500E-017 ) ) ;
#2342 = FILL_AREA_STYLE_COLOUR ( '', #4381 ) ;
#2343 = CARTESIAN_POINT ( 'NONE',  ( -0.5506537293359090600, 0.06369755356375507400, 2.032879073410320800E-017 ) ) ;
#2344 = FILL_AREA_STYLE ('',( #21 ) ) ;
#2345 = CARTESIAN_POINT ( 'NONE',  ( 0.6158536585365860200, -0.0005559230029455151900, 0.0000000000000000000 ) ) ;
#2346 = CARTESIAN_POINT ( 'NONE',  ( -0.4872970335962070200, -0.01299725068988547200, 0.02000000000000000000 ) ) ;
#2347 = CARTESIAN_POINT ( 'NONE',  ( 2.400000000000000400, -1.201000000000000300, -0.001000000000000000000 ) ) ;
#2348 = CARTESIAN_POINT ( 'NONE',  ( 0.6674435890370698000, -0.1050160049156174900, 0.02000000000000000000 ) ) ;
#2349 = PRESENTATION_STYLE_ASSIGNMENT (( #5097 ) ) ;
#2350 = CARTESIAN_POINT ( 'NONE',  ( 0.3729713468732502900, -0.2435290802774680000, 0.02000000000000000000 ) ) ;
#2351 = EDGE_CURVE ( 'NONE', #439, #2228, #4977, .T. ) ;
#2352 = EDGE_CURVE ( 'NONE', #5670, #6319, #3846, .T. ) ;
#2353 = CARTESIAN_POINT ( 'NONE',  ( 0.0000000000000000000, 0.0000000000000000000, 0.0000000000000000000 ) ) ;
#2354 = EDGE_CURVE ( 'NONE', #3355, #906, #1015, .T. ) ;
#2355 = AXIS2_PLACEMENT_3D ( 'NONE', #743, #4250, #1236 ) ;
#2356 = CARTESIAN_POINT ( 'NONE',  ( -2.500000000000000000, 1.300000000000000300, 0.3489999999999999800 ) ) ;
#2357 = VECTOR ( 'NONE', #6178, 1000.000000000000000 ) ;
#2358 = SURFACE_STYLE_USAGE ( .BOTH. , #4281 ) ;
#2359 = DIRECTION ( 'NONE',  ( 0.0000000000000000000, 1.000000000000000000, 0.0000000000000000000 ) ) ;
#2360 = DIRECTION ( 'NONE',  ( 1.000000000000000000, 0.0000000000000000000, 0.0000000000000000000 ) ) ;
#2361 = PRESENTATION_STYLE_ASSIGNMENT (( #2853 ) ) ;
#2362 = CARTESIAN_POINT ( 'NONE',  ( -2.500000000000000000, 1.600000000000000300, 0.0000000000000000000 ) ) ;
#2363 = VECTOR ( 'NONE', #252, 1000.000000000000000 ) ;
#2364 = AXIS2_PLACEMENT_3D ( 'NONE', #2025, #735, #5623 ) ;
#2365 = AXIS2_PLACEMENT_3D ( 'NONE', #868, #4370, #1369 ) ;
#2366 = PLANE ( 'NONE',  #1863 ) ;
#2367 = DIRECTION ( 'NONE',  ( 0.0000000000000000000, 1.000000000000000000, 0.0000000000000000000 ) ) ;
#2368 = CARTESIAN_POINT ( 'NONE',  ( 2.199999999999999700, 1.500000000000000400, 0.4699999999999999700 ) ) ;
#2369 = CARTESIAN_POINT ( 'NONE',  ( 0.4286394817073176900, 0.2608770038263227800, 0.02000000000000000000 ) ) ;
#2370 = SURFACE_STYLE_FILL_AREA ( #1394 ) ;
#2371 = CARTESIAN_POINT ( 'NONE',  ( 2.101000000000000000, 1.500000000000000000, -0.001000000000000000000 ) ) ;
#2372 = CARTESIAN_POINT ( 'NONE',  ( -2.101000000000000000, 1.500000000000000000, -0.001000000000000000000 ) ) ;
#2373 = PRESENTATION_STYLE_ASSIGNMENT (( #3628 ) ) ;
#2374 = CARTESIAN_POINT ( 'NONE',  ( 2.500000000000000000, 1.600000000000000300, 0.3489999999999999800 ) ) ;
#2375 = DIRECTION ( 'NONE',  ( 0.0000000000000000000, 0.0000000000000000000, -1.000000000000000000 ) ) ;
#2376 = VECTOR ( 'NONE', #4756, 1000.000000000000000 ) ;
#2377 = UNCERTAINTY_MEASURE_WITH_UNIT (LENGTH_MEASURE( 1.000000000000000100E-005 ), #5003, 'distance_accuracy_value', 'NONE');
#2378 = ORIENTED_EDGE ( 'NONE', *, *, #4827, .F. ) ;
#2379 = ORIENTED_EDGE ( 'NONE', *, *, #5104, .T. ) ;
#2380 = ORIENTED_EDGE ( 'NONE', *, *, #4974, .F. ) ;
#2381 = ORIENTED_EDGE ( 'NONE', *, *, #1739, .T. ) ;
#2382 = LINE ( 'NONE', #3215, #3588 ) ;
#2383 = CARTESIAN_POINT ( 'NONE',  ( 0.3402335741721104800, -0.2335494011916366700, -0.0000000000000000000 ) ) ;
#2384 = CARTESIAN_POINT ( 'NONE',  ( 0.3381595203132162800, 0.1881254481574126400, 0.02000000000000000000 ) ) ;
#2385 = DIRECTION ( 'NONE',  ( 0.0000000000000000000, -1.000000000000000000, 0.0000000000000000000 ) ) ;
#2386 = CARTESIAN_POINT ( 'NONE',  ( 2.199999999999999700, 1.600000000000000300, 0.3499999999999999800 ) ) ;
#2387 = AXIS2_PLACEMENT_3D ( 'NONE', #3542, #826, #2571 ) ;
#2388 = SURFACE_SIDE_STYLE ('',( #1412 ) ) ;
#2389 = ORIENTED_EDGE ( 'NONE', *, *, #2022, .F. ) ;
#2390 = ORIENTED_EDGE ( 'NONE', *, *, #877, .F. ) ;
#2391 = PLANE ( 'NONE',  #6035 ) ;
#2392 = CARTESIAN_POINT ( 'NONE',  ( 0.4942627770300095400, -0.1893510377959579700, 0.02000000000000000000 ) ) ;
#2393 = CARTESIAN_POINT ( 'NONE',  ( 0.3494659985123489400, 0.2533672320202993200, 0.02000000000000000000 ) ) ;
#2394 = EDGE_CURVE ( 'NONE', #2482, #1430, #3701, .T. ) ;
#2395 = EDGE_CURVE ( 'NONE', #3060, #5750, #6284, .T. ) ;
#2396 = CARTESIAN_POINT ( 'NONE',  ( 0.1463414634146338900, 0.1999013940702252200, 0.02000000000000000000 ) ) ;
#2397 =( GEOMETRIC_REPRESENTATION_CONTEXT ( 3 ) GLOBAL_UNCERTAINTY_ASSIGNED_CONTEXT ( ( #4364 ) ) GLOBAL_UNIT_ASSIGNED_CONTEXT ( ( #1158, #1120, #1095 ) ) REPRESENTATION_CONTEXT ( 'NONE', 'WORKASPACE' ) );
#2398 = EDGE_LOOP ( 'NONE', ( #389, #397, #2249, #475 ) ) ;
#2399 = CARTESIAN_POINT ( 'NONE',  ( 0.4348425162981093800, 0.2058532870028461600, -0.0000000000000000000 ) ) ;
#2400 = EDGE_CURVE ( 'NONE', #3425, #6088, #2194, .T. ) ;
#2401 = CARTESIAN_POINT ( 'NONE',  ( 0.9146341463414632300, -0.1903425083687991800, 0.02000000000000000000 ) ) ;
#2402 = ORIENTED_EDGE ( 'NONE', *, *, #3045, .F. ) ;
#2403 = SURFACE_STYLE_FILL_AREA ( #4940 ) ;
#2404 = CARTESIAN_POINT ( 'NONE',  ( 2.500000000000000000, 1.201000000000000700, 0.3489999999999999800 ) ) ;
#2405 = ORIENTED_EDGE ( 'NONE', *, *, #251, .F. ) ;
#2406 = ORIENTED_EDGE ( 'NONE', *, *, #5214, .T. ) ;
#2407 = EDGE_CURVE ( 'NONE', #800, #6367, #4831, .T. ) ;
#2408 = AXIS2_PLACEMENT_3D ( 'NONE', #969, #4463, #1464 ) ;
#2409 = STYLED_ITEM ( 'NONE', ( #4561 ), #266 ) ;
#2410 =( GEOMETRIC_REPRESENTATION_CONTEXT ( 3 ) GLOBAL_UNCERTAINTY_ASSIGNED_CONTEXT ( ( #4890 ) ) GLOBAL_UNIT_ASSIGNED_CONTEXT ( ( #2946, #6361, #3463 ) ) REPRESENTATION_CONTEXT ( 'NONE', 'WORKASPACE' ) );
#2411 = VECTOR ( 'NONE', #2995, 1000.000000000000000 ) ;
#2412 = CARTESIAN_POINT ( 'NONE',  ( 0.6829268292682932900, -0.004652721783433296800, 0.02000000000000000000 ) ) ;
#2413 = CARTESIAN_POINT ( 'NONE',  ( -2.500000000000000000, 1.600000000000000300, 0.3499999999999999800 ) ) ;
#2414 =( NAMED_UNIT ( * ) PLANE_ANGLE_UNIT ( ) SI_UNIT ( $, .RADIAN. ) );
#2415 = CARTESIAN_POINT ( 'NONE',  ( 0.0000000000000000000, 0.0000000000000000000, 0.02000000000000000000 ) ) ;
#2416 = CARTESIAN_POINT ( 'NONE',  ( -0.5542882031863110000, 0.03785355302029536100, 0.02000000000000000000 ) ) ;
#2417 = DIRECTION ( 'NONE',  ( -0.0000000000000000000, -0.0000000000000000000, -1.000000000000000000 ) ) ;
#2418 = SURFACE_SIDE_STYLE ('',( #5914 ) ) ;
#2419 = LINE ( 'NONE', #1148, #4880 ) ;
#2420 = APPLICATION_PROTOCOL_DEFINITION ( 'draft international standard', 'automotive_design', 1998, #5819 ) ;
#2421 = CARTESIAN_POINT ( 'NONE',  ( -0.8082893805652045000, 0.1740929194788086700, 0.02000000000000000000 ) ) ;
#2422 = CARTESIAN_POINT ( 'NONE',  ( -0.2932545731707317800, 0.1999013940702252200, 0.02000000000000000000 ) ) ;
#2423 = DIRECTION ( 'NONE',  ( 0.0000000000000000000, 0.0000000000000000000, -1.000000000000000000 ) ) ;
#2424 = SURFACE_SIDE_STYLE ('',( #5933 ) ) ;
#2425 = CARTESIAN_POINT ( 'NONE',  ( -0.3721065928830386000, 0.1883118140154712000, 0.02000000000000000000 ) ) ;
#2426 = SURFACE_STYLE_FILL_AREA ( #2918 ) ;
#2427 = CARTESIAN_POINT ( 'NONE',  ( -2.200999999999999600, 1.600000000000000300, 0.3489999999999999800 ) ) ;
#2428 = PLANE ( 'NONE',  #1914 ) ;
#2429 = AXIS2_PLACEMENT_3D ( 'NONE', #4412, #4434, #4557 ) ;
#2430 = CARTESIAN_POINT ( 'NONE',  ( 0.5519480709241033600, 0.2327515285535269000, 0.02000000000000000000 ) ) ;
#2431 =( LENGTH_UNIT ( ) NAMED_UNIT ( * ) SI_UNIT ( .MILLI., .METRE. ) );
#2432 = DIRECTION ( 'NONE',  ( -0.0000000000000000000, -0.0000000000000000000, -1.000000000000000000 ) ) ;
#2433 = CARTESIAN_POINT ( 'NONE',  ( 0.6158536585365860200, -0.0005559230029455151900, 1.355252715606880500E-017 ) ) ;
#2434 = PRESENTATION_LAYER_ASSIGNMENT (  '', '', ( #1732 ) ) ;
#2435 = FACE_OUTER_BOUND ( 'NONE', #2790, .T. ) ;
#2436 = LINE ( 'NONE', #334, #3928 ) ;
#2437 = DIRECTION ( 'NONE',  ( 1.000000000000000000, 0.0000000000000000000, 0.0000000000000000000 ) ) ;
#2438 = CARTESIAN_POINT ( 'NONE',  ( -2.199999999999999700, -1.600000000000000300, 0.3489999999999999800 ) ) ;
#2439 = EDGE_CURVE ( 'NONE', #3971, #4047, #3401, .T. ) ;
#2440 = DIRECTION ( 'NONE',  ( -0.0000000000000000000, -0.0000000000000000000, -1.000000000000000000 ) ) ;
#2441 = STYLED_ITEM ( 'NONE', ( #4377 ), #154 ) ;
#2442 = PRESENTATION_LAYER_ASSIGNMENT (  '', '', ( #1087 ) ) ;
#2443 = CARTESIAN_POINT ( 'NONE',  ( 2.500000000000000000, -1.201000000000000700, -0.001000000000000000000 ) ) ;
#2444 = COLOUR_RGB ( '',0.8274509803921568100, 0.6666666666666666300, 0.1294117647058823400 ) ;
#2445 = ORIENTED_EDGE ( 'NONE', *, *, #3367, .F. ) ;
#2446 = CARTESIAN_POINT ( 'NONE',  ( 2.199999999999999700, 1.300000000000000300, 0.7500000000000000000 ) ) ;
#2447 =( LENGTH_UNIT ( ) NAMED_UNIT ( * ) SI_UNIT ( .MILLI., .METRE. ) );
#2448 = ORIENTED_EDGE ( 'NONE', *, *, #1486, .F. ) ;
#2449 = CARTESIAN_POINT ( 'NONE',  ( 2.500000000000000000, -1.600000000000000300, 0.4500000000000000100 ) ) ;
#2450 = ORIENTED_EDGE ( 'NONE', *, *, #4646, .F. ) ;
#2451 = PLANE ( 'NONE',  #308 ) ;
#2452 = ORIENTED_EDGE ( 'NONE', *, *, #5217, .T. ) ;
#2453 = LINE ( 'NONE', #1446, #3642 ) ;
#2454 = FILL_AREA_STYLE ('',( #2936 ) ) ;
#2455 = DIRECTION ( 'NONE',  ( 0.0000000000000000000, -0.0000000000000000000, 1.000000000000000000 ) ) ;
#2456 = VECTOR ( 'NONE', #505, 1000.000000000000000 ) ;
#2457 = VERTEX_POINT ( 'NONE', #4375 ) ;
#2458 = CARTESIAN_POINT ( 'NONE',  ( -2.199999999999999700, 1.500000000000000200, 0.6999999999999999600 ) ) ;
#2459 = CARTESIAN_POINT ( 'NONE',  ( -0.3542990767548213100, -0.1832877580908943100, 0.02000000000000000000 ) ) ;
#2460 = VERTEX_POINT ( 'NONE', #5368 ) ;
#2461 = LINE ( 'NONE', #1020, #6392 ) ;
#2462 = CARTESIAN_POINT ( 'NONE',  ( 0.5201472030125481300, 0.1844973420690108300, 0.0000000000000000000 ) ) ;
#2463 = ORIENTED_EDGE ( 'NONE', *, *, #5140, .F. ) ;
#2464 = VECTOR ( 'NONE', #589, 1000.000000000000000 ) ;
#2465 = ORIENTED_EDGE ( 'NONE', *, *, #6111, .F. ) ;
#2466 = CARTESIAN_POINT ( 'NONE',  ( 0.0000000000000000000, -1.500000000000000000, -0.0000000000000000000 ) ) ;
#2467 = EDGE_LOOP ( 'NONE', ( #1527, #5293, #1521, #5547 ) ) ;
#2468 = ORIENTED_EDGE ( 'NONE', *, *, #1827, .T. ) ;
#2469 = CARTESIAN_POINT ( 'NONE',  ( -0.8038300304878049900, 0.1587428574848593900, 0.02000000000000000000 ) ) ;
#2470 = ORIENTED_EDGE ( 'NONE', *, *, #4988, .F. ) ;
#2471 = VECTOR ( 'NONE', #3357, 1000.000000000000000 ) ;
#2472 = CARTESIAN_POINT ( 'NONE',  ( -0.8154254375407994400, 0.1828678862813988800, 1.355252715606880500E-017 ) ) ;
#2473 = CARTESIAN_POINT ( 'NONE',  ( -0.5548780487804878500, 0.01106755260681059300, 0.0000000000000000000 ) ) ;
#2474 = COLOUR_RGB ( '',0.8274509803921568100, 0.6666666666666666300, 0.1294117647058823400 ) ;
#2475 = CARTESIAN_POINT ( 'NONE',  ( -0.2883955792682928500, -0.2452205571492870300, 0.02000000000000000000 ) ) ;
#2476 = CARTESIAN_POINT ( 'NONE',  ( -0.5542882031863110000, 0.03785355302029536100, 2.032879073410320800E-017 ) ) ;
#2477 = ORIENTED_EDGE ( 'NONE', *, *, #5472, .F. ) ;
#2478 = COLOUR_RGB ( '',0.2980392156862745100, 0.2980392156862745100, 0.2980392156862745100 ) ;
#2479 = CARTESIAN_POINT ( 'NONE',  ( -2.500000000000000000, -1.301000000000000200, 0.3489999999999999800 ) ) ;
#2480 = CARTESIAN_POINT ( 'NONE',  ( 0.1463414634146338900, -0.1903425083687991800, 0.02000000000000000000 ) ) ;
#2481 = VERTEX_POINT ( 'NONE', #400 ) ;
#2482 = VERTEX_POINT ( 'NONE', #2977 ) ;
#2483 = ORIENTED_EDGE ( 'NONE', *, *, #2394, .F. ) ;
#2484 = EDGE_CURVE ( 'NONE', #6406, #2643, #694, .T. ) ;
#2485 = SURFACE_SIDE_STYLE ('',( #3999 ) ) ;
#2486 = EDGE_CURVE ( 'NONE', #6089, #4409, #4688, .T. ) ;
#2487 = EDGE_CURVE ( 'NONE', #578, #2457, #522, .T. ) ;
#2488 = CARTESIAN_POINT ( 'NONE',  ( -0.4480639183564925600, -0.1241107457636529800, 1.355252715606880500E-017 ) ) ;
#2489 = STYLED_ITEM ( 'NONE', ( #2692 ), #2151 ) ;
#2490 = VECTOR ( 'NONE', #4638, 1000.000000000000000 ) ;
#2491 = PLANE ( 'NONE',  #4405 ) ;
#2492 = MECHANICAL_DESIGN_GEOMETRIC_PRESENTATION_REPRESENTATION (  '', ( #1773 ), #2847 ) ;
#2493 = VERTEX_POINT ( 'NONE', #4442 ) ;
#2494 = VERTEX_POINT ( 'NONE', #5905 ) ;
#2495 = FACE_OUTER_BOUND ( 'NONE', #3802, .T. ) ;
#2496 = ORIENTED_EDGE ( 'NONE', *, *, #605, .T. ) ;
#2497 =( LENGTH_UNIT ( ) NAMED_UNIT ( * ) SI_UNIT ( .MILLI., .METRE. ) );
#2498 = PRESENTATION_LAYER_ASSIGNMENT (  '', '', ( #2144 ) ) ;
#2499 = PRESENTATION_LAYER_ASSIGNMENT (  '', '', ( #2145 ) ) ;
#2500 = CARTESIAN_POINT ( 'NONE',  ( -0.4407023022779717500, -0.2062802087956596400, 0.0000000000000000000 ) ) ;
#2501 = DIRECTION ( 'NONE',  ( -1.000000000000000000, 0.0000000000000000000, 0.0000000000000000000 ) ) ;
#2502 = VERTEX_POINT ( 'NONE', #418 ) ;
#2503 = DIRECTION ( 'NONE',  ( 1.000000000000000000, 0.0000000000000000000, 0.0000000000000000000 ) ) ;
#2504 = FILL_AREA_STYLE ('',( #2993 ) ) ;
#2505 = CARTESIAN_POINT ( 'NONE',  ( -0.4876323200385822600, 0.001947166001155595800, 0.02000000000000000000 ) ) ;
#2506 = CARTESIAN_POINT ( 'NONE',  ( -2.500000000000000000, 1.301000000000000200, 0.3489999999999999800 ) ) ;
#2507 = PRESENTATION_LAYER_ASSIGNMENT (  '', '', ( #2165 ) ) ;
#2508 = CARTESIAN_POINT ( 'NONE',  ( 2.399999999999999900, -1.300000000000000000, 0.6999999999999999600 ) ) ;
#2509 = DIRECTION ( 'NONE',  ( 0.0000000000000000000, 0.0000000000000000000, -1.000000000000000000 ) ) ;
#2510 = EDGE_CURVE ( 'NONE', #5681, #2460, #3230, .T. ) ;
#2511 = COLOUR_RGB ( '',0.8274509803921568100, 0.6666666666666666300, 0.1294117647058823400 ) ;
#2512 = DIRECTION ( 'NONE',  ( 0.0000000000000000000, 1.000000000000000000, 0.0000000000000000000 ) ) ;
#2513 =( GEOMETRIC_REPRESENTATION_CONTEXT ( 3 ) GLOBAL_UNCERTAINTY_ASSIGNED_CONTEXT ( ( #102 ) ) GLOBAL_UNIT_ASSIGNED_CONTEXT ( ( #4096, #4075, #4029 ) ) REPRESENTATION_CONTEXT ( 'NONE', 'WORKASPACE' ) );
#2514 = CARTESIAN_POINT ( 'NONE',  ( 2.349999999999999600, -1.300000000000000000, 0.7500000000000000000 ) ) ;
#2515 = EDGE_CURVE ( 'NONE', #261, #5280, #1716, .T. ) ;
#2516 = FACE_OUTER_BOUND ( 'NONE', #6550, .T. ) ;
#2517 = CARTESIAN_POINT ( 'NONE',  ( 0.3968518678333570200, 0.2041409062263290500, 0.02000000000000000000 ) ) ;
#2518 = VECTOR ( 'NONE', #3380, 1000.000000000000000 ) ;
#2519 = ORIENTED_EDGE ( 'NONE', *, *, #5857, .T. ) ;
#2520 = EDGE_CURVE ( 'NONE', #5439, #5015, #3085, .T. ) ;
#2521 = CARTESIAN_POINT ( 'NONE',  ( 0.4227917705111430300, 0.2059191847476655500, -0.0000000000000000000 ) ) ;
#2522 = ORIENTED_EDGE ( 'NONE', *, *, #2125, .T. ) ;
#2523 = AXIS2_PLACEMENT_3D ( 'NONE', #6417, #3506, #426 ) ;
#2524 = AXIS2_PLACEMENT_3D ( 'NONE', #71, #6369, #4429 ) ;
#2525 = UNCERTAINTY_MEASURE_WITH_UNIT (LENGTH_MEASURE( 1.000000000000000100E-005 ), #3279, 'distance_accuracy_value', 'NONE');
#2526 = PRESENTATION_STYLE_ASSIGNMENT (( #799 ) ) ;
#2527 = SURFACE_STYLE_FILL_AREA ( #3539 ) ;
#2528 = ORIENTED_EDGE ( 'NONE', *, *, #2226, .F. ) ;
#2529 = ORIENTED_EDGE ( 'NONE', *, *, #4715, .F. ) ;
#2530 = LINE ( 'NONE', #2020, #6311 ) ;
#2531 = CARTESIAN_POINT ( 'NONE',  ( 2.199999999999999700, -1.300000000000000000, 0.4699999999999999700 ) ) ;
#2532 = DIRECTION ( 'NONE',  ( -0.0000000000000000000, -0.0000000000000000000, -1.000000000000000000 ) ) ;
#2533 = ORIENTED_EDGE ( 'NONE', *, *, #841, .T. ) ;
#2534 = CARTESIAN_POINT ( 'NONE',  ( 0.3561380406335693500, -0.2391016554967827800, 0.02000000000000000000 ) ) ;
#2535 = ORIENTED_EDGE ( 'NONE', *, *, #4569, .F. ) ;
#2536 = CARTESIAN_POINT ( 'NONE',  ( -0.5546784648336009500, 0.02013103589230268200, 0.02000000000000000000 ) ) ;
#2537 = COLOUR_RGB ( '',0.2980392156862745100, 0.2980392156862745100, 0.2980392156862745100 ) ;
#2538 = FILL_AREA_STYLE_COLOUR ( '', #2865 ) ;
#2539 = VERTEX_POINT ( 'NONE', #4937 ) ;
#2540 = ORIENTED_EDGE ( 'NONE', *, *, #686, .T. ) ;
#2541 = LINE ( 'NONE', #5304, #6158 ) ;
#2542 = DIRECTION ( 'NONE',  ( -1.000000000000000000, -9.856383386231857600E-017, 0.0000000000000000000 ) ) ;
#2543 = EDGE_LOOP ( 'NONE', ( #3793, #5160, #3657, #4929 ) ) ;
#2544 = LINE ( 'NONE', #1016, #4567 ) ;
#2545 = CARTESIAN_POINT ( 'NONE',  ( -2.199999999999999700, -1.300000000000000000, 0.6999999999999999600 ) ) ;
#2546 = CARTESIAN_POINT ( 'NONE',  ( -0.8964367378048782000, -0.05009860592977477500, 0.02000000000000000000 ) ) ;
#2547 = ORIENTED_EDGE ( 'NONE', *, *, #3690, .F. ) ;
#2548 = ORIENTED_EDGE ( 'NONE', *, *, #1823, .F. ) ;
#2549 = CARTESIAN_POINT ( 'NONE',  ( -0.8038300304878049900, 0.1587428574848593900, 0.02000000000000000000 ) ) ;
#2550 = CARTESIAN_POINT ( 'NONE',  ( -0.5546784648336009500, 0.02013103589230268200, 2.032879073410320800E-017 ) ) ;
#2551 = PRESENTATION_STYLE_ASSIGNMENT (( #2739 ) ) ;
#2552 = ORIENTED_EDGE ( 'NONE', *, *, #2605, .F. ) ;
#2553 = CYLINDRICAL_SURFACE ( 'NONE', #5477, 0.05000000000000002400 ) ;
#2554 = AXIS2_PLACEMENT_3D ( 'NONE', #662, #1693, #36 ) ;
#2555 = VERTEX_POINT ( 'NONE', #3979 ) ;
#2556 = VERTEX_POINT ( 'NONE', #3524 ) ;
#2557 = CARTESIAN_POINT ( 'NONE',  ( 0.3394609096654189800, -0.1785980123034778000, -0.0000000000000000000 ) ) ;
#2558 = FACE_OUTER_BOUND ( 'NONE', #5873, .T. ) ;
#2559 = FILL_AREA_STYLE_COLOUR ( '', #5579 ) ;
#2560 = LINE ( 'NONE', #2469, #1209 ) ;
#2561 = ORIENTED_EDGE ( 'NONE', *, *, #4038, .T. ) ;
#2562 = CARTESIAN_POINT ( 'NONE',  ( -0.3538631564933595300, 0.1935830907987204600, 0.0000000000000000000 ) ) ;
#2563 = ORIENTED_EDGE ( 'NONE', *, *, #2172, .T. ) ;
#2564 = EDGE_LOOP ( 'NONE', ( #6182, #2736, #2907, #2915, #3057, #3066, #3886, #3895, #3600, #5610 ) ) ;
#2565 = DIRECTION ( 'NONE',  ( 1.000000000000000000, 0.0000000000000000000, 0.0000000000000000000 ) ) ;
#2566 = CARTESIAN_POINT ( 'NONE',  ( -0.5548780487804878500, 0.01106755260681059300, 0.02000000000000000000 ) ) ;
#2567 = VERTEX_POINT ( 'NONE', #6428 ) ;
#2568 = CIRCLE ( 'NONE', #2899, 0.2990000000000002100 ) ;
#2569 = CARTESIAN_POINT ( 'NONE',  ( -2.400000000000000400, -0.6999999999999999600, -0.001000000000000000000 ) ) ;
#2570 = ORIENTED_EDGE ( 'NONE', *, *, #5180, .F. ) ;
#2571 = DIRECTION ( 'NONE',  ( 0.0000000000000000000, 0.0000000000000000000, 1.000000000000000000 ) ) ;
#2572 = PLANE ( 'NONE',  #1408 ) ;
#2573 = EDGE_CURVE ( 'NONE', #4587, #559, #147, .T. ) ;
#2574 = EDGE_CURVE ( 'NONE', #2567, #6406, #1557, .T. ) ;
#2575 = CARTESIAN_POINT ( 'NONE',  ( -2.199999999999999700, 1.300000000000000300, 0.4500000000000000100 ) ) ;
#2576 = STYLED_ITEM ( 'NONE', ( #1775 ), #2740 ) ;
#2577 = ORIENTED_EDGE ( 'NONE', *, *, #4126, .T. ) ;
#2578 = DIRECTION ( 'NONE',  ( -0.0000000000000000000, -0.0000000000000000000, -1.000000000000000000 ) ) ;
#2579 = CARTESIAN_POINT ( 'NONE',  ( -2.500000000000000000, -1.600000000000000300, 0.3499999999999999800 ) ) ;
#2580 = LINE ( 'NONE', #17, #1223 ) ;
#2581 = AXIS2_PLACEMENT_3D ( 'NONE', #3078, #3224, #3255 ) ;
#2582 =( NAMED_UNIT ( * ) PLANE_ANGLE_UNIT ( ) SI_UNIT ( $, .RADIAN. ) );
#2583 = CARTESIAN_POINT ( 'NONE',  ( 0.5638306837902358200, 0.1503119935986293700, 0.02000000000000000000 ) ) ;
#2584 = UNCERTAINTY_MEASURE_WITH_UNIT (LENGTH_MEASURE( 1.000000000000000100E-005 ), #6033, 'distance_accuracy_value', 'NONE');
#2585 = CARTESIAN_POINT ( 'NONE',  ( -2.101000000000000000, -1.500000000000000000, -0.001000000000000000000 ) ) ;
#2586 = FILL_AREA_STYLE ('',( #5202 ) ) ;
#2587 = PLANE ( 'NONE',  #2364 ) ;
#2588 = CARTESIAN_POINT ( 'NONE',  ( -0.4980396252656470500, 0.1717439218074573700, 0.0000000000000000000 ) ) ;
#2589 = FILL_AREA_STYLE_COLOUR ( '', #6200 ) ;
#2590 = DIRECTION ( 'NONE',  ( 1.000000000000000000, 0.0000000000000000000, -0.0000000000000000000 ) ) ;
#2591 = DIRECTION ( 'NONE',  ( 0.0000000000000000000, 0.0000000000000000000, -1.000000000000000000 ) ) ;
#2592 = CARTESIAN_POINT ( 'NONE',  ( 0.6156805012968636900, 0.007167122468463651300, 0.02000000000000000000 ) ) ;
#2593 = CIRCLE ( 'NONE', #3781, 0.01999999999999999700 ) ;
#2594 = VECTOR ( 'NONE', #2909, 1000.000000000000000 ) ;
#2595 = FILL_AREA_STYLE ('',( #5608 ) ) ;
#2596 = CARTESIAN_POINT ( 'NONE',  ( 0.4393102134146347800, -0.1964400693444089400, 1.355252715606880500E-017 ) ) ;
#2597 = VERTEX_POINT ( 'NONE', #2506 ) ;
#2598 = TOROIDAL_SURFACE ( 'NONE', #5704, 0.1000000000000000700, 0.05000000000000000300 ) ;
#2599 = FACE_OUTER_BOUND ( 'NONE', #385, .T. ) ;
#2600 = VECTOR ( 'NONE', #1532, 1000.000000000000000 ) ;
#2601 = STYLED_ITEM ( 'NONE', ( #3621 ), #592 ) ;
#2602 = CARTESIAN_POINT ( 'NONE',  ( -0.05487804878048806900, -0.2452205571492869800, 0.02000000000000000000 ) ) ;
#2603 =( NAMED_UNIT ( * ) SI_UNIT ( $, .STERADIAN. ) SOLID_ANGLE_UNIT ( ) );
#2604 = CARTESIAN_POINT ( 'NONE',  ( 0.9817073170731704900, -0.2452205571492869800, -0.0000000000000000000 ) ) ;
#2605 = EDGE_CURVE ( 'NONE', #3060, #4325, #1406, .T. ) ;
#2606 = LINE ( 'NONE', #3688, #1245 ) ;
#2607 = DIRECTION ( 'NONE',  ( 0.0000000000000000000, -0.0000000000000000000, -1.000000000000000000 ) ) ;
#2608 = SURFACE_STYLE_USAGE ( .BOTH. , #1641 ) ;
#2609 = EDGE_CURVE ( 'NONE', #3467, #1730, #5530, .T. ) ;
#2610 = VERTEX_POINT ( 'NONE', #6452 ) ;
#2611 = AXIS2_PLACEMENT_3D ( 'NONE', #4509, #4117, #4486 ) ;
#2612 = B_SPLINE_SURFACE_WITH_KNOTS ( 'NONE', 3, 1, ( 
 ( #3673, #621 ),
 ( #1145, #4642 ),
 ( #1635, #5107 ),
 ( #2157, #5590 ),
 ( #2677, #6115 ),
 ( #3185, #54 ),
 ( #3686, #651 ),
 ( #4178, #1159 ),
 ( #4660, #1659 ),
 ( #5123, #2176 ),
 ( #5616, #2706 ),
 ( #6126, #3201 ),
 ( #90, #3705 ),
 ( #675, #4204 ),
 ( #1180, #4678 ),
 ( #1684, #5152 ),
 ( #2195, #5635 ),
 ( #2735, #6144 ),
 ( #3220, #119 ) ),
 .UNSPECIFIED., .F., .F., .F.,
 ( 4, 1, 1, 1, 1, 1, 1, 1, 1, 1, 1, 1, 1, 1, 1, 1, 4 ),
 ( 2, 2 ),
 ( 0.0000000000000000000, 0.07064371857535412000, 0.1382567155089045600, 0.2033641242175799900, 0.2663240938030567200, 0.3279047615429892000, 0.3887377151730921900, 0.4494235281093021400, 0.5108610114593152800, 0.5720793960475144500, 0.6317344287314451400, 0.6911172105788375700, 0.7503600294901702200, 0.8100329005312617600, 0.8713624508287359800, 0.9344271412311532200, 0.9999999999999998900 ),
 ( 0.0000000000000000000, 1.000000000000000000 ),
 .UNSPECIFIED. ) ;
#2613 = CARTESIAN_POINT ( 'NONE',  ( -0.8172553295144939800, 0.1731510602917933900, 0.02000000000000000000 ) ) ;
#2614 = VECTOR ( 'NONE', #2881, 1000.000000000000000 ) ;
#2615 = MECHANICAL_DESIGN_GEOMETRIC_PRESENTATION_REPRESENTATION (  '', ( #1584 ), #2974 ) ;
#2616 = PRESENTATION_STYLE_ASSIGNMENT (( #2300 ) ) ;
#2617 = ORIENTED_EDGE ( 'NONE', *, *, #4358, .F. ) ;
#2618 = CARTESIAN_POINT ( 'NONE',  ( 1.300000000000000300, 0.7000000000000000700, -0.001000000000000000000 ) ) ;
#2619 = CARTESIAN_POINT ( 'NONE',  ( 0.3561380406335693500, -0.2391016554967827800, 1.355252715606880500E-017 ) ) ;
#2620 = VECTOR ( 'NONE', #1829, 1000.000000000000000 ) ;
#2621 = CARTESIAN_POINT ( 'NONE',  ( -0.3027263283746383600, 0.2545746968744219100, 0.02000000000000000000 ) ) ;
#2622 = UNCERTAINTY_MEASURE_WITH_UNIT (LENGTH_MEASURE( 1.000000000000000100E-005 ), #4845, 'distance_accuracy_value', 'NONE');
#2623 = PLANE ( 'NONE',  #3299 ) ;
#2624 = ORIENTED_EDGE ( 'NONE', *, *, #313, .F. ) ;
#2625 = LINE ( 'NONE', #2569, #4916 ) ;
#2626 = DIRECTION ( 'NONE',  ( 1.000000000000000000, 0.0000000000000000000, 0.0000000000000000000 ) ) ;
#2627 = STYLED_ITEM ( 'NONE', ( #1816 ), #4751 ) ;
#2628 = COLOUR_RGB ( '',0.8274509803921568100, 0.6666666666666666300, 0.1294117647058823400 ) ;
#2629 = ORIENTED_EDGE ( 'NONE', *, *, #2203, .F. ) ;
#2630 = PRESENTATION_LAYER_ASSIGNMENT (  '', '', ( #1923 ) ) ;
#2631 = ORIENTED_EDGE ( 'NONE', *, *, #3703, .T. ) ;
#2632 = VERTEX_POINT ( 'NONE', #1974 ) ;
#2633 = LINE ( 'NONE', #483, #1263 ) ;
#2634 = LINE ( 'NONE', #4130, #6233 ) ;
#2635 = CARTESIAN_POINT ( 'NONE',  ( -2.399999999999999900, 1.300000000000000300, 0.6999999999999999600 ) ) ;
#2636 = VERTEX_POINT ( 'NONE', #3053 ) ;
#2637 = ORIENTED_EDGE ( 'NONE', *, *, #1704, .F. ) ;
#2638 =( NAMED_UNIT ( * ) PLANE_ANGLE_UNIT ( ) SI_UNIT ( $, .RADIAN. ) );
#2639 = CARTESIAN_POINT ( 'NONE',  ( 0.3109756097560981700, -0.2193059230029455200, 0.02000000000000000000 ) ) ;
#2640 = LINE ( 'NONE', #5752, #5080 ) ;
#2641 =( LENGTH_UNIT ( ) NAMED_UNIT ( * ) SI_UNIT ( .MILLI., .METRE. ) );
#2642 = ORIENTED_EDGE ( 'NONE', *, *, #3855, .F. ) ;
#2643 = VERTEX_POINT ( 'NONE', #3562 ) ;
#2644 = ORIENTED_EDGE ( 'NONE', *, *, #921, .T. ) ;
#2645 = LINE ( 'NONE', #5973, #5223 ) ;
#2646 = SURFACE_SIDE_STYLE ('',( #1480 ) ) ;
#2647 = EDGE_LOOP ( 'NONE', ( #1599, #1579, #2953, #4251 ) ) ;
#2648 = VERTEX_POINT ( 'NONE', #471 ) ;
#2649 = FILL_AREA_STYLE ('',( #2538 ) ) ;
#2650 = EDGE_LOOP ( 'NONE', ( #905, #1817, #2561, #4351 ) ) ;
#2651 = DIRECTION ( 'NONE',  ( 0.0000000000000000000, 0.0000000000000000000, -1.000000000000000000 ) ) ;
#2652 = CARTESIAN_POINT ( 'NONE',  ( 0.3704262831464873500, -0.1886330442821613800, 0.02000000000000000000 ) ) ;
#2653 = VERTEX_POINT ( 'NONE', #1019 ) ;
#2654 = TOROIDAL_SURFACE ( 'NONE', #6150, 0.2000000000000000700, 0.05000000000000000300 ) ;
#2655 =( GEOMETRIC_REPRESENTATION_CONTEXT ( 3 ) GLOBAL_UNCERTAINTY_ASSIGNED_CONTEXT ( ( #4817 ) ) GLOBAL_UNIT_ASSIGNED_CONTEXT ( ( #6533, #6196, #3805 ) ) REPRESENTATION_CONTEXT ( 'NONE', 'WORKASPACE' ) );
#2656 = EDGE_CURVE ( 'NONE', #1268, #4205, #3933, .T. ) ;
#2657 = ORIENTED_EDGE ( 'NONE', *, *, #4126, .F. ) ;
#2658 = PLANE ( 'NONE',  #4480 ) ;
#2659 = AXIS2_PLACEMENT_3D ( 'NONE', #6332, #4559, #6214 ) ;
#2660 = EDGE_LOOP ( 'NONE', ( #1484, #6252, #4249, #2305 ) ) ;
#2661 = CYLINDRICAL_SURFACE ( 'NONE', #3676, 0.2990000000000002100 ) ;
#2662 =( LENGTH_UNIT ( ) NAMED_UNIT ( * ) SI_UNIT ( .MILLI., .METRE. ) );
#2663 =( NAMED_UNIT ( * ) SI_UNIT ( $, .STERADIAN. ) SOLID_ANGLE_UNIT ( ) );
#2664 = CARTESIAN_POINT ( 'NONE',  ( -0.5548780487804878500, 0.01106755260681059300, 0.02000000000000000000 ) ) ;
#2665 = FILL_AREA_STYLE_COLOUR ( '', #4530 ) ;
#2666 = EDGE_CURVE ( 'NONE', #2597, #2947, #4091, .T. ) ;
#2667 =( GEOMETRIC_REPRESENTATION_CONTEXT ( 3 ) GLOBAL_UNCERTAINTY_ASSIGNED_CONTEXT ( ( #5086 ) ) GLOBAL_UNIT_ASSIGNED_CONTEXT ( ( #3248, #140, #3753 ) ) REPRESENTATION_CONTEXT ( 'NONE', 'WORKASPACE' ) );
#2668 = VECTOR ( 'NONE', #6378, 1000.000000000000000 ) ;
#2669 = MECHANICAL_DESIGN_GEOMETRIC_PRESENTATION_REPRESENTATION (  '', ( #1292 ), #3008 ) ;
#2670 = CARTESIAN_POINT ( 'NONE',  ( 1.300000000000000300, 1.500000000000000000, -0.001000000000000000000 ) ) ;
#2671 = FACE_OUTER_BOUND ( 'NONE', #3472, .T. ) ;
#2672 = PRESENTATION_STYLE_ASSIGNMENT (( #4321 ) ) ;
#2673 = SURFACE_STYLE_USAGE ( .BOTH. , #2695 ) ;
#2674 = PLANE ( 'NONE',  #699 ) ;
#2675 = VECTOR ( 'NONE', #4066, 1000.000000000000000 ) ;
#2676 = CARTESIAN_POINT ( 'NONE',  ( -2.500000000000000000, -1.600000000000000300, 0.3489999999999999800 ) ) ;
#2677 = CARTESIAN_POINT ( 'NONE',  ( 0.6733368993461258400, 0.07834868647192294600, 0.02000000000000000000 ) ) ;
#2678 = PRESENTATION_STYLE_ASSIGNMENT (( #6210 ) ) ;
#2679 = PRESENTATION_STYLE_ASSIGNMENT (( #76 ) ) ;
#2680 = LINE ( 'NONE', #5603, #1316 ) ;
#2681 = CARTESIAN_POINT ( 'NONE',  ( 0.3704262831464873500, -0.1886330442821613800, 0.02000000000000000000 ) ) ;
#2682 = VERTEX_POINT ( 'NONE', #5474 ) ;
#2683 =( NAMED_UNIT ( * ) SI_UNIT ( $, .STERADIAN. ) SOLID_ANGLE_UNIT ( ) );
#2684 = FILL_AREA_STYLE_COLOUR ( '', #6294 ) ;
#2685 = EDGE_CURVE ( 'NONE', #883, #4273, #2775, .T. ) ;
#2686 =( NAMED_UNIT ( * ) PLANE_ANGLE_UNIT ( ) SI_UNIT ( $, .RADIAN. ) );
#2687 = CARTESIAN_POINT ( 'NONE',  ( 0.4114767199714091700, 0.2607539765761784400, 0.0000000000000000000 ) ) ;
#2688 = ORIENTED_EDGE ( 'NONE', *, *, #4676, .F. ) ;
#2689 = DIRECTION ( 'NONE',  ( 0.0000000000000000000, 1.000000000000000000, 0.0000000000000000000 ) ) ;
#2690 = COLOUR_RGB ( '',0.8274509803921568100, 0.6666666666666666300, 0.1294117647058823400 ) ;
#2691 = ORIENTED_EDGE ( 'NONE', *, *, #1455, .F. ) ;
#2692 = PRESENTATION_STYLE_ASSIGNMENT (( #4631 ) ) ;
#2693 = DIRECTION ( 'NONE',  ( 1.000000000000000000, 0.0000000000000000000, -0.0000000000000000000 ) ) ;
#2694 = ADVANCED_FACE ( 'NONE', ( #5192 ), #494, .T. ) ;
#2695 = SURFACE_SIDE_STYLE ('',( #6230 ) ) ;
#2696 = CARTESIAN_POINT ( 'NONE',  ( 2.200999999999999600, -1.600000000000000300, 0.3489999999999999800 ) ) ;
#2697 = EDGE_CURVE ( 'NONE', #652, #4643, #3310, .T. ) ;
#2698 = VECTOR ( 'NONE', #772, 1000.000000000000000 ) ;
#2699 =( NAMED_UNIT ( * ) PLANE_ANGLE_UNIT ( ) SI_UNIT ( $, .RADIAN. ) );
#2700 = EDGE_CURVE ( 'NONE', #1531, #4719, #4613, .T. ) ;
#2701 = EDGE_CURVE ( 'NONE', #3023, #2224, #782, .T. ) ;
#2702 = ORIENTED_EDGE ( 'NONE', *, *, #1989, .T. ) ;
#2703 = EDGE_LOOP ( 'NONE', ( #5954, #2910, #3282, #1378 ) ) ;
#2704 = AXIS2_PLACEMENT_3D ( 'NONE', #4227, #1227, #4717 ) ;
#2705 = VECTOR ( 'NONE', #1916, 1000.000000000000000 ) ;
#2706 = CARTESIAN_POINT ( 'NONE',  ( 0.5929558394664785600, 0.2052409427049037600, 1.355252715606880500E-017 ) ) ;
#2707 = STYLED_ITEM ( 'NONE', ( #432 ), #68 ) ;
#2708 = ORIENTED_EDGE ( 'NONE', *, *, #4472, .T. ) ;
#2709 = FILL_AREA_STYLE_COLOUR ( '', #4449 ) ;
#2710 = DIRECTION ( 'NONE',  ( 0.0000000000000000000, 0.0000000000000000000, -1.000000000000000000 ) ) ;
#2711 = ORIENTED_EDGE ( 'NONE', *, *, #3160, .F. ) ;
#2712 = DIRECTION ( 'NONE',  ( -0.0000000000000000000, -0.0000000000000000000, -1.000000000000000000 ) ) ;
#2713 = VERTEX_POINT ( 'NONE', #539 ) ;
#2714 = ORIENTED_EDGE ( 'NONE', *, *, #3822, .F. ) ;
#2715 = PLANE ( 'NONE',  #2581 ) ;
#2716 = VECTOR ( 'NONE', #5927, 1000.000000000000000 ) ;
#2717 = DIRECTION ( 'NONE',  ( 0.0000000000000000000, -1.000000000000000000, 0.0000000000000000000 ) ) ;
#2718 =( NAMED_UNIT ( * ) SI_UNIT ( $, .STERADIAN. ) SOLID_ANGLE_UNIT ( ) );
#2719 = LINE ( 'NONE', #438, #4036 ) ;
#2720 = PRESENTATION_LAYER_ASSIGNMENT (  '', '', ( #1998 ) ) ;
#2721 =( GEOMETRIC_REPRESENTATION_CONTEXT ( 3 ) GLOBAL_UNCERTAINTY_ASSIGNED_CONTEXT ( ( #2622 ) ) GLOBAL_UNIT_ASSIGNED_CONTEXT ( ( #4845, #1849, #5317 ) ) REPRESENTATION_CONTEXT ( 'NONE', 'WORKASPACE' ) );
#2722 = ORIENTED_EDGE ( 'NONE', *, *, #5713, .F. ) ;
#2723 = ORIENTED_EDGE ( 'NONE', *, *, #6112, .F. ) ;
#2724 = DIRECTION ( 'NONE',  ( -0.3393303772748773600, -0.9406672605435405500, 0.0000000000000000000 ) ) ;
#2725 = COLOUR_RGB ( '',0.8274509803921568100, 0.6666666666666666300, 0.1294117647058823400 ) ;
#2726 = FILL_AREA_STYLE_COLOUR ( '', #5607 ) ;
#2727 = EDGE_LOOP ( 'NONE', ( #1109, #6170, #3896, #4427, #3604, #5364, #1278, #5697 ) ) ;
#2728 =( NAMED_UNIT ( * ) SI_UNIT ( $, .STERADIAN. ) SOLID_ANGLE_UNIT ( ) );
#2729 = VERTEX_POINT ( 'NONE', #3114 ) ;
#2730 = EDGE_LOOP ( 'NONE', ( #5990, #4513, #6459, #4021 ) ) ;
#2731 = CARTESIAN_POINT ( 'NONE',  ( 0.5224595266993279400, -0.2422454414218239700, 0.0000000000000000000 ) ) ;
#2732 = ORIENTED_EDGE ( 'NONE', *, *, #2340, .T. ) ;
#2733 =( LENGTH_UNIT ( ) NAMED_UNIT ( * ) SI_UNIT ( .MILLI., .METRE. ) );
#2734 = CIRCLE ( 'NONE', #2408, 0.1499999999999999700 ) ;
#2735 = CARTESIAN_POINT ( 'NONE',  ( 0.4376700701921745200, 0.2606668913195961400, 0.02000000000000000000 ) ) ;
#2736 = ORIENTED_EDGE ( 'NONE', *, *, #3548, .F. ) ;
#2737 = DIRECTION ( 'NONE',  ( 0.0000000000000000000, 0.0000000000000000000, 1.000000000000000000 ) ) ;
#2738 = DIRECTION ( 'NONE',  ( 1.000000000000000000, 0.0000000000000000000, 0.0000000000000000000 ) ) ;
#2739 = SURFACE_STYLE_USAGE ( .BOTH. , #2763 ) ;
#2740 = ADVANCED_FACE ( 'NONE', ( #3153 ), #1561, .F. ) ;
#2741 = DIRECTION ( 'NONE',  ( -0.0000000000000000000, 1.000000000000000000, 0.0000000000000000000 ) ) ;
#2742 = EDGE_LOOP ( 'NONE', ( #6255, #6259, #6414, #6421, #1950, #6315, #6223, #3645 ) ) ;
#2743 = VECTOR ( 'NONE', #4895, 1000.000000000000000 ) ;
#2744 = ADVANCED_FACE ( 'NONE', ( #5251 ), #5896, .T. ) ;
#2745 =( NAMED_UNIT ( * ) PLANE_ANGLE_UNIT ( ) SI_UNIT ( $, .RADIAN. ) );
#2746 = CARTESIAN_POINT ( 'NONE',  ( -2.199999999999999700, 1.400000000000000100, 0.8000000000000000400 ) ) ;
#2747 = CARTESIAN_POINT ( 'NONE',  ( -0.3471494332783244300, 0.2511237698971840500, 0.02000000000000000000 ) ) ;
#2748 = PRESENTATION_LAYER_ASSIGNMENT (  '', '', ( #2018 ) ) ;
#2749 = VECTOR ( 'NONE', #2106, 1000.000000000000200 ) ;
#2750 = ORIENTED_EDGE ( 'NONE', *, *, #507, .F. ) ;
#2751 = EDGE_CURVE ( 'NONE', #962, #2216, #6451, .T. ) ;
#2752 = SURFACE_SIDE_STYLE ('',( #4239 ) ) ;
#2753 = EDGE_CURVE ( 'NONE', #1039, #3028, #5118, .T. ) ;
#2754 = CARTESIAN_POINT ( 'NONE',  ( 0.6827705550223911500, -0.01371345463186105000, -0.0000000000000000000 ) ) ;
#2755 = UNCERTAINTY_MEASURE_WITH_UNIT (LENGTH_MEASURE( 1.000000000000000100E-005 ), #4674, 'distance_accuracy_value', 'NONE');
#2756 = EDGE_CURVE ( 'NONE', #530, #4054, #670, .T. ) ;
#2757 = CARTESIAN_POINT ( 'NONE',  ( -0.5448870500228861800, -0.06950246080276796500, 0.02000000000000000000 ) ) ;
#2758 = FILL_AREA_STYLE ('',( #5837 ) ) ;
#2759 = EDGE_CURVE ( 'NONE', #2494, #5777, #2680, .T. ) ;
#2760 = SURFACE_SIDE_STYLE ('',( #5874 ) ) ;
#2761 = STYLED_ITEM ( 'NONE', ( #6172 ), #4635 ) ;
#2762 = AXIS2_PLACEMENT_3D ( 'NONE', #3990, #1835, #4964 ) ;
#2763 = SURFACE_SIDE_STYLE ('',( #3882 ) ) ;
#2764 = PLANE ( 'NONE',  #1213 ) ;
#2765 = CYLINDRICAL_SURFACE ( 'NONE', #1232, 0.2990000000000002100 ) ;
#2766 = CARTESIAN_POINT ( 'NONE',  ( -0.7292301829268294000, -0.05009860592977477500, 0.0000000000000000000 ) ) ;
#2767 = DIRECTION ( 'NONE',  ( -1.000000000000000000, 0.0000000000000000000, -0.0000000000000000000 ) ) ;
#2768 = CARTESIAN_POINT ( 'NONE',  ( -0.4358665464100915400, -0.1379814611230043000, 0.0000000000000000000 ) ) ;
#2769 = CARTESIAN_POINT ( 'NONE',  ( -0.5542882031863110000, 0.03785355302029536100, 0.02000000000000000000 ) ) ;
#2770 =( NAMED_UNIT ( * ) SI_UNIT ( $, .STERADIAN. ) SOLID_ANGLE_UNIT ( ) );
#2771 = LINE ( 'NONE', #6317, #6366 ) ;
#2772 = DIRECTION ( 'NONE',  ( -1.000000000000000000, -4.928191693115930000E-017, 0.0000000000000000000 ) ) ;
#2773 = ADVANCED_FACE ( 'NONE', ( #3839 ), #5806, .F. ) ;
#2774 = DIRECTION ( 'NONE',  ( 1.000000000000000000, 0.0000000000000000000, 0.0000000000000000000 ) ) ;
#2775 = LINE ( 'NONE', #5991, #5049 ) ;
#2776 = CARTESIAN_POINT ( 'NONE',  ( -0.2979659377577967800, -0.2450474044612092300, 0.02000000000000000000 ) ) ;
#2777 = DIRECTION ( 'NONE',  ( 1.000000000000000000, 0.0000000000000000000, 0.0000000000000000000 ) ) ;
#2778 = CARTESIAN_POINT ( 'NONE',  ( 2.399999999999999900, -1.300000000000000000, 0.7500000000000000000 ) ) ;
#2779 = PRESENTATION_STYLE_ASSIGNMENT (( #316 ) ) ;
#2780 = FILL_AREA_STYLE ('',( #3142 ) ) ;
#2781 = PLANE ( 'NONE',  #4318 ) ;
#2782 = PRESENTATION_LAYER_ASSIGNMENT (  '', '', ( #2074 ) ) ;
#2783 = CARTESIAN_POINT ( 'NONE',  ( -0.05487804878048806900, -0.2452205571492869800, 0.0000000000000000000 ) ) ;
#2784 = ORIENTED_EDGE ( 'NONE', *, *, #5857, .F. ) ;
#2785 = LINE ( 'NONE', #275, #5197 ) ;
#2786 = CARTESIAN_POINT ( 'NONE',  ( -1.300000000000000300, -1.500000000000000000, -0.001000000000000000000 ) ) ;
#2787 = DIRECTION ( 'NONE',  ( -0.0000000000000000000, -0.0000000000000000000, -1.000000000000000000 ) ) ;
#2788 = FACE_OUTER_BOUND ( 'NONE', #2564, .T. ) ;
#2789 = VERTEX_POINT ( 'NONE', #2207 ) ;
#2790 = EDGE_LOOP ( 'NONE', ( #4573, #3262, #2964, #1589 ) ) ;
#2791 = CIRCLE ( 'NONE', #789, 0.2000000000000000900 ) ;
#2792 = ORIENTED_EDGE ( 'NONE', *, *, #4345, .T. ) ;
#2793 = MECHANICAL_DESIGN_GEOMETRIC_PRESENTATION_REPRESENTATION (  '', ( #1732 ), #3125 ) ;
#2794 = DIRECTION ( 'NONE',  ( 0.0000000000000000000, 0.0000000000000000000, -1.000000000000000000 ) ) ;
#2795 = VERTEX_POINT ( 'NONE', #2746 ) ;
#2796 = LINE ( 'NONE', #5943, #5062 ) ;
#2797 = SURFACE_STYLE_USAGE ( .BOTH. , #5694 ) ;
#2798 = ORIENTED_EDGE ( 'NONE', *, *, #5803, .T. ) ;
#2799 = ORIENTED_EDGE ( 'NONE', *, *, #1574, .T. ) ;
#2800 = CARTESIAN_POINT ( 'NONE',  ( 0.3109756097560981700, 0.1739867599238837900, 0.02000000000000000000 ) ) ;
#2801 = VECTOR ( 'NONE', #1603, 1000.000000000000000 ) ;
#2802 = CARTESIAN_POINT ( 'NONE',  ( 0.3109756097560982300, -0.1644278742224577200, 0.02000000000000000000 ) ) ;
#2803 = ORIENTED_EDGE ( 'NONE', *, *, #4401, .F. ) ;
#2804 = LINE ( 'NONE', #5051, #5068 ) ;
#2805 = EDGE_CURVE ( 'NONE', #4252, #2648, #4682, .T. ) ;
#2806 = STYLED_ITEM ( 'NONE', ( #4748 ), #3214 ) ;
#2807 = AXIS2_PLACEMENT_3D ( 'NONE', #3317, #387, #5967 ) ;
#2808 = CARTESIAN_POINT ( 'NONE',  ( -0.8134527439024390500, 0.1938038330946154600, 0.02000000000000000000 ) ) ;
#2809 = ORIENTED_EDGE ( 'NONE', *, *, #2898, .F. ) ;
#2810 = ORIENTED_EDGE ( 'NONE', *, *, #2928, .T. ) ;
#2811 = UNCERTAINTY_MEASURE_WITH_UNIT (LENGTH_MEASURE( 1.000000000000000100E-005 ), #1276, 'distance_accuracy_value', 'NONE');
#2812 = MECHANICAL_DESIGN_GEOMETRIC_PRESENTATION_REPRESENTATION (  '', ( #1087 ), #6539 ) ;
#2813 = LINE ( 'NONE', #6201, #817 ) ;
#2814 = SURFACE_SIDE_STYLE ('',( #4454 ) ) ;
#2815 = PLANE ( 'NONE',  #4647 ) ;
#2816 = LINE ( 'NONE', #4308, #1435 ) ;
#2817 = FILL_AREA_STYLE ('',( #2684 ) ) ;
#2818 = CARTESIAN_POINT ( 'NONE',  ( 0.6031887329182967800, 0.08449268121472550100, 0.02000000000000000000 ) ) ;
#2819 = VERTEX_POINT ( 'NONE', #127 ) ;
#2820 = DIRECTION ( 'NONE',  ( -1.000000000000000000, 0.0000000000000000000, 0.0000000000000000000 ) ) ;
#2821 = CARTESIAN_POINT ( 'NONE',  ( 2.199999999999999700, 1.300000000000000300, 0.7500000000000000000 ) ) ;
#2822 = ORIENTED_EDGE ( 'NONE', *, *, #5417, .T. ) ;
#2823 = EDGE_LOOP ( 'NONE', ( #1443, #568, #1794, #244 ) ) ;
#2824 = CARTESIAN_POINT ( 'NONE',  ( -0.2935403963414635100, 0.2547794428507130200, 0.0000000000000000000 ) ) ;
#2825 = ORIENTED_EDGE ( 'NONE', *, *, #1206, .F. ) ;
#2826 = CARTESIAN_POINT ( 'NONE',  ( 0.6788953285478538400, 0.05195168874432537500, 0.0000000000000000000 ) ) ;
#2827 = FILL_AREA_STYLE ('',( #5646 ) ) ;
#2828 = CARTESIAN_POINT ( 'NONE',  ( -2.400000000000000400, 1.201000000000000300, -0.001000000000000000000 ) ) ;
#2829 = ORIENTED_EDGE ( 'NONE', *, *, #253, .F. ) ;
#2830 = CARTESIAN_POINT ( 'NONE',  ( -2.199999999999999700, -1.500000000000000000, 0.7500000000000000000 ) ) ;
#2831 = ORIENTED_EDGE ( 'NONE', *, *, #6275, .F. ) ;
#2832 = CARTESIAN_POINT ( 'NONE',  ( 1.300000000000000300, 1.500000000000000000, 0.0000000000000000000 ) ) ;
#2833 = CARTESIAN_POINT ( 'NONE',  ( 0.4123440683672716100, 0.2057612230208574500, 0.02000000000000000000 ) ) ;
#2834 = CARTESIAN_POINT ( 'NONE',  ( -0.5448870500228861800, -0.06950246080276796500, 1.355252715606880500E-017 ) ) ;
#2835 = SURFACE_SIDE_STYLE ('',( #4976 ) ) ;
#2836 = FILL_AREA_STYLE_COLOUR ( '', #3838 ) ;
#2837 = CARTESIAN_POINT ( 'NONE',  ( -2.500000000000000000, 1.201000000000000700, -0.001000000000000000000 ) ) ;
#2838 = UNCERTAINTY_MEASURE_WITH_UNIT (LENGTH_MEASURE( 1.000000000000000100E-005 ), #2641, 'distance_accuracy_value', 'NONE');
#2839 = UNCERTAINTY_MEASURE_WITH_UNIT (LENGTH_MEASURE( 1.000000000000000100E-005 ), #598, 'distance_accuracy_value', 'NONE');
#2840 = DIRECTION ( 'NONE',  ( 0.0000000000000000000, -1.000000000000000000, 0.0000000000000000000 ) ) ;
#2841 = EDGE_CURVE ( 'NONE', #4996, #4325, #4924, .T. ) ;
#2842 = EDGE_CURVE ( 'NONE', #3055, #1674, #3399, .T. ) ;
#2843 = CARTESIAN_POINT ( 'NONE',  ( 0.4553858262546222100, 0.2602547031304121600, 0.0000000000000000000 ) ) ;
#2844 = EDGE_CURVE ( 'NONE', #5008, #5280, #4536, .T. ) ;
#2845 = PRESENTATION_LAYER_ASSIGNMENT (  '', '', ( #2489 ) ) ;
#2846 = CARTESIAN_POINT ( 'NONE',  ( -1.600000000000001000, -0.7000000000000000700, -0.001000000000000000000 ) ) ;
#2847 =( GEOMETRIC_REPRESENTATION_CONTEXT ( 3 ) GLOBAL_UNCERTAINTY_ASSIGNED_CONTEXT ( ( #4218 ) ) GLOBAL_UNIT_ASSIGNED_CONTEXT ( ( #6202, #6209, #6235 ) ) REPRESENTATION_CONTEXT ( 'NONE', 'WORKASPACE' ) );
#2848 = CARTESIAN_POINT ( 'NONE',  ( -5.208507236620328600E-015, 1.200999999999989900, -0.0000000000000000000 ) ) ;
#2849 = DIRECTION ( 'NONE',  ( 1.000000000000000000, -0.0000000000000000000, -0.0000000000000000000 ) ) ;
#2850 = CARTESIAN_POINT ( 'NONE',  ( -0.4407023022779717500, -0.2062802087956596400, 0.02000000000000000000 ) ) ;
#2851 = MECHANICAL_DESIGN_GEOMETRIC_PRESENTATION_REPRESENTATION (  '', ( #2144 ), #3173 ) ;
#2852 = MECHANICAL_DESIGN_GEOMETRIC_PRESENTATION_REPRESENTATION (  '', ( #2145 ), #3174 ) ;
#2853 = SURFACE_STYLE_USAGE ( .BOTH. , #2835 ) ;
#2854 = CARTESIAN_POINT ( 'NONE',  ( 0.4348425162981093800, 0.2058532870028461600, 0.02000000000000000000 ) ) ;
#2855 = FACE_OUTER_BOUND ( 'NONE', #2966, .T. ) ;
#2856 = CARTESIAN_POINT ( 'NONE',  ( 2.500000000000000000, 1.300000000000000300, 0.3499999999999999800 ) ) ;
#2857 = CARTESIAN_POINT ( 'NONE',  ( -0.3732003330700083300, -0.1776125106780562200, 0.02000000000000000000 ) ) ;
#2858 = CARTESIAN_POINT ( 'NONE',  ( -2.400000000000000400, -0.6999999999999999600, 0.3489999999999999800 ) ) ;
#2859 = CYLINDRICAL_SURFACE ( 'NONE', #1743, 0.3000000000000003800 ) ;
#2860 = CARTESIAN_POINT ( 'NONE',  ( 0.3109756097560981700, -0.2193059230029455200, 0.02000000000000000000 ) ) ;
#2861 = VECTOR ( 'NONE', #5326, 1000.000000000000000 ) ;
#2862 = CARTESIAN_POINT ( 'NONE',  ( 0.4227917705111430300, 0.2059191847476655500, 0.02000000000000000000 ) ) ;
#2863 = PLANE ( 'NONE',  #4909 ) ;
#2864 = ORIENTED_EDGE ( 'NONE', *, *, #117, .F. ) ;
#2865 = COLOUR_RGB ( '',0.8274509803921568100, 0.6666666666666666300, 0.1294117647058823400 ) ;
#2866 = ORIENTED_EDGE ( 'NONE', *, *, #1045, .F. ) ;
#2867 = ORIENTED_EDGE ( 'NONE', *, *, #4876, .T. ) ;
#2868 = VECTOR ( 'NONE', #593, 1000.000000000000000 ) ;
#2869 = SURFACE_SIDE_STYLE ('',( #533 ) ) ;
#2870 = VECTOR ( 'NONE', #3275, 1000.000000000000000 ) ;
#2871 = DIRECTION ( 'NONE',  ( -1.000000000000000000, 0.0000000000000000000, 0.0000000000000000000 ) ) ;
#2872 = CARTESIAN_POINT ( 'NONE',  ( -0.2979659377577967800, -0.2450474044612092300, 1.355252715606880500E-017 ) ) ;
#2873 = VERTEX_POINT ( 'NONE', #4267 ) ;
#2874 = VERTEX_POINT ( 'NONE', #2786 ) ;
#2875 = DIRECTION ( 'NONE',  ( 0.0000000000000000000, 0.0000000000000000000, -1.000000000000000000 ) ) ;
#2876 = CARTESIAN_POINT ( 'NONE',  ( 0.6827705550223911500, -0.01371345463186105000, 1.355252715606880500E-017 ) ) ;
#2877 = MECHANICAL_DESIGN_GEOMETRIC_PRESENTATION_REPRESENTATION (  '', ( #2165 ), #3196 ) ;
#2878 = DIRECTION ( 'NONE',  ( 0.0000000000000000000, 1.000000000000000000, 0.0000000000000000000 ) ) ;
#2879 = LINE ( 'NONE', #2427, #2705 ) ;
#2880 = SURFACE_SIDE_STYLE ('',( #3949 ) ) ;
#2881 = DIRECTION ( 'NONE',  ( 0.0000000000000000000, -1.000000000000000000, 0.0000000000000000000 ) ) ;
#2882 = CARTESIAN_POINT ( 'NONE',  ( -0.4878048780487805900, 0.009638436753152054800, 0.02000000000000000000 ) ) ;
#2883 = EDGE_CURVE ( 'NONE', #2795, #5144, #687, .T. ) ;
#2884 = ORIENTED_EDGE ( 'NONE', *, *, #5140, .T. ) ;
#2885 = PRESENTATION_STYLE_ASSIGNMENT (( #4789 ) ) ;
#2886 = ORIENTED_EDGE ( 'NONE', *, *, #5631, .T. ) ;
#2887 = ORIENTED_EDGE ( 'NONE', *, *, #6324, .T. ) ;
#2888 = ORIENTED_EDGE ( 'NONE', *, *, #686, .F. ) ;
#2889 = AXIS2_PLACEMENT_3D ( 'NONE', #3102, #2960, #2875 ) ;
#2890 = VECTOR ( 'NONE', #5500, 1000.000000000000000 ) ;
#2891 = CARTESIAN_POINT ( 'NONE',  ( 0.6584940782872651400, -0.1268386172592696800, 0.02000000000000000000 ) ) ;
#2892 = CARTESIAN_POINT ( 'NONE',  ( 0.4091822946474112900, -0.2494973898453949600, 0.02000000000000000000 ) ) ;
#2893 = EDGE_CURVE ( 'NONE', #6367, #4175, #3222, .T. ) ;
#2894 = LINE ( 'NONE', #1410, #5443 ) ;
#2895 = DIRECTION ( 'NONE',  ( -1.000000000000000000, 0.0000000000000000000, -0.0000000000000000000 ) ) ;
#2896 = EDGE_LOOP ( 'NONE', ( #6237, #2831, #4776, #966 ) ) ;
#2897 = UNCERTAINTY_MEASURE_WITH_UNIT (LENGTH_MEASURE( 1.000000000000000100E-005 ), #6157, 'distance_accuracy_value', 'NONE');
#2898 = EDGE_CURVE ( 'NONE', #5662, #3892, #5644, .T. ) ;
#2899 = AXIS2_PLACEMENT_3D ( 'NONE', #4467, #1468, #4946 ) ;
#2900 = CARTESIAN_POINT ( 'NONE',  ( -0.9695121951219513000, -0.2452205571492869800, 0.02000000000000000000 ) ) ;
#2901 = ORIENTED_EDGE ( 'NONE', *, *, #2759, .F. ) ;
#2902 = DIRECTION ( 'NONE',  ( -1.000000000000000000, 0.0000000000000000000, 0.0000000000000000000 ) ) ;
#2903 = DIRECTION ( 'NONE',  ( 0.0000000000000000000, -1.000000000000000000, 0.0000000000000000000 ) ) ;
#2904 =( LENGTH_UNIT ( ) NAMED_UNIT ( * ) SI_UNIT ( .MILLI., .METRE. ) );
#2905 = LINE ( 'NONE', #5728, #5303 ) ;
#2906 = SURFACE_STYLE_USAGE ( .BOTH. , #4470 ) ;
#2907 = ORIENTED_EDGE ( 'NONE', *, *, #3030, .F. ) ;
#2908 = CARTESIAN_POINT ( 'NONE',  ( 0.6131126674932582100, -0.04298279970911134100, 0.02000000000000000000 ) ) ;
#2909 = DIRECTION ( 'NONE',  ( 1.000000000000000000, -0.0000000000000000000, -0.0000000000000000000 ) ) ;
#2910 = ORIENTED_EDGE ( 'NONE', *, *, #3378, .F. ) ;
#2911 = CIRCLE ( 'NONE', #2179, 0.2000000000000000900 ) ;
#2912 = DIRECTION ( 'NONE',  ( -1.000000000000000000, 0.0000000000000000000, 0.0000000000000000000 ) ) ;
#2913 = DIRECTION ( 'NONE',  ( -1.000000000000000000, 0.0000000000000000000, 0.0000000000000000000 ) ) ;
#2914 = VECTOR ( 'NONE', #1587, 1000.000000000000000 ) ;
#2915 = ORIENTED_EDGE ( 'NONE', *, *, #1990, .F. ) ;
#2916 = B_SPLINE_SURFACE_WITH_KNOTS ( 'NONE', 3, 1, ( 
 ( #1226, #2118 ),
 ( #3123, #2311 ),
 ( #1478, #399 ),
 ( #1614, #1995 ),
 ( #5904, #1462 ),
 ( #27, #2189 ),
 ( #3978, #3573 ),
 ( #3617, #3689 ),
 ( #3987, #4524 ),
 ( #6006, #609 ),
 ( #913, #1469 ),
 ( #1104, #3602 ),
 ( #1993, #4707 ),
 ( #4884, #4014 ),
 ( #4289, #4142 ),
 ( #5077, #1726 ),
 ( #992, #5229 ),
 ( #4076, #98 ),
 ( #125, #142 ) ),
 .UNSPECIFIED., .F., .F., .F.,
 ( 4, 1, 1, 1, 1, 1, 1, 1, 1, 1, 1, 1, 1, 1, 1, 1, 4 ),
 ( 2, 2 ),
 ( 0.0000000000000000000, 0.07377411937406352900, 0.1440791147260412600, 0.2113485183089115200, 0.2760768857398837000, 0.3385209158196765800, 0.3998851166931335400, 0.4602540674652130800, 0.5205889643912479100, 0.5802076845630441700, 0.6386329085525458400, 0.6963645494905236200, 0.7540017746600125000, 0.8128056813744977100, 0.8727544255255603700, 0.9351819969782670900, 1.000000000000000000 ),
 ( 0.0000000000000000000, 1.000000000000000000 ),
 .UNSPECIFIED. ) ;
#2917 = CARTESIAN_POINT ( 'NONE',  ( 0.3729713468732502900, -0.2435290802774680000, -0.0000000000000000000 ) ) ;
#2918 = FILL_AREA_STYLE ('',( #5260 ) ) ;
#2919 = CARTESIAN_POINT ( 'NONE',  ( -0.9189214939024391600, -0.1049766547102625700, 0.0000000000000000000 ) ) ;
#2920 = FILL_AREA_STYLE_COLOUR ( '', #4826 ) ;
#2921 = FACE_OUTER_BOUND ( 'NONE', #1184, .T. ) ;
#2922 = CARTESIAN_POINT ( 'NONE',  ( 0.4583433388316404700, -0.1959495275232466800, 0.02000000000000000000 ) ) ;
#2923 = CARTESIAN_POINT ( 'NONE',  ( 0.3359067750317615800, 0.2498784427576004300, 0.02000000000000000000 ) ) ;
#2924 = PLANE ( 'NONE',  #3136 ) ;
#2925 = FILL_AREA_STYLE_COLOUR ( '', #3345 ) ;
#2926 = EDGE_CURVE ( 'NONE', #6478, #3055, #515, .T. ) ;
#2927 = CARTESIAN_POINT ( 'NONE',  ( -0.4878048780487805900, 0.009638436753152054800, 0.02000000000000000000 ) ) ;
#2928 = EDGE_CURVE ( 'NONE', #4054, #3467, #332, .T. ) ;
#2929 = AXIS2_PLACEMENT_3D ( 'NONE', #6019, #3091, #6522 ) ;
#2930 = FACE_OUTER_BOUND ( 'NONE', #3273, .T. ) ;
#2931 = PRESENTATION_LAYER_ASSIGNMENT (  '', '', ( #2230 ) ) ;
#2932 = LINE ( 'NONE', #2371, #2594 ) ;
#2933 = CARTESIAN_POINT ( 'NONE',  ( 2.299999999999999800, -1.300000000000000000, 0.8000000000000000400 ) ) ;
#2934 = VECTOR ( 'NONE', #5402, 1000.000000000000000 ) ;
#2935 =( NAMED_UNIT ( * ) PLANE_ANGLE_UNIT ( ) SI_UNIT ( $, .RADIAN. ) );
#2936 = FILL_AREA_STYLE_COLOUR ( '', #4618 ) ;
#2937 = APPLICATION_CONTEXT ( 'automotive_design' ) ;
#2938 = CARTESIAN_POINT ( 'NONE',  ( -0.8045857424527085300, 0.1610217964882404200, 0.02000000000000000000 ) ) ;
#2939 = CARTESIAN_POINT ( 'NONE',  ( 2.199999999999999700, -1.399999999999999900, 0.7500000000000000000 ) ) ;
#2940 = B_SPLINE_SURFACE_WITH_KNOTS ( 'NONE', 3, 1, ( 
 ( #1044, #1010 ),
 ( #272, #1062 ),
 ( #1149, #1273 ),
 ( #1297, #1367 ),
 ( #1449, #1487 ),
 ( #1502, #1519 ),
 ( #1545, #1639 ),
 ( #1689, #1709 ),
 ( #3087, #1808 ),
 ( #1833, #1848 ),
 ( #1926, #1984 ),
 ( #2023, #2038 ),
 ( #2091, #2181 ),
 ( #2201, #2253 ),
 ( #2274, #2296 ),
 ( #2324, #2343 ),
 ( #2416, #2476 ),
 ( #2536, #2550 ),
 ( #2566, #4928 ) ),
 .UNSPECIFIED., .F., .F., .F.,
 ( 4, 1, 1, 1, 1, 1, 1, 1, 1, 1, 1, 1, 1, 1, 1, 1, 4 ),
 ( 2, 2 ),
 ( 0.0000000000000000000, 0.06863117867660112300, 0.1345664660386772200, 0.1983281540108811900, 0.2607897666408450200, 0.3219991514841584200, 0.3827217465030197100, 0.4435374740357287400, 0.5051334294849249000, 0.5662138747646717800, 0.6261058646175454700, 0.6853493221605164700, 0.7449958703477971300, 0.8054158418145626100, 0.8676362663459532600, 0.9323077823023292500, 1.000000000000000000 ),
 ( 0.0000000000000000000, 1.000000000000000000 ),
 .UNSPECIFIED. ) ;
#2941 = LINE ( 'NONE', #6494, #1562 ) ;
#2942 = DIRECTION ( 'NONE',  ( 1.000000000000000000, 4.928191693115930000E-017, 0.0000000000000000000 ) ) ;
#2943 = LINE ( 'NONE', #689, #5505 ) ;
#2944 = CARTESIAN_POINT ( 'NONE',  ( 0.9817073170731704900, 0.2547794428507130200, 0.02000000000000000000 ) ) ;
#2945 = EDGE_LOOP ( 'NONE', ( #5577, #3525, #3257, #6169 ) ) ;
#2946 =( LENGTH_UNIT ( ) NAMED_UNIT ( * ) SI_UNIT ( .MILLI., .METRE. ) );
#2947 = VERTEX_POINT ( 'NONE', #3788 ) ;
#2948 = VECTOR ( 'NONE', #5308, 1000.000000000000000 ) ;
#2949 = CARTESIAN_POINT ( 'NONE',  ( -0.3345974694437339700, 0.1972418912672645500, 0.02000000000000000000 ) ) ;
#2950 = CARTESIAN_POINT ( 'NONE',  ( -0.2904916158536586200, -0.1903425083687991800, 0.02000000000000000000 ) ) ;
#2951 = CIRCLE ( 'NONE', #805, 0.01999999999999999700 ) ;
#2952 = DIRECTION ( 'NONE',  ( 0.0000000000000000000, 0.0000000000000000000, -1.000000000000000000 ) ) ;
#2953 = ORIENTED_EDGE ( 'NONE', *, *, #6324, .F. ) ;
#2954 = CARTESIAN_POINT ( 'NONE',  ( 0.5060815322072960100, 0.2510437881909270400, 0.02000000000000000000 ) ) ;
#2955 = FACE_OUTER_BOUND ( 'NONE', #1568, .T. ) ;
#2956 = FILL_AREA_STYLE_COLOUR ( '', #5791 ) ;
#2957 = VECTOR ( 'NONE', #2578, 1000.000000000000000 ) ;
#2958 = CARTESIAN_POINT ( 'NONE',  ( 0.3729713468732502900, -0.2435290802774680000, 0.02000000000000000000 ) ) ;
#2959 = ORIENTED_EDGE ( 'NONE', *, *, #2351, .F. ) ;
#2960 = DIRECTION ( 'NONE',  ( 0.0000000000000000000, -1.000000000000000000, 0.0000000000000000000 ) ) ;
#2961 =( NAMED_UNIT ( * ) SI_UNIT ( $, .STERADIAN. ) SOLID_ANGLE_UNIT ( ) );
#2962 = AXIS2_PLACEMENT_3D ( 'NONE', #2545, #5509, #2871 ) ;
#2963 = CARTESIAN_POINT ( 'NONE',  ( 0.5638306837902358200, 0.1503119935986293700, 0.02000000000000000000 ) ) ;
#2964 = ORIENTED_EDGE ( 'NONE', *, *, #2167, .F. ) ;
#2965 = CARTESIAN_POINT ( 'NONE',  ( -0.6646341463414634500, -0.2452205571492869800, 0.02000000000000000000 ) ) ;
#2966 = EDGE_LOOP ( 'NONE', ( #1839, #3132, #1442, #1672 ) ) ;
#2967 = EDGE_CURVE ( 'NONE', #820, #5008, #5490, .T. ) ;
#2968 = VECTOR ( 'NONE', #207, 1000.000000000000000 ) ;
#2969 = CARTESIAN_POINT ( 'NONE',  ( -0.2195121951219513000, 0.1999013940702252200, 0.02000000000000000000 ) ) ;
#2970 = EDGE_CURVE ( 'NONE', #361, #3060, #618, .T. ) ;
#2971 = CARTESIAN_POINT ( 'NONE',  ( 2.299999999999999800, 1.600000000000000300, 0.0000000000000000000 ) ) ;
#2972 = STYLED_ITEM ( 'NONE', ( #1955 ), #1444 ) ;
#2973 = ORIENTED_EDGE ( 'NONE', *, *, #6190, .F. ) ;
#2974 =( GEOMETRIC_REPRESENTATION_CONTEXT ( 3 ) GLOBAL_UNCERTAINTY_ASSIGNED_CONTEXT ( ( #3749 ) ) GLOBAL_UNIT_ASSIGNED_CONTEXT ( ( #5634, #5650, #5675 ) ) REPRESENTATION_CONTEXT ( 'NONE', 'WORKASPACE' ) );
#2975 = FACE_OUTER_BOUND ( 'NONE', #3096, .T. ) ;
#2976 = ORIENTED_EDGE ( 'NONE', *, *, #1207, .T. ) ;
#2977 = CARTESIAN_POINT ( 'NONE',  ( 2.500000000000000000, 1.399999999999999900, 0.4500000000000000100 ) ) ;
#2978 = ORIENTED_EDGE ( 'NONE', *, *, #2340, .F. ) ;
#2979 = AXIS2_PLACEMENT_3D ( 'NONE', #5606, #2689, #6123 ) ;
#2980 = STYLED_ITEM ( 'NONE', ( #4324 ), #290 ) ;
#2981 = MECHANICAL_DESIGN_GEOMETRIC_PRESENTATION_REPRESENTATION (  '', ( #1923 ), #3300 ) ;
#2982 = DIRECTION ( 'NONE',  ( 1.000000000000000000, 0.0000000000000000000, 0.0000000000000000000 ) ) ;
#2983 = DIRECTION ( 'NONE',  ( -1.000000000000000000, -0.0000000000000000000, 0.0000000000000000000 ) ) ;
#2984 = DIRECTION ( 'NONE',  ( -1.000000000000000000, 0.0000000000000000000, 0.0000000000000000000 ) ) ;
#2985 = B_SPLINE_CURVE_WITH_KNOTS ( 'NONE', 3,
 ( #3139, #2621, #5641, #2747, #6162, #3228, #128, #3732, #709, #4222, #1221, #4710, #1714, #5176, #2240, #5661, #2769, #6185, #3259 ),
 .UNSPECIFIED., .F., .F.,
 ( 4, 1, 1, 1, 1, 1, 1, 1, 1, 1, 1, 1, 1, 1, 1, 1, 4 ),
 ( 0.0000000000000000000, 0.06863117867660112300, 0.1345664660386772200, 0.1983281540108811900, 0.2607897666408450200, 0.3219991514841584200, 0.3827217465030197100, 0.4435374740357287400, 0.5051334294849249000, 0.5662138747646717800, 0.6261058646175454700, 0.6853493221605164700, 0.7449958703477971300, 0.8054158418145626100, 0.8676362663459532600, 0.9323077823023292500, 1.000000000000000000 ),
 .UNSPECIFIED. ) ;
#2986 = CARTESIAN_POINT ( 'NONE',  ( 0.3729713468732502900, -0.2435290802774680000, 1.355252715606880500E-017 ) ) ;
#2987 = CARTESIAN_POINT ( 'NONE',  ( -2.199999999999999700, 1.500000000000000200, 0.4699999999999999700 ) ) ;
#2988 = FILL_AREA_STYLE ('',( #2342 ) ) ;
#2989 = CARTESIAN_POINT ( 'NONE',  ( -0.3732003330700083300, -0.1776125106780562200, 0.02000000000000000000 ) ) ;
#2990 = CARTESIAN_POINT ( 'NONE',  ( 0.5503284455404370300, 0.1634075122256821400, 0.0000000000000000000 ) ) ;
#2991 = DIRECTION ( 'NONE',  ( 1.000000000000000000, 0.0000000000000000000, 0.0000000000000000000 ) ) ;
#2992 = SURFACE_STYLE_USAGE ( .BOTH. , #3840 ) ;
#2993 = FILL_AREA_STYLE_COLOUR ( '', #1547 ) ;
#2994 = CARTESIAN_POINT ( 'NONE',  ( -2.399999999999999900, 1.300000000000000300, 0.4699999999999999700 ) ) ;
#2995 = DIRECTION ( 'NONE',  ( 0.0000000000000000000, 1.000000000000000000, 0.0000000000000000000 ) ) ;
#2996 = EDGE_CURVE ( 'NONE', #1205, #3496, #1553, .T. ) ;
#2997 = CARTESIAN_POINT ( 'NONE',  ( -0.7804878048780488100, 0.2547794428507130200, 0.02000000000000000000 ) ) ;
#2998 = PRESENTATION_LAYER_ASSIGNMENT (  '', '', ( #2308 ) ) ;
#2999 = CARTESIAN_POINT ( 'NONE',  ( -0.04268292682926854600, 0.1999013940702252200, 0.0000000000000000000 ) ) ;
#3000 = B_SPLINE_SURFACE_WITH_KNOTS ( 'NONE', 3, 1, ( 
 ( #5028, #6492 ),
 ( #2854, #6077 ),
 ( #3660, #3454 ),
 ( #4843, #5705 ),
 ( #1875, #4143 ),
 ( #39, #777 ),
 ( #352, #1150 ),
 ( #4105, #1251 ),
 ( #2275, #1298 ),
 ( #2963, #3551 ),
 ( #327, #6422 ),
 ( #632, #3907 ),
 ( #1560, #4653 ),
 ( #2818, #1490 ),
 ( #1088, #4499 ),
 ( #6040, #3418 ),
 ( #6521, #5518 ),
 ( #2592, #3618 ),
 ( #178, #2433 ) ),
 .UNSPECIFIED., .F., .F., .F.,
 ( 4, 1, 1, 1, 1, 1, 1, 1, 1, 1, 1, 1, 1, 1, 1, 1, 4 ),
 ( 2, 2 ),
 ( 0.0000000000000000000, 0.06460397028839215400, 0.1267024139629472600, 0.1867568140356183100, 0.2455056873654374900, 0.3036520244499755800, 0.3615030739706252000, 0.4202402229284673000, 0.4800333407766962400, 0.5406781347755159600, 0.6011918063807816200, 0.6623335024774421600, 0.7247395102972316000, 0.7894677361728864600, 0.8565048600438305300, 0.9263120958391900500, 1.000000000000000000 ),
 ( 0.0000000000000000000, 1.000000000000000000 ),
 .UNSPECIFIED. ) ;
#3001 = CARTESIAN_POINT ( 'NONE',  ( -0.4588251012888052700, -0.1089238240845926500, 1.355252715606880500E-017 ) ) ;
#3002 = DIRECTION ( 'NONE',  ( -0.0000000000000000000, 0.0000000000000000000, 1.000000000000000000 ) ) ;
#3003 = EDGE_CURVE ( 'NONE', #6022, #800, #3077, .T. ) ;
#3004 = FILL_AREA_STYLE_COLOUR ( '', #1632 ) ;
#3005 = ORIENTED_EDGE ( 'NONE', *, *, #6222, .F. ) ;
#3006 = AXIS2_PLACEMENT_3D ( 'NONE', #762, #4260, #1246 ) ;
#3007 = DIRECTION ( 'NONE',  ( 1.000000000000000000, 0.0000000000000000000, -0.0000000000000000000 ) ) ;
#3008 =( GEOMETRIC_REPRESENTATION_CONTEXT ( 3 ) GLOBAL_UNCERTAINTY_ASSIGNED_CONTEXT ( ( #5517 ) ) GLOBAL_UNIT_ASSIGNED_CONTEXT ( ( #5871, #6379, #1749 ) ) REPRESENTATION_CONTEXT ( 'NONE', 'WORKASPACE' ) );
#3009 =( NAMED_UNIT ( * ) SI_UNIT ( $, .STERADIAN. ) SOLID_ANGLE_UNIT ( ) );
#3010 = SURFACE_STYLE_FILL_AREA ( #297 ) ;
#3011 = COLOUR_RGB ( '',0.2980392156862745100, 0.2980392156862745100, 0.2980392156862745100 ) ;
#3012 = CARTESIAN_POINT ( 'NONE',  ( -0.3950711594167478100, -0.2281159654332620700, 0.0000000000000000000 ) ) ;
#3013 = ORIENTED_EDGE ( 'NONE', *, *, #3156, .T. ) ;
#3014 = CARTESIAN_POINT ( 'NONE',  ( -2.399999999999999900, -1.300000000000000000, 0.6999999999999999600 ) ) ;
#3015 = ORIENTED_EDGE ( 'NONE', *, *, #3597, .F. ) ;
#3016 = LINE ( 'NONE', #5059, #5426 ) ;
#3017 = FILL_AREA_STYLE_COLOUR ( '', #6298 ) ;
#3018 = VECTOR ( 'NONE', #602, 1000.000000000000000 ) ;
#3019 = SURFACE_STYLE_FILL_AREA ( #3849 ) ;
#3020 = DIRECTION ( 'NONE',  ( 1.000000000000000000, 0.0000000000000000000, 0.0000000000000000000 ) ) ;
#3021 = ORIENTED_EDGE ( 'NONE', *, *, #5217, .F. ) ;
#3022 = CARTESIAN_POINT ( 'NONE',  ( -0.4878048780487805900, 0.009638436753152054800, 0.02000000000000000000 ) ) ;
#3023 = VERTEX_POINT ( 'NONE', #6291 ) ;
#3024 = EDGE_LOOP ( 'NONE', ( #3119, #3340, #3349, #458 ) ) ;
#3025 = SURFACE_SIDE_STYLE ('',( #6481 ) ) ;
#3026 = ORIENTED_EDGE ( 'NONE', *, *, #2759, .T. ) ;
#3027 = DIRECTION ( 'NONE',  ( -0.0000000000000000000, -0.0000000000000000000, -1.000000000000000000 ) ) ;
#3028 = VERTEX_POINT ( 'NONE', #4824 ) ;
#3029 = ORIENTED_EDGE ( 'NONE', *, *, #554, .T. ) ;
#3030 = EDGE_CURVE ( 'NONE', #4767, #1268, #3098, .T. ) ;
#3031 = VECTOR ( 'NONE', #2417, 1000.000000000000000 ) ;
#3032 = SURFACE_SIDE_STYLE ('',( #564 ) ) ;
#3033 = ORIENTED_EDGE ( 'NONE', *, *, #6135, .T. ) ;
#3034 = CARTESIAN_POINT ( 'NONE',  ( 0.9817073170731704900, -0.2452205571492869800, 0.02000000000000000000 ) ) ;
#3035 = VERTEX_POINT ( 'NONE', #2368 ) ;
#3036 = DIRECTION ( 'NONE',  ( 1.000000000000000000, 0.0000000000000000000, 0.0000000000000000000 ) ) ;
#3037 = ORIENTED_EDGE ( 'NONE', *, *, #4073, .F. ) ;
#3038 = ORIENTED_EDGE ( 'NONE', *, *, #51, .F. ) ;
#3039 = CARTESIAN_POINT ( 'NONE',  ( -0.8191217334991175400, 0.1652915305048654700, 0.0000000000000000000 ) ) ;
#3040 = ORIENTED_EDGE ( 'NONE', *, *, #10, .T. ) ;
#3041 = EDGE_LOOP ( 'NONE', ( #4, #3852, #1960, #845 ) ) ;
#3042 = EDGE_CURVE ( 'NONE', #6103, #2729, #5334, .T. ) ;
#3043 =( NAMED_UNIT ( * ) SI_UNIT ( $, .STERADIAN. ) SOLID_ANGLE_UNIT ( ) );
#3044 = EDGE_CURVE ( 'NONE', #815, #6390, #3307, .T. ) ;
#3045 = EDGE_CURVE ( 'NONE', #2555, #2150, #6529, .T. ) ;
#3046 = DIRECTION ( 'NONE',  ( 9.856383386231858800E-017, 1.000000000000000000, 0.0000000000000000000 ) ) ;
#3047 = STYLED_ITEM ( 'NONE', ( #943 ), #2252 ) ;
#3048 = VECTOR ( 'NONE', #2285, 1000.000000000000000 ) ;
#3049 = EDGE_LOOP ( 'NONE', ( #4236, #2829, #2976, #2331 ) ) ;
#3050 = DIRECTION ( 'NONE',  ( 0.0000000000000000000, 0.0000000000000000000, -1.000000000000000000 ) ) ;
#3052 = ORIENTED_EDGE ( 'NONE', *, *, #5622, .T. ) ;
#3051 = AXIS2_PLACEMENT_3D ( 'NONE', #1284, #283, #3090 ) ;
#3053 = CARTESIAN_POINT ( 'NONE',  ( 0.7256097560975607300, -0.1903425083687991800, -0.0000000000000000000 ) ) ;
#3054 = CARTESIAN_POINT ( 'NONE',  ( -0.6646341463414634500, -0.2452205571492869800, 0.0000000000000000000 ) ) ;
#3055 = VERTEX_POINT ( 'NONE', #5294 ) ;
#3056 = LINE ( 'NONE', #323, #4212 ) ;
#3057 = ORIENTED_EDGE ( 'NONE', *, *, #2259, .F. ) ;
#3058 = DIRECTION ( 'NONE',  ( -1.000000000000000000, -0.0000000000000000000, -0.0000000000000000000 ) ) ;
#3059 = MECHANICAL_DESIGN_GEOMETRIC_PRESENTATION_REPRESENTATION (  '', ( #1998 ), #3391 ) ;
#3060 = VERTEX_POINT ( 'NONE', #1840 ) ;
#3061 = DIRECTION ( 'NONE',  ( -1.000000000000000000, 0.0000000000000000000, 0.0000000000000000000 ) ) ;
#3062 = LINE ( 'NONE', #2618, #2914 ) ;
#3063 = DIRECTION ( 'NONE',  ( -0.0000000000000000000, 0.0000000000000000000, -1.000000000000000000 ) ) ;
#3064 = CARTESIAN_POINT ( 'NONE',  ( -0.4848443947653962000, 0.05377582260918129000, 0.0000000000000000000 ) ) ;
#3065 = B_SPLINE_CURVE_WITH_KNOTS ( 'NONE', 3,
 ( #5878, #2399, #1438, #4910, #1931, #5386, #2462, #5900, #2990, #6407, #3493, #416, #3977, #958, #4459, #1460, #4935, #1943, #5401 ),
 .UNSPECIFIED., .F., .F.,
 ( 4, 1, 1, 1, 1, 1, 1, 1, 1, 1, 1, 1, 1, 1, 1, 1, 4 ),
 ( 0.0000000000000000000, 0.06460397028839215400, 0.1267024139629472600, 0.1867568140356183100, 0.2455056873654374900, 0.3036520244499755800, 0.3615030739706252000, 0.4202402229284673000, 0.4800333407766962400, 0.5406781347755159600, 0.6011918063807816200, 0.6623335024774421600, 0.7247395102972316000, 0.7894677361728864600, 0.8565048600438305300, 0.9263120958391900500, 1.000000000000000000 ),
 .UNSPECIFIED. ) ;
#3066 = ORIENTED_EDGE ( 'NONE', *, *, #4521, .F. ) ;
#3067 = DIRECTION ( 'NONE',  ( 0.0000000000000000000, 0.0000000000000000000, 1.000000000000000000 ) ) ;
#3068 = CARTESIAN_POINT ( 'NONE',  ( -0.7123666158536586800, -0.1049766547102625700, 0.02000000000000000000 ) ) ;
#3069 = DIRECTION ( 'NONE',  ( -0.9407669869669989000, 0.3390537954853693500, 0.0000000000000000000 ) ) ;
#3070 = FILL_AREA_STYLE_COLOUR ( '', #3771 ) ;
#3071 = CARTESIAN_POINT ( 'NONE',  ( 0.3155717748205164000, -0.1670166513114765000, -0.0000000000000000000 ) ) ;
#3072 = MECHANICAL_DESIGN_GEOMETRIC_PRESENTATION_REPRESENTATION (  '', ( #2018 ), #3414 ) ;
#3073 = CARTESIAN_POINT ( 'NONE',  ( 0.4348425162981093800, 0.2058532870028461600, 0.02000000000000000000 ) ) ;
#3074 = CARTESIAN_POINT ( 'NONE',  ( -0.3142672990260592100, 0.1994690261560747900, 0.0000000000000000000 ) ) ;
#3075 = SURFACE_STYLE_FILL_AREA ( #5014 ) ;
#3076 = EDGE_CURVE ( 'NONE', #69, #2713, #2932, .T. ) ;
#3077 = LINE ( 'NONE', #3853, #4086 ) ;
#3078 = CARTESIAN_POINT ( 'NONE',  ( 0.3109756097560981700, -0.1644278742224576900, 0.02000000000000000000 ) ) ;
#3079 = CARTESIAN_POINT ( 'NONE',  ( 2.500000000000000000, 1.600000000000000300, 0.3499999999999999800 ) ) ;
#3080 = EDGE_CURVE ( 'NONE', #4542, #4192, #2771, .T. ) ;
#3081 = STYLED_ITEM ( 'NONE', ( #5213 ), #714 ) ;
#3082 = FACE_OUTER_BOUND ( 'NONE', #5065, .T. ) ;
#3083 = EDGE_CURVE ( 'NONE', #5078, #5863, #1235, .T. ) ;
#3084 = VECTOR ( 'NONE', #3209, 1000.000000000000000 ) ;
#3085 = LINE ( 'NONE', #1463, #2934 ) ;
#3086 = DIRECTION ( 'NONE',  ( -1.000000000000000000, 0.0000000000000000000, 0.0000000000000000000 ) ) ;
#3087 = CARTESIAN_POINT ( 'NONE',  ( -0.4614464312525449200, 0.2043541831933167200, 0.02000000000000000000 ) ) ;
#3088 = DIRECTION ( 'NONE',  ( 0.0000000000000000000, -1.000000000000000000, 0.0000000000000000000 ) ) ;
#3089 = EDGE_CURVE ( 'NONE', #962, #3461, #5045, .T. ) ;
#3090 = DIRECTION ( 'NONE',  ( 0.0000000000000000000, 0.0000000000000000000, 1.000000000000000000 ) ) ;
#3091 = DIRECTION ( 'NONE',  ( 0.0000000000000000000, 0.0000000000000000000, -1.000000000000000000 ) ) ;
#3092 = PRESENTATION_LAYER_ASSIGNMENT (  '', '', ( #2761 ) ) ;
#3093 = AXIS2_PLACEMENT_3D ( 'NONE', #398, #3956, #939 ) ;
#3094 = LINE ( 'NONE', #6280, #1718 ) ;
#3095 = ORIENTED_EDGE ( 'NONE', *, *, #1857, .T. ) ;
#3096 = EDGE_LOOP ( 'NONE', ( #5382, #3358, #4196, #3190 ) ) ;
#3097 = CARTESIAN_POINT ( 'NONE',  ( 0.5866963938458862300, 0.1198670863752337600, 0.02000000000000000000 ) ) ;
#3098 = B_SPLINE_CURVE_WITH_KNOTS ( 'NONE', 3,
 ( #1344, #852, #5797, #2908, #6313, #3397, #303, #3883, #869, #4371, #1371, #4846, #1850, #5318, #2392, #5821, #2922, #6337, #3420 ),
 .UNSPECIFIED., .F., .F.,
 ( 4, 1, 1, 1, 1, 1, 1, 1, 1, 1, 1, 1, 1, 1, 1, 1, 4 ),
 ( 0.0000000000000000000, 0.07377411937406352900, 0.1440791147260412600, 0.2113485183089115200, 0.2760768857398837000, 0.3385209158196765800, 0.3998851166931335400, 0.4602540674652130800, 0.5205889643912479100, 0.5802076845630441700, 0.6386329085525458400, 0.6963645494905236200, 0.7540017746600125000, 0.8128056813744977100, 0.8727544255255603700, 0.9351819969782670900, 1.000000000000000000 ),
 .UNSPECIFIED. ) ;
#3099 = VERTEX_POINT ( 'NONE', #4850 ) ;
#3100 = LINE ( 'NONE', #1454, #1721 ) ;
#3101 = CARTESIAN_POINT ( 'NONE',  ( 0.3906215900297372300, -0.2470872881520112000, 0.02000000000000000000 ) ) ;
#3102 = CARTESIAN_POINT ( 'NONE',  ( 2.299999999999999400, -1.300000000000000000, 0.7500000000000000000 ) ) ;
#3103 = FACE_OUTER_BOUND ( 'NONE', #5944, .T. ) ;
#3104 = SURFACE_SIDE_STYLE ('',( #588 ) ) ;
#3105 =( LENGTH_UNIT ( ) NAMED_UNIT ( * ) SI_UNIT ( .MILLI., .METRE. ) );
#3106 = ORIENTED_EDGE ( 'NONE', *, *, #3698, .T. ) ;
#3107 = CARTESIAN_POINT ( 'NONE',  ( -0.5262737158895545200, 0.1328321326744797100, 0.0000000000000000000 ) ) ;
#3108 = VECTOR ( 'NONE', #6501, 1000.000000000000200 ) ;
#3109 = DIRECTION ( 'NONE',  ( -0.0000000000000000000, -0.0000000000000000000, -1.000000000000000000 ) ) ;
#3110 = CARTESIAN_POINT ( 'NONE',  ( 2.199999999999999700, 1.400000000000000400, 0.8000000000000000400 ) ) ;
#3111 = ORIENTED_EDGE ( 'NONE', *, *, #6446, .F. ) ;
#3112 = EDGE_LOOP ( 'NONE', ( #82, #4332, #1051, #5677 ) ) ;
#3113 = CARTESIAN_POINT ( 'NONE',  ( -0.05487804878048806900, -0.2452205571492869800, 0.02000000000000000000 ) ) ;
#3114 = CARTESIAN_POINT ( 'NONE',  ( 0.3109756097560981700, -0.2193059230029455200, 0.0000000000000000000 ) ) ;
#3115 =( NAMED_UNIT ( * ) PLANE_ANGLE_UNIT ( ) SI_UNIT ( $, .RADIAN. ) );
#3116 = VECTOR ( 'NONE', #4274, 1000.000000000000000 ) ;
#3117 = MECHANICAL_DESIGN_GEOMETRIC_PRESENTATION_REPRESENTATION (  '', ( #2074 ), #3471 ) ;
#3118 = VERTEX_POINT ( 'NONE', #5800 ) ;
#3119 = ORIENTED_EDGE ( 'NONE', *, *, #5803, .F. ) ;
#3120 = EDGE_LOOP ( 'NONE', ( #1178, #1176, #1110, #1099, #956, #5514, #707, #626, #546 ) ) ;
#3121 = ORIENTED_EDGE ( 'NONE', *, *, #4472, .F. ) ;
#3122 = COLOUR_RGB ( '',0.8274509803921568100, 0.6666666666666666300, 0.1294117647058823400 ) ;
#3123 = CARTESIAN_POINT ( 'NONE',  ( 0.6157147486115226400, -0.007866525850831125300, 0.02000000000000000000 ) ) ;
#3124 = CARTESIAN_POINT ( 'NONE',  ( -2.399999999999999900, 1.300000000000000300, 0.7500000000000000000 ) ) ;
#3125 =( GEOMETRIC_REPRESENTATION_CONTEXT ( 3 ) GLOBAL_UNCERTAINTY_ASSIGNED_CONTEXT ( ( #4566 ) ) GLOBAL_UNIT_ASSIGNED_CONTEXT ( ( #730, #5510, #5840 ) ) REPRESENTATION_CONTEXT ( 'NONE', 'WORKASPACE' ) );
#3126 = DIRECTION ( 'NONE',  ( -4.336808689942025600E-015, 1.000000000000000000, 0.0000000000000000000 ) ) ;
#3127 = CARTESIAN_POINT ( 'NONE',  ( -0.8082893805652045000, 0.1740929194788086700, 0.0000000000000000000 ) ) ;
#3128 = VERTEX_POINT ( 'NONE', #2396 ) ;
#3129 =( NAMED_UNIT ( * ) SI_UNIT ( $, .STERADIAN. ) SOLID_ANGLE_UNIT ( ) );
#3130 = FACE_OUTER_BOUND ( 'NONE', #6389, .T. ) ;
#3131 = CARTESIAN_POINT ( 'NONE',  ( -0.8141460919036358500, 0.1899601461091186300, 0.02000000000000000000 ) ) ;
#3132 = ORIENTED_EDGE ( 'NONE', *, *, #1505, .F. ) ;
#3133 = CARTESIAN_POINT ( 'NONE',  ( 0.5787608400088549700, -0.1299332755035361200, 0.0000000000000000000 ) ) ;
#3134 = EDGE_CURVE ( 'NONE', #2713, #1102, #4892, .T. ) ;
#3135 = DIRECTION ( 'NONE',  ( 0.0000000000000000000, -1.000000000000000000, 0.0000000000000000000 ) ) ;
#3136 = AXIS2_PLACEMENT_3D ( 'NONE', #3460, #359, #3930 ) ;
#3137 = CARTESIAN_POINT ( 'NONE',  ( 0.3906215900297372300, -0.2470872881520112000, 1.355252715606880500E-017 ) ) ;
#3138 = MECHANICAL_DESIGN_GEOMETRIC_PRESENTATION_REPRESENTATION (  '', ( #2441 ), #3483 ) ;
#3139 = CARTESIAN_POINT ( 'NONE',  ( -0.2935403963414635100, 0.2547794428507130200, 0.02000000000000000000 ) ) ;
#3140 = PRESENTATION_STYLE_ASSIGNMENT (( #3905 ) ) ;
#3141 = CARTESIAN_POINT ( 'NONE',  ( -2.500000000000000000, -1.600000000000000300, 0.3499999999999999800 ) ) ;
#3142 = FILL_AREA_STYLE_COLOUR ( '', #2725 ) ;
#3143 = DIRECTION ( 'NONE',  ( -0.0000000000000000000, -0.0000000000000000000, -1.000000000000000000 ) ) ;
#3144 = FACE_OUTER_BOUND ( 'NONE', #5749, .T. ) ;
#3145 =( NAMED_UNIT ( * ) SI_UNIT ( $, .STERADIAN. ) SOLID_ANGLE_UNIT ( ) );
#3146 = CARTESIAN_POINT ( 'NONE',  ( 0.4227917705111430300, 0.2059191847476655500, 1.355252715606880500E-017 ) ) ;
#3147 =( LENGTH_UNIT ( ) NAMED_UNIT ( * ) SI_UNIT ( .MILLI., .METRE. ) );
#3148 = DIRECTION ( 'NONE',  ( 0.0000000000000000000, -0.0000000000000000000, 1.000000000000000000 ) ) ;
#3149 = COLOUR_RGB ( '',0.8274509803921568100, 0.6666666666666666300, 0.1294117647058823400 ) ;
#3150 = SURFACE_STYLE_FILL_AREA ( #998 ) ;
#3151 = CARTESIAN_POINT ( 'NONE',  ( 0.3546144861576529500, -0.1841850428571639200, 0.02000000000000000000 ) ) ;
#3152 = PRESENTATION_STYLE_ASSIGNMENT (( #3662 ) ) ;
#3153 = FACE_OUTER_BOUND ( 'NONE', #3723, .T. ) ;
#3154 = FILL_AREA_STYLE_COLOUR ( '', #5268 ) ;
#3155 = DIRECTION ( 'NONE',  ( -0.0000000000000000000, -0.0000000000000000000, -1.000000000000000000 ) ) ;
#3156 = EDGE_CURVE ( 'NONE', #5824, #1102, #2436, .T. ) ;
#3157 = FACE_OUTER_BOUND ( 'NONE', #4240, .T. ) ;
#3158 = FACE_OUTER_BOUND ( 'NONE', #664, .T. ) ;
#3159 = EDGE_CURVE ( 'NONE', #3972, #390, #2267, .T. ) ;
#3160 = EDGE_CURVE ( 'NONE', #1205, #1580, #936, .T. ) ;
#3161 = MECHANICAL_DESIGN_GEOMETRIC_PRESENTATION_REPRESENTATION (  '', ( #2489 ), #3520 ) ;
#3162 = DIRECTION ( 'NONE',  ( -0.0000000000000000000, -0.0000000000000000000, -1.000000000000000000 ) ) ;
#3163 = VERTEX_POINT ( 'NONE', #5336 ) ;
#3164 = FACE_OUTER_BOUND ( 'NONE', #3112, .T. ) ;
#3165 = ORIENTED_EDGE ( 'NONE', *, *, #5029, .T. ) ;
#3166 = CARTESIAN_POINT ( 'NONE',  ( 0.4091822946474112900, -0.2494973898453949600, 0.02000000000000000000 ) ) ;
#3167 = LINE ( 'NONE', #6045, #443 ) ;
#3168 = DIRECTION ( 'NONE',  ( -0.0000000000000000000, -0.0000000000000000000, 1.000000000000000000 ) ) ;
#3169 = VECTOR ( 'NONE', #5091, 1000.000000000000000 ) ;
#3170 = ORIENTED_EDGE ( 'NONE', *, *, #5972, .T. ) ;
#3171 = CARTESIAN_POINT ( 'NONE',  ( 2.399999999999999900, -1.300000000000000000, 0.7500000000000000000 ) ) ;
#3172 = SURFACE_SIDE_STYLE ('',( #2184 ) ) ;
#3173 =( GEOMETRIC_REPRESENTATION_CONTEXT ( 3 ) GLOBAL_UNCERTAINTY_ASSIGNED_CONTEXT ( ( #2078 ) ) GLOBAL_UNIT_ASSIGNED_CONTEXT ( ( #4686, #2686, #4886 ) ) REPRESENTATION_CONTEXT ( 'NONE', 'WORKASPACE' ) );
#3174 =( GEOMETRIC_REPRESENTATION_CONTEXT ( 3 ) GLOBAL_UNCERTAINTY_ASSIGNED_CONTEXT ( ( #2838 ) ) GLOBAL_UNIT_ASSIGNED_CONTEXT ( ( #2641, #6067, #3145 ) ) REPRESENTATION_CONTEXT ( 'NONE', 'WORKASPACE' ) );
#3175 = ORIENTED_EDGE ( 'NONE', *, *, #410, .T. ) ;
#3176 = EDGE_LOOP ( 'NONE', ( #1705, #4938, #1135, #6101 ) ) ;
#3177 = DIRECTION ( 'NONE',  ( -1.000000000000000000, -4.336808689942006700E-015, 0.0000000000000000000 ) ) ;
#3178 = ORIENTED_EDGE ( 'NONE', *, *, #1119, .T. ) ;
#3179 = ORIENTED_EDGE ( 'NONE', *, *, #116, .T. ) ;
#3180 = DIRECTION ( 'NONE',  ( 0.0000000000000000000, -1.000000000000000000, 0.0000000000000000000 ) ) ;
#3181 = LINE ( 'NONE', #3538, #264 ) ;
#3182 = CARTESIAN_POINT ( 'NONE',  ( -0.1524390243902439800, -0.2452205571492869800, 0.0000000000000000000 ) ) ;
#3183 = DIRECTION ( 'NONE',  ( 1.000000000000000000, -4.336808689942025600E-015, 0.0000000000000000000 ) ) ;
#3184 = VERTEX_POINT ( 'NONE', #2944 ) ;
#3185 = CARTESIAN_POINT ( 'NONE',  ( 0.6653820571764723600, 0.1032641328116448200, 0.02000000000000000000 ) ) ;
#3186 = ORIENTED_EDGE ( 'NONE', *, *, #51, .T. ) ;
#3187 = COLOUR_RGB ( '',0.8274509803921568100, 0.6666666666666666300, 0.1294117647058823400 ) ;
#3188 = CARTESIAN_POINT ( 'NONE',  ( 0.3394609096654189800, -0.1785980123034778000, 0.02000000000000000000 ) ) ;
#3189 = VECTOR ( 'NONE', #4668, 1000.000000000000100 ) ;
#3190 = ORIENTED_EDGE ( 'NONE', *, *, #4202, .F. ) ;
#3191 = ADVANCED_FACE ( 'NONE', ( #2099 ), #2924, .T. ) ;
#3192 = VERTEX_POINT ( 'NONE', #6358 ) ;
#3193 = CARTESIAN_POINT ( 'NONE',  ( 0.3789534589230554900, 0.2582919225842028000, 0.0000000000000000000 ) ) ;
#3194 =( NAMED_UNIT ( * ) SI_UNIT ( $, .STERADIAN. ) SOLID_ANGLE_UNIT ( ) );
#3195 = VECTOR ( 'NONE', #2263, 1000.000000000000000 ) ;
#3196 =( GEOMETRIC_REPRESENTATION_CONTEXT ( 3 ) GLOBAL_UNCERTAINTY_ASSIGNED_CONTEXT ( ( #1352 ) ) GLOBAL_UNIT_ASSIGNED_CONTEXT ( ( #321, #5311, #216 ) ) REPRESENTATION_CONTEXT ( 'NONE', 'WORKASPACE' ) );
#3197 = EDGE_LOOP ( 'NONE', ( #3777, #2045, #4246, #5274 ) ) ;
#3198 = EDGE_CURVE ( 'NONE', #5824, #5084, #774, .T. ) ;
#3199 = DIRECTION ( 'NONE',  ( 0.0000000000000000000, -1.000000000000000000, 0.0000000000000000000 ) ) ;
#3200 = EDGE_CURVE ( 'NONE', #1893, #2556, #5894, .T. ) ;
#3201 = CARTESIAN_POINT ( 'NONE',  ( 0.5730602608781828500, 0.2201511541087017600, 1.355252715606880500E-017 ) ) ;
#3202 = LINE ( 'NONE', #6037, #300 ) ;
#3203 = SURFACE_SIDE_STYLE ('',( #137 ) ) ;
#3204 = EDGE_CURVE ( 'NONE', #3586, #261, #3305, .T. ) ;
#3205 = CARTESIAN_POINT ( 'NONE',  ( -0.03048780487804902300, -0.01961080105172599200, 0.02000000000000000000 ) ) ;
#3206 = AXIS2_PLACEMENT_3D ( 'NONE', #3534, #452, #4004 ) ;
#3207 = AXIS2_PLACEMENT_3D ( 'NONE', #1328, #379, #6333 ) ;
#3208 = CARTESIAN_POINT ( 'NONE',  ( 2.199999999999999700, 1.500000000000000400, 0.7500000000000000000 ) ) ;
#3209 = DIRECTION ( 'NONE',  ( 1.000000000000000000, 0.0000000000000000000, 0.0000000000000000000 ) ) ;
#3210 = DIRECTION ( 'NONE',  ( 1.000000000000000000, 4.336808689942025600E-015, 0.0000000000000000000 ) ) ;
#3211 = SURFACE_SIDE_STYLE ('',( #4006 ) ) ;
#3212 = CARTESIAN_POINT ( 'NONE',  ( -2.199999999999999700, -1.500000000000000000, 0.6999999999999999600 ) ) ;
#3213 = ADVANCED_FACE ( 'NONE', ( #4456 ), #6061, .T. ) ;
#3214 = ADVANCED_FACE ( 'NONE', ( #5718 ), #466, .T. ) ;
#3215 = CARTESIAN_POINT ( 'NONE',  ( -2.399999999999999900, 1.300000000000000300, 0.6999999999999999600 ) ) ;
#3216 = CARTESIAN_POINT ( 'NONE',  ( 0.5654144404474134000, -0.2253373654160846800, 0.0000000000000000000 ) ) ;
#3217 = B_SPLINE_CURVE_WITH_KNOTS ( 'NONE', 3,
 ( #3593, #6517, #5534, #2613, #6051, #3131, #6560 ),
 .UNSPECIFIED., .F., .F.,
 ( 4, 1, 1, 1, 4 ),
 ( 0.0000000000000000000, 0.1744817153170500300, 0.3982857591281133700, 0.6738978473986659800, 1.000000000000000000 ),
 .UNSPECIFIED. ) ;
#3218 = UNCERTAINTY_MEASURE_WITH_UNIT (LENGTH_MEASURE( 1.000000000000000100E-005 ), #4503, 'distance_accuracy_value', 'NONE');
#3219 = CARTESIAN_POINT ( 'NONE',  ( 0.4091822946474112900, -0.2494973898453949600, 1.355252715606880500E-017 ) ) ;
#3220 = CARTESIAN_POINT ( 'NONE',  ( 0.4286394817073176900, 0.2608770038263227800, 0.02000000000000000000 ) ) ;
#3221 =( NAMED_UNIT ( * ) PLANE_ANGLE_UNIT ( ) SI_UNIT ( $, .RADIAN. ) );
#3222 = LINE ( 'NONE', #4745, #4378 ) ;
#3223 = SURFACE_SIDE_STYLE ('',( #1941 ) ) ;
#3224 = DIRECTION ( 'NONE',  ( 1.000000000000000000, 0.0000000000000000000, -0.0000000000000000000 ) ) ;
#3225 = PRESENTATION_LAYER_ASSIGNMENT (  '', '', ( #2202 ) ) ;
#3226 = CARTESIAN_POINT ( 'NONE',  ( 1.300000000000000300, 1.500000000000000000, 0.3489999999999999800 ) ) ;
#3227 = CARTESIAN_POINT ( 'NONE',  ( -0.3127223659116416000, -0.1898619561555942000, 0.0000000000000000000 ) ) ;
#3228 = CARTESIAN_POINT ( 'NONE',  ( -0.3964004182984808300, 0.2386126856279714700, 0.02000000000000000000 ) ) ;
#3229 = FACE_OUTER_BOUND ( 'NONE', #5007, .T. ) ;
#3230 = LINE ( 'NONE', #963, #339 ) ;
#3231 = LINE ( 'NONE', #60, #6544 ) ;
#3232 =( LENGTH_UNIT ( ) NAMED_UNIT ( * ) SI_UNIT ( .MILLI., .METRE. ) );
#3233 = ORIENTED_EDGE ( 'NONE', *, *, #12, .F. ) ;
#3234 = CARTESIAN_POINT ( 'NONE',  ( 0.3109756097560981700, -0.1644278742224576900, 0.02000000000000000000 ) ) ;
#3235 = VECTOR ( 'NONE', #5255, 1000.000000000000000 ) ;
#3236 = CIRCLE ( 'NONE', #1465, 0.1000000000000002600 ) ;
#3237 = ORIENTED_EDGE ( 'NONE', *, *, #4039, .T. ) ;
#3238 = EDGE_CURVE ( 'NONE', #3971, #3023, #5248, .T. ) ;
#3239 = EDGE_CURVE ( 'NONE', #5750, #2555, #4001, .T. ) ;
#3240 = COLOUR_RGB ( '',0.8274509803921568100, 0.6666666666666666300, 0.1294117647058823400 ) ;
#3241 = ORIENTED_EDGE ( 'NONE', *, *, #1699, .T. ) ;
#3242 = PRESENTATION_LAYER_ASSIGNMENT (  '', '', ( #2576 ) ) ;
#3243 = LINE ( 'NONE', #5376, #5058 ) ;
#3244 = CARTESIAN_POINT ( 'NONE',  ( -0.5262841260377203500, -0.1163856908968802600, 0.02000000000000000000 ) ) ;
#3245 = MECHANICAL_DESIGN_GEOMETRIC_PRESENTATION_REPRESENTATION (  '', ( #2230 ), #3603 ) ;
#3246 = CIRCLE ( 'NONE', #4610, 0.05000000000000002400 ) ;
#3247 = ORIENTED_EDGE ( 'NONE', *, *, #2685, .T. ) ;
#3248 =( LENGTH_UNIT ( ) NAMED_UNIT ( * ) SI_UNIT ( .MILLI., .METRE. ) );
#3249 = VECTOR ( 'NONE', #6030, 1000.000000000000000 ) ;
#3250 = CARTESIAN_POINT ( 'NONE',  ( 0.4285799291129857000, -0.2510838813511012700, 0.02000000000000000000 ) ) ;
#3251 = ORIENTED_EDGE ( 'NONE', *, *, #3134, .T. ) ;
#3252 = ORIENTED_EDGE ( 'NONE', *, *, #3996, .T. ) ;
#3253 = DIRECTION ( 'NONE',  ( 1.000000000000000000, 4.928191693115930000E-017, 0.0000000000000000000 ) ) ;
#3254 = ADVANCED_FACE ( 'NONE', ( #6442 ), #5468, .T. ) ;
#3255 = DIRECTION ( 'NONE',  ( -0.0000000000000000000, 0.0000000000000000000, -1.000000000000000000 ) ) ;
#3256 = DIRECTION ( 'NONE',  ( -0.0000000000000000000, -0.0000000000000000000, -1.000000000000000000 ) ) ;
#3257 = ORIENTED_EDGE ( 'NONE', *, *, #3238, .F. ) ;
#3258 = CARTESIAN_POINT ( 'NONE',  ( -0.4588251012888052700, -0.1089238240845926500, 0.0000000000000000000 ) ) ;
#3259 = CARTESIAN_POINT ( 'NONE',  ( -0.5548780487804878500, 0.01106755260681059300, 0.02000000000000000000 ) ) ;
#3260 = LINE ( 'NONE', #3557, #1885 ) ;
#3261 = ORIENTED_EDGE ( 'NONE', *, *, #117, .T. ) ;
#3262 = ORIENTED_EDGE ( 'NONE', *, *, #4628, .T. ) ;
#3263 = ORIENTED_EDGE ( 'NONE', *, *, #749, .F. ) ;
#3264 = SURFACE_STYLE_FILL_AREA ( #1204 ) ;
#3265 = VERTEX_POINT ( 'NONE', #3577 ) ;
#3266 = DIRECTION ( 'NONE',  ( 0.0000000000000000000, 0.0000000000000000000, -1.000000000000000000 ) ) ;
#3267 = LINE ( 'NONE', #186, #5682 ) ;
#3268 = CARTESIAN_POINT ( 'NONE',  ( 0.3109756097560982300, 0.2410599306555911400, 0.02000000000000000000 ) ) ;
#3269 = ORIENTED_EDGE ( 'NONE', *, *, #997, .F. ) ;
#3270 =( NAMED_UNIT ( * ) PLANE_ANGLE_UNIT ( ) SI_UNIT ( $, .RADIAN. ) );
#3271 = CARTESIAN_POINT ( 'NONE',  ( -2.400000000000000400, 0.6999999999999999600, -0.001000000000000000000 ) ) ;
#3272 = EDGE_LOOP ( 'NONE', ( #2209, #2128, #2114, #1416 ) ) ;
#3273 = EDGE_LOOP ( 'NONE', ( #289, #4851, #4654, #4201, #2448, #3005, #6020, #5004, #4760, #6027, #3825, #6102, #2127, #2048, #1883, #3278 ) ) ;
#3274 = PRESENTATION_STYLE_ASSIGNMENT (( #6453 ) ) ;
#3275 = DIRECTION ( 'NONE',  ( 0.0000000000000000000, 0.0000000000000000000, 1.000000000000000000 ) ) ;
#3276 = UNCERTAINTY_MEASURE_WITH_UNIT (LENGTH_MEASURE( 1.000000000000000100E-005 ), #2904, 'distance_accuracy_value', 'NONE');
#3277 = ORIENTED_EDGE ( 'NONE', *, *, #3820, .T. ) ;
#3278 = ORIENTED_EDGE ( 'NONE', *, *, #3156, .F. ) ;
#3279 =( LENGTH_UNIT ( ) NAMED_UNIT ( * ) SI_UNIT ( .MILLI., .METRE. ) );
#3280 = DIRECTION ( 'NONE',  ( 0.0000000000000000000, 0.0000000000000000000, 1.000000000000000000 ) ) ;
#3281 = CARTESIAN_POINT ( 'NONE',  ( -0.6646341463414634500, -0.2452205571492869800, 0.0000000000000000000 ) ) ;
#3282 = ORIENTED_EDGE ( 'NONE', *, *, #1656, .T. ) ;
#3283 = VECTOR ( 'NONE', #5501, 1000.000000000000000 ) ;
#3284 = CARTESIAN_POINT ( 'NONE',  ( -0.8205460169504995600, 0.1607377747114145700, 0.02000000000000000000 ) ) ;
#3285 = CARTESIAN_POINT ( 'NONE',  ( 2.299999999999999400, 1.300000000000000300, 0.7500000000000000000 ) ) ;
#3286 = CARTESIAN_POINT ( 'NONE',  ( 0.2134146341463412100, 0.2547794428507130200, 0.02000000000000000000 ) ) ;
#3287 = ORIENTED_EDGE ( 'NONE', *, *, #961, .T. ) ;
#3288 = MECHANICAL_DESIGN_GEOMETRIC_PRESENTATION_REPRESENTATION (  '', ( #2601 ), #3622 ) ;
#3289 = VECTOR ( 'NONE', #2712, 1000.000000000000000 ) ;
#3290 = ORIENTED_EDGE ( 'NONE', *, *, #1859, .F. ) ;
#3291 = EDGE_CURVE ( 'NONE', #559, #255, #5113, .T. ) ;
#3292 =( NAMED_UNIT ( * ) PLANE_ANGLE_UNIT ( ) SI_UNIT ( $, .RADIAN. ) );
#3293 = EDGE_CURVE ( 'NONE', #562, #5541, #3988, .T. ) ;
#3294 = PRESENTATION_LAYER_ASSIGNMENT (  '', '', ( #2972 ) ) ;
#3295 = CARTESIAN_POINT ( 'NONE',  ( 0.1463414634146338900, 0.1999013940702252200, 0.02000000000000000000 ) ) ;
#3296 = DIRECTION ( 'NONE',  ( -0.0000000000000000000, 0.0000000000000000000, -1.000000000000000000 ) ) ;
#3297 = PRESENTATION_LAYER_ASSIGNMENT (  '', '', ( #2627 ) ) ;
#3298 = SURFACE_STYLE_USAGE ( .BOTH. , #3223 ) ;
#3299 = AXIS2_PLACEMENT_3D ( 'NONE', #6572, #220, #6464 ) ;
#3300 =( GEOMETRIC_REPRESENTATION_CONTEXT ( 3 ) GLOBAL_UNCERTAINTY_ASSIGNED_CONTEXT ( ( #5734 ) ) GLOBAL_UNIT_ASSIGNED_CONTEXT ( ( #1787, #5244, #2330 ) ) REPRESENTATION_CONTEXT ( 'NONE', 'WORKASPACE' ) );
#3301 = FILL_AREA_STYLE_COLOUR ( '', #1715 ) ;
#3302 = DIRECTION ( 'NONE',  ( 1.000000000000000000, 0.0000000000000000000, 0.0000000000000000000 ) ) ;
#3303 = CYLINDRICAL_SURFACE ( 'NONE', #6411, 0.01999999999999999700 ) ;
#3304 = UNCERTAINTY_MEASURE_WITH_UNIT (LENGTH_MEASURE( 1.000000000000000100E-005 ), #5017, 'distance_accuracy_value', 'NONE');
#3305 = LINE ( 'NONE', #2971, #597 ) ;
#3306 = CARTESIAN_POINT ( 'NONE',  ( 0.6653820571764723600, 0.1032641328116448200, 0.0000000000000000000 ) ) ;
#3307 = B_SPLINE_CURVE_WITH_KNOTS ( 'NONE', 3,
 ( #5291, #330, #5332, #2421, #5849, #2938, #6353 ),
 .UNSPECIFIED., .F., .F.,
 ( 4, 1, 1, 1, 4 ),
 ( 0.0000000000000000000, 0.3005411131585100600, 0.5677471464835988100, 0.8000336137369802300, 1.000000000000000000 ),
 .UNSPECIFIED. ) ;
#3308 = PRESENTATION_STYLE_ASSIGNMENT (( #3709 ) ) ;
#3309 = CARTESIAN_POINT ( 'NONE',  ( 0.4485518292682932900, -0.2513181181248967400, 0.02000000000000000000 ) ) ;
#3310 = LINE ( 'NONE', #1071, #5903 ) ;
#3311 = DIRECTION ( 'NONE',  ( 0.0000000000000000000, 0.0000000000000000000, -1.000000000000000000 ) ) ;
#3312 = CARTESIAN_POINT ( 'NONE',  ( -0.7292301829268294000, -0.05009860592977477500, 0.02000000000000000000 ) ) ;
#3313 = DIRECTION ( 'NONE',  ( 0.0000000000000000000, 0.0000000000000000000, -1.000000000000000000 ) ) ;
#3314 = CARTESIAN_POINT ( 'NONE',  ( -0.5367801690928422100, -0.09366885322215477700, 1.355252715606880500E-017 ) ) ;
#3315 = CARTESIAN_POINT ( 'NONE',  ( 0.4285799291129857000, -0.2510838813511012700, 1.355252715606880500E-017 ) ) ;
#3316 = DIRECTION ( 'NONE',  ( -0.0000000000000000000, 0.0000000000000000000, -1.000000000000000000 ) ) ;
#3317 = CARTESIAN_POINT ( 'NONE',  ( -2.500000000000000000, -1.600000000000000300, 0.0000000000000000000 ) ) ;
#3318 = AXIS2_PLACEMENT_3D ( 'NONE', #138, #5592, #981 ) ;
#3319 = ORIENTED_EDGE ( 'NONE', *, *, #919, .F. ) ;
#3320 = CARTESIAN_POINT ( 'NONE',  ( -0.2904916158536586200, -0.1903425083687991800, 0.02000000000000000000 ) ) ;
#3321 = EDGE_CURVE ( 'NONE', #5851, #5690, #663, .T. ) ;
#3322 = FACE_OUTER_BOUND ( 'NONE', #5985, .T. ) ;
#3323 = EDGE_LOOP ( 'NONE', ( #727, #629, #1186, #1134 ) ) ;
#3324 = ORIENTED_EDGE ( 'NONE', *, *, #6135, .F. ) ;
#3325 = VECTOR ( 'NONE', #3569, 1000.000000000000000 ) ;
#3326 = MECHANICAL_DESIGN_GEOMETRIC_PRESENTATION_REPRESENTATION (  '', ( #2308 ), #3667 ) ;
#3327 = CARTESIAN_POINT ( 'NONE',  ( -2.101000000000000400, 1.600000000000000300, -0.001000000000000000000 ) ) ;
#3328 = CARTESIAN_POINT ( 'NONE',  ( 0.4286394817073176900, 0.2608770038263227800, 0.0000000000000000000 ) ) ;
#3329 = ORIENTED_EDGE ( 'NONE', *, *, #3860, .T. ) ;
#3330 = ORIENTED_EDGE ( 'NONE', *, *, #3629, .T. ) ;
#3331 = FACE_OUTER_BOUND ( 'NONE', #477, .T. ) ;
#3332 = CARTESIAN_POINT ( 'NONE',  ( 0.4228260513954071300, 0.2608353316085185700, 0.02000000000000000000 ) ) ;
#3333 = FACE_OUTER_BOUND ( 'NONE', #5843, .T. ) ;
#3334 = EDGE_CURVE ( 'NONE', #703, #530, #1836, .T. ) ;
#3335 = VERTEX_POINT ( 'NONE', #3598 ) ;
#3336 = CARTESIAN_POINT ( 'NONE',  ( 0.4572313600440440200, -0.2511245395824711100, 0.02000000000000000000 ) ) ;
#3337 = AXIS2_PLACEMENT_3D ( 'NONE', #2778, #6197, #3280 ) ;
#3338 = SURFACE_STYLE_USAGE ( .BOTH. , #1453 ) ;
#3339 = VERTEX_POINT ( 'NONE', #4082 ) ;
#3340 = ORIENTED_EDGE ( 'NONE', *, *, #10, .F. ) ;
#3341 = VECTOR ( 'NONE', #3989, 1000.000000000000000 ) ;
#3342 = CARTESIAN_POINT ( 'NONE',  ( -0.1524390243902439800, -0.2452205571492869800, 0.02000000000000000000 ) ) ;
#3343 = CARTESIAN_POINT ( 'NONE',  ( 0.4227917705111430300, 0.2059191847476655500, 0.02000000000000000000 ) ) ;
#3344 = CARTESIAN_POINT ( 'NONE',  ( -0.4185497136480041400, -0.2182973716267307400, 0.02000000000000000000 ) ) ;
#3345 = COLOUR_RGB ( '',0.2980392156862745100, 0.2980392156862745100, 0.2980392156862745100 ) ;
#3346 = FILL_AREA_STYLE ('',( #6073 ) ) ;
#3347 = DIRECTION ( 'NONE',  ( 0.0000000000000000000, 0.0000000000000000000, -1.000000000000000000 ) ) ;
#3348 = EDGE_LOOP ( 'NONE', ( #3330, #447, #3786, #5833, #3251, #532, #350, #3647, #5741 ) ) ;
#3349 = ORIENTED_EDGE ( 'NONE', *, *, #5753, .T. ) ;
#3350 = CARTESIAN_POINT ( 'NONE',  ( -0.4071273330245622200, -0.1610619010853451300, 0.02000000000000000000 ) ) ;
#3351 = DIRECTION ( 'NONE',  ( 0.0000000000000000000, 0.0000000000000000000, 1.000000000000000000 ) ) ;
#3352 = ORIENTED_EDGE ( 'NONE', *, *, #3239, .T. ) ;
#3353 = LINE ( 'NONE', #77, #3189 ) ;
#3354 = ORIENTED_EDGE ( 'NONE', *, *, #249, .T. ) ;
#3355 = VERTEX_POINT ( 'NONE', #5033 ) ;
#3356 = CARTESIAN_POINT ( 'NONE',  ( 0.6474648039987285200, -0.1472709860729411500, 0.02000000000000000000 ) ) ;
#3357 = DIRECTION ( 'NONE',  ( -0.0000000000000000000, -0.0000000000000000000, -1.000000000000000000 ) ) ;
#3358 = ORIENTED_EDGE ( 'NONE', *, *, #1910, .T. ) ;
#3359 = FILL_AREA_STYLE_COLOUR ( '', #3011 ) ;
#3360 = ADVANCED_FACE ( 'NONE', ( #4514 ), #1558, .F. ) ;
#3361 = EDGE_LOOP ( 'NONE', ( #4337, #1968, #4911, #2884 ) ) ;
#3362 = VECTOR ( 'NONE', #2774, 1000.000000000000000 ) ;
#3363 = UNCERTAINTY_MEASURE_WITH_UNIT (LENGTH_MEASURE( 1.000000000000000100E-005 ), #4970, 'distance_accuracy_value', 'NONE');
#3364 = VERTEX_POINT ( 'NONE', #2065 ) ;
#3365 = DIRECTION ( 'NONE',  ( 0.0000000000000000000, 1.000000000000000000, 0.0000000000000000000 ) ) ;
#3366 = VERTEX_POINT ( 'NONE', #3110 ) ;
#3367 = EDGE_CURVE ( 'NONE', #559, #3339, #3202, .T. ) ;
#3368 =( LENGTH_UNIT ( ) NAMED_UNIT ( * ) SI_UNIT ( .MILLI., .METRE. ) );
#3369 = CARTESIAN_POINT ( 'NONE',  ( 0.4457335509202432500, -0.1962745203024672300, -0.0000000000000000000 ) ) ;
#3370 = CARTESIAN_POINT ( 'NONE',  ( -0.2883955792682928500, -0.2452205571492870300, 1.355252715606880500E-017 ) ) ;
#3371 = CARTESIAN_POINT ( 'NONE',  ( -2.500000000000000000, 1.600000000000000300, 0.3499999999999999800 ) ) ;
#3372 = CARTESIAN_POINT ( 'NONE',  ( -0.2883955792682928500, -0.2452205571492870300, 6.776263578034402700E-018 ) ) ;
#3373 = SURFACE_SIDE_STYLE ('',( #4765 ) ) ;
#3374 = CARTESIAN_POINT ( 'NONE',  ( -0.8964367378048782000, -0.05009860592977477500, 0.0000000000000000000 ) ) ;
#3375 = ORIENTED_EDGE ( 'NONE', *, *, #2656, .F. ) ;
#3376 = CARTESIAN_POINT ( 'NONE',  ( 0.5445714248179758200, -0.2347759042658567600, 0.02000000000000000000 ) ) ;
#3377 = CARTESIAN_POINT ( 'NONE',  ( 0.4418158324514973600, -0.2512391162197003000, 0.02000000000000000000 ) ) ;
#3378 = EDGE_CURVE ( 'NONE', #5524, #4051, #4360, .T. ) ;
#3379 = EDGE_CURVE ( 'NONE', #3784, #1893, #5471, .T. ) ;
#3380 = DIRECTION ( 'NONE',  ( 0.0000000000000000000, -1.000000000000000000, 0.0000000000000000000 ) ) ;
#3381 = EDGE_CURVE ( 'NONE', #255, #806, #3062, .T. ) ;
#3382 = PRESENTATION_LAYER_ASSIGNMENT (  '', '', ( #3047 ) ) ;
#3383 = CYLINDRICAL_SURFACE ( 'NONE', #1764, 0.2990000000000002100 ) ;
#3384 = PLANE ( 'NONE',  #158 ) ;
#3385 = PRESENTATION_LAYER_ASSIGNMENT (  '', '', ( #2707 ) ) ;
#3386 = FILL_AREA_STYLE ('',( #2102 ) ) ;
#3387 = VECTOR ( 'NONE', #1270, 1000.000000000000000 ) ;
#3388 =( NAMED_UNIT ( * ) SI_UNIT ( $, .STERADIAN. ) SOLID_ANGLE_UNIT ( ) );
#3389 = CARTESIAN_POINT ( 'NONE',  ( 0.2134146341463412100, 0.2547794428507130200, 0.02000000000000000000 ) ) ;
#3390 = B_SPLINE_CURVE_WITH_KNOTS ( 'NONE', 3,
 ( #4313, #3332, #3469, #377, #3936, #928, #4428, #1421, #4891, #1920, #5372 ),
 .UNSPECIFIED., .F., .F.,
 ( 4, 1, 1, 1, 1, 1, 1, 1, 4 ),
 ( 0.0000000000000000000, 0.1451868664724689000, 0.2834426109197292200, 0.4165243659288286900, 0.5431811235350828500, 0.6651530826377133300, 0.7813602063127153000, 0.8927566556418089500, 0.9999999999999998900 ),
 .UNSPECIFIED. ) ;
#3391 =( GEOMETRIC_REPRESENTATION_CONTEXT ( 3 ) GLOBAL_UNCERTAINTY_ASSIGNED_CONTEXT ( ( #1196 ) ) GLOBAL_UNIT_ASSIGNED_CONTEXT ( ( #3105, #299, #1011 ) ) REPRESENTATION_CONTEXT ( 'NONE', 'WORKASPACE' ) );
#3392 = STYLED_ITEM ( 'NONE', ( #791 ), #758 ) ;
#3393 = CARTESIAN_POINT ( 'NONE',  ( 0.6829268292682932900, -0.004652721783433296800, 0.02000000000000000000 ) ) ;
#3394 =( NAMED_UNIT ( * ) SI_UNIT ( $, .STERADIAN. ) SOLID_ANGLE_UNIT ( ) );
#3395 = FACE_OUTER_BOUND ( 'NONE', #5729, .T. ) ;
#3396 = FILL_AREA_STYLE_COLOUR ( '', #3494 ) ;
#3397 = CARTESIAN_POINT ( 'NONE',  ( 0.6040308745227657200, -0.08123667622124218500, 0.02000000000000000000 ) ) ;
#3398 = CARTESIAN_POINT ( 'NONE',  ( 0.4228260513954071300, 0.2608353316085185700, 1.355252715606880500E-017 ) ) ;
#3399 = CIRCLE ( 'NONE', #1082, 0.05000000000000002400 ) ;
#3400 = CARTESIAN_POINT ( 'NONE',  ( -6.899468370362303500E-017, 0.7000000000000001800, 0.0000000000000000000 ) ) ;
#3401 = LINE ( 'NONE', #4888, #5816 ) ;
#3402 = DIRECTION ( 'NONE',  ( -4.336808689942006700E-015, -1.000000000000000000, 0.0000000000000000000 ) ) ;
#3403 = DIRECTION ( 'NONE',  ( 1.000000000000000000, 0.0000000000000000000, 0.0000000000000000000 ) ) ;
#3404 = ORIENTED_EDGE ( 'NONE', *, *, #3626, .F. ) ;
#3405 = COLOUR_RGB ( '',0.8274509803921568100, 0.6666666666666666300, 0.1294117647058823400 ) ;
#3406 = SURFACE_STYLE_FILL_AREA ( #4669 ) ;
#3407 = CARTESIAN_POINT ( 'NONE',  ( 0.4091822946474112900, -0.2494973898453949600, -0.0000000000000000000 ) ) ;
#3408 = LINE ( 'NONE', #6261, #528 ) ;
#3409 = FILL_AREA_STYLE_COLOUR ( '', #2193 ) ;
#3410 = ORIENTED_EDGE ( 'NONE', *, *, #5417, .F. ) ;
#3411 = FACE_OUTER_BOUND ( 'NONE', #4725, .T. ) ;
#3412 = DIRECTION ( 'NONE',  ( 1.000000000000000000, 0.0000000000000000000, -0.0000000000000000000 ) ) ;
#3413 = DIRECTION ( 'NONE',  ( -0.0000000000000000000, -0.0000000000000000000, -1.000000000000000000 ) ) ;
#3414 =( GEOMETRIC_REPRESENTATION_CONTEXT ( 3 ) GLOBAL_UNCERTAINTY_ASSIGNED_CONTEXT ( ( #6160 ) ) GLOBAL_UNIT_ASSIGNED_CONTEXT ( ( #433, #5912, #3043 ) ) REPRESENTATION_CONTEXT ( 'NONE', 'WORKASPACE' ) );
#3415 =( NAMED_UNIT ( * ) PLANE_ANGLE_UNIT ( ) SI_UNIT ( $, .RADIAN. ) );
#3416 = CARTESIAN_POINT ( 'NONE',  ( -0.1524390243902439800, 0.2547794428507130200, 0.02000000000000000000 ) ) ;
#3417 = VECTOR ( 'NONE', #4802, 1000.000000000000100 ) ;
#3418 = CARTESIAN_POINT ( 'NONE',  ( 0.6129680645552330100, 0.04417471194712827700, 1.355252715606880500E-017 ) ) ;
#3419 = FILL_AREA_STYLE ('',( #3396 ) ) ;
#3420 = CARTESIAN_POINT ( 'NONE',  ( 0.4393102134146347800, -0.1964400693444089400, 0.02000000000000000000 ) ) ;
#3421 = CARTESIAN_POINT ( 'NONE',  ( 0.3230699268645676500, 0.2459692806149324500, 0.02000000000000000000 ) ) ;
#3422 = EDGE_CURVE ( 'NONE', #5144, #1745, #5624, .T. ) ;
#3423 = ORIENTED_EDGE ( 'NONE', *, *, #4718, .F. ) ;
#3424 = VECTOR ( 'NONE', #4810, 1000.000000000000000 ) ;
#3425 = VERTEX_POINT ( 'NONE', #1100 ) ;
#3426 = FACE_OUTER_BOUND ( 'NONE', #2467, .T. ) ;
#3427 = EDGE_LOOP ( 'NONE', ( #4348, #830, #649, #2402, #6171 ) ) ;
#3428 = EDGE_CURVE ( 'NONE', #4481, #2610, #4069, .T. ) ;
#3429 = DIRECTION ( 'NONE',  ( 4.336808689942006700E-015, 1.000000000000000000, -0.0000000000000000000 ) ) ;
#3430 = ORIENTED_EDGE ( 'NONE', *, *, #6355, .T. ) ;
#3431 = AXIS2_PLACEMENT_3D ( 'NONE', #1032, #947, #848 ) ;
#3432 = LINE ( 'NONE', #5001, #1037 ) ;
#3433 = DIRECTION ( 'NONE',  ( 0.0000000000000000000, 0.0000000000000000000, 1.000000000000000000 ) ) ;
#3434 = EDGE_CURVE ( 'NONE', #4939, #4022, #5316, .T. ) ;
#3435 = LINE ( 'NONE', #5448, #4711 ) ;
#3436 = ORIENTED_EDGE ( 'NONE', *, *, #3556, .F. ) ;
#3437 = CARTESIAN_POINT ( 'NONE',  ( -0.4806914022423381900, 0.07391931017709225900, 0.02000000000000000000 ) ) ;
#3438 = DIRECTION ( 'NONE',  ( 1.000000000000000000, 0.0000000000000000000, -0.0000000000000000000 ) ) ;
#3439 = ORIENTED_EDGE ( 'NONE', *, *, #1119, .F. ) ;
#3440 = PRESENTATION_STYLE_ASSIGNMENT (( #1174 ) ) ;
#3441 = EDGE_CURVE ( 'NONE', #2245, #4054, #4214, .T. ) ;
#3442 = MECHANICAL_DESIGN_GEOMETRIC_PRESENTATION_REPRESENTATION (  '', ( #2761 ), #3754 ) ;
#3443 = LINE ( 'NONE', #6164, #5852 ) ;
#3444 = PRESENTATION_LAYER_ASSIGNMENT (  '', '', ( #2409 ) ) ;
#3445 = AXIS2_PLACEMENT_3D ( 'NONE', #3931, #924, #4420 ) ;
#3446 = ORIENTED_EDGE ( 'NONE', *, *, #5459, .T. ) ;
#3447 = CARTESIAN_POINT ( 'NONE',  ( 0.6788953285478538400, 0.05195168874432537500, 0.02000000000000000000 ) ) ;
#3448 = UNCERTAINTY_MEASURE_WITH_UNIT (LENGTH_MEASURE( 1.000000000000000100E-005 ), #3923, 'distance_accuracy_value', 'NONE');
#3449 = ORIENTED_EDGE ( 'NONE', *, *, #690, .T. ) ;
#3450 = FILL_AREA_STYLE_COLOUR ( '', #5321 ) ;
#3451 = FACE_OUTER_BOUND ( 'NONE', #3176, .T. ) ;
#3452 = DIRECTION ( 'NONE',  ( -1.000000000000000000, 0.0000000000000000000, 0.0000000000000000000 ) ) ;
#3453 = CARTESIAN_POINT ( 'NONE',  ( 0.4418158324514973600, -0.2512391162197003000, 0.02000000000000000000 ) ) ;
#3454 = CARTESIAN_POINT ( 'NONE',  ( 0.4481291366731994800, 0.2055676003399126400, 1.355252715606880500E-017 ) ) ;
#3455 = ORIENTED_EDGE ( 'NONE', *, *, #6272, .F. ) ;
#3456 = ORIENTED_EDGE ( 'NONE', *, *, #3698, .F. ) ;
#3457 = DIRECTION ( 'NONE',  ( 0.0000000000000000000, 0.0000000000000000000, 1.000000000000000000 ) ) ;
#3458 = ORIENTED_EDGE ( 'NONE', *, *, #453, .T. ) ;
#3459 =( NAMED_UNIT ( * ) PLANE_ANGLE_UNIT ( ) SI_UNIT ( $, .RADIAN. ) );
#3460 = CARTESIAN_POINT ( 'NONE',  ( -0.5914634146341464200, -0.2452205571492869800, 0.02000000000000000000 ) ) ;
#3461 = VERTEX_POINT ( 'NONE', #3656 ) ;
#3462 = LINE ( 'NONE', #523, #2073 ) ;
#3463 =( NAMED_UNIT ( * ) SI_UNIT ( $, .STERADIAN. ) SOLID_ANGLE_UNIT ( ) );
#3464 = CARTESIAN_POINT ( 'NONE',  ( -0.3003742112739517500, 0.1997548969856780500, 0.02000000000000000000 ) ) ;
#3465 = CARTESIAN_POINT ( 'NONE',  ( -1.300000000000000300, 0.7000000000000000700, -0.001000000000000000000 ) ) ;
#3466 = ORIENTED_EDGE ( 'NONE', *, *, #5593, .T. ) ;
#3467 = VERTEX_POINT ( 'NONE', #4141 ) ;
#3468 = LINE ( 'NONE', #5637, #4737 ) ;
#3469 = CARTESIAN_POINT ( 'NONE',  ( 0.4114767199714091700, 0.2607539765761784400, 0.02000000000000000000 ) ) ;
#3470 = PLANE ( 'NONE',  #3207 ) ;
#3471 =( GEOMETRIC_REPRESENTATION_CONTEXT ( 3 ) GLOBAL_UNCERTAINTY_ASSIGNED_CONTEXT ( ( #658 ) ) GLOBAL_UNIT_ASSIGNED_CONTEXT ( ( #1722, #3221, #5350 ) ) REPRESENTATION_CONTEXT ( 'NONE', 'WORKASPACE' ) );
#3472 = EDGE_LOOP ( 'NONE', ( #4927, #2205, #4774, #3247 ) ) ;
#3473 = CARTESIAN_POINT ( 'NONE',  ( 0.4553858262546222100, 0.2602547031304121600, 0.02000000000000000000 ) ) ;
#3474 = CARTESIAN_POINT ( 'NONE',  ( 0.3154158025699776400, 0.1765668464196233400, 1.355252715606880500E-017 ) ) ;
#3475 = DIRECTION ( 'NONE',  ( 1.000000000000000000, 0.0000000000000000000, -0.0000000000000000000 ) ) ;
#3476 = CARTESIAN_POINT ( 'NONE',  ( 0.4418158324514973600, -0.2512391162197003000, 1.355252715606880500E-017 ) ) ;
#3477 = PLANE ( 'NONE',  #3857 ) ;
#3478 = CARTESIAN_POINT ( 'NONE',  ( 2.419999999999999900, -1.300000000000000000, 0.4699999999999999700 ) ) ;
#3479 = CARTESIAN_POINT ( 'NONE',  ( 0.4280678353658542400, 0.2059989550458349900, 0.02000000000000000000 ) ) ;
#3480 = DIRECTION ( 'NONE',  ( -0.0000000000000000000, -0.0000000000000000000, 1.000000000000000000 ) ) ;
#3481 = CARTESIAN_POINT ( 'NONE',  ( 0.0000000000000000000, 0.0000000000000000000, 0.02000000000000000000 ) ) ;
#3482 = EDGE_CURVE ( 'NONE', #4580, #2216, #2580, .T. ) ;
#3483 =( GEOMETRIC_REPRESENTATION_CONTEXT ( 3 ) GLOBAL_UNCERTAINTY_ASSIGNED_CONTEXT ( ( #3363 ) ) GLOBAL_UNIT_ASSIGNED_CONTEXT ( ( #4970, #4898, #5262 ) ) REPRESENTATION_CONTEXT ( 'NONE', 'WORKASPACE' ) );
#3484 = DIRECTION ( 'NONE',  ( -0.0000000000000000000, 1.000000000000000000, -0.0000000000000000000 ) ) ;
#3485 = VECTOR ( 'NONE', #2423, 1000.000000000000000 ) ;
#3486 = CARTESIAN_POINT ( 'NONE',  ( -0.5914634146341464200, -0.2452205571492869800, 0.02000000000000000000 ) ) ;
#3487 = CARTESIAN_POINT ( 'NONE',  ( -2.199999999999999700, 1.300000000000000300, 0.7500000000000000000 ) ) ;
#3488 = CARTESIAN_POINT ( 'NONE',  ( -2.399999999999999900, -1.300000000000000000, 0.4699999999999999700 ) ) ;
#3489 = DIRECTION ( 'NONE',  ( -0.0000000000000000000, -0.0000000000000000000, -1.000000000000000000 ) ) ;
#3490 = CARTESIAN_POINT ( 'NONE',  ( -2.400000000000000400, -0.6999999999999999600, 0.3489999999999999800 ) ) ;
#3491 = PLANE ( 'NONE',  #5663 ) ;
#3492 = CARTESIAN_POINT ( 'NONE',  ( -0.3907625265607553900, -0.1700897003234937400, 0.02000000000000000000 ) ) ;
#3493 = CARTESIAN_POINT ( 'NONE',  ( 0.5761349786781613200, 0.1358304417103558800, 0.0000000000000000000 ) ) ;
#3494 = COLOUR_RGB ( '',1.000000000000000000, 1.000000000000000000, 1.000000000000000000 ) ;
#3495 = ORIENTED_EDGE ( 'NONE', *, *, #4673, .F. ) ;
#3496 = VERTEX_POINT ( 'NONE', #606 ) ;
#3497 = CARTESIAN_POINT ( 'NONE',  ( -2.500000000000000000, 1.600000000000000300, 0.4500000000000000100 ) ) ;
#3498 = LINE ( 'NONE', #4113, #4317 ) ;
#3499 = CARTESIAN_POINT ( 'NONE',  ( 2.199999999999999700, -1.500000000000000000, 0.6999999999999999600 ) ) ;
#3500 = ORIENTED_EDGE ( 'NONE', *, *, #3951, .T. ) ;
#3501 = COLOUR_RGB ( '',0.2980392156862745100, 0.2980392156862745100, 0.2980392156862745100 ) ;
#3502 = ORIENTED_EDGE ( 'NONE', *, *, #3089, .T. ) ;
#3503 = EDGE_LOOP ( 'NONE', ( #3742, #1451, #836, #2332 ) ) ;
#3504 = LINE ( 'NONE', #6277, #4770 ) ;
#3505 = CARTESIAN_POINT ( 'NONE',  ( -0.5542802873806468300, -0.01688784679226948400, 0.0000000000000000000 ) ) ;
#3506 = DIRECTION ( 'NONE',  ( -0.0000000000000000000, -0.0000000000000000000, 1.000000000000000000 ) ) ;
#3507 = VECTOR ( 'NONE', #2787, 1000.000000000000000 ) ;
#3508 = ORIENTED_EDGE ( 'NONE', *, *, #4571, .T. ) ;
#3509 = CARTESIAN_POINT ( 'NONE',  ( -2.199999999999999700, -1.500000000000000000, 0.6999999999999999600 ) ) ;
#3510 = ORIENTED_EDGE ( 'NONE', *, *, #2087, .T. ) ;
#3511 = ORIENTED_EDGE ( 'NONE', *, *, #2040, .F. ) ;
#3512 = VECTOR ( 'NONE', #1962, 1000.000000000000000 ) ;
#3513 = DIRECTION ( 'NONE',  ( -0.0000000000000000000, 1.000000000000000000, 0.0000000000000000000 ) ) ;
#3514 = EDGE_CURVE ( 'NONE', #2457, #439, #6513, .T. ) ;
#3515 = FACE_OUTER_BOUND ( 'NONE', #269, .T. ) ;
#3516 = DIRECTION ( 'NONE',  ( -0.0000000000000000000, -1.000000000000000000, -0.0000000000000000000 ) ) ;
#3517 = EDGE_CURVE ( 'NONE', #5922, #4167, #6344, .T. ) ;
#3518 = EDGE_CURVE ( 'NONE', #1491, #1317, #5024, .T. ) ;
#3519 = CARTESIAN_POINT ( 'NONE',  ( -0.4677658563680960300, -0.09231417633902552800, 1.355252715606880500E-017 ) ) ;
#3520 =( GEOMETRIC_REPRESENTATION_CONTEXT ( 3 ) GLOBAL_UNCERTAINTY_ASSIGNED_CONTEXT ( ( #6440 ) ) GLOBAL_UNIT_ASSIGNED_CONTEXT ( ( #1630, #5098, #2149 ) ) REPRESENTATION_CONTEXT ( 'NONE', 'WORKASPACE' ) );
#3521 = ORIENTED_EDGE ( 'NONE', *, *, #2573, .F. ) ;
#3522 = ORIENTED_EDGE ( 'NONE', *, *, #2257, .F. ) ;
#3523 = STYLED_ITEM ( 'NONE', ( #5992 ), #44 ) ;
#3524 = CARTESIAN_POINT ( 'NONE',  ( -2.349999999999999600, 1.300000000000000300, 0.7500000000000000000 ) ) ;
#3525 = ORIENTED_EDGE ( 'NONE', *, *, #4959, .F. ) ;
#3526 = UNCERTAINTY_MEASURE_WITH_UNIT (LENGTH_MEASURE( 1.000000000000000100E-005 ), #3544, 'distance_accuracy_value', 'NONE');
#3527 = UNCERTAINTY_MEASURE_WITH_UNIT (LENGTH_MEASURE( 1.000000000000000100E-005 ), #2662, 'distance_accuracy_value', 'NONE');
#3528 = ORIENTED_EDGE ( 'NONE', *, *, #2352, .F. ) ;
#3529 = ORIENTED_EDGE ( 'NONE', *, *, #12, .T. ) ;
#3530 = CARTESIAN_POINT ( 'NONE',  ( -1.300000000000000300, 0.7000000000000000700, 0.3489999999999999800 ) ) ;
#3531 = ORIENTED_EDGE ( 'NONE', *, *, #4601, .T. ) ;
#3532 = LINE ( 'NONE', #134, #5947 ) ;
#3533 = CARTESIAN_POINT ( 'NONE',  ( -0.3441520247636225000, -0.2412188311929424600, 0.0000000000000000000 ) ) ;
#3534 = CARTESIAN_POINT ( 'NONE',  ( 2.500000000000000000, 1.600000000000000300, 0.4500000000000000100 ) ) ;
#3535 =( NAMED_UNIT ( * ) PLANE_ANGLE_UNIT ( ) SI_UNIT ( $, .RADIAN. ) );
#3536 = CARTESIAN_POINT ( 'NONE',  ( 0.1463414634146338900, 0.1999013940702252200, 0.02000000000000000000 ) ) ;
#3537 = DIRECTION ( 'NONE',  ( -0.0000000000000000000, -0.0000000000000000000, -1.000000000000000000 ) ) ;
#3538 = CARTESIAN_POINT ( 'NONE',  ( -2.200999999999999600, -1.600000000000000300, 0.3489999999999999800 ) ) ;
#3539 = FILL_AREA_STYLE ('',( #5553 ) ) ;
#3540 = LINE ( 'NONE', #2919, #2333 ) ;
#3541 = CARTESIAN_POINT ( 'NONE',  ( 2.199999999999999700, 1.500000000000000400, 0.7500000000000000000 ) ) ;
#3542 = CARTESIAN_POINT ( 'NONE',  ( -0.1524390243902439800, -0.2452205571492869800, 0.02000000000000000000 ) ) ;
#3543 = DIRECTION ( 'NONE',  ( 1.000000000000000000, 0.0000000000000000000, 0.0000000000000000000 ) ) ;
#3544 =( LENGTH_UNIT ( ) NAMED_UNIT ( * ) SI_UNIT ( .MILLI., .METRE. ) );
#3545 =( LENGTH_UNIT ( ) NAMED_UNIT ( * ) SI_UNIT ( .MILLI., .METRE. ) );
#3546 = CARTESIAN_POINT ( 'NONE',  ( 0.7256097560975607300, -0.1903425083687991800, 0.02000000000000000000 ) ) ;
#3547 = DIRECTION ( 'NONE',  ( 0.0000000000000000000, 1.000000000000000000, 0.0000000000000000000 ) ) ;
#3548 = EDGE_CURVE ( 'NONE', #1268, #4942, #6418, .T. ) ;
#3549 = CARTESIAN_POINT ( 'NONE',  ( 0.4485518292682932900, -0.2513181181248967400, 0.02000000000000000000 ) ) ;
#3550 = FILL_AREA_STYLE ('',( #3301 ) ) ;
#3551 = CARTESIAN_POINT ( 'NONE',  ( 0.5638306837902358200, 0.1503119935986293700, 1.355252715606880500E-017 ) ) ;
#3552 = AXIS2_PLACEMENT_3D ( 'NONE', #4262, #4883, #3877 ) ;
#3553 = VECTOR ( 'NONE', #1229, 1000.000000000000000 ) ;
#3554 = CARTESIAN_POINT ( 'NONE',  ( -0.8154254375407994400, 0.1828678862813988800, 0.0000000000000000000 ) ) ;
#3555 = FACE_OUTER_BOUND ( 'NONE', #4787, .T. ) ;
#3556 = EDGE_CURVE ( 'NONE', #2228, #1141, #2419, .T. ) ;
#3557 = CARTESIAN_POINT ( 'NONE',  ( -2.500000000000000000, 1.600000000000000300, 0.3499999999999999800 ) ) ;
#3558 = DIRECTION ( 'NONE',  ( -0.0000000000000000000, -0.0000000000000000000, -1.000000000000000000 ) ) ;
#3559 = COLOUR_RGB ( '',0.2980392156862745100, 0.2980392156862745100, 0.2980392156862745100 ) ;
#3560 = PRESENTATION_STYLE_ASSIGNMENT (( #630 ) ) ;
#3561 = EDGE_CURVE ( 'NONE', #800, #5781, #6187, .T. ) ;
#3562 = CARTESIAN_POINT ( 'NONE',  ( -2.101000000000000400, -1.599999999999999900, 0.0000000000000000000 ) ) ;
#3563 = AXIS2_PLACEMENT_3D ( 'NONE', #1076, #4586, #1573 ) ;
#3564 = CARTESIAN_POINT ( 'NONE',  ( 2.100999999999993300, -9.111635057568127200E-015, -0.0000000000000000000 ) ) ;
#3565 = STYLED_ITEM ( 'NONE', ( #2679 ), #231 ) ;
#3566 = LINE ( 'NONE', #4540, #6131 ) ;
#3567 = DIRECTION ( 'NONE',  ( -1.000000000000000000, -9.856383386231858800E-017, 0.0000000000000000000 ) ) ;
#3568 = VECTOR ( 'NONE', #1383, 1000.000000000000000 ) ;
#3569 = DIRECTION ( 'NONE',  ( 1.000000000000000000, -0.0000000000000000000, -0.0000000000000000000 ) ) ;
#3570 = UNCERTAINTY_MEASURE_WITH_UNIT (LENGTH_MEASURE( 1.000000000000000100E-005 ), #409, 'distance_accuracy_value', 'NONE');
#3571 = CARTESIAN_POINT ( 'NONE',  ( 0.7256097560975607300, -0.2452205571492869800, -0.0000000000000000000 ) ) ;
#3572 = CARTESIAN_POINT ( 'NONE',  ( -0.4747869969054330800, 0.09256868358158143500, 0.0000000000000000000 ) ) ;
#3573 = CARTESIAN_POINT ( 'NONE',  ( 0.5971118219282969300, -0.09861717925950797000, 1.355252715606880500E-017 ) ) ;
#3574 = ORIENTED_EDGE ( 'NONE', *, *, #313, .T. ) ;
#3575 = DIRECTION ( 'NONE',  ( -1.000000000000000000, 0.0000000000000000000, 0.0000000000000000000 ) ) ;
#3576 = VERTEX_POINT ( 'NONE', #5127 ) ;
#3577 = CARTESIAN_POINT ( 'NONE',  ( -2.500000000000000000, -1.300000000000000300, 0.3499999999999999800 ) ) ;
#3578 = ORIENTED_EDGE ( 'NONE', *, *, #211, .T. ) ;
#3579 = VECTOR ( 'NONE', #4657, 1000.000000000000100 ) ;
#3580 = SURFACE_SIDE_STYLE ('',( #4384 ) ) ;
#3581 = LINE ( 'NONE', #4354, #3424 ) ;
#3582 = VERTEX_POINT ( 'NONE', #5619 ) ;
#3583 = DIRECTION ( 'NONE',  ( 0.0000000000000000000, 0.0000000000000000000, -1.000000000000000000 ) ) ;
#3584 = ORIENTED_EDGE ( 'NONE', *, *, #3518, .T. ) ;
#3585 = EDGE_LOOP ( 'NONE', ( #2529, #2452, #2379, #2211 ) ) ;
#3586 = VERTEX_POINT ( 'NONE', #4619 ) ;
#3587 = MECHANICAL_DESIGN_GEOMETRIC_PRESENTATION_REPRESENTATION (  '', ( #2202 ), #3899 ) ;
#3588 = VECTOR ( 'NONE', #3644, 1000.000000000000000 ) ;
#3589 = ORIENTED_EDGE ( 'NONE', *, *, #3200, .F. ) ;
#3590 = CARTESIAN_POINT ( 'NONE',  ( -0.2932545731707317800, 0.1999013940702252200, 0.0000000000000000000 ) ) ;
#3591 = CARTESIAN_POINT ( 'NONE',  ( -1.300000000000000300, 0.7000000000000000700, 0.3489999999999999800 ) ) ;
#3592 = ORIENTED_EDGE ( 'NONE', *, *, #4230, .F. ) ;
#3593 = CARTESIAN_POINT ( 'NONE',  ( -0.8211699695121951200, 0.1587428574848593900, 0.02000000000000000000 ) ) ;
#3594 = EDGE_LOOP ( 'NONE', ( #5855, #3319, #1952, #3976 ) ) ;
#3595 = CARTESIAN_POINT ( 'NONE',  ( 0.4286394817073176900, 0.2608770038263227800, 0.0000000000000000000 ) ) ;
#3596 = EDGE_CURVE ( 'NONE', #4719, #2539, #1385, .T. ) ;
#3597 = EDGE_CURVE ( 'NONE', #1793, #2819, #3613, .T. ) ;
#3598 = CARTESIAN_POINT ( 'NONE',  ( -1.300000000000000300, 0.7000000000000000700, 0.0000000000000000000 ) ) ;
#3599 = MECHANICAL_DESIGN_GEOMETRIC_PRESENTATION_REPRESENTATION (  '', ( #2576 ), #3917 ) ;
#3600 = ORIENTED_EDGE ( 'NONE', *, *, #996, .F. ) ;
#3601 = CARTESIAN_POINT ( 'NONE',  ( 2.100999999999993300, 9.111635057568127200E-015, 0.0000000000000000000 ) ) ;
#3602 = CARTESIAN_POINT ( 'NONE',  ( 0.5410302369630550800, -0.1669545113433147100, 1.355252715606880500E-017 ) ) ;
#3604 = ORIENTED_EDGE ( 'NONE', *, *, #3986, .T. ) ;
#3603 =( GEOMETRIC_REPRESENTATION_CONTEXT ( 3 ) GLOBAL_UNCERTAINTY_ASSIGNED_CONTEXT ( ( #4869 ) ) GLOBAL_UNIT_ASSIGNED_CONTEXT ( ( #4160, #4517, #3659 ) ) REPRESENTATION_CONTEXT ( 'NONE', 'WORKASPACE' ) );
#3605 = SURFACE_SIDE_STYLE ('',( #4404 ) ) ;
#3606 = VERTEX_POINT ( 'NONE', #4181 ) ;
#3607 = CARTESIAN_POINT ( 'NONE',  ( 2.199999999999999700, -1.600000000000000300, 0.3499999999999999800 ) ) ;
#3608 = DIRECTION ( 'NONE',  ( 1.000000000000000000, 9.856383386231857600E-017, 0.0000000000000000000 ) ) ;
#3609 = VECTOR ( 'NONE', #2509, 1000.000000000000000 ) ;
#3610 = DIRECTION ( 'NONE',  ( 1.000000000000000000, 0.0000000000000000000, 0.0000000000000000000 ) ) ;
#3611 = ORIENTED_EDGE ( 'NONE', *, *, #4077, .F. ) ;
#3612 = CARTESIAN_POINT ( 'NONE',  ( 0.6031887329182967800, 0.08449268121472550100, 0.02000000000000000000 ) ) ;
#3613 = CIRCLE ( 'NONE', #1290, 0.2200000000000001400 ) ;
#3614 = PLANE ( 'NONE',  #6063 ) ;
#3615 = CARTESIAN_POINT ( 'NONE',  ( -0.5448913222597653300, 0.08813093253733343700, 0.0000000000000000000 ) ) ;
#3616 = FACE_OUTER_BOUND ( 'NONE', #1129, .T. ) ;
#3617 = CARTESIAN_POINT ( 'NONE',  ( 0.5887538488854254800, -0.1148738496863427600, 0.02000000000000000000 ) ) ;
#3618 = CARTESIAN_POINT ( 'NONE',  ( 0.6156805012968636900, 0.007167122468463651300, 1.355252715606880500E-017 ) ) ;
#3619 = FILL_AREA_STYLE_COLOUR ( '', #5724 ) ;
#3620 =( LENGTH_UNIT ( ) NAMED_UNIT ( * ) SI_UNIT ( .MILLI., .METRE. ) );
#3621 = PRESENTATION_STYLE_ASSIGNMENT (( #6563 ) ) ;
#3622 =( GEOMETRIC_REPRESENTATION_CONTEXT ( 3 ) GLOBAL_UNCERTAINTY_ASSIGNED_CONTEXT ( ( #3218 ) ) GLOBAL_UNIT_ASSIGNED_CONTEXT ( ( #4503, #6304, #5363 ) ) REPRESENTATION_CONTEXT ( 'NONE', 'WORKASPACE' ) );
#3623 = DIRECTION ( 'NONE',  ( 0.0000000000000000000, 0.0000000000000000000, 1.000000000000000000 ) ) ;
#3624 = PRESENTATION_STYLE_ASSIGNMENT (( #1924 ) ) ;
#3625 = CARTESIAN_POINT ( 'NONE',  ( -0.8045857424527085300, 0.1610217964882404200, -0.0000000000000000000 ) ) ;
#3626 = EDGE_CURVE ( 'NONE', #4893, #439, #2080, .T. ) ;
#3627 = VECTOR ( 'NONE', #3429, 1000.000000000000000 ) ;
#3628 = SURFACE_STYLE_USAGE ( .BOTH. , #3648 ) ;
#3629 = EDGE_CURVE ( 'NONE', #2493, #255, #3468, .T. ) ;
#3630 = MECHANICAL_DESIGN_GEOMETRIC_PRESENTATION_REPRESENTATION (  '', ( #2972 ), #3954 ) ;
#3631 = CARTESIAN_POINT ( 'NONE',  ( 0.3109756097560982300, -0.1644278742224577200, 6.776263578034402700E-018 ) ) ;
#3632 = CARTESIAN_POINT ( 'NONE',  ( -1.599999999999997600, -0.7000000000000032900, -0.001000000000000000000 ) ) ;
#3633 = CARTESIAN_POINT ( 'NONE',  ( 0.4485518292682932900, -0.2513181181248967400, 1.355252715606880500E-017 ) ) ;
#3634 = CARTESIAN_POINT ( 'NONE',  ( 0.6792951741591103400, -0.05731208890310668400, 0.02000000000000000000 ) ) ;
#3635 = LINE ( 'NONE', #6559, #942 ) ;
#3636 = MECHANICAL_DESIGN_GEOMETRIC_PRESENTATION_REPRESENTATION (  '', ( #2627 ), #3962 ) ;
#3637 = VECTOR ( 'NONE', #2772, 1000.000000000000000 ) ;
#3638 = PRESENTATION_LAYER_ASSIGNMENT (  '', '', ( #2980 ) ) ;
#3639 = ORIENTED_EDGE ( 'NONE', *, *, #644, .F. ) ;
#3640 = ORIENTED_EDGE ( 'NONE', *, *, #101, .F. ) ;
#3641 = COLOUR_RGB ( '',0.8274509803921568100, 0.6666666666666666300, 0.1294117647058823400 ) ;
#3642 = VECTOR ( 'NONE', #5911, 1000.000000000000000 ) ;
#3643 = CARTESIAN_POINT ( 'NONE',  ( 0.7256097560975607300, -0.2452205571492869800, 0.02000000000000000000 ) ) ;
#3644 = DIRECTION ( 'NONE',  ( -0.0000000000000000000, -0.0000000000000000000, -1.000000000000000000 ) ) ;
#3645 = ORIENTED_EDGE ( 'NONE', *, *, #2407, .F. ) ;
#3646 = SURFACE_STYLE_FILL_AREA ( #5067 ) ;
#3647 = ORIENTED_EDGE ( 'NONE', *, *, #2486, .T. ) ;
#3648 = SURFACE_SIDE_STYLE ('',( #2527 ) ) ;
#3649 = ORIENTED_EDGE ( 'NONE', *, *, #6031, .T. ) ;
#3650 = VECTOR ( 'NONE', #1287, 1000.000000000000000 ) ;
#3651 = DIRECTION ( 'NONE',  ( -1.000000000000000000, 0.0000000000000000000, 0.0000000000000000000 ) ) ;
#3652 = VECTOR ( 'NONE', #5164, 1000.000000000000000 ) ;
#3653 =( LENGTH_UNIT ( ) NAMED_UNIT ( * ) SI_UNIT ( .MILLI., .METRE. ) );
#3654 = DIRECTION ( 'NONE',  ( 4.336808689942025600E-015, 1.000000000000000000, 0.0000000000000000000 ) ) ;
#3655 = EDGE_LOOP ( 'NONE', ( #5087, #191, #374, #3961 ) ) ;
#3656 = CARTESIAN_POINT ( 'NONE',  ( -2.500000000000000000, -1.399999999999999900, 0.3499999999999999800 ) ) ;
#3657 = ORIENTED_EDGE ( 'NONE', *, *, #3422, .F. ) ;
#3658 = ORIENTED_EDGE ( 'NONE', *, *, #3042, .F. ) ;
#3659 =( NAMED_UNIT ( * ) SI_UNIT ( $, .STERADIAN. ) SOLID_ANGLE_UNIT ( ) );
#3660 = CARTESIAN_POINT ( 'NONE',  ( 0.4481291366731994800, 0.2055676003399126400, 0.02000000000000000000 ) ) ;
#3661 = CARTESIAN_POINT ( 'NONE',  ( 0.3394609096654189800, -0.1785980123034778000, 0.02000000000000000000 ) ) ;
#3662 = SURFACE_STYLE_USAGE ( .BOTH. , #4165 ) ;
#3663 = LINE ( 'NONE', #6321, #970 ) ;
#3664 = AXIS2_PLACEMENT_3D ( 'NONE', #1456, #123, #4475 ) ;
#3665 = CYLINDRICAL_SURFACE ( 'NONE', #6273, 0.2000000000000000900 ) ;
#3666 = EDGE_CURVE ( 'NONE', #5750, #2135, #917, .T. ) ;
#3667 =( GEOMETRIC_REPRESENTATION_CONTEXT ( 3 ) GLOBAL_UNCERTAINTY_ASSIGNED_CONTEXT ( ( #1073 ) ) GLOBAL_UNIT_ASSIGNED_CONTEXT ( ( #5790, #5702, #5620 ) ) REPRESENTATION_CONTEXT ( 'NONE', 'WORKASPACE' ) );
#3668 = ORIENTED_EDGE ( 'NONE', *, *, #151, .F. ) ;
#3669 = ORIENTED_EDGE ( 'NONE', *, *, #2172, .F. ) ;
#3670 = ORIENTED_EDGE ( 'NONE', *, *, #1123, .T. ) ;
#3671 = EDGE_LOOP ( 'NONE', ( #4484, #4570, #4402, #5594 ) ) ;
#3672 = FACE_OUTER_BOUND ( 'NONE', #3594, .T. ) ;
#3673 = CARTESIAN_POINT ( 'NONE',  ( 0.6829268292682932900, -0.004652721783433296800, 0.02000000000000000000 ) ) ;
#3674 = EDGE_CURVE ( 'NONE', #175, #5765, #4594, .T. ) ;
#3675 = CARTESIAN_POINT ( 'NONE',  ( -2.500000000000000000, 1.300000000000000300, 0.3499999999999999800 ) ) ;
#3676 = AXIS2_PLACEMENT_3D ( 'NONE', #1217, #2232, #4237 ) ;
#3677 = SURFACE_SIDE_STYLE ('',( #4606 ) ) ;
#3678 = FACE_OUTER_BOUND ( 'NONE', #4917, .T. ) ;
#3679 =( NAMED_UNIT ( * ) PLANE_ANGLE_UNIT ( ) SI_UNIT ( $, .RADIAN. ) );
#3680 = CARTESIAN_POINT ( 'NONE',  ( -2.500000000000000000, -1.600000000000000300, 0.4500000000000000100 ) ) ;
#3681 = CARTESIAN_POINT ( 'NONE',  ( 0.1463414634146338900, 0.03526724772876183000, 0.02000000000000000000 ) ) ;
#3682 = ADVANCED_FACE ( 'NONE', ( #1918 ), #2661, .F. ) ;
#3683 = DIRECTION ( 'NONE',  ( 0.0000000000000000000, 0.0000000000000000000, 1.000000000000000000 ) ) ;
#3684 = DIRECTION ( 'NONE',  ( -4.336808689942025600E-015, -1.000000000000000000, 0.0000000000000000000 ) ) ;
#3685 = DIRECTION ( 'NONE',  ( -0.0000000000000000000, -0.0000000000000000000, -1.000000000000000000 ) ) ;
#3686 = CARTESIAN_POINT ( 'NONE',  ( 0.6552522120671927500, 0.1267317026035192100, 0.02000000000000000000 ) ) ;
#3687 = CARTESIAN_POINT ( 'NONE',  ( 0.3155717748205164000, -0.1670166513114765000, 0.02000000000000000000 ) ) ;
#3688 = CARTESIAN_POINT ( 'NONE',  ( -2.500000000000000000, -1.599999999999999900, 0.0000000000000000000 ) ) ;
#3689 = CARTESIAN_POINT ( 'NONE',  ( 0.5887538488854254800, -0.1148738496863427600, 1.355252715606880500E-017 ) ) ;
#3690 = EDGE_CURVE ( 'NONE', #1945, #5937, #3981, .T. ) ;
#3691 =( LENGTH_UNIT ( ) NAMED_UNIT ( * ) SI_UNIT ( .MILLI., .METRE. ) );
#3692 = FACE_OUTER_BOUND ( 'NONE', #3049, .T. ) ;
#3693 = CARTESIAN_POINT ( 'NONE',  ( 0.3494659985123489400, 0.2533672320202993200, 0.0000000000000000000 ) ) ;
#3694 = FACE_OUTER_BOUND ( 'NONE', #2294, .T. ) ;
#3695 = FILL_AREA_STYLE_COLOUR ( '', #872 ) ;
#3696 = FILL_AREA_STYLE ('',( #3744 ) ) ;
#3697 = UNCERTAINTY_MEASURE_WITH_UNIT (LENGTH_MEASURE( 1.000000000000000100E-005 ), #1868, 'distance_accuracy_value', 'NONE');
#3698 = EDGE_CURVE ( 'NONE', #5662, #652, #20, .T. ) ;
#3699 = FACE_OUTER_BOUND ( 'NONE', #5204, .T. ) ;
#3700 = CARTESIAN_POINT ( 'NONE',  ( 0.3109756097560981700, 0.2410599306555911100, 0.02000000000000000000 ) ) ;
#3701 = LINE ( 'NONE', #6323, #865 ) ;
#3702 = EDGE_CURVE ( 'NONE', #6400, #2228, #5233, .T. ) ;
#3703 = EDGE_CURVE ( 'NONE', #2819, #562, #1294, .T. ) ;
#3704 = MECHANICAL_DESIGN_GEOMETRIC_PRESENTATION_REPRESENTATION (  '', ( #3047 ), #4041 ) ;
#3705 = CARTESIAN_POINT ( 'NONE',  ( 0.5519480709241033600, 0.2327515285535269000, 1.355252715606880500E-017 ) ) ;
#3706 = MECHANICAL_DESIGN_GEOMETRIC_PRESENTATION_REPRESENTATION (  '', ( #2707 ), #4045 ) ;
#3707 = ORIENTED_EDGE ( 'NONE', *, *, #6111, .T. ) ;
#3708 = FACE_OUTER_BOUND ( 'NONE', #640, .T. ) ;
#3709 = SURFACE_STYLE_USAGE ( .BOTH. , #5109 ) ;
#3710 = DIRECTION ( 'NONE',  ( -0.0000000000000000000, -0.0000000000000000000, -1.000000000000000000 ) ) ;
#3711 =( NAMED_UNIT ( * ) SI_UNIT ( $, .STERADIAN. ) SOLID_ANGLE_UNIT ( ) );
#3712 = ADVANCED_FACE ( 'NONE', ( #1452 ), #2815, .T. ) ;
#3713 = CARTESIAN_POINT ( 'NONE',  ( 0.6829268292682932900, -0.004652721783433296800, 1.355252715606880500E-017 ) ) ;
#3714 = ADVANCED_FACE ( 'NONE', ( #2495 ), #1763, .T. ) ;
#3715 =( LENGTH_UNIT ( ) NAMED_UNIT ( * ) SI_UNIT ( .MILLI., .METRE. ) );
#3716 = COLOUR_RGB ( '',0.8274509803921568100, 0.6666666666666666300, 0.1294117647058823400 ) ;
#3717 = ORIENTED_EDGE ( 'NONE', *, *, #6147, .T. ) ;
#3718 = PRESENTATION_LAYER_ASSIGNMENT (  '', '', ( #3392 ) ) ;
#3719 = LINE ( 'NONE', #4254, #3579 ) ;
#3720 = SURFACE_SIDE_STYLE ('',( #473 ) ) ;
#3721 = ORIENTED_EDGE ( 'NONE', *, *, #3626, .T. ) ;
#3722 = DIRECTION ( 'NONE',  ( 0.0000000000000000000, -0.0000000000000000000, 1.000000000000000000 ) ) ;
#3723 = EDGE_LOOP ( 'NONE', ( #3410, #1261, #2867, #1425 ) ) ;
#3724 = VECTOR ( 'NONE', #4738, 1000.000000000000000 ) ;
#3725 = CARTESIAN_POINT ( 'NONE',  ( 0.6028410990238625100, -0.1996831275286624100, 0.0000000000000000000 ) ) ;
#3726 = CARTESIAN_POINT ( 'NONE',  ( -0.5546761151791653700, 0.001623760353635814800, 0.02000000000000000000 ) ) ;
#3727 = ORIENTED_EDGE ( 'NONE', *, *, #1696, .T. ) ;
#3728 = CARTESIAN_POINT ( 'NONE',  ( 0.6040308745227657200, -0.08123667622124218500, -0.0000000000000000000 ) ) ;
#3729 = CARTESIAN_POINT ( 'NONE',  ( 2.500000000000000000, -1.600000000000000300, 0.3499999999999999800 ) ) ;
#3730 = ORIENTED_EDGE ( 'NONE', *, *, #507, .T. ) ;
#3731 = CARTESIAN_POINT ( 'NONE',  ( -0.2980254002394450200, -0.1901796539104045300, -0.0000000000000000000 ) ) ;
#3732 = CARTESIAN_POINT ( 'NONE',  ( -0.4409394792252237500, 0.2178368274927701400, 0.02000000000000000000 ) ) ;
#3733 = COLOUR_RGB ( '',0.8274509803921568100, 0.6666666666666666300, 0.1294117647058823400 ) ;
#3734 = ORIENTED_EDGE ( 'NONE', *, *, #5282, .T. ) ;
#3735 = ORIENTED_EDGE ( 'NONE', *, *, #3321, .T. ) ;
#3736 = CARTESIAN_POINT ( 'NONE',  ( 2.199999999999999700, 1.300000000000000300, 0.8000000000000000400 ) ) ;
#3737 = VERTEX_POINT ( 'NONE', #3844 ) ;
#3738 = EDGE_CURVE ( 'NONE', #6088, #2636, #1143, .T. ) ;
#3739 =( NAMED_UNIT ( * ) SI_UNIT ( $, .STERADIAN. ) SOLID_ANGLE_UNIT ( ) );
#3740 = EDGE_CURVE ( 'NONE', #3366, #1745, #5094, .T. ) ;
#3741 = PRESENTATION_LAYER_ASSIGNMENT (  '', '', ( #3081 ) ) ;
#3742 = ORIENTED_EDGE ( 'NONE', *, *, #5860, .F. ) ;
#3743 = LINE ( 'NONE', #5913, #2411 ) ;
#3744 = FILL_AREA_STYLE_COLOUR ( '', #4708 ) ;
#3745 = DIRECTION ( 'NONE',  ( 0.0000000000000000000, -1.000000000000000000, 0.0000000000000000000 ) ) ;
#3746 = VERTEX_POINT ( 'NONE', #4818 ) ;
#3747 = EDGE_CURVE ( 'NONE', #6367, #2873, #989, .T. ) ;
#3748 = CARTESIAN_POINT ( 'NONE',  ( -0.4980903209863233300, -0.1573832419573591700, 0.02000000000000000000 ) ) ;
#3749 = UNCERTAINTY_MEASURE_WITH_UNIT (LENGTH_MEASURE( 1.000000000000000100E-005 ), #5634, 'distance_accuracy_value', 'NONE');
#3750 = VECTOR ( 'NONE', #34, 1000.000000000000000 ) ;
#3751 = FILL_AREA_STYLE ('',( #2589 ) ) ;
#3752 = EDGE_CURVE ( 'NONE', #6478, #4413, #4954, .T. ) ;
#3753 =( NAMED_UNIT ( * ) SI_UNIT ( $, .STERADIAN. ) SOLID_ANGLE_UNIT ( ) );
#3754 =( GEOMETRIC_REPRESENTATION_CONTEXT ( 3 ) GLOBAL_UNCERTAINTY_ASSIGNED_CONTEXT ( ( #4172 ) ) GLOBAL_UNIT_ASSIGNED_CONTEXT ( ( #2497, #5932, #3009 ) ) REPRESENTATION_CONTEXT ( 'NONE', 'WORKASPACE' ) );
#3755 = MECHANICAL_DESIGN_GEOMETRIC_PRESENTATION_REPRESENTATION (  '', ( #2409 ), #4088 ) ;
#3756 = CARTESIAN_POINT ( 'NONE',  ( 0.6829268292682932900, -0.004652721783433296800, 0.02000000000000000000 ) ) ;
#3757 =( LENGTH_UNIT ( ) NAMED_UNIT ( * ) SI_UNIT ( .MILLI., .METRE. ) );
#3758 = CARTESIAN_POINT ( 'NONE',  ( -0.4751696014757105200, -0.07444653166652466500, 0.0000000000000000000 ) ) ;
#3759 = DIRECTION ( 'NONE',  ( 1.000000000000000000, -0.0000000000000000000, 0.0000000000000000000 ) ) ;
#3760 = FILL_AREA_STYLE_COLOUR ( '', #2444 ) ;
#3761 = CARTESIAN_POINT ( 'NONE',  ( -2.500000000000000000, -1.300000000000000300, 0.3499999999999999800 ) ) ;
#3762 = CARTESIAN_POINT ( 'NONE',  ( 0.4767545418744458800, -0.1934257428693633700, -0.0000000000000000000 ) ) ;
#3763 = VECTOR ( 'NONE', #4373, 1000.000000000000000 ) ;
#3764 = CARTESIAN_POINT ( 'NONE',  ( 0.7256097560975607300, -0.1903425083687991800, 0.02000000000000000000 ) ) ;
#3765 = ADVANCED_FACE ( 'NONE', ( #3678 ), #4365, .T. ) ;
#3766 = SURFACE_STYLE_USAGE ( .BOTH. , #3580 ) ;
#3767 = PRESENTATION_LAYER_ASSIGNMENT (  '', '', ( #4110 ) ) ;
#3768 = FACE_OUTER_BOUND ( 'NONE', #2543, .T. ) ;
#3769 = DIRECTION ( 'NONE',  ( 0.0000000000000000000, 0.0000000000000000000, -1.000000000000000000 ) ) ;
#3770 = DIRECTION ( 'NONE',  ( 0.0000000000000000000, 1.000000000000000000, 0.0000000000000000000 ) ) ;
#3771 = COLOUR_RGB ( '',0.2980392156862745100, 0.2980392156862745100, 0.2980392156862745100 ) ;
#3772 = STYLED_ITEM ( 'NONE', ( #3140 ), #645 ) ;
#3773 = UNCERTAINTY_MEASURE_WITH_UNIT (LENGTH_MEASURE( 1.000000000000000100E-005 ), #2241, 'distance_accuracy_value', 'NONE');
#3774 = CARTESIAN_POINT ( 'NONE',  ( -0.05487804878048806900, -0.1903425083687991800, 0.0000000000000000000 ) ) ;
#3775 = PRESENTATION_STYLE_ASSIGNMENT (( #4758 ) ) ;
#3776 = CARTESIAN_POINT ( 'NONE',  ( 2.500000000000000000, 1.201000000000000700, -0.001000000000000000000 ) ) ;
#3777 = ORIENTED_EDGE ( 'NONE', *, *, #3291, .F. ) ;
#3778 = EDGE_CURVE ( 'NONE', #2502, #1380, #3540, .T. ) ;
#3779 = PRESENTATION_LAYER_ASSIGNMENT (  '', '', ( #2806 ) ) ;
#3780 = LINE ( 'NONE', #3486, #1103 ) ;
#3781 = AXIS2_PLACEMENT_3D ( 'NONE', #5409, #4651, #4593 ) ;
#3782 = CIRCLE ( 'NONE', #1783, 0.2990000000000002100 ) ;
#3783 = CARTESIAN_POINT ( 'NONE',  ( -0.6646341463414634500, -0.2452205571492869800, 0.02000000000000000000 ) ) ;
#3784 = VERTEX_POINT ( 'NONE', #1366 ) ;
#3785 = FILL_AREA_STYLE_COLOUR ( '', #40 ) ;
#3786 = ORIENTED_EDGE ( 'NONE', *, *, #101, .T. ) ;
#3787 = VECTOR ( 'NONE', #3007, 1000.000000000000000 ) ;
#3788 = CARTESIAN_POINT ( 'NONE',  ( -2.500000000000000000, 1.301000000000000200, -0.001000000000000000000 ) ) ;
#3789 = SURFACE_STYLE_USAGE ( .BOTH. , #203 ) ;
#3790 = ORIENTED_EDGE ( 'NONE', *, *, #2970, .T. ) ;
#3791 = LINE ( 'NONE', #4245, #960 ) ;
#3792 = ORIENTED_EDGE ( 'NONE', *, *, #3747, .T. ) ;
#3793 = ORIENTED_EDGE ( 'NONE', *, *, #2225, .F. ) ;
#3794 = CARTESIAN_POINT ( 'NONE',  ( 0.4485518292682932900, -0.2513181181248967400, 0.02000000000000000000 ) ) ;
#3795 = LINE ( 'NONE', #2372, #6404 ) ;
#3796 = CARTESIAN_POINT ( 'NONE',  ( 0.6429387546605853700, 0.1487826215504820500, 0.0000000000000000000 ) ) ;
#3797 = ADVANCED_FACE ( 'NONE', ( #837 ), #889, .F. ) ;
#3798 = CARTESIAN_POINT ( 'NONE',  ( 2.400000000000000400, -1.201000000000000300, 0.3489999999999999800 ) ) ;
#3799 = SURFACE_STYLE_FILL_AREA ( #1549 ) ;
#3800 =( LENGTH_UNIT ( ) NAMED_UNIT ( * ) SI_UNIT ( .MILLI., .METRE. ) );
#3801 = SURFACE_SIDE_STYLE ('',( #5132 ) ) ;
#3802 = EDGE_LOOP ( 'NONE', ( #4410, #2803, #365, #3531 ) ) ;
#3803 = ORIENTED_EDGE ( 'NONE', *, *, #996, .T. ) ;
#3804 = VERTEX_POINT ( 'NONE', #3904 ) ;
#3805 =( NAMED_UNIT ( * ) SI_UNIT ( $, .STERADIAN. ) SOLID_ANGLE_UNIT ( ) );
#3806 = DIRECTION ( 'NONE',  ( 1.000000000000000000, 9.856383386231858800E-017, 0.0000000000000000000 ) ) ;
#3807 = CARTESIAN_POINT ( 'NONE',  ( -0.5262841260377203500, -0.1163856908968802600, 1.355252715606880500E-017 ) ) ;
#3808 = ORIENTED_EDGE ( 'NONE', *, *, #1323, .T. ) ;
#3809 =( NAMED_UNIT ( * ) SI_UNIT ( $, .STERADIAN. ) SOLID_ANGLE_UNIT ( ) );
#3810 = SURFACE_SIDE_STYLE ('',( #1009 ) ) ;
#3811 = LINE ( 'NONE', #3182, #2326 ) ;
#3812 =( NAMED_UNIT ( * ) SI_UNIT ( $, .STERADIAN. ) SOLID_ANGLE_UNIT ( ) );
#3813 = EDGE_LOOP ( 'NONE', ( #3121, #1054, #2477, #6561, #4270 ) ) ;
#3814 = CARTESIAN_POINT ( 'NONE',  ( -0.2980254002394450200, -0.1901796539104045300, 0.02000000000000000000 ) ) ;
#3815 = PLANE ( 'NONE',  #4919 ) ;
#3816 = ORIENTED_EDGE ( 'NONE', *, *, #644, .T. ) ;
#3817 = VECTOR ( 'NONE', #2269, 1000.000000000000000 ) ;
#3818 = CARTESIAN_POINT ( 'NONE',  ( -0.2195121951219513000, -0.1903425083687991800, 0.02000000000000000000 ) ) ;
#3819 = EDGE_CURVE ( 'NONE', #3099, #2597, #292, .T. ) ;
#3820 = EDGE_CURVE ( 'NONE', #5781, #4175, #3056, .T. ) ;
#3821 = CARTESIAN_POINT ( 'NONE',  ( 2.500000000000000000, -1.301000000000000200, 0.3489999999999999800 ) ) ;
#3822 = EDGE_CURVE ( 'NONE', #4180, #2729, #1678, .T. ) ;
#3823 = DIRECTION ( 'NONE',  ( 0.0000000000000000000, -1.000000000000000000, 0.0000000000000000000 ) ) ;
#3824 = AXIS2_PLACEMENT_3D ( 'NONE', #6260, #6269, #2115 ) ;
#3825 = ORIENTED_EDGE ( 'NONE', *, *, #1946, .F. ) ;
#3826 = DIRECTION ( 'NONE',  ( 0.0000000000000000000, 1.000000000000000000, 0.0000000000000000000 ) ) ;
#3827 = CARTESIAN_POINT ( 'NONE',  ( 0.3381595203132162800, 0.1881254481574126400, 1.355252715606880500E-017 ) ) ;
#3828 = CARTESIAN_POINT ( 'NONE',  ( -0.3950711594167478100, -0.2281159654332620700, 0.02000000000000000000 ) ) ;
#3829 = AXIS2_PLACEMENT_3D ( 'NONE', #4009, #4303, #5095 ) ;
#3830 = AXIS2_PLACEMENT_3D ( 'NONE', #6094, #3162, #32 ) ;
#3831 = DIRECTION ( 'NONE',  ( -1.000000000000000000, 0.0000000000000000000, 0.0000000000000000000 ) ) ;
#3832 = DIRECTION ( 'NONE',  ( -0.7071067811865454600, 0.7071067811865495700, -0.0000000000000000000 ) ) ;
#3833 = DIRECTION ( 'NONE',  ( 0.0000000000000000000, 0.0000000000000000000, -1.000000000000000000 ) ) ;
#3834 = CARTESIAN_POINT ( 'NONE',  ( -0.4358665464100915400, -0.1379814611230043000, 0.02000000000000000000 ) ) ;
#3835 = CARTESIAN_POINT ( 'NONE',  ( 0.6344277638371990100, -0.1663243284817211300, 0.02000000000000000000 ) ) ;
#3836 = FILL_AREA_STYLE ('',( #3359 ) ) ;
#3837 = CARTESIAN_POINT ( 'NONE',  ( 2.199999999999999700, 1.520000000000000500, 0.4500000000000000100 ) ) ;
#3838 = COLOUR_RGB ( '',0.8274509803921568100, 0.6666666666666666300, 0.1294117647058823400 ) ;
#3839 = FACE_OUTER_BOUND ( 'NONE', #4347, .T. ) ;
#3840 = SURFACE_SIDE_STYLE ('',( #4551 ) ) ;
#3841 =( NAMED_UNIT ( * ) SI_UNIT ( $, .STERADIAN. ) SOLID_ANGLE_UNIT ( ) );
#3842 = FILL_AREA_STYLE ('',( #1066 ) ) ;
#3843 = DIRECTION ( 'NONE',  ( -1.000000000000000000, 4.336808689942025600E-015, 0.0000000000000000000 ) ) ;
#3844 = CARTESIAN_POINT ( 'NONE',  ( 0.1463414634146338900, -0.01961080105172599200, -0.0000000000000000000 ) ) ;
#3845 = VECTOR ( 'NONE', #704, 1000.000000000000000 ) ;
#3846 = LINE ( 'NONE', #1843, #6133 ) ;
#3847 =( NAMED_UNIT ( * ) SI_UNIT ( $, .STERADIAN. ) SOLID_ANGLE_UNIT ( ) );
#3848 = AXIS2_PLACEMENT_3D ( 'NONE', #2413, #5636, #2437 ) ;
#3849 = FILL_AREA_STYLE ('',( #388 ) ) ;
#3850 = ORIENTED_EDGE ( 'NONE', *, *, #693, .F. ) ;
#3851 = CARTESIAN_POINT ( 'NONE',  ( -2.199999999999999700, 1.500000000000000200, 0.7500000000000000000 ) ) ;
#3852 = ORIENTED_EDGE ( 'NONE', *, *, #5945, .T. ) ;
#3853 = CARTESIAN_POINT ( 'NONE',  ( -0.8475609756097561800, 0.2547794428507130200, 0.02000000000000000000 ) ) ;
#3854 = CARTESIAN_POINT ( 'NONE',  ( -2.101000000000000000, -1.500000000000000000, -0.001000000000000000000 ) ) ;
#3855 = EDGE_CURVE ( 'NONE', #885, #5863, #5463, .T. ) ;
#3856 = CYLINDRICAL_SURFACE ( 'NONE', #2131, 0.05000000000000002400 ) ;
#3857 = AXIS2_PLACEMENT_3D ( 'NONE', #3700, #3412, #3316 ) ;
#3858 = CARTESIAN_POINT ( 'NONE',  ( -2.299999999999999800, 1.600000000000000300, 0.3499999999999999800 ) ) ;
#3859 = COLOUR_RGB ( '',0.8274509803921568100, 0.6666666666666666300, 0.1294117647058823400 ) ;
#3860 = EDGE_CURVE ( 'NONE', #1057, #1805, #2911, .T. ) ;
#3861 = CIRCLE ( 'NONE', #5562, 0.3000000000000003800 ) ;
#3862 = LINE ( 'NONE', #5784, #5275 ) ;
#3863 = EDGE_CURVE ( 'NONE', #2295, #656, #112, .T. ) ;
#3864 = ORIENTED_EDGE ( 'NONE', *, *, #2352, .T. ) ;
#3865 = PRESENTATION_STYLE_ASSIGNMENT (( #1690 ) ) ;
#3866 = AXIS2_PLACEMENT_3D ( 'NONE', #829, #176, #2724 ) ;
#3867 = DIRECTION ( 'NONE',  ( 0.0000000000000000000, 0.0000000000000000000, -1.000000000000000000 ) ) ;
#3868 = ORIENTED_EDGE ( 'NONE', *, *, #4795, .F. ) ;
#3869 = ORIENTED_EDGE ( 'NONE', *, *, #4878, .F. ) ;
#3870 = LINE ( 'NONE', #2313, #3724 ) ;
#3871 = CARTESIAN_POINT ( 'NONE',  ( -2.199999999999999700, 1.300000000000000300, 0.6999999999999999600 ) ) ;
#3872 = DIRECTION ( 'NONE',  ( -0.0000000000000000000, -0.0000000000000000000, 1.000000000000000000 ) ) ;
#3873 = FILL_AREA_STYLE ('',( #2956 ) ) ;
#3874 = DIRECTION ( 'NONE',  ( 1.000000000000000000, 0.0000000000000000000, 0.0000000000000000000 ) ) ;
#3875 = COLOUR_RGB ( '',0.8274509803921568100, 0.6666666666666666300, 0.1294117647058823400 ) ;
#3876 = PLANE ( 'NONE',  #4859 ) ;
#3877 = DIRECTION ( 'NONE',  ( 0.0000000000000000000, 1.000000000000000000, 0.0000000000000000000 ) ) ;
#3878 = DIRECTION ( 'NONE',  ( -0.0000000000000000000, 0.0000000000000000000, -1.000000000000000000 ) ) ;
#3879 = DIRECTION ( 'NONE',  ( 1.000000000000000000, -0.0000000000000000000, 0.0000000000000000000 ) ) ;
#3880 = ORIENTED_EDGE ( 'NONE', *, *, #5950, .T. ) ;
#3881 = ORIENTED_EDGE ( 'NONE', *, *, #3321, .F. ) ;
#3882 = SURFACE_STYLE_FILL_AREA ( #2780 ) ;
#3883 = CARTESIAN_POINT ( 'NONE',  ( 0.5887538488854254800, -0.1148738496863427600, 0.02000000000000000000 ) ) ;
#3884 = CARTESIAN_POINT ( 'NONE',  ( 0.4114767199714091700, 0.2607539765761784400, 1.355252715606880500E-017 ) ) ;
#3885 = CIRCLE ( 'NONE', #4609, 0.1000000000000002600 ) ;
#3886 = ORIENTED_EDGE ( 'NONE', *, *, #4525, .F. ) ;
#3887 = CARTESIAN_POINT ( 'NONE',  ( 0.2134146341463412100, -0.2452205571492869800, 0.02000000000000000000 ) ) ;
#3888 = ORIENTED_EDGE ( 'NONE', *, *, #2898, .T. ) ;
#3889 = EDGE_LOOP ( 'NONE', ( #1686, #2570, #2496, #2338 ) ) ;
#3890 = ORIENTED_EDGE ( 'NONE', *, *, #2439, .T. ) ;
#3891 = COLOUR_RGB ( '',0.8274509803921568100, 0.6666666666666666300, 0.1294117647058823400 ) ;
#3892 = VERTEX_POINT ( 'NONE', #3488 ) ;
#3893 = VECTOR ( 'NONE', #3484, 1000.000000000000000 ) ;
#3894 =( NAMED_UNIT ( * ) SI_UNIT ( $, .STERADIAN. ) SOLID_ANGLE_UNIT ( ) );
#3895 = ORIENTED_EDGE ( 'NONE', *, *, #1739, .F. ) ;
#3896 = ORIENTED_EDGE ( 'NONE', *, *, #3860, .F. ) ;
#3897 = CARTESIAN_POINT ( 'NONE',  ( -2.199999999999999700, -1.400000000000000100, 0.7500000000000000000 ) ) ;
#3898 = VECTOR ( 'NONE', #4452, 1000.000000000000000 ) ;
#3899 =( GEOMETRIC_REPRESENTATION_CONTEXT ( 3 ) GLOBAL_UNCERTAINTY_ASSIGNED_CONTEXT ( ( #6288 ) ) GLOBAL_UNIT_ASSIGNED_CONTEXT ( ( #4804, #4840, #2683 ) ) REPRESENTATION_CONTEXT ( 'NONE', 'WORKASPACE' ) );
#3900 = CARTESIAN_POINT ( 'NONE',  ( 0.4418158324514973600, -0.2512391162197003000, -0.0000000000000000000 ) ) ;
#3901 = EDGE_LOOP ( 'NONE', ( #287, #1830, #1629, #902, #5405, #4616 ) ) ;
#3902 = UNCERTAINTY_MEASURE_WITH_UNIT (LENGTH_MEASURE( 1.000000000000000100E-005 ), #3974, 'distance_accuracy_value', 'NONE');
#3903 = DIRECTION ( 'NONE',  ( 0.0000000000000000000, 1.000000000000000000, 0.0000000000000000000 ) ) ;
#3904 = CARTESIAN_POINT ( 'NONE',  ( -0.5914634146341464200, -0.2452205571492869800, 0.02000000000000000000 ) ) ;
#3905 = SURFACE_STYLE_USAGE ( .BOTH. , #3104 ) ;
#3906 = CARTESIAN_POINT ( 'NONE',  ( -1.600000000000001000, -0.7000000000000000700, -0.0000000000000000000 ) ) ;
#3907 = CARTESIAN_POINT ( 'NONE',  ( 0.5866963938458862300, 0.1198670863752337600, 1.355252715606880500E-017 ) ) ;
#3908 = AXIS2_PLACEMENT_3D ( 'NONE', #5110, #6444, #1938 ) ;
#3909 = VECTOR ( 'NONE', #5092, 1000.000000000000000 ) ;
#3910 = SURFACE_STYLE_USAGE ( .BOTH. , #328 ) ;
#3911 = DIRECTION ( 'NONE',  ( 0.0000000000000000000, -1.000000000000000000, 0.0000000000000000000 ) ) ;
#3912 = CARTESIAN_POINT ( 'NONE',  ( 0.3149556715114252300, 0.2426755254710279100, 0.02000000000000000000 ) ) ;
#3913 = VERTEX_POINT ( 'NONE', #6394 ) ;
#3914 = EDGE_CURVE ( 'NONE', #6175, #815, #5170, .T. ) ;
#3915 = CARTESIAN_POINT ( 'NONE',  ( -0.4672507317253956100, 0.1097958535553651000, 0.02000000000000000000 ) ) ;
#3916 = EDGE_CURVE ( 'NONE', #3192, #1141, #4064, .T. ) ;
#3917 =( GEOMETRIC_REPRESENTATION_CONTEXT ( 3 ) GLOBAL_UNCERTAINTY_ASSIGNED_CONTEXT ( ( #4447 ) ) GLOBAL_UNIT_ASSIGNED_CONTEXT ( ( #4597, #1594, #5053 ) ) REPRESENTATION_CONTEXT ( 'NONE', 'WORKASPACE' ) );
#3918 = PRESENTATION_LAYER_ASSIGNMENT (  '', '', ( #4234 ) ) ;
#3919 =( NAMED_UNIT ( * ) SI_UNIT ( $, .STERADIAN. ) SOLID_ANGLE_UNIT ( ) );
#3920 = CARTESIAN_POINT ( 'NONE',  ( 0.6653820571764723600, 0.1032641328116448200, 0.02000000000000000000 ) ) ;
#3921 = DIRECTION ( 'NONE',  ( -0.0000000000000000000, -1.000000000000000000, -0.0000000000000000000 ) ) ;
#3922 =( NAMED_UNIT ( * ) PLANE_ANGLE_UNIT ( ) SI_UNIT ( $, .RADIAN. ) );
#3923 =( LENGTH_UNIT ( ) NAMED_UNIT ( * ) SI_UNIT ( .MILLI., .METRE. ) );
#3924 = CARTESIAN_POINT ( 'NONE',  ( -0.04268292682926854600, 0.2547794428507130200, 0.02000000000000000000 ) ) ;
#3925 =( NAMED_UNIT ( * ) SI_UNIT ( $, .STERADIAN. ) SOLID_ANGLE_UNIT ( ) );
#3926 = DIRECTION ( 'NONE',  ( 0.3635424856527064200, 0.9315776194850602400, 0.0000000000000000000 ) ) ;
#3927 = SURFACE_STYLE_FILL_AREA ( #4560 ) ;
#3928 = VECTOR ( 'NONE', #898, 1000.000000000000000 ) ;
#3929 = ORIENTED_EDGE ( 'NONE', *, *, #1823, .T. ) ;
#3930 = DIRECTION ( 'NONE',  ( 0.3536223923290756100, -0.9353882635801357100, 0.0000000000000000000 ) ) ;
#3931 = CARTESIAN_POINT ( 'NONE',  ( 2.500000000000000000, -1.599999999999999900, 0.4500000000000000100 ) ) ;
#3932 = COLOUR_RGB ( '',0.8274509803921568100, 0.6666666666666666300, 0.1294117647058823400 ) ;
#3933 = LINE ( 'NONE', #4048, #2600 ) ;
#3934 = DIRECTION ( 'NONE',  ( -1.000000000000000000, 0.0000000000000000000, 0.0000000000000000000 ) ) ;
#3935 = COLOUR_RGB ( '',0.2980392156862745100, 0.2980392156862745100, 0.2980392156862745100 ) ;
#3936 = CARTESIAN_POINT ( 'NONE',  ( 0.3789534589230554900, 0.2582919225842028000, 0.02000000000000000000 ) ) ;
#3937 = ORIENTED_EDGE ( 'NONE', *, *, #3518, .F. ) ;
#3938 = CARTESIAN_POINT ( 'NONE',  ( 0.4286394817073176900, 0.2608770038263227800, 0.02000000000000000000 ) ) ;
#3939 = LINE ( 'NONE', #1837, #6383 ) ;
#3940 = FACE_BOUND ( 'NONE', #3427, .T. ) ;
#3941 =( NAMED_UNIT ( * ) SI_UNIT ( $, .STERADIAN. ) SOLID_ANGLE_UNIT ( ) );
#3942 = PRESENTATION_LAYER_ASSIGNMENT (  '', '', ( #4271 ) ) ;
#3943 = LINE ( 'NONE', #4450, #6387 ) ;
#3944 = DIRECTION ( 'NONE',  ( 0.0000000000000000000, 0.0000000000000000000, -1.000000000000000000 ) ) ;
#3945 = UNCERTAINTY_MEASURE_WITH_UNIT (LENGTH_MEASURE( 1.000000000000000100E-005 ), #4562, 'distance_accuracy_value', 'NONE');
#3946 = DIRECTION ( 'NONE',  ( 0.0000000000000000000, 0.0000000000000000000, 1.000000000000000000 ) ) ;
#3947 = EDGE_CURVE ( 'NONE', #5765, #635, #6509, .T. ) ;
#3948 = LINE ( 'NONE', #1012, #5519 ) ;
#3949 = SURFACE_STYLE_FILL_AREA ( #1592 ) ;
#3950 = CARTESIAN_POINT ( 'NONE',  ( -2.419999999999999900, 1.300000000000000300, 0.4500000000000000100 ) ) ;
#3951 = EDGE_CURVE ( 'NONE', #3192, #2295, #2568, .T. ) ;
#3952 = FILL_AREA_STYLE_COLOUR ( '', #1767 ) ;
#3953 = ORIENTED_EDGE ( 'NONE', *, *, #2087, .F. ) ;
#3954 =( GEOMETRIC_REPRESENTATION_CONTEXT ( 3 ) GLOBAL_UNCERTAINTY_ASSIGNED_CONTEXT ( ( #3527 ) ) GLOBAL_UNIT_ASSIGNED_CONTEXT ( ( #2662, #2638, #2603 ) ) REPRESENTATION_CONTEXT ( 'NONE', 'WORKASPACE' ) );
#3955 = CIRCLE ( 'NONE', #2260, 0.2000000000000000900 ) ;
#3956 = DIRECTION ( 'NONE',  ( 0.0000000000000000000, -1.000000000000000000, 0.0000000000000000000 ) ) ;
#3957 = AXIS2_PLACEMENT_3D ( 'NONE', #5560, #5081, #5698 ) ;
#3958 = VECTOR ( 'NONE', #6038, 1000.000000000000000 ) ;
#3959 = CARTESIAN_POINT ( 'NONE',  ( -2.100999999999993300, 9.111635057568127200E-015, -0.0000000000000000000 ) ) ;
#3960 = ORIENTED_EDGE ( 'NONE', *, *, #3159, .T. ) ;
#3961 = ORIENTED_EDGE ( 'NONE', *, *, #2040, .T. ) ;
#3962 =( GEOMETRIC_REPRESENTATION_CONTEXT ( 3 ) GLOBAL_UNCERTAINTY_ASSIGNED_CONTEXT ( ( #2108 ) ) GLOBAL_UNIT_ASSIGNED_CONTEXT ( ( #4215, #1197, #4690 ) ) REPRESENTATION_CONTEXT ( 'NONE', 'WORKASPACE' ) );
#3963 = LINE ( 'NONE', #1790, #1272 ) ;
#3964 = MECHANICAL_DESIGN_GEOMETRIC_PRESENTATION_REPRESENTATION (  '', ( #2980 ), #4287 ) ;
#3965 = CARTESIAN_POINT ( 'NONE',  ( 0.9146341463414632300, 0.2547794428507130200, 0.02000000000000000000 ) ) ;
#3966 = VERTEX_POINT ( 'NONE', #973 ) ;
#3967 = CARTESIAN_POINT ( 'NONE',  ( -0.8134527439024390500, 0.1938038330946154600, 0.02000000000000000000 ) ) ;
#3968 = CARTESIAN_POINT ( 'NONE',  ( 0.6824647428092076600, -0.03144435296032999100, 0.02000000000000000000 ) ) ;
#3969 = LINE ( 'NONE', #4490, #6410 ) ;
#3970 = DIRECTION ( 'NONE',  ( 0.0000000000000000000, 0.0000000000000000000, -1.000000000000000000 ) ) ;
#3971 = VERTEX_POINT ( 'NONE', #3985 ) ;
#3972 = VERTEX_POINT ( 'NONE', #1957 ) ;
#3973 = VERTEX_POINT ( 'NONE', #2475 ) ;
#3974 =( LENGTH_UNIT ( ) NAMED_UNIT ( * ) SI_UNIT ( .MILLI., .METRE. ) );
#3975 = CARTESIAN_POINT ( 'NONE',  ( -0.4071273330245622200, -0.1610619010853451300, 0.02000000000000000000 ) ) ;
#3976 = ORIENTED_EDGE ( 'NONE', *, *, #367, .T. ) ;
#3977 = CARTESIAN_POINT ( 'NONE',  ( 0.5958547439563646200, 0.1028539963313422800, 0.0000000000000000000 ) ) ;
#3978 = CARTESIAN_POINT ( 'NONE',  ( 0.5971118219282969300, -0.09861717925950797000, 0.02000000000000000000 ) ) ;
#3979 = CARTESIAN_POINT ( 'NONE',  ( -0.2195121951219513000, 0.1999013940702252200, 0.02000000000000000000 ) ) ;
#3980 = ORIENTED_EDGE ( 'NONE', *, *, #6109, .F. ) ;
#3981 = CIRCLE ( 'NONE', #3337, 0.05000000000000002400 ) ;
#3982 = PLANE ( 'NONE',  #4730 ) ;
#3983 = AXIS2_PLACEMENT_3D ( 'NONE', #489, #5486, #1447 ) ;
#3984 = CARTESIAN_POINT ( 'NONE',  ( -0.5448870500228861800, -0.06950246080276796500, 0.0000000000000000000 ) ) ;
#3985 = CARTESIAN_POINT ( 'NONE',  ( 2.500000000000000000, -1.300000000000000300, 0.3499999999999999800 ) ) ;
#3986 = EDGE_CURVE ( 'NONE', #2482, #261, #1218, .T. ) ;
#3987 = CARTESIAN_POINT ( 'NONE',  ( 0.5787608400088549700, -0.1299332755035361200, 0.02000000000000000000 ) ) ;
#3988 = CIRCLE ( 'NONE', #6072, 0.2200000000000001400 ) ;
#3989 = DIRECTION ( 'NONE',  ( -0.0000000000000000000, -0.0000000000000000000, -1.000000000000000000 ) ) ;
#3990 = CARTESIAN_POINT ( 'NONE',  ( 0.9146341463414632300, -0.1903425083687991800, 0.02000000000000000000 ) ) ;
#3991 = PRESENTATION_LAYER_ASSIGNMENT (  '', '', ( #4307 ) ) ;
#3992 = CARTESIAN_POINT ( 'NONE',  ( 0.2134146341463412100, -0.2452205571492869800, -0.0000000000000000000 ) ) ;
#3993 = SURFACE_SIDE_STYLE ('',( #133 ) ) ;
#3994 = CARTESIAN_POINT ( 'NONE',  ( -0.4751696014757105200, -0.07444653166652466500, 1.355252715606880500E-017 ) ) ;
#3995 = FILL_AREA_STYLE_COLOUR ( '', #3875 ) ;
#3996 = EDGE_CURVE ( 'NONE', #4167, #2148, #3743, .T. ) ;
#3997 = CARTESIAN_POINT ( 'NONE',  ( 0.0000000000000000000, -1.500000000000000000, -0.0000000000000000000 ) ) ;
#3998 = AXIS2_PLACEMENT_3D ( 'NONE', #2579, #3558, #2501 ) ;
#3999 = SURFACE_STYLE_FILL_AREA ( #6068 ) ;
#4000 = DIRECTION ( 'NONE',  ( -1.000000000000000000, -9.856383386231858800E-017, 0.0000000000000000000 ) ) ;
#4001 = LINE ( 'NONE', #4040, #1309 ) ;
#4002 = CARTESIAN_POINT ( 'NONE',  ( -0.2979659377577967800, -0.2450474044612092300, -0.0000000000000000000 ) ) ;
#4003 = COLOUR_RGB ( '',0.8274509803921568100, 0.6666666666666666300, 0.1294117647058823400 ) ;
#4004 = DIRECTION ( 'NONE',  ( -1.000000000000000000, 0.0000000000000000000, 0.0000000000000000000 ) ) ;
#4005 = FACE_OUTER_BOUND ( 'NONE', #2286, .T. ) ;
#4006 = SURFACE_STYLE_FILL_AREA ( #6132 ) ;
#4007 = CARTESIAN_POINT ( 'NONE',  ( -0.03048780487804902300, -0.01961080105172599200, 0.02000000000000000000 ) ) ;
#4008 = CARTESIAN_POINT ( 'NONE',  ( -1.600000000000001000, -0.7000000000000000700, 0.0000000000000000000 ) ) ;
#4009 = CARTESIAN_POINT ( 'NONE',  ( 2.199999999999999700, 1.300000000000000300, 0.7500000000000000000 ) ) ;
#4010 = DIRECTION ( 'NONE',  ( 0.0000000000000000000, 0.0000000000000000000, -1.000000000000000000 ) ) ;
#4011 = PRESENTATION_STYLE_ASSIGNMENT (( #6419 ) ) ;
#4012 = CARTESIAN_POINT ( 'NONE',  ( 2.500000000000000000, -1.600000000000000300, -0.001000000000000000000 ) ) ;
#4013 =( NAMED_UNIT ( * ) SI_UNIT ( $, .STERADIAN. ) SOLID_ANGLE_UNIT ( ) );
#4014 = CARTESIAN_POINT ( 'NONE',  ( 0.5107842865561875700, -0.1835386251994045900, 1.355252715606880500E-017 ) ) ;
#4015 = CARTESIAN_POINT ( 'NONE',  ( 0.3242558045063165300, 0.1817035534443643700, 0.0000000000000000000 ) ) ;
#4016 = CARTESIAN_POINT ( 'NONE',  ( -0.6646341463414634500, -0.2452205571492869800, 0.02000000000000000000 ) ) ;
#4017 = VECTOR ( 'NONE', #5565, 1000.000000000000000 ) ;
#4018 = EDGE_CURVE ( 'NONE', #1662, #2539, #6340, .T. ) ;
#4019 = LINE ( 'NONE', #4282, #6467 ) ;
#4020 =( NAMED_UNIT ( * ) SI_UNIT ( $, .STERADIAN. ) SOLID_ANGLE_UNIT ( ) );
#4021 = ORIENTED_EDGE ( 'NONE', *, *, #4571, .F. ) ;
#4022 = VERTEX_POINT ( 'NONE', #1485 ) ;
#4023 = VECTOR ( 'NONE', #1771, 1000.000000000000000 ) ;
#4024 = DIRECTION ( 'NONE',  ( 0.0000000000000000000, -1.000000000000000000, 0.0000000000000000000 ) ) ;
#4025 = UNCERTAINTY_MEASURE_WITH_UNIT (LENGTH_MEASURE( 1.000000000000000100E-005 ), #6489, 'distance_accuracy_value', 'NONE');
#4026 = ORIENTED_EDGE ( 'NONE', *, *, #2701, .F. ) ;
#4027 = COLOUR_RGB ( '',0.8274509803921568100, 0.6666666666666666300, 0.1294117647058823400 ) ;
#4028 = ORIENTED_EDGE ( 'NONE', *, *, #3428, .T. ) ;
#4029 =( NAMED_UNIT ( * ) SI_UNIT ( $, .STERADIAN. ) SOLID_ANGLE_UNIT ( ) );
#4030 = CARTESIAN_POINT ( 'NONE',  ( 0.6824647428092076600, -0.03144435296032999100, 1.355252715606880500E-017 ) ) ;
#4031 = ORIENTED_EDGE ( 'NONE', *, *, #5860, .T. ) ;
#4032 = ORIENTED_EDGE ( 'NONE', *, *, #4276, .F. ) ;
#4033 = VECTOR ( 'NONE', #6325, 1000.000000000000000 ) ;
#4034 = CARTESIAN_POINT ( 'NONE',  ( -0.8134527439024390500, 0.1938038330946154600, 0.0000000000000000000 ) ) ;
#4035 = EDGE_CURVE ( 'NONE', #6406, #5670, #1064, .T. ) ;
#4036 = VECTOR ( 'NONE', #4482, 1000.000000000000000 ) ;
#4037 = CARTESIAN_POINT ( 'NONE',  ( 0.5107842865561875700, -0.1835386251994045900, -0.0000000000000000000 ) ) ;
#4038 = EDGE_CURVE ( 'NONE', #5922, #3184, #4873, .T. ) ;
#4039 = EDGE_CURVE ( 'NONE', #5193, #6089, #5019, .T. ) ;
#4040 = CARTESIAN_POINT ( 'NONE',  ( -0.2932545731707317800, 0.1999013940702252200, 0.02000000000000000000 ) ) ;
#4041 =( GEOMETRIC_REPRESENTATION_CONTEXT ( 3 ) GLOBAL_UNCERTAINTY_ASSIGNED_CONTEXT ( ( #6240 ) ) GLOBAL_UNIT_ASSIGNED_CONTEXT ( ( #6207, #3292, #189 ) ) REPRESENTATION_CONTEXT ( 'NONE', 'WORKASPACE' ) );
#4042 = ORIENTED_EDGE ( 'NONE', *, *, #311, .F. ) ;
#4043 = ORIENTED_EDGE ( 'NONE', *, *, #5387, .T. ) ;
#4044 = CARTESIAN_POINT ( 'NONE',  ( 2.199999999999999700, -1.520000000000000000, 0.4500000000000000100 ) ) ;
#4045 =( GEOMETRIC_REPRESENTATION_CONTEXT ( 3 ) GLOBAL_UNCERTAINTY_ASSIGNED_CONTEXT ( ( #6096 ) ) GLOBAL_UNIT_ASSIGNED_CONTEXT ( ( #491, #503, #513 ) ) REPRESENTATION_CONTEXT ( 'NONE', 'WORKASPACE' ) );
#4046 = VECTOR ( 'NONE', #3489, 1000.000000000000000 ) ;
#4047 = VERTEX_POINT ( 'NONE', #1517 ) ;
#4048 = CARTESIAN_POINT ( 'NONE',  ( 0.4393102134146347800, -0.1964400693444089400, 0.02000000000000000000 ) ) ;
#4049 = ORIENTED_EDGE ( 'NONE', *, *, #4675, .F. ) ;
#4050 = ORIENTED_EDGE ( 'NONE', *, *, #5412, .F. ) ;
#4051 = VERTEX_POINT ( 'NONE', #6460 ) ;
#4052 = CARTESIAN_POINT ( 'NONE',  ( 2.400000000000000400, -0.6999999999999999600, -0.001000000000000000000 ) ) ;
#4053 = MECHANICAL_DESIGN_GEOMETRIC_PRESENTATION_REPRESENTATION (  '', ( #3392 ), #4367 ) ;
#4054 = VERTEX_POINT ( 'NONE', #5939 ) ;
#4055 = VECTOR ( 'NONE', #2952, 1000.000000000000000 ) ;
#4056 = EDGE_LOOP ( 'NONE', ( #4207, #4723, #6557, #901 ) ) ;
#4057 = EDGE_LOOP ( 'NONE', ( #4049, #3375, #4283, #4138 ) ) ;
#4058 = CARTESIAN_POINT ( 'NONE',  ( 2.500000000000000000, 1.399999999999999900, 0.3499999999999999800 ) ) ;
#4059 = CARTESIAN_POINT ( 'NONE',  ( -0.4579708159752969300, 0.1255021177699125500, 0.0000000000000000000 ) ) ;
#4060 = EDGE_LOOP ( 'NONE', ( #4488, #4633, #83, #6568, #5377, #5370, #5307, #1035, #3263, #2723, #4264, #3669 ) ) ;
#4061 = CARTESIAN_POINT ( 'NONE',  ( -2.199999999999999700, -1.300000000000000000, 0.7500000000000000000 ) ) ;
#4062 = CARTESIAN_POINT ( 'NONE',  ( 0.6827705550223911500, -0.01371345463186105000, 0.02000000000000000000 ) ) ;
#4063 = FILL_AREA_STYLE_COLOUR ( '', #4545 ) ;
#4064 = LINE ( 'NONE', #1448, #2743 ) ;
#4065 = CARTESIAN_POINT ( 'NONE',  ( 0.3242558045063165300, 0.1817035534443643700, 1.355252715606880500E-017 ) ) ;
#4066 = DIRECTION ( 'NONE',  ( 0.0000000000000000000, 0.0000000000000000000, -1.000000000000000000 ) ) ;
#4067 = DIRECTION ( 'NONE',  ( 0.0000000000000000000, -1.000000000000000000, 0.0000000000000000000 ) ) ;
#4068 = FILL_AREA_STYLE_COLOUR ( '', #3932 ) ;
#4069 = LINE ( 'NONE', #3632, #2749 ) ;
#4070 = ORIENTED_EDGE ( 'NONE', *, *, #1374, .F. ) ;
#4071 = DIRECTION ( 'NONE',  ( -0.0000000000000000000, 1.000000000000000000, -0.0000000000000000000 ) ) ;
#4072 = CARTESIAN_POINT ( 'NONE',  ( 0.4280678353658542400, 0.2059989550458349900, 0.02000000000000000000 ) ) ;
#4073 = EDGE_CURVE ( 'NONE', #4325, #2135, #4295, .T. ) ;
#4074 = CARTESIAN_POINT ( 'NONE',  ( 2.500000000000000000, -1.600000000000000300, 0.0000000000000000000 ) ) ;
#4075 =( NAMED_UNIT ( * ) PLANE_ANGLE_UNIT ( ) SI_UNIT ( $, .RADIAN. ) );
#4076 = CARTESIAN_POINT ( 'NONE',  ( 0.4457335509202432500, -0.1962745203024672300, 0.02000000000000000000 ) ) ;
#4077 = EDGE_CURVE ( 'NONE', #6318, #5618, #3462, .T. ) ;
#4078 = MECHANICAL_DESIGN_GEOMETRIC_PRESENTATION_REPRESENTATION (  '', ( #3081 ), #4396 ) ;
#4079 = PRESENTATION_STYLE_ASSIGNMENT (( #1496 ) ) ;
#4080 = CARTESIAN_POINT ( 'NONE',  ( -0.3471494332783244300, 0.2511237698971840500, 0.0000000000000000000 ) ) ;
#4081 = STYLED_ITEM ( 'NONE', ( #5136 ), #5 ) ;
#4082 = CARTESIAN_POINT ( 'NONE',  ( 1.300000000000000300, 0.7000000000000000700, 0.0000000000000000000 ) ) ;
#4083 = DIRECTION ( 'NONE',  ( 4.336808689942006700E-015, -1.000000000000000000, 0.0000000000000000000 ) ) ;
#4084 = CARTESIAN_POINT ( 'NONE',  ( -2.199999999999999700, 1.500000000000000200, 0.6999999999999999600 ) ) ;
#4085 = CARTESIAN_POINT ( 'NONE',  ( -2.500000000000000000, -1.600000000000000300, -0.001000000000000000000 ) ) ;
#4086 = VECTOR ( 'NONE', #4353, 1000.000000000000200 ) ;
#4087 = EDGE_CURVE ( 'NONE', #1958, #2636, #2243, .T. ) ;
#4088 =( GEOMETRIC_REPRESENTATION_CONTEXT ( 3 ) GLOBAL_UNCERTAINTY_ASSIGNED_CONTEXT ( ( #1682 ) ) GLOBAL_UNIT_ASSIGNED_CONTEXT ( ( #3757, #5329, #5818 ) ) REPRESENTATION_CONTEXT ( 'NONE', 'WORKASPACE' ) );
#4089 = STYLED_ITEM ( 'NONE', ( #1192 ), #5205 ) ;
#4090 = CARTESIAN_POINT ( 'NONE',  ( -2.100999999999993300, -9.111635057568127200E-015, -0.0000000000000000000 ) ) ;
#4091 = LINE ( 'NONE', #4527, #4229 ) ;
#4092 = CARTESIAN_POINT ( 'NONE',  ( 0.6129680645552330100, 0.04417471194712827700, 0.02000000000000000000 ) ) ;
#4093 = CARTESIAN_POINT ( 'NONE',  ( -0.8112500380320645200, 0.1902433869505050200, -0.0000000000000000000 ) ) ;
#4094 = B_SPLINE_CURVE_WITH_KNOTS ( 'NONE', 3,
 ( #2664, #3726, #2227, #5651, #2757, #6173, #3244, #136, #3748, #725, #4233, #1228, #4724, #1720, #5182, #2247, #5676, #2776, #6194 ),
 .UNSPECIFIED., .F., .F.,
 ( 4, 1, 1, 1, 1, 1, 1, 1, 1, 1, 1, 1, 1, 1, 1, 1, 4 ),
 ( 0.0000000000000000000, 0.06806869584499403200, 0.1334274328189550600, 0.1961460338131565700, 0.2570485924493128800, 0.3168826631591620800, 0.3761872086663216600, 0.4359603353635461100, 0.4965352368627263300, 0.5574653434807331800, 0.6176868634101467800, 0.6779436406969062700, 0.7388052848060404600, 0.8009493367665843100, 0.8648146674702268400, 0.9310247810786572700, 1.000000000000000000 ),
 .UNSPECIFIED. ) ;
#4095 = COLOUR_RGB ( '',0.2980392156862745100, 0.2980392156862745100, 0.2980392156862745100 ) ;
#4096 =( LENGTH_UNIT ( ) NAMED_UNIT ( * ) SI_UNIT ( .MILLI., .METRE. ) );
#4097 = CARTESIAN_POINT ( 'NONE',  ( -0.5542882031863110000, 0.03785355302029536100, 0.0000000000000000000 ) ) ;
#4098 = CIRCLE ( 'NONE', #1999, 0.05000000000000002400 ) ;
#4099 = ORIENTED_EDGE ( 'NONE', *, *, #5576, .T. ) ;
#4100 = TOROIDAL_SURFACE ( 'NONE', #3829, 0.1000000000000000700, 0.05000000000000000300 ) ;
#4101 = DIRECTION ( 'NONE',  ( 4.928191693115930000E-017, -1.000000000000000000, 0.0000000000000000000 ) ) ;
#4102 = COLOUR_RGB ( '',0.8274509803921568100, 0.6666666666666666300, 0.1294117647058823400 ) ;
#4103 = CARTESIAN_POINT ( 'NONE',  ( 2.500000000000000000, 1.600000000000000300, 0.3499999999999999800 ) ) ;
#4104 = DIRECTION ( 'NONE',  ( 0.0000000000000000000, 0.0000000000000000000, 1.000000000000000000 ) ) ;
#4105 = CARTESIAN_POINT ( 'NONE',  ( 0.5356928650119090500, 0.1747554384129559000, 0.02000000000000000000 ) ) ;
#4106 = EDGE_LOOP ( 'NONE', ( #6234, #5739, #3500, #6005 ) ) ;
#4107 = VECTOR ( 'NONE', #1967, 1000.000000000000000 ) ;
#4108 = SURFACE_SIDE_STYLE ('',( #1939 ) ) ;
#4109 = VERTEX_POINT ( 'NONE', #1552 ) ;
#4110 = STYLED_ITEM ( 'NONE', ( #1711 ), #420 ) ;
#4111 = LINE ( 'NONE', #4978, #2801 ) ;
#4112 = VECTOR ( 'NONE', #4083, 1000.000000000000000 ) ;
#4113 = CARTESIAN_POINT ( 'NONE',  ( -2.399999999999999900, -1.300000000000000000, 0.4699999999999999700 ) ) ;
#4114 = ORIENTED_EDGE ( 'NONE', *, *, #5467, .T. ) ;
#4115 = ORIENTED_EDGE ( 'NONE', *, *, #3198, .F. ) ;
#4116 = AXIS2_PLACEMENT_3D ( 'NONE', #802, #2268, #3806 ) ;
#4117 = DIRECTION ( 'NONE',  ( -0.0000000000000000000, -0.0000000000000000000, 1.000000000000000000 ) ) ;
#4118 = LINE ( 'NONE', #52, #6090 ) ;
#4119 = PLANE ( 'NONE',  #4528 ) ;
#4120 = SURFACE_STYLE_USAGE ( .BOTH. , #4150 ) ;
#4121 = VECTOR ( 'NONE', #5234, 1000.000000000000000 ) ;
#4122 = CARTESIAN_POINT ( 'NONE',  ( 2.500000000000000000, 1.301000000000000200, -0.001000000000000000000 ) ) ;
#4123 = ORIENTED_EDGE ( 'NONE', *, *, #6322, .F. ) ;
#4124 = VERTEX_POINT ( 'NONE', #5457 ) ;
#4125 = DIRECTION ( 'NONE',  ( -1.000000000000000000, 0.0000000000000000000, -0.0000000000000000000 ) ) ;
#4126 = EDGE_CURVE ( 'NONE', #2874, #5670, #745, .T. ) ;
#4127 = DIRECTION ( 'NONE',  ( -1.000000000000000000, 0.0000000000000000000, 0.0000000000000000000 ) ) ;
#4128 = MECHANICAL_DESIGN_GEOMETRIC_PRESENTATION_REPRESENTATION (  '', ( #2806 ), #4443 ) ;
#4129 = AXIS2_PLACEMENT_3D ( 'NONE', #5988, #4785, #4743 ) ;
#4130 = CARTESIAN_POINT ( 'NONE',  ( 2.199999999999999700, 1.500000000000000400, 0.6999999999999999600 ) ) ;
#4131 = PLANE ( 'NONE',  #1623 ) ;
#4132 = ORIENTED_EDGE ( 'NONE', *, *, #5155, .T. ) ;
#4133 = ORIENTED_EDGE ( 'NONE', *, *, #1123, .F. ) ;
#4134 = CARTESIAN_POINT ( 'NONE',  ( 0.4332725031317565300, -0.1963607990706987000, 1.355252715606880500E-017 ) ) ;
#4135 = ORIENTED_EDGE ( 'NONE', *, *, #5298, .F. ) ;
#4136 = CARTESIAN_POINT ( 'NONE',  ( 2.199999999999999700, -1.500000000000000000, 0.4699999999999999700 ) ) ;
#4137 = FILL_AREA_STYLE_COLOUR ( '', #4430 ) ;
#4138 = ORIENTED_EDGE ( 'NONE', *, *, #4394, .T. ) ;
#4139 = CARTESIAN_POINT ( 'NONE',  ( 0.2134146341463412100, 0.2547794428507130200, 0.02000000000000000000 ) ) ;
#4140 =( NAMED_UNIT ( * ) PLANE_ANGLE_UNIT ( ) SI_UNIT ( $, .RADIAN. ) );
#4141 = CARTESIAN_POINT ( 'NONE',  ( 0.3109756097560981700, 0.1739867599238837900, 0.0000000000000000000 ) ) ;
#4142 = CARTESIAN_POINT ( 'NONE',  ( 0.4942627770300095400, -0.1893510377959579700, 1.355252715606880500E-017 ) ) ;
#4143 = CARTESIAN_POINT ( 'NONE',  ( 0.4860535721198373000, 0.1985662158810553000, 1.355252715606880500E-017 ) ) ;
#4144 = CARTESIAN_POINT ( 'NONE',  ( 0.3248036304379766100, -0.1722164681101874500, 0.02000000000000000000 ) ) ;
#4145 = CARTESIAN_POINT ( 'NONE',  ( 2.101000000000000400, -1.600000000000000300, 0.3489999999999999800 ) ) ;
#4146 = FILL_AREA_STYLE ('',( #3154 ) ) ;
#4147 =( LENGTH_UNIT ( ) NAMED_UNIT ( * ) SI_UNIT ( .MILLI., .METRE. ) );
#4148 = FACE_OUTER_BOUND ( 'NONE', #6339, .T. ) ;
#4149 = EDGE_CURVE ( 'NONE', #2224, #4047, #4588, .T. ) ;
#4150 = SURFACE_SIDE_STYLE ('',( #4495 ) ) ;
#4151 = EDGE_CURVE ( 'NONE', #6167, #4996, #6032, .T. ) ;
#4152 = EDGE_CURVE ( 'NONE', #4563, #2682, #1008, .T. ) ;
#4153 = AXIS2_PLACEMENT_3D ( 'NONE', #1648, #5119, #2169 ) ;
#4154 = CARTESIAN_POINT ( 'NONE',  ( -0.2195121951219513000, -0.1903425083687991800, 0.0000000000000000000 ) ) ;
#4155 = TOROIDAL_SURFACE ( 'NONE', #3318, 0.2200000000000000800, 0.02000000000000000000 ) ;
#4156 = PRESENTATION_LAYER_ASSIGNMENT (  '', '', ( #3523 ) ) ;
#4157 = PRESENTATION_STYLE_ASSIGNMENT (( #1529 ) ) ;
#4158 = DIRECTION ( 'NONE',  ( 0.0000000000000000000, -0.0000000000000000000, -1.000000000000000000 ) ) ;
#4159 = DIRECTION ( 'NONE',  ( -0.0000000000000000000, -0.0000000000000000000, -1.000000000000000000 ) ) ;
#4160 =( LENGTH_UNIT ( ) NAMED_UNIT ( * ) SI_UNIT ( .MILLI., .METRE. ) );
#4161 = ADVANCED_FACE ( 'NONE', ( #3130 ), #4119, .T. ) ;
#4162 = PLANE ( 'NONE',  #5228 ) ;
#4163 = FACE_OUTER_BOUND ( 'NONE', #4500, .T. ) ;
#4164 = DIRECTION ( 'NONE',  ( 1.000000000000000000, 0.0000000000000000000, 0.0000000000000000000 ) ) ;
#4165 = SURFACE_SIDE_STYLE ('',( #1774 ) ) ;
#4166 = AXIS2_PLACEMENT_3D ( 'NONE', #1583, #586, #3651 ) ;
#4167 = VERTEX_POINT ( 'NONE', #2604 ) ;
#4168 = SURFACE_STYLE_FILL_AREA ( #2649 ) ;
#4169 = LINE ( 'NONE', #3141, #61 ) ;
#4170 = CARTESIAN_POINT ( 'NONE',  ( -0.05487804878048806900, -0.2452205571492869800, 0.02000000000000000000 ) ) ;
#4171 = CARTESIAN_POINT ( 'NONE',  ( -0.1524390243902439800, 0.2547794428507130200, 0.02000000000000000000 ) ) ;
#4172 = UNCERTAINTY_MEASURE_WITH_UNIT (LENGTH_MEASURE( 1.000000000000000100E-005 ), #2497, 'distance_accuracy_value', 'NONE');
#4173 = LINE ( 'NONE', #1211, #4473 ) ;
#4174 = FILL_AREA_STYLE ('',( #4819 ) ) ;
#4175 = VERTEX_POINT ( 'NONE', #2096 ) ;
#4176 = VERTEX_POINT ( 'NONE', #5550 ) ;
#4177 = LINE ( 'NONE', #2404, #75 ) ;
#4178 = CARTESIAN_POINT ( 'NONE',  ( 0.6429387546605853700, 0.1487826215504820500, 0.02000000000000000000 ) ) ;
#4179 = TOROIDAL_SURFACE ( 'NONE', #2272, 0.2000000000000000700, 0.05000000000000000300 ) ;
#4180 = VERTEX_POINT ( 'NONE', #2639 ) ;
#4181 = CARTESIAN_POINT ( 'NONE',  ( -1.300000000000000300, -1.000000000000002700, 0.0000000000000000000 ) ) ;
#4182 = ORIENTED_EDGE ( 'NONE', *, *, #1977, .T. ) ;
#4183 = ORIENTED_EDGE ( 'NONE', *, *, #6278, .T. ) ;
#4184 = CARTESIAN_POINT ( 'NONE',  ( -0.04268292682926854600, 0.2547794428507130200, 0.02000000000000000000 ) ) ;
#4185 = VECTOR ( 'NONE', #2878, 1000.000000000000000 ) ;
#4186 = ORIENTED_EDGE ( 'NONE', *, *, #1457, .T. ) ;
#4187 = CARTESIAN_POINT ( 'NONE',  ( 0.3230699268645676500, 0.2459692806149324500, 0.0000000000000000000 ) ) ;
#4188 = ORIENTED_EDGE ( 'NONE', *, *, #4151, .F. ) ;
#4189 = FACE_OUTER_BOUND ( 'NONE', #2742, .T. ) ;
#4190 = AXIS2_PLACEMENT_3D ( 'NONE', #5883, #5444, #4158 ) ;
#4191 = ORIENTED_EDGE ( 'NONE', *, *, #2439, .F. ) ;
#4192 = VERTEX_POINT ( 'NONE', #6064 ) ;
#4193 = EDGE_CURVE ( 'NONE', #2555, #1677, #1913, .T. ) ;
#4194 = DIRECTION ( 'NONE',  ( -0.0000000000000000000, -0.0000000000000000000, 1.000000000000000000 ) ) ;
#4195 = STYLED_ITEM ( 'NONE', ( #2551 ), #691 ) ;
#4196 = ORIENTED_EDGE ( 'NONE', *, *, #1657, .F. ) ;
#4197 = ADVANCED_FACE ( 'NONE', ( #5546 ), #2654, .F. ) ;
#4198 = SURFACE_SIDE_STYLE ('',( #5836 ) ) ;
#4199 = CARTESIAN_POINT ( 'NONE',  ( -2.200999999999999600, -1.600000000000000300, 0.3489999999999999800 ) ) ;
#4200 = ORIENTED_EDGE ( 'NONE', *, *, #3596, .F. ) ;
#4201 = ORIENTED_EDGE ( 'NONE', *, *, #6357, .F. ) ;
#4202 = EDGE_CURVE ( 'NONE', #4643, #1945, #1286, .T. ) ;
#4203 = VECTOR ( 'NONE', #4771, 1000.000000000000000 ) ;
#4204 = CARTESIAN_POINT ( 'NONE',  ( 0.5296491528746722900, 0.2431251567585665000, 1.355252715606880500E-017 ) ) ;
#4205 = VERTEX_POINT ( 'NONE', #1144 ) ;
#4206 = ORIENTED_EDGE ( 'NONE', *, *, #5333, .F. ) ;
#4207 = ORIENTED_EDGE ( 'NONE', *, *, #2967, .F. ) ;
#4208 = EDGE_CURVE ( 'NONE', #6478, #2653, #5090, .T. ) ;
#4209 = STYLED_ITEM ( 'NONE', ( #579 ), #4197 ) ;
#4210 = PRESENTATION_LAYER_ASSIGNMENT (  '', '', ( #3565 ) ) ;
#4211 = FILL_AREA_STYLE_COLOUR ( '', #773 ) ;
#4212 = VECTOR ( 'NONE', #1404, 1000.000000000000000 ) ;
#4213 =( NAMED_UNIT ( * ) SI_UNIT ( $, .STERADIAN. ) SOLID_ANGLE_UNIT ( ) );
#4214 = LINE ( 'NONE', #5071, #5173 ) ;
#4215 =( LENGTH_UNIT ( ) NAMED_UNIT ( * ) SI_UNIT ( .MILLI., .METRE. ) );
#4216 = CARTESIAN_POINT ( 'NONE',  ( -2.199999999999999700, 1.400000000000000100, 0.8000000000000000400 ) ) ;
#4217 = CARTESIAN_POINT ( 'NONE',  ( 0.6344277638371990100, -0.1663243284817211300, 0.0000000000000000000 ) ) ;
#4218 = UNCERTAINTY_MEASURE_WITH_UNIT (LENGTH_MEASURE( 1.000000000000000100E-005 ), #6202, 'distance_accuracy_value', 'NONE');
#4219 = CARTESIAN_POINT ( 'NONE',  ( -2.199999999999999700, 1.500000000000000200, 0.6999999999999999600 ) ) ;
#4220 = ADVANCED_FACE ( 'NONE', ( #6256 ), #2674, .T. ) ;
#4221 = CARTESIAN_POINT ( 'NONE',  ( -0.2904916158536586200, -0.1903425083687991800, 0.0000000000000000000 ) ) ;
#4222 = CARTESIAN_POINT ( 'NONE',  ( -0.4805904874864144200, 0.1889129990513783700, 0.02000000000000000000 ) ) ;
#4223 = PRESENTATION_LAYER_ASSIGNMENT (  '', '', ( #1114 ) ) ;
#4224 = DIRECTION ( 'NONE',  ( 1.000000000000000000, 0.0000000000000000000, 0.0000000000000000000 ) ) ;
#4225 = VECTOR ( 'NONE', #2277, 1000.000000000000000 ) ;
#4226 = EDGE_LOOP ( 'NONE', ( #2624, #5361, #5667, #536 ) ) ;
#4227 = CARTESIAN_POINT ( 'NONE',  ( -2.500000000000000000, 1.600000000000000300, -0.001000000000000000000 ) ) ;
#4228 = CARTESIAN_POINT ( 'NONE',  ( 0.7256097560975607300, -0.1903425083687991800, -0.0000000000000000000 ) ) ;
#4229 = VECTOR ( 'NONE', #2013, 1000.000000000000000 ) ;
#4230 = EDGE_CURVE ( 'NONE', #2216, #1805, #4943, .T. ) ;
#4231 = EDGE_CURVE ( 'NONE', #4051, #2328, #3811, .T. ) ;
#4232 = CARTESIAN_POINT ( 'NONE',  ( -2.199999999999999700, -1.600000000000000300, 0.3499999999999999800 ) ) ;
#4233 = CARTESIAN_POINT ( 'NONE',  ( -0.4613397204180566500, -0.1918168026657045000, 0.02000000000000000000 ) ) ;
#4234 = STYLED_ITEM ( 'NONE', ( #1241 ), #124 ) ;
#4235 = DIRECTION ( 'NONE',  ( 0.0000000000000000000, 1.000000000000000000, 0.0000000000000000000 ) ) ;
#4236 = ORIENTED_EDGE ( 'NONE', *, *, #5632, .F. ) ;
#4237 = DIRECTION ( 'NONE',  ( -1.000000000000000000, 0.0000000000000000000, 0.0000000000000000000 ) ) ;
#4238 = FACE_OUTER_BOUND ( 'NONE', #744, .T. ) ;
#4239 = SURFACE_STYLE_FILL_AREA ( #5645 ) ;
#4240 = EDGE_LOOP ( 'NONE', ( #6163, #4857, #3589, #893 ) ) ;
#4241 = CARTESIAN_POINT ( 'NONE',  ( 0.4485518292682932900, -0.2513181181248967400, 1.355252715606880500E-017 ) ) ;
#4242 = LINE ( 'NONE', #6328, #2948 ) ;
#4243 = ORIENTED_EDGE ( 'NONE', *, *, #2487, .F. ) ;
#4244 = CARTESIAN_POINT ( 'NONE',  ( -0.4849282495683451300, -0.03477797000460415600, 0.0000000000000000000 ) ) ;
#4245 = CARTESIAN_POINT ( 'NONE',  ( -2.200999999999999600, -1.600000000000000300, 0.3489999999999999800 ) ) ;
#4246 = ORIENTED_EDGE ( 'NONE', *, *, #4476, .T. ) ;
#4247 = CARTESIAN_POINT ( 'NONE',  ( 1.300000000000000300, 0.0000000000000000000, -0.0000000000000000000 ) ) ;
#4248 = VECTOR ( 'NONE', #6402, 1000.000000000000000 ) ;
#4249 = ORIENTED_EDGE ( 'NONE', *, *, #2407, .T. ) ;
#4250 = DIRECTION ( 'NONE',  ( -0.0000000000000000000, -0.0000000000000000000, 1.000000000000000000 ) ) ;
#4251 = ORIENTED_EDGE ( 'NONE', *, *, #4834, .F. ) ;
#4252 = VERTEX_POINT ( 'NONE', #4171 ) ;
#4253 = ADVANCED_FACE ( 'NONE', ( #3672 ), #5121, .T. ) ;
#4254 = CARTESIAN_POINT ( 'NONE',  ( -0.9695121951219513000, -0.2452205571492869800, 0.0000000000000000000 ) ) ;
#4255 = CARTESIAN_POINT ( 'NONE',  ( 0.0000000000000000000, 1.500000000000000000, 0.0000000000000000000 ) ) ;
#4256 = LINE ( 'NONE', #3601, #4112 ) ;
#4257 = PLANE ( 'NONE',  #5116 ) ;
#4258 = EDGE_LOOP ( 'NONE', ( #3423, #355, #1575, #2533 ) ) ;
#4259 = ORIENTED_EDGE ( 'NONE', *, *, #6278, .F. ) ;
#4260 = DIRECTION ( 'NONE',  ( 0.0000000000000000000, 0.0000000000000000000, 1.000000000000000000 ) ) ;
#4261 = LINE ( 'NONE', #3794, #1734 ) ;
#4262 = CARTESIAN_POINT ( 'NONE',  ( -2.199999999999999700, 1.520000000000000200, 0.4699999999999999700 ) ) ;
#4263 = SURFACE_STYLE_USAGE ( .BOTH. , #3677 ) ;
#4264 = ORIENTED_EDGE ( 'NONE', *, *, #5669, .F. ) ;
#4265 = VERTEX_POINT ( 'NONE', #4199 ) ;
#4266 = COLOUR_RGB ( '',0.8274509803921568100, 0.6666666666666666300, 0.1294117647058823400 ) ;
#4267 = CARTESIAN_POINT ( 'NONE',  ( -0.9189214939024391600, -0.1049766547102625700, 0.02000000000000000000 ) ) ;
#4268 = CARTESIAN_POINT ( 'NONE',  ( 1.300000000000000300, -0.7000000000000000700, 0.3489999999999999800 ) ) ;
#4269 = ORIENTED_EDGE ( 'NONE', *, *, #3044, .F. ) ;
#4270 = ORIENTED_EDGE ( 'NONE', *, *, #1656, .F. ) ;
#4271 = STYLED_ITEM ( 'NONE', ( #1760 ), #599 ) ;
#4272 = ORIENTED_EDGE ( 'NONE', *, *, #3030, .T. ) ;
#4273 = VERTEX_POINT ( 'NONE', #642 ) ;
#4274 = DIRECTION ( 'NONE',  ( -1.000000000000000000, -4.336808689942025600E-015, -0.0000000000000000000 ) ) ;
#4275 = VERTEX_POINT ( 'NONE', #669 ) ;
#4276 = EDGE_CURVE ( 'NONE', #2041, #1524, #5771, .T. ) ;
#4277 = DIRECTION ( 'NONE',  ( -1.000000000000000000, 0.0000000000000000000, -0.0000000000000000000 ) ) ;
#4278 = EDGE_CURVE ( 'NONE', #4942, #4180, #6104, .T. ) ;
#4279 = DIRECTION ( 'NONE',  ( 0.0000000000000000000, 0.0000000000000000000, -1.000000000000000000 ) ) ;
#4280 = STYLED_ITEM ( 'NONE', ( #946 ), #33 ) ;
#4281 = SURFACE_SIDE_STYLE ('',( #6431 ) ) ;
#4282 = CARTESIAN_POINT ( 'NONE',  ( -2.199999999999999700, 1.600000000000000300, 0.3499999999999999800 ) ) ;
#4283 = ORIENTED_EDGE ( 'NONE', *, *, #3548, .T. ) ;
#4284 =( NAMED_UNIT ( * ) SI_UNIT ( $, .STERADIAN. ) SOLID_ANGLE_UNIT ( ) );
#4285 = CARTESIAN_POINT ( 'NONE',  ( -0.5546761151791653700, 0.001623760353635814800, 0.02000000000000000000 ) ) ;
#4286 = STYLED_ITEM ( 'NONE', ( #1198 ), #4784 ) ;
#4287 =( GEOMETRIC_REPRESENTATION_CONTEXT ( 3 ) GLOBAL_UNCERTAINTY_ASSIGNED_CONTEXT ( ( #4680 ) ) GLOBAL_UNIT_ASSIGNED_CONTEXT ( ( #6049, #6008, #6055 ) ) REPRESENTATION_CONTEXT ( 'NONE', 'WORKASPACE' ) );
#4288 = AXIS2_PLACEMENT_3D ( 'NONE', #2858, #6271, #3351 ) ;
#4289 = CARTESIAN_POINT ( 'NONE',  ( 0.4942627770300095400, -0.1893510377959579700, 0.02000000000000000000 ) ) ;
#4290 = CARTESIAN_POINT ( 'NONE',  ( 2.199999999999999700, -1.300000000000000000, 0.8000000000000000400 ) ) ;
#4291 =( NAMED_UNIT ( * ) PLANE_ANGLE_UNIT ( ) SI_UNIT ( $, .RADIAN. ) );
#4292 = DIRECTION ( 'NONE',  ( -0.0000000000000000000, -0.0000000000000000000, -1.000000000000000000 ) ) ;
#4293 = CARTESIAN_POINT ( 'NONE',  ( 0.6113948168277749700, 0.1881541894542860500, 0.0000000000000000000 ) ) ;
#4294 = CARTESIAN_POINT ( 'NONE',  ( -0.2883955792682927900, -0.2452205571492869800, 0.02000000000000000000 ) ) ;
#4295 = B_SPLINE_CURVE_WITH_KNOTS ( 'NONE', 3,
 ( #1007, #2002, #5977, #3064, #6487, #3572, #502, #4059, #1027, #4534, #1540, #5002, #2021, #5482, #2562, #6003, #3074, #6514, #3590 ),
 .UNSPECIFIED., .F., .F.,
 ( 4, 1, 1, 1, 1, 1, 1, 1, 1, 1, 1, 1, 1, 1, 1, 1, 4 ),
 ( 0.0000000000000000000, 0.07430379644281594200, 0.1443936103644178100, 0.2104994961032797300, 0.2735426065034680700, 0.3338247445790736300, 0.3925296724085027300, 0.4500874545995856000, 0.5078206115557880600, 0.5654649127768466300, 0.6231487223336199500, 0.6812971927909355900, 0.7409134981565808100, 0.8018557521958578100, 0.8652412377209433000, 0.9309416570467441400, 1.000000000000000000 ),
 .UNSPECIFIED. ) ;
#4296 =( LENGTH_UNIT ( ) NAMED_UNIT ( * ) SI_UNIT ( .MILLI., .METRE. ) );
#4297 = SURFACE_SIDE_STYLE ('',( #129 ) ) ;
#4298 = CARTESIAN_POINT ( 'NONE',  ( -0.5132705962058891100, -0.1375699794085271700, 1.355252715606880500E-017 ) ) ;
#4299 = ORIENTED_EDGE ( 'NONE', *, *, #4793, .T. ) ;
#4300 = DIRECTION ( 'NONE',  ( -0.0000000000000000000, -0.0000000000000000000, -1.000000000000000000 ) ) ;
#4301 = FILL_AREA_STYLE ('',( #4211 ) ) ;
#4302 = STYLED_ITEM ( 'NONE', ( #2678 ), #461 ) ;
#4303 = DIRECTION ( 'NONE',  ( 0.0000000000000000000, 0.0000000000000000000, 1.000000000000000000 ) ) ;
#4304 = CARTESIAN_POINT ( 'NONE',  ( -2.500000000000000000, 1.600000000000000300, 0.3499999999999999800 ) ) ;
#4305 = FILL_AREA_STYLE ('',( #6250 ) ) ;
#4306 = EDGE_CURVE ( 'NONE', #2224, #3192, #984, .T. ) ;
#4307 = STYLED_ITEM ( 'NONE', ( #1600 ), #672 ) ;
#4308 = CARTESIAN_POINT ( 'NONE',  ( 2.500000000000000000, -1.600000000000000300, 0.3499999999999999800 ) ) ;
#4309 = CYLINDRICAL_SURFACE ( 'NONE', #3051, 0.01999999999999999700 ) ;
#4310 = FACE_BOUND ( 'NONE', #5956, .T. ) ;
#4311 = CARTESIAN_POINT ( 'NONE',  ( 0.3242558045063165300, 0.1817035534443643700, 0.02000000000000000000 ) ) ;
#4312 = DIRECTION ( 'NONE',  ( 1.000000000000000000, 0.0000000000000000000, 0.0000000000000000000 ) ) ;
#4313 = CARTESIAN_POINT ( 'NONE',  ( 0.4286394817073176900, 0.2608770038263227800, 0.02000000000000000000 ) ) ;
#4314 = ORIENTED_EDGE ( 'NONE', *, *, #5983, .F. ) ;
#4315 = EDGE_CURVE ( 'NONE', #2648, #4864, #3532, .T. ) ;
#4316 = AXIS2_PLACEMENT_3D ( 'NONE', #5788, #2902, #6306 ) ;
#4317 = VECTOR ( 'NONE', #4599, 1000.000000000000000 ) ;
#4318 = AXIS2_PLACEMENT_3D ( 'NONE', #4506, #4368, #6076 ) ;
#4319 = CARTESIAN_POINT ( 'NONE',  ( -0.03048780487804902300, 0.03526724772876183000, 0.0000000000000000000 ) ) ;
#4320 = LINE ( 'NONE', #1700, #2870 ) ;
#4321 = SURFACE_STYLE_USAGE ( .BOTH. , #2485 ) ;
#4322 = ORIENTED_EDGE ( 'NONE', *, *, #3863, .F. ) ;
#4323 = CARTESIAN_POINT ( 'NONE',  ( -0.3703077036300180300, -0.2359113419649045400, 0.02000000000000000000 ) ) ;
#4324 = PRESENTATION_STYLE_ASSIGNMENT (( #2608 ) ) ;
#4325 = VERTEX_POINT ( 'NONE', #5179 ) ;
#4326 =( LENGTH_UNIT ( ) NAMED_UNIT ( * ) SI_UNIT ( .MILLI., .METRE. ) );
#4327 = FILL_AREA_STYLE_COLOUR ( '', #4550 ) ;
#4328 = CARTESIAN_POINT ( 'NONE',  ( -0.4588251012888052700, -0.1089238240845926500, 0.02000000000000000000 ) ) ;
#4329 = DIRECTION ( 'NONE',  ( 0.9417224702971437300, 0.3363908276654484200, -0.0000000000000000000 ) ) ;
#4330 = ORIENTED_EDGE ( 'NONE', *, *, #3947, .F. ) ;
#4331 = ORIENTED_EDGE ( 'NONE', *, *, #3916, .T. ) ;
#4332 = ORIENTED_EDGE ( 'NONE', *, *, #4441, .T. ) ;
#4333 = ORIENTED_EDGE ( 'NONE', *, *, #6506, .T. ) ;
#4334 = LINE ( 'NONE', #1834, #4185 ) ;
#4335 = CARTESIAN_POINT ( 'NONE',  ( 0.6195335880197235800, -0.1839393820122602900, 0.02000000000000000000 ) ) ;
#4336 = CARTESIAN_POINT ( 'NONE',  ( 2.500000000000000000, -1.399999999999999900, 0.3499999999999999800 ) ) ;
#4337 = ORIENTED_EDGE ( 'NONE', *, *, #5666, .F. ) ;
#4338 = SURFACE_STYLE_USAGE ( .BOTH. , #842 ) ;
#4339 = ORIENTED_EDGE ( 'NONE', *, *, #3089, .F. ) ;
#4340 = ORIENTED_EDGE ( 'NONE', *, *, #4193, .T. ) ;
#4341 = FACE_OUTER_BOUND ( 'NONE', #5691, .T. ) ;
#4342 = CARTESIAN_POINT ( 'NONE',  ( -0.8964367378048782000, -0.05009860592977477500, 0.02000000000000000000 ) ) ;
#4343 = ORIENTED_EDGE ( 'NONE', *, *, #2656, .T. ) ;
#4344 = ORIENTED_EDGE ( 'NONE', *, *, #369, .T. ) ;
#4345 = EDGE_CURVE ( 'NONE', #2135, #1677, #4797, .T. ) ;
#4346 = CARTESIAN_POINT ( 'NONE',  ( 2.299999999999998900, -1.300000000000000000, 0.7500000000000000000 ) ) ;
#4347 = EDGE_LOOP ( 'NONE', ( #5153, #3880, #2547, #6326 ) ) ;
#4348 = ORIENTED_EDGE ( 'NONE', *, *, #2395, .F. ) ;
#4349 = LINE ( 'NONE', #210, #1671 ) ;
#4350 = DIRECTION ( 'NONE',  ( -1.000000000000000000, 0.0000000000000000000, 0.0000000000000000000 ) ) ;
#4351 = ORIENTED_EDGE ( 'NONE', *, *, #5180, .T. ) ;
#4352 = DIRECTION ( 'NONE',  ( 0.0000000000000000000, 0.0000000000000000000, -1.000000000000000000 ) ) ;
#4353 = DIRECTION ( 'NONE',  ( -0.3635424856527063600, -0.9315776194850602400, 0.0000000000000000000 ) ) ;
#4354 = CARTESIAN_POINT ( 'NONE',  ( 0.2134146341463412100, -0.2452205571492869800, 0.02000000000000000000 ) ) ;
#4355 = ORIENTED_EDGE ( 'NONE', *, *, #5299, .T. ) ;
#4356 = VERTEX_POINT ( 'NONE', #3271 ) ;
#4357 = EDGE_CURVE ( 'NONE', #2795, #4423, #1980, .T. ) ;
#4358 = EDGE_CURVE ( 'NONE', #3265, #1871, #4656, .T. ) ;
#4359 = EDGE_CURVE ( 'NONE', #1602, #1725, #831, .T. ) ;
#4360 = LINE ( 'NONE', #6537, #1685 ) ;
#4361 = STYLED_ITEM ( 'NONE', ( #2361 ), #106 ) ;
#4362 = DIRECTION ( 'NONE',  ( -0.0000000000000000000, 1.000000000000000000, -0.0000000000000000000 ) ) ;
#4363 = DIRECTION ( 'NONE',  ( -1.000000000000000000, 0.0000000000000000000, 0.0000000000000000000 ) ) ;
#4364 = UNCERTAINTY_MEASURE_WITH_UNIT (LENGTH_MEASURE( 1.000000000000000100E-005 ), #1158, 'distance_accuracy_value', 'NONE');
#4365 = PLANE ( 'NONE',  #6279 ) ;
#4366 = B_SPLINE_CURVE_WITH_KNOTS ( 'NONE', 3,
 ( #1181, #944, #6264, #5259, #4905, #3728, #6425, #5126, #3133, #5324, #6518, #5415, #1806, #4037, #267, #3762, #5010, #3369, #5964 ),
 .UNSPECIFIED., .F., .F.,
 ( 4, 1, 1, 1, 1, 1, 1, 1, 1, 1, 1, 1, 1, 1, 1, 1, 4 ),
 ( 0.0000000000000000000, 0.07377411937406352900, 0.1440791147260412600, 0.2113485183089115200, 0.2760768857398837000, 0.3385209158196765800, 0.3998851166931335400, 0.4602540674652130800, 0.5205889643912479100, 0.5802076845630441700, 0.6386329085525458400, 0.6963645494905236200, 0.7540017746600125000, 0.8128056813744977100, 0.8727544255255603700, 0.9351819969782670900, 1.000000000000000000 ),
 .UNSPECIFIED. ) ;
#4367 =( GEOMETRIC_REPRESENTATION_CONTEXT ( 3 ) GLOBAL_UNCERTAINTY_ASSIGNED_CONTEXT ( ( #4446 ) ) GLOBAL_UNIT_ASSIGNED_CONTEXT ( ( #894, #4390, #1395 ) ) REPRESENTATION_CONTEXT ( 'NONE', 'WORKASPACE' ) );
#4368 = DIRECTION ( 'NONE',  ( 0.9466707760722532500, 0.3222024856061136400, -0.0000000000000000000 ) ) ;
#4369 = PLANE ( 'NONE',  #5907 ) ;
#4370 = DIRECTION ( 'NONE',  ( 1.000000000000000000, 0.0000000000000000000, 0.0000000000000000000 ) ) ;
#4371 = CARTESIAN_POINT ( 'NONE',  ( 0.5673533901101536200, -0.1437249551269814700, 0.02000000000000000000 ) ) ;
#4372 = CARTESIAN_POINT ( 'NONE',  ( 0.3948270974870732900, 0.2597337769432822000, 1.355252715606880500E-017 ) ) ;
#4373 = DIRECTION ( 'NONE',  ( -0.0000000000000000000, -0.0000000000000000000, -1.000000000000000000 ) ) ;
#4374 = CARTESIAN_POINT ( 'NONE',  ( -2.500000000000000000, 1.201000000000000700, 0.0000000000000000000 ) ) ;
#4375 = CARTESIAN_POINT ( 'NONE',  ( 2.101000000000000000, -1.500000000000000000, 0.0000000000000000000 ) ) ;
#4376 = CARTESIAN_POINT ( 'NONE',  ( 0.1463414634146338900, -0.1903425083687991800, 0.02000000000000000000 ) ) ;
#4377 = PRESENTATION_STYLE_ASSIGNMENT (( #5035 ) ) ;
#4378 = VECTOR ( 'NONE', #1253, 1000.000000000000000 ) ;
#4379 = DIRECTION ( 'NONE',  ( 0.0000000000000000000, 0.0000000000000000000, 1.000000000000000000 ) ) ;
#4380 = CARTESIAN_POINT ( 'NONE',  ( 0.4280678353658542400, 0.2059989550458349900, 0.0000000000000000000 ) ) ;
#4381 = COLOUR_RGB ( '',0.6666666666666666300, 0.6666666666666666300, 0.6666666666666666300 ) ;
#4382 = DIRECTION ( 'NONE',  ( 1.000000000000000000, 4.928191693115930000E-017, -0.0000000000000000000 ) ) ;
#4383 = FILL_AREA_STYLE_COLOUR ( '', #5955 ) ;
#4384 = SURFACE_STYLE_FILL_AREA ( #3550 ) ;
#4385 = VECTOR ( 'NONE', #2991, 1000.000000000000000 ) ;
#4386 = DIRECTION ( 'NONE',  ( 1.000000000000000000, -4.336808689942006700E-015, 0.0000000000000000000 ) ) ;
#4387 = AXIS2_PLACEMENT_3D ( 'NONE', #358, #2291, #4125 ) ;
#4388 = DIRECTION ( 'NONE',  ( 1.000000000000000000, 0.0000000000000000000, 0.0000000000000000000 ) ) ;
#4389 = CARTESIAN_POINT ( 'NONE',  ( 1.300000000000000300, -1.500000000000000000, 0.3489999999999999800 ) ) ;
#4390 =( NAMED_UNIT ( * ) PLANE_ANGLE_UNIT ( ) SI_UNIT ( $, .RADIAN. ) );
#4391 = CARTESIAN_POINT ( 'NONE',  ( 0.3109756097560982300, 0.2410599306555911400, 0.02000000000000000000 ) ) ;
#4392 = EDGE_CURVE ( 'NONE', #1430, #3586, #650, .T. ) ;
#4393 = PRESENTATION_STYLE_ASSIGNMENT (( #5359 ) ) ;
#4394 = EDGE_CURVE ( 'NONE', #4942, #6103, #1825, .T. ) ;
#4395 = CARTESIAN_POINT ( 'NONE',  ( 2.199999999999999700, -1.400000000000000100, 0.8000000000000000400 ) ) ;
#4396 =( GEOMETRIC_REPRESENTATION_CONTEXT ( 3 ) GLOBAL_UNCERTAINTY_ASSIGNED_CONTEXT ( ( #2839 ) ) GLOBAL_UNIT_ASSIGNED_CONTEXT ( ( #598, #525, #485 ) ) REPRESENTATION_CONTEXT ( 'NONE', 'WORKASPACE' ) );
#4397 = CIRCLE ( 'NONE', #661, 0.01999999999999999700 ) ;
#4398 = PRESENTATION_LAYER_ASSIGNMENT (  '', '', ( #4081 ) ) ;
#4399 = CARTESIAN_POINT ( 'NONE',  ( -0.4470191824482142600, 0.1397644761524978500, 0.02000000000000000000 ) ) ;
#4400 = LINE ( 'NONE', #3490, #4248 ) ;
#4401 = EDGE_CURVE ( 'NONE', #5725, #1348, #479, .T. ) ;
#4402 = ORIENTED_EDGE ( 'NONE', *, *, #3428, .F. ) ;
#4403 = STYLED_ITEM ( 'NONE', ( #3274 ), #4663 ) ;
#4404 = SURFACE_STYLE_FILL_AREA ( #1407 ) ;
#4405 = AXIS2_PLACEMENT_3D ( 'NONE', #3481, #3002, #6427 ) ;
#4406 = ORIENTED_EDGE ( 'NONE', *, *, #647, .T. ) ;
#4407 = ORIENTED_EDGE ( 'NONE', *, *, #6112, .T. ) ;
#4408 = CARTESIAN_POINT ( 'NONE',  ( 0.6429387546605853700, 0.1487826215504820500, 0.02000000000000000000 ) ) ;
#4409 = VERTEX_POINT ( 'NONE', #3776 ) ;
#4410 = ORIENTED_EDGE ( 'NONE', *, *, #1827, .F. ) ;
#4411 = LINE ( 'NONE', #4523, #3108 ) ;
#4412 = CARTESIAN_POINT ( 'NONE',  ( 2.399999999999999900, -1.300000000000000000, 0.6999999999999999600 ) ) ;
#4413 = VERTEX_POINT ( 'NONE', #5219 ) ;
#4414 = ORIENTED_EDGE ( 'NONE', *, *, #463, .F. ) ;
#4415 = UNCERTAINTY_MEASURE_WITH_UNIT (LENGTH_MEASURE( 1.000000000000000100E-005 ), #5564, 'distance_accuracy_value', 'NONE');
#4416 = CARTESIAN_POINT ( 'NONE',  ( -0.5548780487804878500, 0.01106755260681059300, 0.02000000000000000000 ) ) ;
#4417 = VECTOR ( 'NONE', #2840, 1000.000000000000000 ) ;
#4418 = PLANE ( 'NONE',  #3983 ) ;
#4419 = VERTEX_POINT ( 'NONE', #2828 ) ;
#4420 = DIRECTION ( 'NONE',  ( 0.0000000000000000000, 0.0000000000000000000, 1.000000000000000000 ) ) ;
#4421 = ORIENTED_EDGE ( 'NONE', *, *, #2574, .F. ) ;
#4422 = EDGE_LOOP ( 'NONE', ( #1169, #1222, #3792, #6547 ) ) ;
#4423 = VERTEX_POINT ( 'NONE', #5712 ) ;
#4424 = VECTOR ( 'NONE', #422, 1000.000000000000000 ) ;
#4425 = DIRECTION ( 'NONE',  ( 0.0000000000000000000, 1.000000000000000000, 0.0000000000000000000 ) ) ;
#4426 = ORIENTED_EDGE ( 'NONE', *, *, #1455, .T. ) ;
#4427 = ORIENTED_EDGE ( 'NONE', *, *, #844, .T. ) ;
#4428 = CARTESIAN_POINT ( 'NONE',  ( 0.3494659985123489400, 0.2533672320202993200, 0.02000000000000000000 ) ) ;
#4429 = DIRECTION ( 'NONE',  ( -1.000000000000000000, 0.0000000000000000000, -0.0000000000000000000 ) ) ;
#4430 = COLOUR_RGB ( '',0.8274509803921568100, 0.6666666666666666300, 0.1294117647058823400 ) ;
#4431 = AXIS2_PLACEMENT_3D ( 'NONE', #4074, #3872, #3020 ) ;
#4432 = CARTESIAN_POINT ( 'NONE',  ( 2.199999999999999700, 1.450000000000000600, 0.7500000000000000000 ) ) ;
#4433 = SURFACE_SIDE_STYLE ('',( #4829 ) ) ;
#4434 = DIRECTION ( 'NONE',  ( -1.000000000000000000, 0.0000000000000000000, 0.0000000000000000000 ) ) ;
#4435 = DIRECTION ( 'NONE',  ( -0.0000000000000000000, -0.0000000000000000000, -1.000000000000000000 ) ) ;
#4436 = DIRECTION ( 'NONE',  ( 1.000000000000000000, 0.0000000000000000000, 0.0000000000000000000 ) ) ;
#4437 = PRESENTATION_LAYER_ASSIGNMENT (  '', '', ( #3772 ) ) ;
#4438 = PRESENTATION_STYLE_ASSIGNMENT (( #6177 ) ) ;
#4439 = CARTESIAN_POINT ( 'NONE',  ( -2.400000000000000400, -1.201000000000000300, -0.001000000000000000000 ) ) ;
#4440 = CARTESIAN_POINT ( 'NONE',  ( -0.2980254002394450200, -0.1901796539104045300, 1.355252715606880500E-017 ) ) ;
#4441 = EDGE_CURVE ( 'NONE', #2060, #5662, #4349, .T. ) ;
#4442 = CARTESIAN_POINT ( 'NONE',  ( 2.400000000000000400, 1.201000000000000300, -0.001000000000000000000 ) ) ;
#4443 =( GEOMETRIC_REPRESENTATION_CONTEXT ( 3 ) GLOBAL_UNCERTAINTY_ASSIGNED_CONTEXT ( ( #197 ) ) GLOBAL_UNIT_ASSIGNED_CONTEXT ( ( #4968, #1991, #5445 ) ) REPRESENTATION_CONTEXT ( 'NONE', 'WORKASPACE' ) );
#4444 = FACE_OUTER_BOUND ( 'NONE', #6152, .T. ) ;
#4445 = STYLED_ITEM ( 'NONE', ( #5043 ), #165 ) ;
#4446 = UNCERTAINTY_MEASURE_WITH_UNIT (LENGTH_MEASURE( 1.000000000000000100E-005 ), #894, 'distance_accuracy_value', 'NONE');
#4447 = UNCERTAINTY_MEASURE_WITH_UNIT (LENGTH_MEASURE( 1.000000000000000100E-005 ), #4597, 'distance_accuracy_value', 'NONE');
#4448 = CARTESIAN_POINT ( 'NONE',  ( -0.2883955792682928500, -0.2452205571492870300, 0.02000000000000000000 ) ) ;
#4449 = COLOUR_RGB ( '',0.8274509803921568100, 0.6666666666666666300, 0.1294117647058823400 ) ;
#4450 = CARTESIAN_POINT ( 'NONE',  ( 0.1463414634146338900, 0.1999013940702252200, 0.0000000000000000000 ) ) ;
#4451 = PLANE ( 'NONE',  #1613 ) ;
#4452 = DIRECTION ( 'NONE',  ( 1.000000000000000000, 0.0000000000000000000, 0.0000000000000000000 ) ) ;
#4453 = DIRECTION ( 'NONE',  ( 0.0000000000000000000, 0.0000000000000000000, 1.000000000000000000 ) ) ;
#4454 = SURFACE_STYLE_FILL_AREA ( #6346 ) ;
#4455 = DIRECTION ( 'NONE',  ( -1.000000000000000000, 0.0000000000000000000, 0.0000000000000000000 ) ) ;
#4456 = FACE_OUTER_BOUND ( 'NONE', #4811, .T. ) ;
#4457 = CARTESIAN_POINT ( 'NONE',  ( -2.199999999999999700, 1.300000000000000300, 0.4699999999999999700 ) ) ;
#4458 = CARTESIAN_POINT ( 'NONE',  ( -0.4221823489837584500, -0.1503189914790619100, 0.02000000000000000000 ) ) ;
#4459 = CARTESIAN_POINT ( 'NONE',  ( 0.6088684825404820900, 0.06492401928015684200, 0.0000000000000000000 ) ) ;
#4460 = FACE_OUTER_BOUND ( 'NONE', #3348, .T. ) ;
#4461 = VECTOR ( 'NONE', #2071, 1000.000000000000000 ) ;
#4462 = DIRECTION ( 'NONE',  ( 0.0000000000000000000, 0.0000000000000000000, -1.000000000000000000 ) ) ;
#4463 = DIRECTION ( 'NONE',  ( -0.0000000000000000000, -0.0000000000000000000, -1.000000000000000000 ) ) ;
#4464 = FACE_BOUND ( 'NONE', #2069, .T. ) ;
#4465 = CARTESIAN_POINT ( 'NONE',  ( -0.5262841260377203500, -0.1163856908968802600, 0.0000000000000000000 ) ) ;
#4466 = CARTESIAN_POINT ( 'NONE',  ( 0.9146341463414632300, 0.2547794428507130200, 0.0000000000000000000 ) ) ;
#4467 = CARTESIAN_POINT ( 'NONE',  ( 2.500000000000000000, -1.600000000000000300, 0.3489999999999999800 ) ) ;
#4468 = CARTESIAN_POINT ( 'NONE',  ( -2.199999999999999700, 1.300000000000000300, 0.7500000000000000000 ) ) ;
#4469 = VECTOR ( 'NONE', #6512, 1000.000000000000000 ) ;
#4470 = SURFACE_SIDE_STYLE ('',( #1870 ) ) ;
#4471 = DIRECTION ( 'NONE',  ( 0.0000000000000000000, -1.000000000000000000, 0.0000000000000000000 ) ) ;
#4472 = EDGE_CURVE ( 'NONE', #3973, #5524, #286, .T. ) ;
#4473 = VECTOR ( 'NONE', #4701, 1000.000000000000000 ) ;
#4474 = ORIENTED_EDGE ( 'NONE', *, *, #4358, .T. ) ;
#4475 = DIRECTION ( 'NONE',  ( 1.000000000000000000, 0.0000000000000000000, 0.0000000000000000000 ) ) ;
#4476 = EDGE_CURVE ( 'NONE', #3339, #806, #4505, .T. ) ;
#4477 = EDGE_CURVE ( 'NONE', #6319, #2632, #2905, .T. ) ;
#4478 = CARTESIAN_POINT ( 'NONE',  ( -0.4808271108893159000, -0.05524215161532310100, 1.355252715606880500E-017 ) ) ;
#4479 = ORIENTED_EDGE ( 'NONE', *, *, #1574, .F. ) ;
#4480 = AXIS2_PLACEMENT_3D ( 'NONE', #6105, #3177, #46 ) ;
#4481 = VERTEX_POINT ( 'NONE', #2846 ) ;
#4482 = DIRECTION ( 'NONE',  ( -0.0000000000000000000, -0.0000000000000000000, -1.000000000000000000 ) ) ;
#4483 = MECHANICAL_DESIGN_GEOMETRIC_PRESENTATION_REPRESENTATION (  '', ( #3523 ), #4799 ) ;
#4484 = ORIENTED_EDGE ( 'NONE', *, *, #861, .F. ) ;
#4485 = DIRECTION ( 'NONE',  ( 0.0000000000000000000, -1.000000000000000000, 0.0000000000000000000 ) ) ;
#4486 = DIRECTION ( 'NONE',  ( -1.000000000000000000, 0.0000000000000000000, 0.0000000000000000000 ) ) ;
#4487 = ORIENTED_EDGE ( 'NONE', *, *, #3379, .T. ) ;
#4488 = ORIENTED_EDGE ( 'NONE', *, *, #2520, .F. ) ;
#4489 = VECTOR ( 'NONE', #3832, 1000.000000000000200 ) ;
#4490 = CARTESIAN_POINT ( 'NONE',  ( 6.899468370362303500E-017, -0.7000000000000001800, 0.0000000000000000000 ) ) ;
#4491 = AXIS2_PLACEMENT_3D ( 'NONE', #584, #1077, #1063 ) ;
#4492 = CARTESIAN_POINT ( 'NONE',  ( 0.6158536585365860200, -0.0005559230029455151900, 0.02000000000000000000 ) ) ;
#4493 = ORIENTED_EDGE ( 'NONE', *, *, #861, .T. ) ;
#4494 =( NAMED_UNIT ( * ) PLANE_ANGLE_UNIT ( ) SI_UNIT ( $, .RADIAN. ) );
#4495 = SURFACE_STYLE_FILL_AREA ( #4174 ) ;
#4496 = CARTESIAN_POINT ( 'NONE',  ( -0.03048780487804902300, 0.03526724772876183000, 0.0000000000000000000 ) ) ;
#4497 = LINE ( 'NONE', #5139, #5764 ) ;
#4498 = DIRECTION ( 'NONE',  ( -1.000000000000000000, 0.0000000000000000000, 0.0000000000000000000 ) ) ;
#4499 = CARTESIAN_POINT ( 'NONE',  ( 0.6088684825404820900, 0.06492401928015684200, 1.355252715606880500E-017 ) ) ;
#4500 = EDGE_LOOP ( 'NONE', ( #5573, #5169, #198, #4123 ) ) ;
#4501 = CARTESIAN_POINT ( 'NONE',  ( 0.9817073170731704900, -0.2452205571492869800, 0.02000000000000000000 ) ) ;
#4502 = VERTEX_POINT ( 'NONE', #1288 ) ;
#4503 =( LENGTH_UNIT ( ) NAMED_UNIT ( * ) SI_UNIT ( .MILLI., .METRE. ) );
#4504 = SURFACE_SIDE_STYLE ('',( #3150 ) ) ;
#4505 = LINE ( 'NONE', #6231, #1526 ) ;
#4506 = CARTESIAN_POINT ( 'NONE',  ( -0.7123666158536586800, -0.1049766547102625700, 0.02000000000000000000 ) ) ;
#4507 = ORIENTED_EDGE ( 'NONE', *, *, #3703, .F. ) ;
#4508 = CARTESIAN_POINT ( 'NONE',  ( 0.3523311418886928600, 0.1936955172444572400, 0.0000000000000000000 ) ) ;
#4509 = CARTESIAN_POINT ( 'NONE',  ( 2.199999999999999700, 1.300000000000000300, 0.4699999999999999700 ) ) ;
#4510 = CARTESIAN_POINT ( 'NONE',  ( 2.400000000000000400, 0.6999999999999999600, 0.3489999999999999800 ) ) ;
#4511 = STYLED_ITEM ( 'NONE', ( #3624 ), #510 ) ;
#4512 = CARTESIAN_POINT ( 'NONE',  ( 0.4481291366731994800, 0.2055676003399126400, 0.02000000000000000000 ) ) ;
#4513 = ORIENTED_EDGE ( 'NONE', *, *, #3160, .T. ) ;
#4514 = FACE_OUTER_BOUND ( 'NONE', #4060, .T. ) ;
#4515 = DIRECTION ( 'NONE',  ( 0.0000000000000000000, 0.0000000000000000000, -1.000000000000000000 ) ) ;
#4516 = EDGE_CURVE ( 'NONE', #4109, #5280, #107, .T. ) ;
#4517 =( NAMED_UNIT ( * ) PLANE_ANGLE_UNIT ( ) SI_UNIT ( $, .RADIAN. ) );
#4518 = PRESENTATION_LAYER_ASSIGNMENT (  '', '', ( #4195 ) ) ;
#4519 = CARTESIAN_POINT ( 'NONE',  ( -0.3142672990260592100, 0.1994690261560747900, 1.355252715606880500E-017 ) ) ;
#4520 = CARTESIAN_POINT ( 'NONE',  ( -0.3027263283746383600, 0.2545746968744219100, -0.0000000000000000000 ) ) ;
#4521 = EDGE_CURVE ( 'NONE', #2245, #449, #5454, .T. ) ;
#4522 = CARTESIAN_POINT ( 'NONE',  ( 0.4123440683672716100, 0.2057612230208574500, 1.355252715606880500E-017 ) ) ;
#4523 = CARTESIAN_POINT ( 'NONE',  ( -0.8475609756097561800, 0.2547794428507130200, 0.0000000000000000000 ) ) ;
#4524 = CARTESIAN_POINT ( 'NONE',  ( 0.5787608400088549700, -0.1299332755035361200, 1.355252715606880500E-017 ) ) ;
#4525 = EDGE_CURVE ( 'NONE', #703, #2245, #3390, .T. ) ;
#4526 = CARTESIAN_POINT ( 'NONE',  ( -0.4873225018660896100, 0.03218531867558923500, 0.02000000000000000000 ) ) ;
#4527 = CARTESIAN_POINT ( 'NONE',  ( -2.500000000000000000, 1.301000000000000200, 0.3489999999999999800 ) ) ;
#4528 = AXIS2_PLACEMENT_3D ( 'NONE', #5529, #4600, #1604 ) ;
#4529 = MECHANICAL_DESIGN_GEOMETRIC_PRESENTATION_REPRESENTATION (  '', ( #3565 ), #4836 ) ;
#4530 = COLOUR_RGB ( '',0.8274509803921568100, 0.6666666666666666300, 0.1294117647058823400 ) ;
#4531 = CARTESIAN_POINT ( 'NONE',  ( 0.4213677138847103400, -0.1962044987750796200, 0.0000000000000000000 ) ) ;
#4532 = SURFACE_STYLE_USAGE ( .BOTH. , #4546 ) ;
#4533 = DIRECTION ( 'NONE',  ( 1.000000000000000000, 0.0000000000000000000, 0.0000000000000000000 ) ) ;
#4534 = CARTESIAN_POINT ( 'NONE',  ( -0.4343974082350628400, 0.1524192623513770100, 0.0000000000000000000 ) ) ;
#4535 = CARTESIAN_POINT ( 'NONE',  ( -0.8118330792682927300, 0.1938038330946154600, 0.02000000000000000000 ) ) ;
#4536 = LINE ( 'NONE', #6203, #1852 ) ;
#4537 = FILL_AREA_STYLE ('',( #4327 ) ) ;
#4538 = CARTESIAN_POINT ( 'NONE',  ( -0.8475609756097561800, 0.2547794428507130200, 0.02000000000000000000 ) ) ;
#4539 = FACE_OUTER_BOUND ( 'NONE', #712, .T. ) ;
#4540 = CARTESIAN_POINT ( 'NONE',  ( -2.500000000000000000, -1.599999999999999900, 0.4500000000000000100 ) ) ;
#4541 = VECTOR ( 'NONE', #4913, 1000.000000000000000 ) ;
#4542 = VERTEX_POINT ( 'NONE', #5865 ) ;
#4543 = CARTESIAN_POINT ( 'NONE',  ( 2.419999999999999900, -1.300000000000000000, 0.4500000000000000100 ) ) ;
#4544 = CARTESIAN_POINT ( 'NONE',  ( -2.400000000000000400, 0.6999999999999999600, 0.3489999999999999800 ) ) ;
#4545 = COLOUR_RGB ( '',0.8274509803921568100, 0.6666666666666666300, 0.1294117647058823400 ) ;
#4546 = SURFACE_SIDE_STYLE ('',( #4914 ) ) ;
#4547 = SURFACE_SIDE_STYLE ('',( #1242 ) ) ;
#4548 = STYLED_ITEM ( 'NONE', ( #5906 ), #404 ) ;
#4549 = LINE ( 'NONE', #4814, #346 ) ;
#4550 = COLOUR_RGB ( '',0.6666666666666666300, 0.6666666666666666300, 0.6666666666666666300 ) ;
#4551 = SURFACE_STYLE_FILL_AREA ( #5038 ) ;
#4552 = VECTOR ( 'NONE', #1307, 1000.000000000000000 ) ;
#4553 = CARTESIAN_POINT ( 'NONE',  ( 0.4860535721198373000, 0.1985662158810553000, 0.02000000000000000000 ) ) ;
#4554 = MECHANICAL_DESIGN_GEOMETRIC_PRESENTATION_REPRESENTATION (  '', ( #1114 ), #4868 ) ;
#4555 = CARTESIAN_POINT ( 'NONE',  ( 0.9146341463414632300, -0.1903425083687991800, -0.0000000000000000000 ) ) ;
#4556 = VECTOR ( 'NONE', #1906, 1000.000000000000000 ) ;
#4557 = DIRECTION ( 'NONE',  ( 0.0000000000000000000, 0.0000000000000000000, 1.000000000000000000 ) ) ;
#4558 = EDGE_LOOP ( 'NONE', ( #5305, #1919, #1140, #5776 ) ) ;
#4559 = DIRECTION ( 'NONE',  ( 1.000000000000000000, 0.0000000000000000000, 0.0000000000000000000 ) ) ;
#4560 = FILL_AREA_STYLE ('',( #5436 ) ) ;
#4561 = PRESENTATION_STYLE_ASSIGNMENT (( #535 ) ) ;
#4562 =( LENGTH_UNIT ( ) NAMED_UNIT ( * ) SI_UNIT ( .MILLI., .METRE. ) );
#4563 = VERTEX_POINT ( 'NONE', #6365 ) ;
#4564 = PRESENTATION_STYLE_ASSIGNMENT (( #1173 ) ) ;
#4565 = CARTESIAN_POINT ( 'NONE',  ( -0.3964004182984808300, 0.2386126856279714700, 0.0000000000000000000 ) ) ;
#4566 = UNCERTAINTY_MEASURE_WITH_UNIT (LENGTH_MEASURE( 1.000000000000000100E-005 ), #730, 'distance_accuracy_value', 'NONE');
#4567 = VECTOR ( 'NONE', #5469, 1000.000000000000000 ) ;
#4568 = DIRECTION ( 'NONE',  ( 1.000000000000000000, 0.0000000000000000000, 0.0000000000000000000 ) ) ;
#4569 = EDGE_CURVE ( 'NONE', #656, #5777, #6500, .T. ) ;
#4570 = ORIENTED_EDGE ( 'NONE', *, *, #6147, .F. ) ;
#4571 = EDGE_CURVE ( 'NONE', #3496, #1728, #5166, .T. ) ;
#4572 = AXIS2_PLACEMENT_3D ( 'NONE', #3680, #633, #4164 ) ;
#4573 = ORIENTED_EDGE ( 'NONE', *, *, #3690, .T. ) ;
#4574 = PLANE ( 'NONE',  #4960 ) ;
#4575 = AXIS2_PLACEMENT_3D ( 'NONE', #3371, #3537, #5380 ) ;
#4576 = FACE_OUTER_BOUND ( 'NONE', #5431, .T. ) ;
#4577 =( NAMED_UNIT ( * ) PLANE_ANGLE_UNIT ( ) SI_UNIT ( $, .RADIAN. ) );
#4578 = DIRECTION ( 'NONE',  ( 1.000000000000000000, 0.0000000000000000000, 0.0000000000000000000 ) ) ;
#4579 = LINE ( 'NONE', #4247, #1892 ) ;
#4580 = VERTEX_POINT ( 'NONE', #1445 ) ;
#4581 = ORIENTED_EDGE ( 'NONE', *, *, #463, .T. ) ;
#4582 = ORIENTED_EDGE ( 'NONE', *, *, #5103, .T. ) ;
#4583 = EDGE_LOOP ( 'NONE', ( #5693, #1565, #4995, #3287, #542, #2233, #3735, #3929, #2798, #1822, #2319, #2055 ) ) ;
#4584 = CARTESIAN_POINT ( 'NONE',  ( 0.6156805012968636900, 0.007167122468463651300, 0.02000000000000000000 ) ) ;
#4585 = ORIENTED_EDGE ( 'NONE', *, *, #508, .T. ) ;
#4586 = DIRECTION ( 'NONE',  ( 0.0000000000000000000, 0.0000000000000000000, -1.000000000000000000 ) ) ;
#4587 = VERTEX_POINT ( 'NONE', #941 ) ;
#4588 = CIRCLE ( 'NONE', #3563, 0.3000000000000003800 ) ;
#4589 = CARTESIAN_POINT ( 'NONE',  ( -0.5548780487804878500, 0.01106755260681059300, 0.0000000000000000000 ) ) ;
#4590 = CARTESIAN_POINT ( 'NONE',  ( -0.04268292682926854600, 0.1999013940702252200, 0.02000000000000000000 ) ) ;
#4591 = PLANE ( 'NONE',  #2429 ) ;
#4592 = DIRECTION ( 'NONE',  ( -1.000000000000000000, 0.0000000000000000000, 0.0000000000000000000 ) ) ;
#4593 = DIRECTION ( 'NONE',  ( 0.0000000000000000000, 0.0000000000000000000, -1.000000000000000000 ) ) ;
#4594 = LINE ( 'NONE', #4219, #581 ) ;
#4595 =( NAMED_UNIT ( * ) SI_UNIT ( $, .STERADIAN. ) SOLID_ANGLE_UNIT ( ) );
#4596 =( NAMED_UNIT ( * ) PLANE_ANGLE_UNIT ( ) SI_UNIT ( $, .RADIAN. ) );
#4597 =( LENGTH_UNIT ( ) NAMED_UNIT ( * ) SI_UNIT ( .MILLI., .METRE. ) );
#4598 = AXIS2_PLACEMENT_3D ( 'NONE', #6468, #2105, #3313 ) ;
#4599 = DIRECTION ( 'NONE',  ( 0.0000000000000000000, -1.000000000000000000, 0.0000000000000000000 ) ) ;
#4600 = DIRECTION ( 'NONE',  ( -1.000000000000000000, 0.0000000000000000000, 0.0000000000000000000 ) ) ;
#4601 = EDGE_CURVE ( 'NONE', #3973, #899, #6334, .T. ) ;
#4602 = DIRECTION ( 'NONE',  ( -1.000000000000000000, 0.0000000000000000000, -0.0000000000000000000 ) ) ;
#4603 = EDGE_CURVE ( 'NONE', #6390, #2682, #2560, .T. ) ;
#4604 = AXIS2_PLACEMENT_3D ( 'NONE', #5796, #2017, #2206 ) ;
#4605 = DIRECTION ( 'NONE',  ( -0.0000000000000000000, -0.0000000000000000000, -1.000000000000000000 ) ) ;
#4606 = SURFACE_STYLE_FILL_AREA ( #4301 ) ;
#4607 = VECTOR ( 'NONE', #1911, 1000.000000000000000 ) ;
#4608 = CARTESIAN_POINT ( 'NONE',  ( 0.4213677138847103400, -0.1962044987750796200, 1.355252715606880500E-017 ) ) ;
#4609 = AXIS2_PLACEMENT_3D ( 'NONE', #3736, #715, #4224 ) ;
#4610 = AXIS2_PLACEMENT_3D ( 'NONE', #2939, #6354, #3457 ) ;
#4611 = SURFACE_STYLE_FILL_AREA ( #3842 ) ;
#4612 = COLOUR_RGB ( '',0.2980392156862745100, 0.2980392156862745100, 0.2980392156862745100 ) ;
#4613 = LINE ( 'NONE', #517, #604 ) ;
#4614 = FILL_AREA_STYLE ('',( #4137 ) ) ;
#4615 = FACE_OUTER_BOUND ( 'NONE', #6095, .T. ) ;
#4616 = ORIENTED_EDGE ( 'NONE', *, *, #249, .F. ) ;
#4617 = ORIENTED_EDGE ( 'NONE', *, *, #5282, .F. ) ;
#4618 = COLOUR_RGB ( '',0.8274509803921568100, 0.6666666666666666300, 0.1294117647058823400 ) ;
#4619 = CARTESIAN_POINT ( 'NONE',  ( 2.299999999999999800, 1.600000000000000300, 0.3499999999999999800 ) ) ;
#4620 = FILL_AREA_STYLE_COLOUR ( '', #611 ) ;
#4621 = LINE ( 'NONE', #2001, #3325 ) ;
#4622 = SURFACE_STYLE_USAGE ( .BOTH. , #4685 ) ;
#4623 = SURFACE_SIDE_STYLE ('',( #2370 ) ) ;
#4624 = CARTESIAN_POINT ( 'NONE',  ( 0.3155717748205164000, -0.1670166513114765000, 0.02000000000000000000 ) ) ;
#4625 = ORIENTED_EDGE ( 'NONE', *, *, #4477, .F. ) ;
#4626 = PRESENTATION_LAYER_ASSIGNMENT (  '', '', ( #4302 ) ) ;
#4627 = COLOUR_RGB ( '',0.8274509803921568100, 0.6666666666666666300, 0.1294117647058823400 ) ;
#4628 = EDGE_CURVE ( 'NONE', #5937, #5598, #2734, .T. ) ;
#4629 = VECTOR ( 'NONE', #1752, 1000.000000000000000 ) ;
#4630 = ORIENTED_EDGE ( 'NONE', *, *, #5972, .F. ) ;
#4631 = SURFACE_STYLE_USAGE ( .BOTH. , #1142 ) ;
#4632 = ORIENTED_EDGE ( 'NONE', *, *, #1766, .T. ) ;
#4633 = ORIENTED_EDGE ( 'NONE', *, *, #1038, .F. ) ;
#4634 = AXIS2_PLACEMENT_3D ( 'NONE', #6198, #6435, #5504 ) ;
#4635 = ADVANCED_FACE ( 'NONE', ( #1055 ), #3982, .F. ) ;
#4636 = CARTESIAN_POINT ( 'NONE',  ( 0.6829268292682932900, -0.004652721783433296800, 0.02000000000000000000 ) ) ;
#4637 = LINE ( 'NONE', #3924, #5601 ) ;
#4638 = DIRECTION ( 'NONE',  ( -0.0000000000000000000, -0.0000000000000000000, -1.000000000000000000 ) ) ;
#4639 = UNCERTAINTY_MEASURE_WITH_UNIT (LENGTH_MEASURE( 1.000000000000000100E-005 ), #3368, 'distance_accuracy_value', 'NONE');
#4640 =( NAMED_UNIT ( * ) SI_UNIT ( $, .STERADIAN. ) SOLID_ANGLE_UNIT ( ) );
#4641 = VECTOR ( 'NONE', #1398, 1000.000000000000000 ) ;
#4642 = CARTESIAN_POINT ( 'NONE',  ( 0.6827090675407119200, 0.005075033771465225500, 1.355252715606880500E-017 ) ) ;
#4643 = VERTEX_POINT ( 'NONE', #3499 ) ;
#4644 = ORIENTED_EDGE ( 'NONE', *, *, #3083, .F. ) ;
#4645 = SURFACE_STYLE_USAGE ( .BOTH. , #294 ) ;
#4646 = EDGE_CURVE ( 'NONE', #1725, #2713, #1900, .T. ) ;
#4647 = AXIS2_PLACEMENT_3D ( 'NONE', #3764, #6211, #3296 ) ;
#4648 = FACE_OUTER_BOUND ( 'NONE', #2217, .T. ) ;
#4649 = FILL_AREA_STYLE_COLOUR ( '', #3935 ) ;
#4650 = STYLED_ITEM ( 'NONE', ( #2349 ), #219 ) ;
#4651 = DIRECTION ( 'NONE',  ( 1.000000000000000000, -0.0000000000000000000, 0.0000000000000000000 ) ) ;
#4652 = ORIENTED_EDGE ( 'NONE', *, *, #2883, .T. ) ;
#4653 = CARTESIAN_POINT ( 'NONE',  ( 0.5958547439563646200, 0.1028539963313422800, 1.355252715606880500E-017 ) ) ;
#4654 = ORIENTED_EDGE ( 'NONE', *, *, #3434, .T. ) ;
#4655 = CARTESIAN_POINT ( 'NONE',  ( 0.4228260513954071300, 0.2608353316085185700, -0.0000000000000000000 ) ) ;
#4656 = LINE ( 'NONE', #3761, #5775 ) ;
#4657 = DIRECTION ( 'NONE',  ( 0.3393303772748773600, 0.9406672605435406600, 0.0000000000000000000 ) ) ;
#4658 = CARTESIAN_POINT ( 'NONE',  ( -2.500000000000000000, -1.599999999999999900, 0.4500000000000000100 ) ) ;
#4659 =( NAMED_UNIT ( * ) PLANE_ANGLE_UNIT ( ) SI_UNIT ( $, .RADIAN. ) );
#4660 = CARTESIAN_POINT ( 'NONE',  ( 0.6282416040731028100, 0.1693032764441246000, 0.02000000000000000000 ) ) ;
#4661 = FILL_AREA_STYLE ('',( #4649 ) ) ;
#4662 =( NAMED_UNIT ( * ) PLANE_ANGLE_UNIT ( ) SI_UNIT ( $, .RADIAN. ) );
#4663 = ADVANCED_FACE ( 'NONE', ( #5689 ), #5428, .T. ) ;
#4664 = EDGE_CURVE ( 'NONE', #5232, #1793, #2645, .T. ) ;
#4665 = FILL_AREA_STYLE_COLOUR ( '', #2628 ) ;
#4666 = CARTESIAN_POINT ( 'NONE',  ( 0.3109756097560982300, 0.2410599306555911400, 0.0000000000000000000 ) ) ;
#4667 = PRESENTATION_STYLE_ASSIGNMENT (( #6564 ) ) ;
#4668 = DIRECTION ( 'NONE',  ( 0.3363908276654484200, -0.9417224702971437300, 0.0000000000000000000 ) ) ;
#4669 = FILL_AREA_STYLE ('',( #3695 ) ) ;
#4670 = PRESENTATION_STYLE_ASSIGNMENT (( #1929 ) ) ;
#4671 = B_SPLINE_SURFACE_WITH_KNOTS ( 'NONE', 3, 1, ( 
 ( #2369, #5798 ),
 ( #6314, #3398 ),
 ( #304, #3884 ),
 ( #870, #4372 ),
 ( #1372, #4847 ),
 ( #1851, #5319 ),
 ( #2393, #5822 ),
 ( #2923, #6338 ),
 ( #3421, #331 ),
 ( #3912, #896 ),
 ( #4391, #1397 ) ),
 .UNSPECIFIED., .F., .F., .F.,
 ( 4, 1, 1, 1, 1, 1, 1, 1, 4 ),
 ( 2, 2 ),
 ( 0.0000000000000000000, 0.1451868664724689000, 0.2834426109197292200, 0.4165243659288286900, 0.5431811235350828500, 0.6651530826377133300, 0.7813602063127153000, 0.8927566556418089500, 0.9999999999999998900 ),
 ( 0.0000000000000000000, 1.000000000000000000 ),
 .UNSPECIFIED. ) ;
#4672 = CARTESIAN_POINT ( 'NONE',  ( 0.4485518292682932900, -0.2513181181248967400, 0.0000000000000000000 ) ) ;
#4673 = EDGE_CURVE ( 'NONE', #3496, #5447, #3969, .T. ) ;
#4674 =( LENGTH_UNIT ( ) NAMED_UNIT ( * ) SI_UNIT ( .MILLI., .METRE. ) );
#4675 = EDGE_CURVE ( 'NONE', #4205, #6103, #771, .T. ) ;
#4676 = EDGE_CURVE ( 'NONE', #1580, #1728, #1279, .T. ) ;
#4677 = STYLED_ITEM ( 'NONE', ( #236 ), #2284 ) ;
#4678 = CARTESIAN_POINT ( 'NONE',  ( 0.5060815322072960100, 0.2510437881909270400, 1.355252715606880500E-017 ) ) ;
#4679 = VECTOR ( 'NONE', #6443, 1000.000000000000200 ) ;
#4680 = UNCERTAINTY_MEASURE_WITH_UNIT (LENGTH_MEASURE( 1.000000000000000100E-005 ), #6049, 'distance_accuracy_value', 'NONE');
#4681 = CARTESIAN_POINT ( 'NONE',  ( -0.8964367378048782000, -0.05009860592977477500, 0.02000000000000000000 ) ) ;
#4682 = LINE ( 'NONE', #1691, #2012 ) ;
#4683 = CARTESIAN_POINT ( 'NONE',  ( -0.2932545731707317800, 0.1999013940702252200, 0.02000000000000000000 ) ) ;
#4684 = SURFACE_SIDE_STYLE ('',( #5052 ) ) ;
#4685 = SURFACE_SIDE_STYLE ('',( #3927 ) ) ;
#4686 =( LENGTH_UNIT ( ) NAMED_UNIT ( * ) SI_UNIT ( .MILLI., .METRE. ) );
#4687 = DIRECTION ( 'NONE',  ( 0.0000000000000000000, 0.0000000000000000000, -1.000000000000000000 ) ) ;
#4688 = LINE ( 'NONE', #940, #4541 ) ;
#4689 = ORIENTED_EDGE ( 'NONE', *, *, #3778, .T. ) ;
#4690 =( NAMED_UNIT ( * ) SI_UNIT ( $, .STERADIAN. ) SOLID_ANGLE_UNIT ( ) );
#4691 = SURFACE_STYLE_FILL_AREA ( #6413 ) ;
#4692 = VECTOR ( 'NONE', #2693, 1000.000000000000000 ) ;
#4693 = CARTESIAN_POINT ( 'NONE',  ( 2.199999999999999700, -1.600000000000000300, 0.3489999999999999800 ) ) ;
#4694 = ORIENTED_EDGE ( 'NONE', *, *, #5666, .T. ) ;
#4695 = ADVANCED_FACE ( 'NONE', ( #6 ), #1052, .F. ) ;
#4696 = ADVANCED_FACE ( 'NONE', ( #4648 ), #1021, .T. ) ;
#4697 = CARTESIAN_POINT ( 'NONE',  ( 0.6584940782872651400, -0.1268386172592696800, 0.0000000000000000000 ) ) ;
#4698 = LINE ( 'NONE', #2848, #5994 ) ;
#4699 = LINE ( 'NONE', #2856, #2034 ) ;
#4700 = LINE ( 'NONE', #3342, #713 ) ;
#4701 = DIRECTION ( 'NONE',  ( -1.000000000000000000, 0.0000000000000000000, 0.0000000000000000000 ) ) ;
#4702 = FACE_OUTER_BOUND ( 'NONE', #1432, .T. ) ;
#4703 = ORIENTED_EDGE ( 'NONE', *, *, #4903, .F. ) ;
#4704 = FILL_AREA_STYLE_COLOUR ( '', #5700 ) ;
#4705 = VECTOR ( 'NONE', #1610, 1000.000000000000000 ) ;
#4706 = ORIENTED_EDGE ( 'NONE', *, *, #1234, .F. ) ;
#4707 = CARTESIAN_POINT ( 'NONE',  ( 0.5263499968943464700, -0.1760206747587022600, 1.355252715606880500E-017 ) ) ;
#4708 = COLOUR_RGB ( '',0.6666666666666666300, 0.6666666666666666300, 0.6666666666666666300 ) ;
#4709 = CARTESIAN_POINT ( 'NONE',  ( -0.3542990767548213100, -0.1832877580908943100, 0.0000000000000000000 ) ) ;
#4710 = CARTESIAN_POINT ( 'NONE',  ( -0.5132506857202211400, 0.1529665849759517800, 0.02000000000000000000 ) ) ;
#4711 = VECTOR ( 'NONE', #5948, 1000.000000000000000 ) ;
#4712 = ORIENTED_EDGE ( 'NONE', *, *, #3159, .F. ) ;
#4713 = FACE_OUTER_BOUND ( 'NONE', #1572, .T. ) ;
#4714 = FILL_AREA_STYLE ('',( #131 ) ) ;
#4715 = EDGE_CURVE ( 'NONE', #482, #5084, #1975, .T. ) ;
#4716 = TOROIDAL_SURFACE ( 'NONE', #701, 0.2200000000000000800, 0.02000000000000000000 ) ;
#4717 = DIRECTION ( 'NONE',  ( 1.000000000000000000, 0.0000000000000000000, 0.0000000000000000000 ) ) ;
#4718 = EDGE_CURVE ( 'NONE', #2682, #3582, #3353, .T. ) ;
#4719 = VERTEX_POINT ( 'NONE', #666 ) ;
#4720 = DIRECTION ( 'NONE',  ( -0.0000000000000000000, -0.0000000000000000000, -1.000000000000000000 ) ) ;
#4721 = EDGE_LOOP ( 'NONE', ( #3658, #5528, #1349, #5145 ) ) ;
#4722 = MECHANICAL_DESIGN_GEOMETRIC_PRESENTATION_REPRESENTATION (  '', ( #4081 ), #5032 ) ;
#4723 = ORIENTED_EDGE ( 'NONE', *, *, #1237, .F. ) ;
#4724 = CARTESIAN_POINT ( 'NONE',  ( -0.4185497136480041400, -0.2182973716267307400, 0.02000000000000000000 ) ) ;
#4725 = EDGE_LOOP ( 'NONE', ( #6308, #5432, #879, #2035 ) ) ;
#4726 = ORIENTED_EDGE ( 'NONE', *, *, #4959, .T. ) ;
#4727 =( NAMED_UNIT ( * ) PLANE_ANGLE_UNIT ( ) SI_UNIT ( $, .RADIAN. ) );
#4728 =( NAMED_UNIT ( * ) SI_UNIT ( $, .STERADIAN. ) SOLID_ANGLE_UNIT ( ) );
#4729 = EDGE_CURVE ( 'NONE', #6251, #5451, #4497, .T. ) ;
#4730 = AXIS2_PLACEMENT_3D ( 'NONE', #3530, #445, #4000 ) ;
#4731 = PRESENTATION_LAYER_ASSIGNMENT (  '', '', ( #4089 ) ) ;
#4732 = SURFACE_STYLE_USAGE ( .BOTH. , #4759 ) ;
#4733 =( LENGTH_UNIT ( ) NAMED_UNIT ( * ) SI_UNIT ( .MILLI., .METRE. ) );
#4734 = VECTOR ( 'NONE', #484, 1000.000000000000000 ) ;
#4735 = CARTESIAN_POINT ( 'NONE',  ( -0.4876323200385822600, 0.001947166001155595800, -0.0000000000000000000 ) ) ;
#4736 = DIRECTION ( 'NONE',  ( -1.000000000000000000, 0.0000000000000000000, 0.0000000000000000000 ) ) ;
#4737 = VECTOR ( 'NONE', #6149, 1000.000000000000000 ) ;
#4738 = DIRECTION ( 'NONE',  ( -1.000000000000000000, 0.0000000000000000000, 0.0000000000000000000 ) ) ;
#4739 = DIRECTION ( 'NONE',  ( 0.0000000000000000000, 0.0000000000000000000, 1.000000000000000000 ) ) ;
#4740 = DIRECTION ( 'NONE',  ( 0.0000000000000000000, -0.0000000000000000000, 1.000000000000000000 ) ) ;
#4741 =( NAMED_UNIT ( * ) SI_UNIT ( $, .STERADIAN. ) SOLID_ANGLE_UNIT ( ) );
#4742 = CARTESIAN_POINT ( 'NONE',  ( -2.101000000000000400, -1.600000000000000300, 0.3489999999999999800 ) ) ;
#4743 = DIRECTION ( 'NONE',  ( 1.000000000000000000, 0.0000000000000000000, 0.0000000000000000000 ) ) ;
#4744 = MECHANICAL_DESIGN_GEOMETRIC_PRESENTATION_REPRESENTATION (  '', ( #4110 ), #5054 ) ;
#4745 = CARTESIAN_POINT ( 'NONE',  ( -0.9695121951219513000, -0.2452205571492869800, 0.02000000000000000000 ) ) ;
#4746 = FILL_AREA_STYLE ('',( #5707 ) ) ;
#4747 = MECHANICAL_DESIGN_GEOMETRIC_PRESENTATION_REPRESENTATION (  '', ( #3772 ), #5061 ) ;
#4748 = PRESENTATION_STYLE_ASSIGNMENT (( #1497 ) ) ;
#4749 = VERTEX_POINT ( 'NONE', #2188 ) ;
#4750 = CARTESIAN_POINT ( 'NONE',  ( 0.6827090675407119200, 0.005075033771465225500, -0.0000000000000000000 ) ) ;
#4751 = ADVANCED_FACE ( 'NONE', ( #4341 ), #2553, .F. ) ;
#4752 = FILL_AREA_STYLE ('',( #65 ) ) ;
#4753 = EDGE_CURVE ( 'NONE', #1674, #3366, #3885, .T. ) ;
#4754 = PRESENTATION_LAYER_ASSIGNMENT (  '', '', ( #4445 ) ) ;
#4755 = DIRECTION ( 'NONE',  ( -0.0000000000000000000, -0.0000000000000000000, -1.000000000000000000 ) ) ;
#4756 = DIRECTION ( 'NONE',  ( 0.0000000000000000000, 1.000000000000000000, -0.0000000000000000000 ) ) ;
#4757 = CARTESIAN_POINT ( 'NONE',  ( -0.5542802873806468300, -0.01688784679226948400, 0.02000000000000000000 ) ) ;
#4758 = SURFACE_STYLE_USAGE ( .BOTH. , #4684 ) ;
#4759 = SURFACE_SIDE_STYLE ('',( #4936 ) ) ;
#4760 = ORIENTED_EDGE ( 'NONE', *, *, #2515, .F. ) ;
#4761 = DIRECTION ( 'NONE',  ( 0.0000000000000000000, -0.0000000000000000000, -1.000000000000000000 ) ) ;
#4762 = VECTOR ( 'NONE', #5958, 1000.000000000000000 ) ;
#4763 = CARTESIAN_POINT ( 'NONE',  ( 2.500000000000000000, -1.599999999999999900, 0.0000000000000000000 ) ) ;
#4764 = ORIENTED_EDGE ( 'NONE', *, *, #1535, .T. ) ;
#4765 = SURFACE_STYLE_FILL_AREA ( #2344 ) ;
#4766 = CARTESIAN_POINT ( 'NONE',  ( 0.5730602608781828500, 0.2201511541087017600, 0.0000000000000000000 ) ) ;
#4767 = VERTEX_POINT ( 'NONE', #2213 ) ;
#4768 = ORIENTED_EDGE ( 'NONE', *, *, #57, .F. ) ;
#4769 = CARTESIAN_POINT ( 'NONE',  ( 0.6829268292682932900, -0.004652721783433296800, 0.0000000000000000000 ) ) ;
#4770 = VECTOR ( 'NONE', #6208, 1000.000000000000000 ) ;
#4771 = DIRECTION ( 'NONE',  ( 1.000000000000000000, 0.0000000000000000000, 0.0000000000000000000 ) ) ;
#4772 = PLANE ( 'NONE',  #6219 ) ;
#4773 = LINE ( 'NONE', #3286, #3507 ) ;
#4774 = ORIENTED_EDGE ( 'NONE', *, *, #496, .T. ) ;
#4775 =( NAMED_UNIT ( * ) SI_UNIT ( $, .STERADIAN. ) SOLID_ANGLE_UNIT ( ) );
#4776 = ORIENTED_EDGE ( 'NONE', *, *, #690, .F. ) ;
#4777 = LINE ( 'NONE', #5888, #3341 ) ;
#4778 = ORIENTED_EDGE ( 'NONE', *, *, #4073, .T. ) ;
#4779 = CARTESIAN_POINT ( 'NONE',  ( -5.208507236620328600E-015, -1.200999999999989900, -0.0000000000000000000 ) ) ;
#4780 = CARTESIAN_POINT ( 'NONE',  ( -0.4980903209863233300, -0.1573832419573591700, 1.355252715606880500E-017 ) ) ;
#4781 = VECTOR ( 'NONE', #1319, 1000.000000000000000 ) ;
#4782 = CARTESIAN_POINT ( 'NONE',  ( -0.8118330792682927300, 0.1938038330946154600, 1.355252715606880500E-017 ) ) ;
#4783 = FILL_AREA_STYLE ('',( #5240 ) ) ;
#4784 = ADVANCED_FACE ( 'NONE', ( #5158 ), #4716, .F. ) ;
#4785 = DIRECTION ( 'NONE',  ( 0.0000000000000000000, 0.0000000000000000000, 1.000000000000000000 ) ) ;
#4786 =( NAMED_UNIT ( * ) PLANE_ANGLE_UNIT ( ) SI_UNIT ( $, .RADIAN. ) );
#4787 = EDGE_LOOP ( 'NONE', ( #2973, #2063, #364, #2978 ) ) ;
#4788 = DIRECTION ( 'NONE',  ( -1.000000000000000000, 0.0000000000000000000, 0.0000000000000000000 ) ) ;
#4789 = SURFACE_STYLE_USAGE ( .BOTH. , #1300 ) ;
#4790 = ORIENTED_EDGE ( 'NONE', *, *, #3947, .T. ) ;
#4791 = ORIENTED_EDGE ( 'NONE', *, *, #3042, .T. ) ;
#4792 = EDGE_CURVE ( 'NONE', #1031, #2137, #3443, .T. ) ;
#4793 = EDGE_CURVE ( 'NONE', #2789, #5232, #2058, .T. ) ;
#4794 = CARTESIAN_POINT ( 'NONE',  ( 0.3523311418886928600, 0.1936955172444572400, 0.02000000000000000000 ) ) ;
#4795 = EDGE_CURVE ( 'NONE', #3339, #1602, #4579, .T. ) ;
#4796 = AXIS2_PLACEMENT_3D ( 'NONE', #668, #4194, #1172 ) ;
#4797 = LINE ( 'NONE', #2244, #3362 ) ;
#4798 = CARTESIAN_POINT ( 'NONE',  ( -2.500000000000000000, 1.600000000000000300, 0.4500000000000000100 ) ) ;
#4799 =( GEOMETRIC_REPRESENTATION_CONTEXT ( 3 ) GLOBAL_UNCERTAINTY_ASSIGNED_CONTEXT ( ( #3570 ) ) GLOBAL_UNIT_ASSIGNED_CONTEXT ( ( #409, #585, #1618 ) ) REPRESENTATION_CONTEXT ( 'NONE', 'WORKASPACE' ) );
#4800 = CARTESIAN_POINT ( 'NONE',  ( 0.1463414634146338900, -0.01961080105172599200, 0.02000000000000000000 ) ) ;
#4801 = PRESENTATION_STYLE_ASSIGNMENT (( #1869 ) ) ;
#4802 = DIRECTION ( 'NONE',  ( -0.3536223923290755500, 0.9353882635801357100, 0.0000000000000000000 ) ) ;
#4803 = CARTESIAN_POINT ( 'NONE',  ( -0.3441520247636225000, -0.2412188311929424600, 0.02000000000000000000 ) ) ;
#4804 =( LENGTH_UNIT ( ) NAMED_UNIT ( * ) SI_UNIT ( .MILLI., .METRE. ) );
#4805 = STYLED_ITEM ( 'NONE', ( #2616 ), #333 ) ;
#4806 = AXIS2_PLACEMENT_3D ( 'NONE', #2830, #6236, #3311 ) ;
#4807 =( NAMED_UNIT ( * ) SI_UNIT ( $, .STERADIAN. ) SOLID_ANGLE_UNIT ( ) );
#4808 = CARTESIAN_POINT ( 'NONE',  ( -2.419999999999999900, 1.300000000000000300, 0.4699999999999999700 ) ) ;
#4809 = CARTESIAN_POINT ( 'NONE',  ( -0.4751696014757105200, -0.07444653166652466500, 0.02000000000000000000 ) ) ;
#4810 = DIRECTION ( 'NONE',  ( 0.0000000000000000000, 1.000000000000000000, 0.0000000000000000000 ) ) ;
#4811 = EDGE_LOOP ( 'NONE', ( #908, #205, #3790, #1121 ) ) ;
#4812 = CARTESIAN_POINT ( 'NONE',  ( 0.3251187419298121600, -0.2271123561355403400, 0.02000000000000000000 ) ) ;
#4813 =( NAMED_UNIT ( * ) PLANE_ANGLE_UNIT ( ) SI_UNIT ( $, .RADIAN. ) );
#4814 = CARTESIAN_POINT ( 'NONE',  ( -2.200999999999999600, 1.600000000000000300, 0.3489999999999999800 ) ) ;
#4815 = CARTESIAN_POINT ( 'NONE',  ( -0.5914634146341464200, -0.2452205571492869800, 0.02000000000000000000 ) ) ;
#4816 = LINE ( 'NONE', #4544, #1004 ) ;
#4817 = UNCERTAINTY_MEASURE_WITH_UNIT (LENGTH_MEASURE( 1.000000000000000100E-005 ), #6533, 'distance_accuracy_value', 'NONE');
#4818 = CARTESIAN_POINT ( 'NONE',  ( 0.1463414634146338900, -0.01961080105172599200, 0.02000000000000000000 ) ) ;
#4819 = FILL_AREA_STYLE_COLOUR ( '', #3187 ) ;
#4820 = CARTESIAN_POINT ( 'NONE',  ( 0.6474648039987285200, -0.1472709860729411500, 0.02000000000000000000 ) ) ;
#4821 = PRESENTATION_LAYER_ASSIGNMENT (  '', '', ( #4511 ) ) ;
#4822 = PLANE ( 'NONE',  #5041 ) ;
#4823 = LINE ( 'NONE', #4681, #4679 ) ;
#4824 = CARTESIAN_POINT ( 'NONE',  ( 2.419999999999999900, 1.300000000000000300, 0.4500000000000000100 ) ) ;
#4825 = CARTESIAN_POINT ( 'NONE',  ( 0.1463414634146338900, 0.1999013940702252200, 0.0000000000000000000 ) ) ;
#4826 = COLOUR_RGB ( '',0.2980392156862745100, 0.2980392156862745100, 0.2980392156862745100 ) ;
#4827 = EDGE_CURVE ( 'NONE', #731, #4893, #3267, .T. ) ;
#4828 = MECHANICAL_DESIGN_GEOMETRIC_PRESENTATION_REPRESENTATION (  '', ( #4195 ), #5146 ) ;
#4829 = SURFACE_STYLE_FILL_AREA ( #4894 ) ;
#4830 = EDGE_CURVE ( 'NONE', #4409, #2493, #732, .T. ) ;
#4831 = LINE ( 'NONE', #1915, #2016 ) ;
#4832 = DIRECTION ( 'NONE',  ( 0.0000000000000000000, 0.0000000000000000000, -1.000000000000000000 ) ) ;
#4833 = ORIENTED_EDGE ( 'NONE', *, *, #5026, .F. ) ;
#4834 = EDGE_CURVE ( 'NONE', #3035, #5765, #555, .T. ) ;
#4835 = PRESENTATION_LAYER_ASSIGNMENT (  '', '', ( #4209 ) ) ;
#4836 =( GEOMETRIC_REPRESENTATION_CONTEXT ( 3 ) GLOBAL_UNCERTAINTY_ASSIGNED_CONTEXT ( ( #241 ) ) GLOBAL_UNIT_ASSIGNED_CONTEXT ( ( #5604, #5545, #3919 ) ) REPRESENTATION_CONTEXT ( 'NONE', 'WORKASPACE' ) );
#4837 = CARTESIAN_POINT ( 'NONE',  ( -2.101000000000000000, -1.500000000000000000, 0.0000000000000000000 ) ) ;
#4838 = CARTESIAN_POINT ( 'NONE',  ( 2.500000000000000000, 1.300000000000000000, 0.3489999999999999800 ) ) ;
#4839 = CARTESIAN_POINT ( 'NONE',  ( 2.199999999999999700, 1.300000000000000300, 0.6999999999999999600 ) ) ;
#4840 =( NAMED_UNIT ( * ) PLANE_ANGLE_UNIT ( ) SI_UNIT ( $, .RADIAN. ) );
#4841 = DIRECTION ( 'NONE',  ( 0.0000000000000000000, 1.000000000000000000, 0.0000000000000000000 ) ) ;
#4842 = LINE ( 'NONE', #6263, #6001 ) ;
#4843 = CARTESIAN_POINT ( 'NONE',  ( 0.4675398755289507100, 0.2027626854971906800, 0.02000000000000000000 ) ) ;
#4844 = ORIENTED_EDGE ( 'NONE', *, *, #646, .F. ) ;
#4845 =( LENGTH_UNIT ( ) NAMED_UNIT ( * ) SI_UNIT ( .MILLI., .METRE. ) );
#4846 = CARTESIAN_POINT ( 'NONE',  ( 0.5410302369630550800, -0.1669545113433147100, 0.02000000000000000000 ) ) ;
#4847 = CARTESIAN_POINT ( 'NONE',  ( 0.3789534589230554900, 0.2582919225842028000, 1.355252715606880500E-017 ) ) ;
#4848 = VECTOR ( 'NONE', #5780, 1000.000000000000000 ) ;
#4849 = ORIENTED_EDGE ( 'NONE', *, *, #4035, .T. ) ;
#4850 = CARTESIAN_POINT ( 'NONE',  ( -2.200999999999999600, 1.600000000000000300, 0.3489999999999999800 ) ) ;
#4851 = ORIENTED_EDGE ( 'NONE', *, *, #5416, .T. ) ;
#4852 = EDGE_LOOP ( 'NONE', ( #3611, #4875, #1898, #5748 ) ) ;
#4853 = LINE ( 'NONE', #3465, #721 ) ;
#4854 = CARTESIAN_POINT ( 'NONE',  ( 0.2134146341463412100, -0.2452205571492869800, 0.02000000000000000000 ) ) ;
#4855 = ORIENTED_EDGE ( 'NONE', *, *, #5940, .F. ) ;
#4856 = CARTESIAN_POINT ( 'NONE',  ( 2.101000000000000400, 1.600000000000000300, -0.001000000000000000000 ) ) ;
#4857 = ORIENTED_EDGE ( 'NONE', *, *, #5149, .T. ) ;
#4858 = CARTESIAN_POINT ( 'NONE',  ( -0.8191217334991175400, 0.1652915305048654700, 1.355252715606880500E-017 ) ) ;
#4859 = AXIS2_PLACEMENT_3D ( 'NONE', #763, #4896, #4926 ) ;
#4860 = EDGE_LOOP ( 'NONE', ( #2702, #1667, #4844, #2067 ) ) ;
#4861 = CARTESIAN_POINT ( 'NONE',  ( 2.101000000000000000, 1.500000000000000000, 0.0000000000000000000 ) ) ;
#4862 = ORIENTED_EDGE ( 'NONE', *, *, #1541, .T. ) ;
#4863 = SURFACE_SIDE_STYLE ('',( #2162 ) ) ;
#4864 = VERTEX_POINT ( 'NONE', #2824 ) ;
#4865 =( NAMED_UNIT ( * ) SI_UNIT ( $, .STERADIAN. ) SOLID_ANGLE_UNIT ( ) );
#4866 =( NAMED_UNIT ( * ) PLANE_ANGLE_UNIT ( ) SI_UNIT ( $, .RADIAN. ) );
#4867 = VERTEX_POINT ( 'NONE', #5710 ) ;
#4868 =( GEOMETRIC_REPRESENTATION_CONTEXT ( 3 ) GLOBAL_UNCERTAINTY_ASSIGNED_CONTEXT ( ( #335 ) ) GLOBAL_UNIT_ASSIGNED_CONTEXT ( ( #1778, #4494, #4728 ) ) REPRESENTATION_CONTEXT ( 'NONE', 'WORKASPACE' ) );
#4869 = UNCERTAINTY_MEASURE_WITH_UNIT (LENGTH_MEASURE( 1.000000000000000100E-005 ), #4160, 'distance_accuracy_value', 'NONE');
#4870 = DIRECTION ( 'NONE',  ( 0.0000000000000000000, -1.000000000000000000, 0.0000000000000000000 ) ) ;
#4871 = EDGE_LOOP ( 'NONE', ( #4930, #4414, #1194, #1598 ) ) ;
#4872 = DIRECTION ( 'NONE',  ( 1.000000000000000000, -0.0000000000000000000, 0.0000000000000000000 ) ) ;
#4873 = LINE ( 'NONE', #3034, #909 ) ;
#4874 = DIRECTION ( 'NONE',  ( -0.0000000000000000000, -0.0000000000000000000, -1.000000000000000000 ) ) ;
#4875 = ORIENTED_EDGE ( 'NONE', *, *, #1815, .F. ) ;
#4876 = EDGE_CURVE ( 'NONE', #4419, #4356, #5531, .T. ) ;
#4877 = CARTESIAN_POINT ( 'NONE',  ( -0.4204153958142502500, 0.1635446457464739800, 0.02000000000000000000 ) ) ;
#4878 = EDGE_CURVE ( 'NONE', #6174, #2041, #4261, .T. ) ;
#4879 = AXIS2_PLACEMENT_3D ( 'NONE', #5544, #2626, #6058 ) ;
#4880 = VECTOR ( 'NONE', #1637, 1000.000000000000000 ) ;
#4881 = MECHANICAL_DESIGN_GEOMETRIC_PRESENTATION_REPRESENTATION (  '', ( #4234 ), #5183 ) ;
#4882 = CARTESIAN_POINT ( 'NONE',  ( 0.6113948168277749700, 0.1881541894542860500, 0.02000000000000000000 ) ) ;
#4883 = DIRECTION ( 'NONE',  ( 1.000000000000000000, 4.928191693115930000E-017, 0.0000000000000000000 ) ) ;
#4884 = CARTESIAN_POINT ( 'NONE',  ( 0.5107842865561875700, -0.1835386251994045900, 0.02000000000000000000 ) ) ;
#4885 = PRESENTATION_STYLE_ASSIGNMENT (( #2007 ) ) ;
#4886 =( NAMED_UNIT ( * ) SI_UNIT ( $, .STERADIAN. ) SOLID_ANGLE_UNIT ( ) );
#4887 = FACE_OUTER_BOUND ( 'NONE', #429, .T. ) ;
#4888 = CARTESIAN_POINT ( 'NONE',  ( 2.500000000000000000, -1.300000000000000300, 0.3499999999999999800 ) ) ;
#4889 = COLOUR_RGB ( '',0.8274509803921568100, 0.6666666666666666300, 0.1294117647058823400 ) ;
#4890 = UNCERTAINTY_MEASURE_WITH_UNIT (LENGTH_MEASURE( 1.000000000000000100E-005 ), #2946, 'distance_accuracy_value', 'NONE');
#4891 = CARTESIAN_POINT ( 'NONE',  ( 0.3230699268645676500, 0.2459692806149324500, 0.02000000000000000000 ) ) ;
#4892 = LINE ( 'NONE', #1396, #3627 ) ;
#4893 = VERTEX_POINT ( 'NONE', #784 ) ;
#4894 = FILL_AREA_STYLE ('',( #3409 ) ) ;
#4895 = DIRECTION ( 'NONE',  ( 0.0000000000000000000, 0.0000000000000000000, -1.000000000000000000 ) ) ;
#4896 = DIRECTION ( 'NONE',  ( 0.0000000000000000000, 0.0000000000000000000, -1.000000000000000000 ) ) ;
#4897 = DIRECTION ( 'NONE',  ( -1.000000000000000000, 0.0000000000000000000, 0.0000000000000000000 ) ) ;
#4898 =( NAMED_UNIT ( * ) PLANE_ANGLE_UNIT ( ) SI_UNIT ( $, .RADIAN. ) );
#4899 = MECHANICAL_DESIGN_GEOMETRIC_PRESENTATION_REPRESENTATION (  '', ( #4271 ), #5210 ) ;
#4900 = DIRECTION ( 'NONE',  ( 0.0000000000000000000, 0.0000000000000000000, -1.000000000000000000 ) ) ;
#4901 = CARTESIAN_POINT ( 'NONE',  ( -0.8172553295144939800, 0.1731510602917933900, 1.355252715606880500E-017 ) ) ;
#4902 = DIRECTION ( 'NONE',  ( 0.0000000000000000000, 0.0000000000000000000, -1.000000000000000000 ) ) ;
#4903 = EDGE_CURVE ( 'NONE', #2460, #5760, #5373, .T. ) ;
#4904 = FACE_OUTER_BOUND ( 'NONE', #5996, .T. ) ;
#4905 = CARTESIAN_POINT ( 'NONE',  ( 0.6093370453716222500, -0.06268616063144638600, 0.0000000000000000000 ) ) ;
#4906 = CIRCLE ( 'NONE', #2355, 0.2990000000000002100 ) ;
#4907 = EDGE_CURVE ( 'NONE', #1373, #885, #1595, .T. ) ;
#4908 = CARTESIAN_POINT ( 'NONE',  ( -0.3127223659116416000, -0.1898619561555942000, 1.355252715606880500E-017 ) ) ;
#4909 = AXIS2_PLACEMENT_3D ( 'NONE', #1058, #3126, #1795 ) ;
#4910 = CARTESIAN_POINT ( 'NONE',  ( 0.4675398755289507100, 0.2027626854971906800, 0.0000000000000000000 ) ) ;
#4911 = ORIENTED_EDGE ( 'NONE', *, *, #470, .T. ) ;
#4912 = PRESENTATION_LAYER_ASSIGNMENT (  '', '', ( #4280 ) ) ;
#4913 = DIRECTION ( 'NONE',  ( -0.0000000000000000000, -1.000000000000000000, -0.0000000000000000000 ) ) ;
#4914 = SURFACE_STYLE_FILL_AREA ( #3386 ) ;
#4915 = LINE ( 'NONE', #4492, #4762 ) ;
#4916 = VECTOR ( 'NONE', #6012, 1000.000000000000000 ) ;
#4917 = EDGE_LOOP ( 'NONE', ( #2049, #4934, #4407, #1889 ) ) ;
#4918 = CARTESIAN_POINT ( 'NONE',  ( -0.8191217334991175400, 0.1652915305048654700, 0.02000000000000000000 ) ) ;
#4919 = AXIS2_PLACEMENT_3D ( 'NONE', #812, #4329, #1314 ) ;
#4920 = ORIENTED_EDGE ( 'NONE', *, *, #2842, .F. ) ;
#4921 = LINE ( 'NONE', #2800, #2299 ) ;
#4922 = DIRECTION ( 'NONE',  ( -0.0000000000000000000, -0.0000000000000000000, -1.000000000000000000 ) ) ;
#4923 =( LENGTH_UNIT ( ) NAMED_UNIT ( * ) SI_UNIT ( .MILLI., .METRE. ) );
#4924 = B_SPLINE_CURVE_WITH_KNOTS ( 'NONE', 3,
 ( #4221, #3731, #3227, #1220, #4709, #1713, #5175, #2239, #5660, #2768, #6184, #3258, #145, #3758, #738, #4244, #1230, #4735, #1727 ),
 .UNSPECIFIED., .F., .F.,
 ( 4, 1, 1, 1, 1, 1, 1, 1, 1, 1, 1, 1, 1, 1, 1, 1, 4 ),
 ( 0.0000000000000000000, 0.07082657255516257300, 0.1381690332797995100, 0.2024753315338422800, 0.2639737544135193300, 0.3233803205980370600, 0.3817976227131851800, 0.4393900745193888800, 0.4969027245459971500, 0.5546621696093697600, 0.6127418784921970800, 0.6715388363911720700, 0.7316557220901979100, 0.7942978116139529600, 0.8594822049793583400, 0.9276813254527898100, 1.000000000000000000 ),
 .UNSPECIFIED. ) ;
#4925 = LINE ( 'NONE', #2208, #3652 ) ;
#4926 = DIRECTION ( 'NONE',  ( -1.000000000000000000, 0.0000000000000000000, -0.0000000000000000000 ) ) ;
#4927 = ORIENTED_EDGE ( 'NONE', *, *, #5100, .F. ) ;
#4928 = CARTESIAN_POINT ( 'NONE',  ( -0.5548780487804878500, 0.01106755260681059300, 2.032879073410320800E-017 ) ) ;
#4929 = ORIENTED_EDGE ( 'NONE', *, *, #2883, .F. ) ;
#4930 = ORIENTED_EDGE ( 'NONE', *, *, #1079, .F. ) ;
#4931 = VECTOR ( 'NONE', #5296, 1000.000000000000000 ) ;
#4932 =( NAMED_UNIT ( * ) PLANE_ANGLE_UNIT ( ) SI_UNIT ( $, .RADIAN. ) );
#4933 = CARTESIAN_POINT ( 'NONE',  ( -0.4358665464100915400, -0.1379814611230043000, 0.02000000000000000000 ) ) ;
#4934 = ORIENTED_EDGE ( 'NONE', *, *, #5554, .F. ) ;
#4935 = CARTESIAN_POINT ( 'NONE',  ( 0.6153433058964602500, 0.02220649023755149500, 0.0000000000000000000 ) ) ;
#4936 = SURFACE_STYLE_FILL_AREA ( #4783 ) ;
#4937 = CARTESIAN_POINT ( 'NONE',  ( -0.03048780487804902300, -0.01961080105172599200, 0.0000000000000000000 ) ) ;
#4938 = ORIENTED_EDGE ( 'NONE', *, *, #4392, .T. ) ;
#4939 = VERTEX_POINT ( 'NONE', #3327 ) ;
#4940 = FILL_AREA_STYLE ('',( #1932 ) ) ;
#4941 =( NAMED_UNIT ( * ) PLANE_ANGLE_UNIT ( ) SI_UNIT ( $, .RADIAN. ) );
#4942 = VERTEX_POINT ( 'NONE', #225 ) ;
#4943 = LINE ( 'NONE', #4658, #6415 ) ;
#4944 = MECHANICAL_DESIGN_GEOMETRIC_PRESENTATION_REPRESENTATION (  '', ( #4302 ), #5242 ) ;
#4945 = CARTESIAN_POINT ( 'NONE',  ( -0.4980903209863233300, -0.1573832419573591700, 0.0000000000000000000 ) ) ;
#4946 = DIRECTION ( 'NONE',  ( -1.000000000000000000, 0.0000000000000000000, 0.0000000000000000000 ) ) ;
#4947 = EDGE_CURVE ( 'NONE', #2494, #4176, #2, .T. ) ;
#4948 = FILL_AREA_STYLE ('',( #4620 ) ) ;
#4949 = CARTESIAN_POINT ( 'NONE',  ( 0.6195335880197235800, -0.1839393820122602900, 1.355252715606880500E-017 ) ) ;
#4950 = ORIENTED_EDGE ( 'NONE', *, *, #2315, .T. ) ;
#4951 = DIRECTION ( 'NONE',  ( -0.0000000000000000000, -0.0000000000000000000, 1.000000000000000000 ) ) ;
#4952 = DIRECTION ( 'NONE',  ( 1.000000000000000000, 0.0000000000000000000, 0.0000000000000000000 ) ) ;
#4953 = MECHANICAL_DESIGN_GEOMETRIC_PRESENTATION_REPRESENTATION (  '', ( #4307 ), #5246 ) ;
#4954 = CIRCLE ( 'NONE', #5253, 0.2000000000000000900 ) ;
#4955 = CARTESIAN_POINT ( 'NONE',  ( -0.8154254375407994400, 0.1828678862813988800, 0.02000000000000000000 ) ) ;
#4956 = CARTESIAN_POINT ( 'NONE',  ( -0.9189214939024391600, -0.1049766547102625700, 0.02000000000000000000 ) ) ;
#4957 = CARTESIAN_POINT ( 'NONE',  ( -0.4849282495683451300, -0.03477797000460415600, 1.355252715606880500E-017 ) ) ;
#4958 = PLANE ( 'NONE',  #6371 ) ;
#4959 = EDGE_CURVE ( 'NONE', #3023, #1440, #2816, .T. ) ;
#4960 = AXIS2_PLACEMENT_3D ( 'NONE', #2160, #4841, #1164 ) ;
#4961 = CARTESIAN_POINT ( 'NONE',  ( -0.9189214939024391600, -0.1049766547102625700, 0.02000000000000000000 ) ) ;
#4962 = DIRECTION ( 'NONE',  ( 0.0000000000000000000, -1.000000000000000000, 0.0000000000000000000 ) ) ;
#4963 = CARTESIAN_POINT ( 'NONE',  ( 2.500000000000000000, -1.599999999999999900, 0.4500000000000000100 ) ) ;
#4964 = DIRECTION ( 'NONE',  ( 0.0000000000000000000, -0.0000000000000000000, -1.000000000000000000 ) ) ;
#4965 = CARTESIAN_POINT ( 'NONE',  ( -0.4876409877575750300, 0.01729887932191855700, 1.355252715606880500E-017 ) ) ;
#4966 = CARTESIAN_POINT ( 'NONE',  ( -0.8211699695121951200, 0.1587428574848593900, 0.0000000000000000000 ) ) ;
#4967 = FACE_OUTER_BOUND ( 'NONE', #974, .T. ) ;
#4968 =( LENGTH_UNIT ( ) NAMED_UNIT ( * ) SI_UNIT ( .MILLI., .METRE. ) );
#4969 = DIRECTION ( 'NONE',  ( -1.000000000000000000, 4.336808689942006700E-015, 0.0000000000000000000 ) ) ;
#4970 =( LENGTH_UNIT ( ) NAMED_UNIT ( * ) SI_UNIT ( .MILLI., .METRE. ) );
#4971 = LINE ( 'NONE', #2386, #2357 ) ;
#4972 = CARTESIAN_POINT ( 'NONE',  ( 0.3816842251632447900, 0.2017326008699218700, 0.0000000000000000000 ) ) ;
#4973 = PRESENTATION_LAYER_ASSIGNMENT (  '', '', ( #5281 ) ) ;
#4974 = EDGE_CURVE ( 'NONE', #2643, #6319, #3963, .T. ) ;
#4975 = DIRECTION ( 'NONE',  ( 0.0000000000000000000, 0.0000000000000000000, -1.000000000000000000 ) ) ;
#4976 = SURFACE_STYLE_FILL_AREA ( #2817 ) ;
#4977 = LINE ( 'NONE', #5300, #2363 ) ;
#4978 = CARTESIAN_POINT ( 'NONE',  ( -0.04268292682926854600, 0.1999013940702252200, 0.02000000000000000000 ) ) ;
#4979 = PRESENTATION_STYLE_ASSIGNMENT (( #2068 ) ) ;
#4980 =( NAMED_UNIT ( * ) PLANE_ANGLE_UNIT ( ) SI_UNIT ( $, .RADIAN. ) );
#4981 =( NAMED_UNIT ( * ) SI_UNIT ( $, .STERADIAN. ) SOLID_ANGLE_UNIT ( ) );
#4982 = CARTESIAN_POINT ( 'NONE',  ( 0.4742051573765536100, -0.2507459749996672800, 1.355252715606880500E-017 ) ) ;
#4983 = CARTESIAN_POINT ( 'NONE',  ( 5.208507236620328600E-015, -1.200999999999989900, -0.0000000000000000000 ) ) ;
#4984 = DIRECTION ( 'NONE',  ( -0.0000000000000000000, -1.000000000000000000, -0.0000000000000000000 ) ) ;
#4985 = EDGE_CURVE ( 'NONE', #1531, #1662, #2640, .T. ) ;
#4986 = VECTOR ( 'NONE', #569, 1000.000000000000000 ) ;
#4987 = CARTESIAN_POINT ( 'NONE',  ( 0.3109756097560981700, 0.1739867599238837900, 0.02000000000000000000 ) ) ;
#4988 = EDGE_CURVE ( 'NONE', #2150, #6167, #188, .T. ) ;
#4989 = EDGE_CURVE ( 'NONE', #4180, #6174, #890, .T. ) ;
#4990 = DIRECTION ( 'NONE',  ( -0.0000000000000000000, -0.0000000000000000000, 1.000000000000000000 ) ) ;
#4991 = AXIS2_PLACEMENT_3D ( 'NONE', #769, #4277, #1259 ) ;
#4992 = LINE ( 'NONE', #3564, #6142 ) ;
#4993 = FILL_AREA_STYLE_COLOUR ( '', #428 ) ;
#4994 = AXIS2_PLACEMENT_3D ( 'NONE', #174, #218, #534 ) ;
#4995 = ORIENTED_EDGE ( 'NONE', *, *, #3855, .T. ) ;
#4996 = VERTEX_POINT ( 'NONE', #840 ) ;
#4997 = LINE ( 'NONE', #4016, #5283 ) ;
#4998 = CARTESIAN_POINT ( 'NONE',  ( 0.3868066585732958300, -0.1921864016431352500, 0.0000000000000000000 ) ) ;
#4999 = CARTESIAN_POINT ( 'NONE',  ( -2.399999999999999900, -1.300000000000000000, 0.7500000000000000000 ) ) ;
#5000 = ORIENTED_EDGE ( 'NONE', *, *, #6488, .T. ) ;
#5001 = CARTESIAN_POINT ( 'NONE',  ( -1.300000000000000300, 1.500000000000000000, -0.001000000000000000000 ) ) ;
#5002 = CARTESIAN_POINT ( 'NONE',  ( -0.4054168985882702400, 0.1733355308221993200, 0.0000000000000000000 ) ) ;
#5003 =( LENGTH_UNIT ( ) NAMED_UNIT ( * ) SI_UNIT ( .MILLI., .METRE. ) );
#5004 = ORIENTED_EDGE ( 'NONE', *, *, #2844, .T. ) ;
#5005 = CARTESIAN_POINT ( 'NONE',  ( -2.500000000000000000, 1.600000000000000300, -0.001000000000000000000 ) ) ;
#5006 = UNCERTAINTY_MEASURE_WITH_UNIT (LENGTH_MEASURE( 1.000000000000000100E-005 ), #920, 'distance_accuracy_value', 'NONE');
#5007 = EDGE_LOOP ( 'NONE', ( #73, #1424, #3937, #4585 ) ) ;
#5008 = VERTEX_POINT ( 'NONE', #3858 ) ;
#5009 = VERTEX_POINT ( 'NONE', #4336 ) ;
#5010 = CARTESIAN_POINT ( 'NONE',  ( 0.4583433388316404700, -0.1959495275232466800, 0.0000000000000000000 ) ) ;
#5011 = SURFACE_STYLE_USAGE ( .BOTH. , #6188 ) ;
#5012 = VECTOR ( 'NONE', #5391, 1000.000000000000000 ) ;
#5013 = DIRECTION ( 'NONE',  ( 0.0000000000000000000, -1.000000000000000000, -0.0000000000000000000 ) ) ;
#5014 = FILL_AREA_STYLE ('',( #776 ) ) ;
#5015 = VERTEX_POINT ( 'NONE', #1353 ) ;
#5016 = ORIENTED_EDGE ( 'NONE', *, *, #5037, .F. ) ;
#5017 =( LENGTH_UNIT ( ) NAMED_UNIT ( * ) SI_UNIT ( .MILLI., .METRE. ) );
#5018 =( LENGTH_UNIT ( ) NAMED_UNIT ( * ) SI_UNIT ( .MILLI., .METRE. ) );
#5019 = LINE ( 'NONE', #6433, #4734 ) ;
#5020 = SURFACE_SIDE_STYLE ('',( #3799 ) ) ;
#5021 = CARTESIAN_POINT ( 'NONE',  ( -0.8211699695121952300, 0.1587428574848593900, 0.02000000000000000000 ) ) ;
#5022 = AXIS2_PLACEMENT_3D ( 'NONE', #2969, #933, #464 ) ;
#5023 = CARTESIAN_POINT ( 'NONE',  ( 0.5201472030125481300, 0.1844973420690108300, 0.02000000000000000000 ) ) ;
#5024 = LINE ( 'NONE', #3675, #1069 ) ;
#5025 = DIRECTION ( 'NONE',  ( -1.000000000000000000, 0.0000000000000000000, 0.0000000000000000000 ) ) ;
#5026 = EDGE_CURVE ( 'NONE', #578, #4893, #1122, .T. ) ;
#5027 =( NAMED_UNIT ( * ) PLANE_ANGLE_UNIT ( ) SI_UNIT ( $, .RADIAN. ) );
#5028 = CARTESIAN_POINT ( 'NONE',  ( 0.4280678353658542400, 0.2059989550458349900, 0.02000000000000000000 ) ) ;
#5029 = EDGE_CURVE ( 'NONE', #3163, #6086, #3795, .T. ) ;
#5030 = AXIS2_PLACEMENT_3D ( 'NONE', #11, #4951, #4498 ) ;
#5031 = CARTESIAN_POINT ( 'NONE',  ( -0.4409394792252237500, 0.2178368274927701400, 0.0000000000000000000 ) ) ;
#5032 =( GEOMETRIC_REPRESENTATION_CONTEXT ( 3 ) GLOBAL_UNCERTAINTY_ASSIGNED_CONTEXT ( ( #6017 ) ) GLOBAL_UNIT_ASSIGNED_CONTEXT ( ( #1933, #1669, #2094 ) ) REPRESENTATION_CONTEXT ( 'NONE', 'WORKASPACE' ) );
#5033 = CARTESIAN_POINT ( 'NONE',  ( -2.400000000000000400, -0.6999999999999999600, -0.0000000000000000000 ) ) ;
#5034 = CARTESIAN_POINT ( 'NONE',  ( -2.199999999999999700, 1.600000000000000300, 0.3489999999999999800 ) ) ;
#5035 = SURFACE_STYLE_USAGE ( .BOTH. , #6502 ) ;
#5036 = CARTESIAN_POINT ( 'NONE',  ( -2.500000000000000000, 1.600000000000000300, 0.3499999999999999800 ) ) ;
#5037 = EDGE_CURVE ( 'NONE', #4502, #1744, #3663, .T. ) ;
#5038 = FILL_AREA_STYLE ('',( #5411 ) ) ;
#5039 = DIRECTION ( 'NONE',  ( 0.0000000000000000000, -1.000000000000000000, 0.0000000000000000000 ) ) ;
#5040 = PRESENTATION_LAYER_ASSIGNMENT (  '', '', ( #4403 ) ) ;
#5041 = AXIS2_PLACEMENT_3D ( 'NONE', #4389, #3302, #3970 ) ;
#5042 = MECHANICAL_DESIGN_GEOMETRIC_PRESENTATION_REPRESENTATION (  '', ( #4089 ), #5347 ) ;
#5043 = PRESENTATION_STYLE_ASSIGNMENT (( #4622 ) ) ;
#5044 = B_SPLINE_SURFACE_WITH_KNOTS ( 'NONE', 3, 1, ( 
 ( #807, #4241 ),
 ( #5241, #5112 ),
 ( #6570, #4982 ),
 ( #5684, #5599 ),
 ( #5540, #5489 ),
 ( #5559, #5516 ),
 ( #5484, #5460 ),
 ( #5449, #5470 ),
 ( #5327, #5639 ),
 ( #5356, #4949 ),
 ( #2139, #6541 ),
 ( #4820, #5655 ),
 ( #5743, #5703 ),
 ( #5721, #5093 ),
 ( #5287, #5174 ),
 ( #3634, #1961 ),
 ( #3968, #4030 ),
 ( #4062, #2876 ),
 ( #3756, #3713 ) ),
 .UNSPECIFIED., .F., .F., .F.,
 ( 4, 1, 1, 1, 1, 1, 1, 1, 1, 1, 1, 1, 1, 1, 1, 1, 4 ),
 ( 2, 2 ),
 ( 0.0000000000000000000, 0.06783324845577362600, 0.1326555365079042600, 0.1950508840508279900, 0.2555829330687771100, 0.3147998341472898500, 0.3736004728263745400, 0.4325455953267435300, 0.4924306292835654000, 0.5526712559629696200, 0.6125130441881163600, 0.6726102503570063900, 0.7338383693139459700, 0.7965942385677738900, 0.8614497992905731900, 0.9291989423509055000, 1.000000000000000000 ),
 ( 0.0000000000000000000, 1.000000000000000000 ),
 .UNSPECIFIED. ) ;
#5045 = LINE ( 'NONE', #1376, #1089 ) ;
#5046 = CARTESIAN_POINT ( 'NONE',  ( -2.101000000000000000, 1.500000000000000000, -0.001000000000000000000 ) ) ;
#5047 = COLOUR_RGB ( '',0.6666666666666666300, 0.6666666666666666300, 0.6666666666666666300 ) ;
#5048 = CYLINDRICAL_SURFACE ( 'NONE', #4575, 0.3000000000000003800 ) ;
#5049 = VECTOR ( 'NONE', #3583, 1000.000000000000000 ) ;
#5050 = CARTESIAN_POINT ( 'NONE',  ( 2.199999999999999700, 1.450000000000000600, 0.7500000000000000000 ) ) ;
#5051 = CARTESIAN_POINT ( 'NONE',  ( -2.400000000000000400, 0.0000000000000000000, -0.0000000000000000000 ) ) ;
#5052 = SURFACE_STYLE_FILL_AREA ( #4661 ) ;
#5053 =( NAMED_UNIT ( * ) SI_UNIT ( $, .STERADIAN. ) SOLID_ANGLE_UNIT ( ) );
#5054 =( GEOMETRIC_REPRESENTATION_CONTEXT ( 3 ) GLOBAL_UNCERTAINTY_ASSIGNED_CONTEXT ( ( #2335 ) ) GLOBAL_UNIT_ASSIGNED_CONTEXT ( ( #2431, #4727, #4741 ) ) REPRESENTATION_CONTEXT ( 'NONE', 'WORKASPACE' ) );
#5055 = ORIENTED_EDGE ( 'NONE', *, *, #4827, .T. ) ;
#5056 = COLOUR_RGB ( '',0.8274509803921568100, 0.6666666666666666300, 0.1294117647058823400 ) ;
#5057 = DIRECTION ( 'NONE',  ( -0.0000000000000000000, -1.000000000000000000, -0.0000000000000000000 ) ) ;
#5058 = VECTOR ( 'NONE', #1427, 1000.000000000000000 ) ;
#5059 = CARTESIAN_POINT ( 'NONE',  ( -2.199999999999999700, 1.500000000000000200, 0.6999999999999999600 ) ) ;
#5060 = ORIENTED_EDGE ( 'NONE', *, *, #2315, .F. ) ;
#5061 =( GEOMETRIC_REPRESENTATION_CONTEXT ( 3 ) GLOBAL_UNCERTAINTY_ASSIGNED_CONTEXT ( ( #3448 ) ) GLOBAL_UNIT_ASSIGNED_CONTEXT ( ( #3923, #3415, #4865 ) ) REPRESENTATION_CONTEXT ( 'NONE', 'WORKASPACE' ) );
#5062 = VECTOR ( 'NONE', #2542, 1000.000000000000000 ) ;
#5063 =( LENGTH_UNIT ( ) NAMED_UNIT ( * ) SI_UNIT ( .MILLI., .METRE. ) );
#5064 = SURFACE_STYLE_USAGE ( .BOTH. , #2418 ) ;
#5065 = EDGE_LOOP ( 'NONE', ( #628, #4652, #467, #5605 ) ) ;
#5066 = LINE ( 'NONE', #857, #3787 ) ;
#5067 = FILL_AREA_STYLE ('',( #1097 ) ) ;
#5068 = VECTOR ( 'NONE', #5539, 1000.000000000000000 ) ;
#5069 = CARTESIAN_POINT ( 'NONE',  ( -2.199999999999999700, 1.400000000000000100, 0.7500000000000000000 ) ) ;
#5070 = EDGE_CURVE ( 'NONE', #5917, #3335, #6243, .T. ) ;
#5071 = CARTESIAN_POINT ( 'NONE',  ( 0.3109756097560982300, 0.2410599306555911400, 0.02000000000000000000 ) ) ;
#5072 = AXIS2_PLACEMENT_3D ( 'NONE', #1525, #4990, #2008 ) ;
#5073 = DIRECTION ( 'NONE',  ( -0.0000000000000000000, -0.0000000000000000000, 1.000000000000000000 ) ) ;
#5074 = MECHANICAL_DESIGN_GEOMETRIC_PRESENTATION_REPRESENTATION (  '', ( #4445 ), #5390 ) ;
#5075 = ORIENTED_EDGE ( 'NONE', *, *, #3740, .F. ) ;
#5076 = VERTEX_POINT ( 'NONE', #4374 ) ;
#5077 = CARTESIAN_POINT ( 'NONE',  ( 0.4767545418744458800, -0.1934257428693633700, 0.02000000000000000000 ) ) ;
#5078 = VERTEX_POINT ( 'NONE', #4854 ) ;
#5079 = CARTESIAN_POINT ( 'NONE',  ( 0.4038117729642039500, -0.1946005113006493100, 1.355252715606880500E-017 ) ) ;
#5080 = VECTOR ( 'NONE', #6274, 1000.000000000000000 ) ;
#5081 = DIRECTION ( 'NONE',  ( -0.0000000000000000000, -0.0000000000000000000, -1.000000000000000000 ) ) ;
#5082 = VECTOR ( 'NONE', #4071, 1000.000000000000000 ) ;
#5083 = CARTESIAN_POINT ( 'NONE',  ( 2.199999999999999700, 1.520000000000000500, 0.4500000000000000100 ) ) ;
#5084 = VERTEX_POINT ( 'NONE', #1854 ) ;
#5085 = SURFACE_STYLE_USAGE ( .BOTH. , #1616 ) ;
#5086 = UNCERTAINTY_MEASURE_WITH_UNIT (LENGTH_MEASURE( 1.000000000000000100E-005 ), #3248, 'distance_accuracy_value', 'NONE');
#5087 = ORIENTED_EDGE ( 'NONE', *, *, #4907, .F. ) ;
#5088 = ORIENTED_EDGE ( 'NONE', *, *, #4306, .F. ) ;
#5089 = SURFACE_STYLE_USAGE ( .BOTH. , #5101 ) ;
#5090 = LINE ( 'NONE', #5583, #2490 ) ;
#5091 = DIRECTION ( 'NONE',  ( -1.000000000000000000, 0.0000000000000000000, 0.0000000000000000000 ) ) ;
#5092 = DIRECTION ( 'NONE',  ( 0.0000000000000000000, 0.0000000000000000000, -1.000000000000000000 ) ) ;
#5093 = CARTESIAN_POINT ( 'NONE',  ( 0.6674435890370698000, -0.1050160049156174900, 1.355252715606880500E-017 ) ) ;
#5094 = CIRCLE ( 'NONE', #4316, 0.05000000000000002400 ) ;
#5095 = DIRECTION ( 'NONE',  ( 1.000000000000000000, 0.0000000000000000000, 0.0000000000000000000 ) ) ;
#5096 = CARTESIAN_POINT ( 'NONE',  ( 0.3109756097560982300, -0.1644278742224577200, 0.02000000000000000000 ) ) ;
#5097 = SURFACE_STYLE_USAGE ( .BOTH. , #3172 ) ;
#5098 =( NAMED_UNIT ( * ) PLANE_ANGLE_UNIT ( ) SI_UNIT ( $, .RADIAN. ) );
#5099 = DIRECTION ( 'NONE',  ( 0.0000000000000000000, 0.0000000000000000000, 1.000000000000000000 ) ) ;
#5100 = EDGE_CURVE ( 'NONE', #2632, #4273, #2143, .T. ) ;
#5101 = SURFACE_SIDE_STYLE ('',( #193 ) ) ;
#5102 =( NAMED_UNIT ( * ) SI_UNIT ( $, .STERADIAN. ) SOLID_ANGLE_UNIT ( ) );
#5103 = EDGE_CURVE ( 'NONE', #1440, #1805, #2310, .T. ) ;
#5104 = EDGE_CURVE ( 'NONE', #6086, #4939, #6092, .T. ) ;
#5105 = STYLED_ITEM ( 'NONE', ( #2024 ), #2183 ) ;
#5106 = COLOUR_RGB ( '',0.8274509803921568100, 0.6666666666666666300, 0.1294117647058823400 ) ;
#5107 = CARTESIAN_POINT ( 'NONE',  ( 0.6822828863907656200, 0.02411320955575899800, 1.355252715606880500E-017 ) ) ;
#5108 = STYLED_ITEM ( 'NONE', ( #2779 ), #53 ) ;
#5109 = SURFACE_SIDE_STYLE ('',( #4611 ) ) ;
#5110 = CARTESIAN_POINT ( 'NONE',  ( -0.04268292682926854600, 0.2547794428507130200, 0.02000000000000000000 ) ) ;
#5111 = CARTESIAN_POINT ( 'NONE',  ( 0.4213677138847103400, -0.1962044987750796200, 0.02000000000000000000 ) ) ;
#5112 = CARTESIAN_POINT ( 'NONE',  ( 0.4572313600440440200, -0.2511245395824711100, 1.355252715606880500E-017 ) ) ;
#5113 = LINE ( 'NONE', #1041, #2675 ) ;
#5114 = DIRECTION ( 'NONE',  ( 0.0000000000000000000, 0.0000000000000000000, -1.000000000000000000 ) ) ;
#5115 = AXIS2_PLACEMENT_3D ( 'NONE', #993, #3944, #867 ) ;
#5116 = AXIS2_PLACEMENT_3D ( 'NONE', #5172, #1244, #4740 ) ;
#5117 = FACE_OUTER_BOUND ( 'NONE', #3671, .T. ) ;
#5118 = CIRCLE ( 'NONE', #5515, 0.2200000000000001400 ) ;
#5119 = DIRECTION ( 'NONE',  ( 1.000000000000000000, -0.0000000000000000000, 0.0000000000000000000 ) ) ;
#5120 = ADVANCED_FACE ( 'NONE', ( #3515 ), #1884, .F. ) ;
#5121 = PLANE ( 'NONE',  #1388 ) ;
#5122 = FACE_OUTER_BOUND ( 'NONE', #3323, .T. ) ;
#5123 = CARTESIAN_POINT ( 'NONE',  ( 0.6113948168277749700, 0.1881541894542860500, 0.02000000000000000000 ) ) ;
#5124 = UNCERTAINTY_MEASURE_WITH_UNIT (LENGTH_MEASURE( 1.000000000000000100E-005 ), #1759, 'distance_accuracy_value', 'NONE');
#5125 = EDGE_LOOP ( 'NONE', ( #1439, #3269, #3329, #2220 ) ) ;
#5126 = CARTESIAN_POINT ( 'NONE',  ( 0.5887538488854254800, -0.1148738496863427600, -0.0000000000000000000 ) ) ;
#5127 = CARTESIAN_POINT ( 'NONE',  ( -2.400000000000000400, -0.6999999999999999600, -0.001000000000000000000 ) ) ;
#5128 = SURFACE_STYLE_FILL_AREA ( #6078 ) ;
#5129 = CARTESIAN_POINT ( 'NONE',  ( 2.199999999999999700, -1.400000000000000100, 0.8000000000000000400 ) ) ;
#5130 = FACE_OUTER_BOUND ( 'NONE', #3585, .T. ) ;
#5131 = SURFACE_SIDE_STYLE ('',( #524 ) ) ;
#5132 = SURFACE_STYLE_FILL_AREA ( #214 ) ;
#5133 = B_SPLINE_SURFACE_WITH_KNOTS ( 'NONE', 3, 1, ( 
 ( #724, #945 ),
 ( #1083, #1177 ),
 ( #1588, #1983 ),
 ( #2174, #2199 ),
 ( #2534, #2619 ),
 ( #2958, #2986 ),
 ( #3101, #3137 ),
 ( #3166, #3219 ),
 ( #3250, #3315 ),
 ( #3453, #3476 ),
 ( #3549, #3633 ) ),
 .UNSPECIFIED., .F., .F., .F.,
 ( 4, 1, 1, 1, 1, 1, 1, 1, 4 ),
 ( 2, 2 ),
 ( 0.0000000000000000000, 0.1124483899088009200, 0.2265276752126779700, 0.3444019493260277500, 0.4658649724874585100, 0.5916594493521166700, 0.7221684870248877800, 0.8586063875549264600, 1.000000000000000000 ),
 ( 0.0000000000000000000, 1.000000000000000000 ),
 .UNSPECIFIED. ) ;
#5134 = ORIENTED_EDGE ( 'NONE', *, *, #3514, .T. ) ;
#5135 = FACE_OUTER_BOUND ( 'NONE', #4871, .T. ) ;
#5136 = PRESENTATION_STYLE_ASSIGNMENT (( #3338 ) ) ;
#5137 = MECHANICAL_DESIGN_GEOMETRIC_PRESENTATION_REPRESENTATION (  '', ( #4511 ), #5455 ) ;
#5138 = VECTOR ( 'NONE', #1735, 1000.000000000000000 ) ;
#5139 = CARTESIAN_POINT ( 'NONE',  ( 2.200999999999999600, 1.600000000000000300, 0.3489999999999999800 ) ) ;
#5140 = EDGE_CURVE ( 'NONE', #55, #5931, #2894, .T. ) ;
#5141 = ORIENTED_EDGE ( 'NONE', *, *, #5576, .F. ) ;
#5142 = FACE_OUTER_BOUND ( 'NONE', #1590, .T. ) ;
#5143 = SURFACE_STYLE_USAGE ( .BOTH. , #1676 ) ;
#5144 = VERTEX_POINT ( 'NONE', #5366 ) ;
#5145 = ORIENTED_EDGE ( 'NONE', *, *, #3822, .T. ) ;
#5146 =( GEOMETRIC_REPRESENTATION_CONTEXT ( 3 ) GLOBAL_UNCERTAINTY_ASSIGNED_CONTEXT ( ( #5466 ) ) GLOBAL_UNIT_ASSIGNED_CONTEXT ( ( #2733, #2699, #583 ) ) REPRESENTATION_CONTEXT ( 'NONE', 'WORKASPACE' ) );
#5147 = VECTOR ( 'NONE', #6296, 1000.000000000000000 ) ;
#5148 = CARTESIAN_POINT ( 'NONE',  ( 0.4572313600440440200, -0.2511245395824711100, -0.0000000000000000000 ) ) ;
#5149 = EDGE_CURVE ( 'NONE', #4423, #2556, #1514, .T. ) ;
#5150 = FILL_AREA_STYLE ('',( #6048 ) ) ;
#5151 = VECTOR ( 'NONE', #1973, 1000.000000000000000 ) ;
#5152 = CARTESIAN_POINT ( 'NONE',  ( 0.4813554753168046700, 0.2567307389347600100, 1.355252715606880500E-017 ) ) ;
#5153 = ORIENTED_EDGE ( 'NONE', *, *, #2926, .T. ) ;
#5154 = CIRCLE ( 'NONE', #2889, 0.05000000000000002400 ) ;
#5155 = EDGE_CURVE ( 'NONE', #1730, #6469, #3065, .T. ) ;
#5156 = DIRECTION ( 'NONE',  ( 0.0000000000000000000, 0.0000000000000000000, -1.000000000000000000 ) ) ;
#5157 = MECHANICAL_DESIGN_GEOMETRIC_PRESENTATION_REPRESENTATION (  '', ( #4209 ), #5475 ) ;
#5158 = FACE_OUTER_BOUND ( 'NONE', #5225, .T. ) ;
#5159 = PLANE ( 'NONE',  #2092 ) ;
#5160 = ORIENTED_EDGE ( 'NONE', *, *, #3740, .T. ) ;
#5161 = ADVANCED_FACE ( 'NONE', ( #5286, #4189 ), #2491, .F. ) ;
#5162 = VERTEX_POINT ( 'NONE', #2438 ) ;
#5163 = PRESENTATION_STYLE_ASSIGNMENT (( #5885 ) ) ;
#5164 = DIRECTION ( 'NONE',  ( -1.000000000000000000, 0.0000000000000000000, 0.0000000000000000000 ) ) ;
#5165 = ORIENTED_EDGE ( 'NONE', *, *, #2177, .F. ) ;
#5166 = LINE ( 'NONE', #402, #4055 ) ;
#5167 = EDGE_LOOP ( 'NONE', ( #2450, #2799, #3013, #1336 ) ) ;
#5168 = DIRECTION ( 'NONE',  ( 0.0000000000000000000, 0.0000000000000000000, 1.000000000000000000 ) ) ;
#5169 = ORIENTED_EDGE ( 'NONE', *, *, #1033, .T. ) ;
#5170 = LINE ( 'NONE', #3967, #3898 ) ;
#5171 = CARTESIAN_POINT ( 'NONE',  ( 0.6744179057464897400, -0.08184744711937495800, 0.0000000000000000000 ) ) ;
#5172 = CARTESIAN_POINT ( 'NONE',  ( -0.2932545731707317800, 0.1999013940702252200, 0.02000000000000000000 ) ) ;
#5173 = VECTOR ( 'NONE', #1608, 1000.000000000000000 ) ;
#5174 = CARTESIAN_POINT ( 'NONE',  ( 0.6744179057464897400, -0.08184744711937495800, 1.355252715606880500E-017 ) ) ;
#5175 = CARTESIAN_POINT ( 'NONE',  ( -0.3907625265607553900, -0.1700897003234937400, 0.0000000000000000000 ) ) ;
#5176 = CARTESIAN_POINT ( 'NONE',  ( -0.5367538280350979700, 0.1111813637478258800, 0.02000000000000000000 ) ) ;
#5177 = SURFACE_STYLE_USAGE ( .BOTH. , #1717 ) ;
#5178 = CARTESIAN_POINT ( 'NONE',  ( 2.199999999999999700, 1.600000000000000300, 0.3499999999999999800 ) ) ;
#5179 = CARTESIAN_POINT ( 'NONE',  ( -0.4878048780487805900, 0.009638436753152054800, 0.0000000000000000000 ) ) ;
#5180 = EDGE_CURVE ( 'NONE', #3184, #2148, #2719, .T. ) ;
#5181 = EDGE_CURVE ( 'NONE', #80, #4563, #88, .T. ) ;
#5182 = CARTESIAN_POINT ( 'NONE',  ( -0.3703077036300180300, -0.2359113419649045400, 0.02000000000000000000 ) ) ;
#5183 =( GEOMETRIC_REPRESENTATION_CONTEXT ( 3 ) GLOBAL_UNCERTAINTY_ASSIGNED_CONTEXT ( ( #2897 ) ) GLOBAL_UNIT_ASSIGNED_CONTEXT ( ( #6157, #6199, #3941 ) ) REPRESENTATION_CONTEXT ( 'NONE', 'WORKASPACE' ) );
#5184 = TOROIDAL_SURFACE ( 'NONE', #4129, 0.1000000000000000700, 0.05000000000000000300 ) ;
#5185 = VECTOR ( 'NONE', #4870, 1000.000000000000000 ) ;
#5186 = DIRECTION ( 'NONE',  ( 0.0000000000000000000, 0.0000000000000000000, -1.000000000000000000 ) ) ;
#5187 = EDGE_LOOP ( 'NONE', ( #1888, #4487, #457, #1801 ) ) ;
#5188 = PLANE ( 'NONE',  #594 ) ;
#5189 = CARTESIAN_POINT ( 'NONE',  ( -0.2904916158536586200, -0.1903425083687991800, 0.02000000000000000000 ) ) ;
#5190 = CARTESIAN_POINT ( 'NONE',  ( -0.8172553295144939800, 0.1731510602917933900, 0.02000000000000000000 ) ) ;
#5191 = CARTESIAN_POINT ( 'NONE',  ( -0.1524390243902439800, -0.2452205571492869800, 0.02000000000000000000 ) ) ;
#5192 = FACE_OUTER_BOUND ( 'NONE', #886, .T. ) ;
#5193 = VERTEX_POINT ( 'NONE', #985 ) ;
#5194 = FACE_OUTER_BOUND ( 'NONE', #2727, .T. ) ;
#5195 = PLANE ( 'NONE',  #4991 ) ;
#5196 = DIRECTION ( 'NONE',  ( -0.0000000000000000000, -0.0000000000000000000, -1.000000000000000000 ) ) ;
#5197 = VECTOR ( 'NONE', #6289, 1000.000000000000000 ) ;
#5198 = VECTOR ( 'NONE', #1191, 1000.000000000000000 ) ;
#5199 = LINE ( 'NONE', #5284, #2620 ) ;
#5200 = LINE ( 'NONE', #2514, #1258 ) ;
#5201 = CARTESIAN_POINT ( 'NONE',  ( 2.400000000000000400, 0.6999999999999999600, 0.0000000000000000000 ) ) ;
#5202 = FILL_AREA_STYLE_COLOUR ( '', #407 ) ;
#5203 = FACE_OUTER_BOUND ( 'NONE', #6156, .T. ) ;
#5204 = EDGE_LOOP ( 'NONE', ( #3670, #5685, #2809, #172 ) ) ;
#5205 = ADVANCED_FACE ( 'NONE', ( #1354 ), #4958, .T. ) ;
#5206 = DIRECTION ( 'NONE',  ( -1.000000000000000000, 0.0000000000000000000, 0.0000000000000000000 ) ) ;
#5207 = VECTOR ( 'NONE', #1003, 1000.000000000000200 ) ;
#5208 = CARTESIAN_POINT ( 'NONE',  ( -0.7804878048780488100, 0.2547794428507130200, 0.0000000000000000000 ) ) ;
#5209 = LINE ( 'NONE', #5488, #3958 ) ;
#5210 =( GEOMETRIC_REPRESENTATION_CONTEXT ( 3 ) GLOBAL_UNCERTAINTY_ASSIGNED_CONTEXT ( ( #2014 ) ) GLOBAL_UNIT_ASSIGNED_CONTEXT ( ( #5763, #5730, #5585 ) ) REPRESENTATION_CONTEXT ( 'NONE', 'WORKASPACE' ) );
#5211 = ORIENTED_EDGE ( 'NONE', *, *, #2751, .F. ) ;
#5212 = EDGE_LOOP ( 'NONE', ( #1499, #3578, #5425, #2866 ) ) ;
#5213 = PRESENTATION_STYLE_ASSIGNMENT (( #671 ) ) ;
#5214 = EDGE_CURVE ( 'NONE', #4423, #3784, #3435, .T. ) ;
#5215 = VECTOR ( 'NONE', #818, 1000.000000000000000 ) ;
#5216 = CARTESIAN_POINT ( 'NONE',  ( 0.3154158025699776400, 0.1765668464196233400, 0.02000000000000000000 ) ) ;
#5217 = EDGE_CURVE ( 'NONE', #482, #6086, #2053, .T. ) ;
#5218 = STYLED_ITEM ( 'NONE', ( #5664 ), #1679 ) ;
#5219 = CARTESIAN_POINT ( 'NONE',  ( 2.199999999999999700, 1.500000000000000400, 0.6999999999999999600 ) ) ;
#5220 = ORIENTED_EDGE ( 'NONE', *, *, #961, .F. ) ;
#5221 = ORIENTED_EDGE ( 'NONE', *, *, #6488, .F. ) ;
#5222 = MECHANICAL_DESIGN_GEOMETRIC_PRESENTATION_REPRESENTATION (  '', ( #4280 ), #5557 ) ;
#5223 = VECTOR ( 'NONE', #3058, 1000.000000000000000 ) ;
#5224 = ORIENTED_EDGE ( 'NONE', *, *, #3752, .T. ) ;
#5225 = EDGE_LOOP ( 'NONE', ( #5452, #742, #2052, #5617 ) ) ;
#5226 = DIRECTION ( 'NONE',  ( 0.0000000000000000000, 1.000000000000000000, 0.0000000000000000000 ) ) ;
#5227 = CARTESIAN_POINT ( 'NONE',  ( -0.5506623980646331300, -0.04390394433163362400, 0.02000000000000000000 ) ) ;
#5228 = AXIS2_PLACEMENT_3D ( 'NONE', #3226, #4602, #766 ) ;
#5229 = CARTESIAN_POINT ( 'NONE',  ( 0.4583433388316404700, -0.1959495275232466800, 1.355252715606880500E-017 ) ) ;
#5230 = CARTESIAN_POINT ( 'NONE',  ( 2.399999999999999900, 1.300000000000000300, 0.7500000000000000000 ) ) ;
#5231 = DIRECTION ( 'NONE',  ( -0.0000000000000000000, -0.0000000000000000000, -1.000000000000000000 ) ) ;
#5232 = VERTEX_POINT ( 'NONE', #4044 ) ;
#5233 = LINE ( 'NONE', #2250, #6423 ) ;
#5234 = DIRECTION ( 'NONE',  ( 1.000000000000000000, 4.336808689942025600E-015, -0.0000000000000000000 ) ) ;
#5235 = CARTESIAN_POINT ( 'NONE',  ( 0.5296491528746722900, 0.2431251567585665000, 0.0000000000000000000 ) ) ;
#5236 = CARTESIAN_POINT ( 'NONE',  ( 2.500000000000000000, -1.600000000000000300, 0.3489999999999999800 ) ) ;
#5237 = DIRECTION ( 'NONE',  ( 0.0000000000000000000, -0.0000000000000000000, -1.000000000000000000 ) ) ;
#5238 = SURFACE_STYLE_USAGE ( .BOTH. , #3203 ) ;
#5239 = CARTESIAN_POINT ( 'NONE',  ( -0.4806392962021378000, -0.1755540205914035400, 1.355252715606880500E-017 ) ) ;
#5240 = FILL_AREA_STYLE_COLOUR ( '', #2474 ) ;
#5241 = CARTESIAN_POINT ( 'NONE',  ( 0.4572313600440440200, -0.2511245395824711100, 0.02000000000000000000 ) ) ;
#5242 =( GEOMETRIC_REPRESENTATION_CONTEXT ( 3 ) GLOBAL_UNCERTAINTY_ASSIGNED_CONTEXT ( ( #3697 ) ) GLOBAL_UNIT_ASSIGNED_CONTEXT ( ( #1868, #2322, #3388 ) ) REPRESENTATION_CONTEXT ( 'NONE', 'WORKASPACE' ) );
#5243 = CARTESIAN_POINT ( 'NONE',  ( -0.3127223659116416000, -0.1898619561555942000, 0.02000000000000000000 ) ) ;
#5244 =( NAMED_UNIT ( * ) PLANE_ANGLE_UNIT ( ) SI_UNIT ( $, .RADIAN. ) );
#5245 = EDGE_CURVE ( 'NONE', #6462, #5008, #3260, .T. ) ;
#5246 =( GEOMETRIC_REPRESENTATION_CONTEXT ( 3 ) GLOBAL_UNCERTAINTY_ASSIGNED_CONTEXT ( ( #6360 ) ) GLOBAL_UNIT_ASSIGNED_CONTEXT ( ( #5063, #5027, #4981 ) ) REPRESENTATION_CONTEXT ( 'NONE', 'WORKASPACE' ) );
#5247 = FACE_OUTER_BOUND ( 'NONE', #2703, .T. ) ;
#5248 = CIRCLE ( 'NONE', #5072, 0.3000000000000003800 ) ;
#5249 = CARTESIAN_POINT ( 'NONE',  ( 0.3816842251632447900, 0.2017326008699218700, 0.02000000000000000000 ) ) ;
#5250 = FACE_OUTER_BOUND ( 'NONE', #5352, .T. ) ;
#5251 = FACE_OUTER_BOUND ( 'NONE', #4057, .T. ) ;
#5252 = EDGE_CURVE ( 'NONE', #4587, #2493, #2544, .T. ) ;
#5253 = AXIS2_PLACEMENT_3D ( 'NONE', #4839, #1847, #5312 ) ;
#5254 = PRESENTATION_LAYER_ASSIGNMENT (  '', '', ( #4650 ) ) ;
#5255 = DIRECTION ( 'NONE',  ( -0.0000000000000000000, -0.0000000000000000000, -1.000000000000000000 ) ) ;
#5256 = DIRECTION ( 'NONE',  ( 0.0000000000000000000, -1.000000000000000000, 0.0000000000000000000 ) ) ;
#5257 = UNCERTAINTY_MEASURE_WITH_UNIT (LENGTH_MEASURE( 1.000000000000000100E-005 ), #2190, 'distance_accuracy_value', 'NONE');
#5258 = COLOUR_RGB ( '',0.8274509803921568100, 0.6666666666666666300, 0.1294117647058823400 ) ;
#5259 = CARTESIAN_POINT ( 'NONE',  ( 0.6131126674932582100, -0.04298279970911134100, -0.0000000000000000000 ) ) ;
#5260 = FILL_AREA_STYLE_COLOUR ( '', #6193 ) ;
#5261 = CARTESIAN_POINT ( 'NONE',  ( -0.3167229944959291700, -0.2447080404971323000, 0.02000000000000000000 ) ) ;
#5262 =( NAMED_UNIT ( * ) SI_UNIT ( $, .STERADIAN. ) SOLID_ANGLE_UNIT ( ) );
#5263 = DIRECTION ( 'NONE',  ( 0.0000000000000000000, -0.0000000000000000000, -1.000000000000000000 ) ) ;
#5264 = DIRECTION ( 'NONE',  ( 0.0000000000000000000, 0.0000000000000000000, 1.000000000000000000 ) ) ;
#5265 = ORIENTED_EDGE ( 'NONE', *, *, #3003, .T. ) ;
#5266 =( NAMED_UNIT ( * ) SI_UNIT ( $, .STERADIAN. ) SOLID_ANGLE_UNIT ( ) );
#5267 = CARTESIAN_POINT ( 'NONE',  ( -0.4849282495683451300, -0.03477797000460415600, 0.02000000000000000000 ) ) ;
#5268 = COLOUR_RGB ( '',0.8274509803921568100, 0.6666666666666666300, 0.1294117647058823400 ) ;
#5269 = ORIENTED_EDGE ( 'NONE', *, *, #2841, .T. ) ;
#5270 = CARTESIAN_POINT ( 'NONE',  ( 0.6028410990238625100, -0.1996831275286624100, 0.02000000000000000000 ) ) ;
#5271 = CARTESIAN_POINT ( 'NONE',  ( 0.3561380406335693500, -0.2391016554967827800, 0.02000000000000000000 ) ) ;
#5272 = LINE ( 'NONE', #195, #2698 ) ;
#5273 = ORIENTED_EDGE ( 'NONE', *, *, #3293, .T. ) ;
#5274 = ORIENTED_EDGE ( 'NONE', *, *, #3381, .F. ) ;
#5275 = VECTOR ( 'NONE', #5456, 1000.000000000000000 ) ;
#5276 = VECTOR ( 'NONE', #223, 1000.000000000000000 ) ;
#5277 = ORIENTED_EDGE ( 'NONE', *, *, #367, .F. ) ;
#5278 = CARTESIAN_POINT ( 'NONE',  ( -2.199999999999999700, 1.520000000000000200, 0.4699999999999999700 ) ) ;
#5279 = ORIENTED_EDGE ( 'NONE', *, *, #3702, .T. ) ;
#5280 = VERTEX_POINT ( 'NONE', #5987 ) ;
#5281 = STYLED_ITEM ( 'NONE', ( #4979 ), #357 ) ;
#5282 = EDGE_CURVE ( 'NONE', #3364, #5781, #4411, .T. ) ;
#5283 = VECTOR ( 'NONE', #6124, 1000.000000000000000 ) ;
#5284 = CARTESIAN_POINT ( 'NONE',  ( -1.300000000000000300, 1.500000000000000000, 0.3489999999999999800 ) ) ;
#5285 = SURFACE_SIDE_STYLE ('',( #2182 ) ) ;
#5286 = FACE_BOUND ( 'NONE', #5389, .T. ) ;
#5287 = CARTESIAN_POINT ( 'NONE',  ( 0.6744179057464897400, -0.08184744711937495800, 0.02000000000000000000 ) ) ;
#5288 = FILL_AREA_STYLE ('',( #4063 ) ) ;
#5289 = ORIENTED_EDGE ( 'NONE', *, *, #2510, .T. ) ;
#5290 = FACE_OUTER_BOUND ( 'NONE', #2398, .T. ) ;
#5291 = CARTESIAN_POINT ( 'NONE',  ( -0.8118330792682927300, 0.1938038330946154600, 0.02000000000000000000 ) ) ;
#5292 = PLANE ( 'NONE',  #6245 ) ;
#5293 = ORIENTED_EDGE ( 'NONE', *, *, #788, .F. ) ;
#5294 = CARTESIAN_POINT ( 'NONE',  ( 2.349999999999999600, 1.300000000000000300, 0.7500000000000000000 ) ) ;
#5295 = VERTEX_POINT ( 'NONE', #512 ) ;
#5296 = DIRECTION ( 'NONE',  ( 0.0000000000000000000, 0.0000000000000000000, -1.000000000000000000 ) ) ;
#5297 = ORIENTED_EDGE ( 'NONE', *, *, #5459, .F. ) ;
#5298 = EDGE_CURVE ( 'NONE', #6390, #1723, #5674, .T. ) ;
#5299 = EDGE_CURVE ( 'NONE', #3028, #2789, #544, .T. ) ;
#5300 = CARTESIAN_POINT ( 'NONE',  ( 2.101000000000000400, -1.600000000000000300, -0.001000000000000000000 ) ) ;
#5301 = EDGE_CURVE ( 'NONE', #815, #4563, #5525, .T. ) ;
#5302 = PRESENTATION_LAYER_ASSIGNMENT (  '', '', ( #4677 ) ) ;
#5303 = VECTOR ( 'NONE', #6258, 1000.000000000000000 ) ;
#5304 = CARTESIAN_POINT ( 'NONE',  ( -2.199999999999999700, -1.450000000000000200, 0.7500000000000000000 ) ) ;
#5305 = ORIENTED_EDGE ( 'NONE', *, *, #1457, .F. ) ;
#5306 = AXIS2_PLACEMENT_3D ( 'NONE', #828, #849, #866 ) ;
#5307 = ORIENTED_EDGE ( 'NONE', *, *, #554, .F. ) ;
#5308 = DIRECTION ( 'NONE',  ( -0.0000000000000000000, -1.000000000000000000, -0.0000000000000000000 ) ) ;
#5309 = VECTOR ( 'NONE', #3475, 1000.000000000000000 ) ;
#5310 = CARTESIAN_POINT ( 'NONE',  ( 0.3109756097560981700, -0.2193059230029455200, 0.0000000000000000000 ) ) ;
#5311 =( NAMED_UNIT ( * ) PLANE_ANGLE_UNIT ( ) SI_UNIT ( $, .RADIAN. ) );
#5312 = DIRECTION ( 'NONE',  ( -1.000000000000000000, 0.0000000000000000000, 0.0000000000000000000 ) ) ;
#5313 = AXIS2_PLACEMENT_3D ( 'NONE', #301, #1876, #5331 ) ;
#5314 = FILL_AREA_STYLE ('',( #2251 ) ) ;
#5315 = UNCERTAINTY_MEASURE_WITH_UNIT (LENGTH_MEASURE( 1.000000000000000100E-005 ), #448, 'distance_accuracy_value', 'NONE');
#5316 = LINE ( 'NONE', #5558, #1539 ) ;
#5317 =( NAMED_UNIT ( * ) SI_UNIT ( $, .STERADIAN. ) SOLID_ANGLE_UNIT ( ) );
#5318 = CARTESIAN_POINT ( 'NONE',  ( 0.5107842865561875700, -0.1835386251994045900, 0.02000000000000000000 ) ) ;
#5319 = CARTESIAN_POINT ( 'NONE',  ( 0.3638328332527678800, 0.2560436117162395200, 1.355252715606880500E-017 ) ) ;
#5320 = CARTESIAN_POINT ( 'NONE',  ( -0.4876409877575750300, 0.01729887932191855700, 0.02000000000000000000 ) ) ;
#5321 = COLOUR_RGB ( '',0.8274509803921568100, 0.6666666666666666300, 0.1294117647058823400 ) ;
#5322 = DIRECTION ( 'NONE',  ( -1.000000000000000000, 0.0000000000000000000, -0.0000000000000000000 ) ) ;
#5323 = FACE_OUTER_BOUND ( 'NONE', #955, .T. ) ;
#5324 = CARTESIAN_POINT ( 'NONE',  ( 0.5673533901101536200, -0.1437249551269814700, -0.0000000000000000000 ) ) ;
#5325 =( LENGTH_UNIT ( ) NAMED_UNIT ( * ) SI_UNIT ( .MILLI., .METRE. ) );
#5326 = DIRECTION ( 'NONE',  ( 0.0000000000000000000, 1.000000000000000000, 0.0000000000000000000 ) ) ;
#5327 = CARTESIAN_POINT ( 'NONE',  ( 0.6028410990238625100, -0.1996831275286624100, 0.02000000000000000000 ) ) ;
#5328 = STYLED_ITEM ( 'NONE', ( #4670 ), #577 ) ;
#5329 =( NAMED_UNIT ( * ) PLANE_ANGLE_UNIT ( ) SI_UNIT ( $, .RADIAN. ) );
#5330 = PRESENTATION_STYLE_ASSIGNMENT (( #5238 ) ) ;
#5331 = DIRECTION ( 'NONE',  ( 1.000000000000000000, 0.0000000000000000000, 0.0000000000000000000 ) ) ;
#5332 = CARTESIAN_POINT ( 'NONE',  ( -0.8101486246691070900, 0.1835174082074200700, 0.02000000000000000000 ) ) ;
#5333 = EDGE_CURVE ( 'NONE', #3737, #5384, #1729, .T. ) ;
#5334 = LINE ( 'NONE', #895, #1401 ) ;
#5335 = EDGE_CURVE ( 'NONE', #2457, #6400, #4256, .T. ) ;
#5336 = CARTESIAN_POINT ( 'NONE',  ( -1.300000000000000300, 1.500000000000000000, -0.001000000000000000000 ) ) ;
#5337 = AXIS2_PLACEMENT_3D ( 'NONE', #4007, #271, #237 ) ;
#5338 = FILL_AREA_STYLE ('',( #2925 ) ) ;
#5339 = VECTOR ( 'NONE', #4485, 1000.000000000000000 ) ;
#5340 = CARTESIAN_POINT ( 'NONE',  ( -0.3892718088248065000, 0.1815563509975990100, 0.02000000000000000000 ) ) ;
#5341 = DIRECTION ( 'NONE',  ( 1.000000000000000000, 0.0000000000000000000, 0.0000000000000000000 ) ) ;
#5342 = EDGE_CURVE ( 'NONE', #2597, #1317, #5367, .T. ) ;
#5343 = VECTOR ( 'NONE', #6352, 1000.000000000000000 ) ;
#5344 = MECHANICAL_DESIGN_GEOMETRIC_PRESENTATION_REPRESENTATION (  '', ( #4403 ), #5680 ) ;
#5345 = PRESENTATION_STYLE_ASSIGNMENT (( #6165 ) ) ;
#5346 = STYLED_ITEM ( 'NONE', ( #6555 ), #280 ) ;
#5347 =( GEOMETRIC_REPRESENTATION_CONTEXT ( 3 ) GLOBAL_UNCERTAINTY_ASSIGNED_CONTEXT ( ( #3526 ) ) GLOBAL_UNIT_ASSIGNED_CONTEXT ( ( #3544, #468, #4013 ) ) REPRESENTATION_CONTEXT ( 'NONE', 'WORKASPACE' ) );
#5348 = CARTESIAN_POINT ( 'NONE',  ( 0.5730602608781828500, 0.2201511541087017600, 0.02000000000000000000 ) ) ;
#5349 = VECTOR ( 'NONE', #4362, 1000.000000000000000 ) ;
#5350 =( NAMED_UNIT ( * ) SI_UNIT ( $, .STERADIAN. ) SOLID_ANGLE_UNIT ( ) );
#5351 = SURFACE_STYLE_USAGE ( .BOTH. , #4297 ) ;
#5352 = EDGE_LOOP ( 'NONE', ( #2887, #2238, #3111, #4330 ) ) ;
#5353 = CARTESIAN_POINT ( 'NONE',  ( -2.500000000000000000, 1.600000000000000300, 0.3489999999999999800 ) ) ;
#5354 =( LENGTH_UNIT ( ) NAMED_UNIT ( * ) SI_UNIT ( .MILLI., .METRE. ) );
#5355 = SURFACE_STYLE_FILL_AREA ( #5578 ) ;
#5356 = CARTESIAN_POINT ( 'NONE',  ( 0.6195335880197235800, -0.1839393820122602900, 0.02000000000000000000 ) ) ;
#5357 = ORIENTED_EDGE ( 'NONE', *, *, #3076, .F. ) ;
#5358 = CARTESIAN_POINT ( 'NONE',  ( -2.500000000000000000, -1.399999999999999900, 0.4500000000000000100 ) ) ;
#5359 = SURFACE_STYLE_USAGE ( .BOTH. , #5131 ) ;
#5360 = CARTESIAN_POINT ( 'NONE',  ( -0.8141460919036358500, 0.1899601461091186300, 0.02000000000000000000 ) ) ;
#5361 = ORIENTED_EDGE ( 'NONE', *, *, #841, .F. ) ;
#5362 = CIRCLE ( 'NONE', #1466, 0.05000000000000002400 ) ;
#5363 =( NAMED_UNIT ( * ) SI_UNIT ( $, .STERADIAN. ) SOLID_ANGLE_UNIT ( ) );
#5364 = ORIENTED_EDGE ( 'NONE', *, *, #2515, .T. ) ;
#5365 = LINE ( 'NONE', #746, #5207 ) ;
#5366 = CARTESIAN_POINT ( 'NONE',  ( -2.199999999999999700, 1.450000000000000400, 0.7500000000000000000 ) ) ;
#5367 = LINE ( 'NONE', #1068, #1429 ) ;
#5368 = CARTESIAN_POINT ( 'NONE',  ( -2.500000000000000000, -1.201000000000000700, -0.001000000000000000000 ) ) ;
#5369 = VERTEX_POINT ( 'NONE', #5034 ) ;
#5370 = ORIENTED_EDGE ( 'NONE', *, *, #5753, .F. ) ;
#5371 = COLOUR_RGB ( '',1.000000000000000000, 1.000000000000000000, 1.000000000000000000 ) ;
#5372 = CARTESIAN_POINT ( 'NONE',  ( 0.3109756097560982300, 0.2410599306555911400, 0.02000000000000000000 ) ) ;
#5373 = LINE ( 'NONE', #6221, #4121 ) ;
#5374 = FILL_AREA_STYLE_COLOUR ( '', #2690 ) ;
#5375 = STYLED_ITEM ( 'NONE', ( #1240 ), #421 ) ;
#5376 = CARTESIAN_POINT ( 'NONE',  ( -0.2195121951219513000, -0.1903425083687991800, 0.02000000000000000000 ) ) ;
#5377 = ORIENTED_EDGE ( 'NONE', *, *, #2700, .F. ) ;
#5378 = CYLINDRICAL_SURFACE ( 'NONE', #4634, 0.2000000000000000900 ) ;
#5379 = CARTESIAN_POINT ( 'NONE',  ( 2.500000000000000000, -1.301000000000000200, 0.3489999999999999800 ) ) ;
#5380 = DIRECTION ( 'NONE',  ( -1.000000000000000000, 0.0000000000000000000, 0.0000000000000000000 ) ) ;
#5381 = FILL_AREA_STYLE ('',( #1902 ) ) ;
#5382 = ORIENTED_EDGE ( 'NONE', *, *, #646, .T. ) ;
#5383 = DIRECTION ( 'NONE',  ( 0.0000000000000000000, 1.000000000000000000, 0.0000000000000000000 ) ) ;
#5384 = VERTEX_POINT ( 'NONE', #2066 ) ;
#5385 = CARTESIAN_POINT ( 'NONE',  ( -0.3341406441838932800, -0.1873390553491258400, 1.355252715606880500E-017 ) ) ;
#5386 = CARTESIAN_POINT ( 'NONE',  ( 0.5035959877791481600, 0.1924243572416083300, 0.0000000000000000000 ) ) ;
#5387 = EDGE_CURVE ( 'NONE', #4719, #3746, #5209, .T. ) ;
#5388 = AXIS2_PLACEMENT_3D ( 'NONE', #5965, #3046, #6470 ) ;
#5389 = EDGE_LOOP ( 'NONE', ( #3980, #4135, #4269, #5536, #5688, #5856 ) ) ;
#5390 =( GEOMETRIC_REPRESENTATION_CONTEXT ( 3 ) GLOBAL_UNCERTAINTY_ASSIGNED_CONTEXT ( ( #1400 ) ) GLOBAL_UNIT_ASSIGNED_CONTEXT ( ( #4733, #4662, #4807 ) ) REPRESENTATION_CONTEXT ( 'NONE', 'WORKASPACE' ) );
#5391 = DIRECTION ( 'NONE',  ( -0.0000000000000000000, -0.0000000000000000000, -1.000000000000000000 ) ) ;
#5392 = CARTESIAN_POINT ( 'NONE',  ( -0.8141460919036358500, 0.1899601461091186300, 1.355252715606880500E-017 ) ) ;
#5393 = CARTESIAN_POINT ( 'NONE',  ( -0.5546761151791653700, 0.001623760353635814800, -0.0000000000000000000 ) ) ;
#5394 = PLANE ( 'NONE',  #1692 ) ;
#5395 = DIRECTION ( 'NONE',  ( -0.0000000000000000000, -0.0000000000000000000, -1.000000000000000000 ) ) ;
#5396 = CARTESIAN_POINT ( 'NONE',  ( -2.199999999999999700, -1.520000000000000000, 0.4699999999999999700 ) ) ;
#5397 = DIRECTION ( 'NONE',  ( 0.0000000000000000000, 1.000000000000000000, 0.0000000000000000000 ) ) ;
#5398 =( NAMED_UNIT ( * ) PLANE_ANGLE_UNIT ( ) SI_UNIT ( $, .RADIAN. ) );
#5399 = CARTESIAN_POINT ( 'NONE',  ( 0.3523311418886928600, 0.1936955172444572400, 1.355252715606880500E-017 ) ) ;
#5400 = CARTESIAN_POINT ( 'NONE',  ( -0.4480639183564925600, -0.1241107457636529800, 0.02000000000000000000 ) ) ;
#5401 = CARTESIAN_POINT ( 'NONE',  ( 0.6158536585365860200, -0.0005559230029455151900, 0.0000000000000000000 ) ) ;
#5402 = DIRECTION ( 'NONE',  ( 0.0000000000000000000, -1.000000000000000000, 0.0000000000000000000 ) ) ;
#5403 = SURFACE_STYLE_FILL_AREA ( #5569 ) ;
#5404 = SURFACE_STYLE_USAGE ( .BOTH. , #1951 ) ;
#5405 = ORIENTED_EDGE ( 'NONE', *, *, #4038, .F. ) ;
#5406 = CARTESIAN_POINT ( 'NONE',  ( -0.8134527439024390500, 0.1938038330946154600, 1.355252715606880500E-017 ) ) ;
#5407 = CARTESIAN_POINT ( 'NONE',  ( -0.4613397204180566500, -0.1918168026657045000, 0.0000000000000000000 ) ) ;
#5408 = SURFACE_STYLE_FILL_AREA ( #1132 ) ;
#5409 = CARTESIAN_POINT ( 'NONE',  ( 2.199999999999999700, -1.520000000000000000, 0.4699999999999999700 ) ) ;
#5410 =( NAMED_UNIT ( * ) SI_UNIT ( $, .STERADIAN. ) SOLID_ANGLE_UNIT ( ) );
#5411 = FILL_AREA_STYLE_COLOUR ( '', #3240 ) ;
#5412 = EDGE_CURVE ( 'NONE', #4502, #2236, #6562, .T. ) ;
#5413 = SHAPE_DEFINITION_REPRESENTATION ( #1841, #758 ) ;
#5414 = LINE ( 'NONE', #6434, #2861 ) ;
#5415 = CARTESIAN_POINT ( 'NONE',  ( 0.5410302369630550800, -0.1669545113433147100, -0.0000000000000000000 ) ) ;
#5416 = EDGE_CURVE ( 'NONE', #5084, #4939, #1585, .T. ) ;
#5417 = EDGE_CURVE ( 'NONE', #196, #5917, #2804, .T. ) ;
#5418 = CARTESIAN_POINT ( 'NONE',  ( -0.4872970335962070200, -0.01299725068988547200, 1.355252715606880500E-017 ) ) ;
#5419 = PRESENTATION_LAYER_ASSIGNMENT (  '', '', ( #5105 ) ) ;
#5420 = FILL_AREA_STYLE ('',( #3995 ) ) ;
#5421 = AXIS2_PLACEMENT_3D ( 'NONE', #752, #6439, #6456 ) ;
#5422 = ORIENTED_EDGE ( 'NONE', *, *, #2351, .T. ) ;
#5423 = PRESENTATION_STYLE_ASSIGNMENT (( #5961 ) ) ;
#5424 = CARTESIAN_POINT ( 'NONE',  ( 0.3109756097560981700, 0.1739867599238837900, 0.0000000000000000000 ) ) ;
#5425 = ORIENTED_EDGE ( 'NONE', *, *, #1162, .T. ) ;
#5426 = VECTOR ( 'NONE', #1091, 1000.000000000000000 ) ;
#5427 = VECTOR ( 'NONE', #2265, 1000.000000000000000 ) ;
#5428 = PLANE ( 'NONE',  #169 ) ;
#5429 = PRESENTATION_LAYER_ASSIGNMENT (  '', '', ( #4805 ) ) ;
#5430 = STYLED_ITEM ( 'NONE', ( #2526 ), #6228 ) ;
#5431 = EDGE_LOOP ( 'NONE', ( #793, #814, #1506, #1017 ) ) ;
#5432 = ORIENTED_EDGE ( 'NONE', *, *, #1486, .T. ) ;
#5433 = VECTOR ( 'NONE', #3180, 1000.000000000000000 ) ;
#5434 = ORIENTED_EDGE ( 'NONE', *, *, #3951, .F. ) ;
#5435 = CARTESIAN_POINT ( 'NONE',  ( 2.199999999999999700, -1.300000000000000000, 0.6999999999999999600 ) ) ;
#5436 = FILL_AREA_STYLE_COLOUR ( '', #6364 ) ;
#5437 = CARTESIAN_POINT ( 'NONE',  ( -2.500000000000000000, 1.399999999999999900, 0.3499999999999999800 ) ) ;
#5438 = CARTESIAN_POINT ( 'NONE',  ( 0.1463414634146338900, -0.1903425083687991800, 0.02000000000000000000 ) ) ;
#5439 = VERTEX_POINT ( 'NONE', #566 ) ;
#5440 = ORIENTED_EDGE ( 'NONE', *, *, #4878, .T. ) ;
#5441 = LINE ( 'NONE', #5611, #2890 ) ;
#5442 = CARTESIAN_POINT ( 'NONE',  ( -0.8205460169504995600, 0.1607377747114145700, -0.0000000000000000000 ) ) ;
#5443 = VECTOR ( 'NONE', #4874, 1000.000000000000000 ) ;
#5444 = DIRECTION ( 'NONE',  ( 0.0000000000000000000, -1.000000000000000000, 0.0000000000000000000 ) ) ;
#5445 =( NAMED_UNIT ( * ) SI_UNIT ( $, .STERADIAN. ) SOLID_ANGLE_UNIT ( ) );
#5446 = ORIENTED_EDGE ( 'NONE', *, *, #1989, .F. ) ;
#5447 = VERTEX_POINT ( 'NONE', #6054 ) ;
#5448 = CARTESIAN_POINT ( 'NONE',  ( -2.299999999999999400, -1.300000000000000000, 0.8000000000000000400 ) ) ;
#5449 = CARTESIAN_POINT ( 'NONE',  ( 0.5848806046880747900, -0.2136704002188259700, 0.02000000000000000000 ) ) ;
#5450 = CARTESIAN_POINT ( 'NONE',  ( 0.4123440683672716100, 0.2057612230208574500, 0.0000000000000000000 ) ) ;
#5451 = VERTEX_POINT ( 'NONE', #2090 ) ;
#5452 = ORIENTED_EDGE ( 'NONE', *, *, #5754, .T. ) ;
#5453 = CARTESIAN_POINT ( 'NONE',  ( 0.4393102134146347800, -0.1964400693444089400, 0.0000000000000000000 ) ) ;
#5454 = LINE ( 'NONE', #1304, #1368 ) ;
#5455 =( GEOMETRIC_REPRESENTATION_CONTEXT ( 3 ) GLOBAL_UNCERTAINTY_ASSIGNED_CONTEXT ( ( #873 ) ) GLOBAL_UNIT_ASSIGNED_CONTEXT ( ( #4923, #4140, #6282 ) ) REPRESENTATION_CONTEXT ( 'NONE', 'WORKASPACE' ) );
#5456 = DIRECTION ( 'NONE',  ( -0.0000000000000000000, 1.000000000000000000, -0.0000000000000000000 ) ) ;
#5457 = CARTESIAN_POINT ( 'NONE',  ( 0.6829268292682932900, -0.004652721783433296800, 0.02000000000000000000 ) ) ;
#5458 = ORIENTED_EDGE ( 'NONE', *, *, #2753, .F. ) ;
#5459 = EDGE_CURVE ( 'NONE', #2643, #6400, #6396, .T. ) ;
#5460 = CARTESIAN_POINT ( 'NONE',  ( 0.5654144404474134000, -0.2253373654160846800, 1.355252715606880500E-017 ) ) ;
#5461 =( NAMED_UNIT ( * ) SI_UNIT ( $, .STERADIAN. ) SOLID_ANGLE_UNIT ( ) );
#5462 = PRODUCT_DEFINITION_CONTEXT ( 'detailed design', #2937, 'design' ) ;
#5463 = LINE ( 'NONE', #934, #5309 ) ;
#5464 = CARTESIAN_POINT ( 'NONE',  ( -0.3538631564933595300, 0.1935830907987204600, 1.355252715606880500E-017 ) ) ;
#5465 = CARTESIAN_POINT ( 'NONE',  ( -0.2935403963414635100, 0.2547794428507130200, 0.0000000000000000000 ) ) ;
#5466 = UNCERTAINTY_MEASURE_WITH_UNIT (LENGTH_MEASURE( 1.000000000000000100E-005 ), #2733, 'distance_accuracy_value', 'NONE');
#5467 = EDGE_CURVE ( 'NONE', #4413, #3035, #2634, .T. ) ;
#5468 = PLANE ( 'NONE',  #6409 ) ;
#5469 = DIRECTION ( 'NONE',  ( 0.0000000000000000000, 0.0000000000000000000, -1.000000000000000000 ) ) ;
#5470 = CARTESIAN_POINT ( 'NONE',  ( 0.5848806046880747900, -0.2136704002188259700, 1.355252715606880500E-017 ) ) ;
#5471 = CIRCLE ( 'NONE', #607, 0.05000000000000002400 ) ;
#5472 = EDGE_CURVE ( 'NONE', #2648, #5725, #2985, .T. ) ;
#5473 =( NAMED_UNIT ( * ) PLANE_ANGLE_UNIT ( ) SI_UNIT ( $, .RADIAN. ) );
#5474 = CARTESIAN_POINT ( 'NONE',  ( -0.8038300304878049900, 0.1587428574848593900, 0.0000000000000000000 ) ) ;
#5475 =( GEOMETRIC_REPRESENTATION_CONTEXT ( 3 ) GLOBAL_UNCERTAINTY_ASSIGNED_CONTEXT ( ( #1625 ) ) GLOBAL_UNIT_ASSIGNED_CONTEXT ( ( #2121, #5566, #2663 ) ) REPRESENTATION_CONTEXT ( 'NONE', 'WORKASPACE' ) );
#5476 = DIRECTION ( 'NONE',  ( -1.000000000000000000, 0.0000000000000000000, 0.0000000000000000000 ) ) ;
#5477 = AXIS2_PLACEMENT_3D ( 'NONE', #1170, #1675, #5168 ) ;
#5478 = CARTESIAN_POINT ( 'NONE',  ( 0.3546144861576529500, -0.1841850428571639200, 0.0000000000000000000 ) ) ;
#5479 =( NAMED_UNIT ( * ) SI_UNIT ( $, .STERADIAN. ) SOLID_ANGLE_UNIT ( ) );
#5480 = DIRECTION ( 'NONE',  ( 0.0000000000000000000, 0.0000000000000000000, 1.000000000000000000 ) ) ;
#5481 = CARTESIAN_POINT ( 'NONE',  ( -2.500000000000000000, -1.201000000000000700, 0.3489999999999999800 ) ) ;
#5482 = CARTESIAN_POINT ( 'NONE',  ( -0.3721065928830386000, 0.1883118140154712000, 0.0000000000000000000 ) ) ;
#5483 = B_SPLINE_CURVE_WITH_KNOTS ( 'NONE', 3,
 ( #5310, #1363, #6303, #2383, #5812, #2917, #6329, #3407, #319, #3900, #888 ),
 .UNSPECIFIED., .F., .F.,
 ( 4, 1, 1, 1, 1, 1, 1, 1, 4 ),
 ( 0.0000000000000000000, 0.1124483899088009200, 0.2265276752126779700, 0.3444019493260277500, 0.4658649724874585100, 0.5916594493521166700, 0.7221684870248877800, 0.8586063875549264600, 1.000000000000000000 ),
 .UNSPECIFIED. ) ;
#5484 = CARTESIAN_POINT ( 'NONE',  ( 0.5654144404474134000, -0.2253373654160846800, 0.02000000000000000000 ) ) ;
#5485 = DIRECTION ( 'NONE',  ( 1.000000000000000000, 0.0000000000000000000, 0.0000000000000000000 ) ) ;
#5486 = DIRECTION ( 'NONE',  ( 1.000000000000000000, 0.0000000000000000000, -0.0000000000000000000 ) ) ;
#5487 = CARTESIAN_POINT ( 'NONE',  ( -0.04268292682926854600, 0.1999013940702252200, 0.0000000000000000000 ) ) ;
#5488 = CARTESIAN_POINT ( 'NONE',  ( -0.03048780487804902300, -0.01961080105172599200, 0.02000000000000000000 ) ) ;
#5489 = CARTESIAN_POINT ( 'NONE',  ( 0.5224595266993279400, -0.2422454414218239700, 1.355252715606880500E-017 ) ) ;
#5490 = CIRCLE ( 'NONE', #2088, 0.2000000000000000900 ) ;
#5491 =( NAMED_UNIT ( * ) SI_UNIT ( $, .STERADIAN. ) SOLID_ANGLE_UNIT ( ) );
#5492 = CARTESIAN_POINT ( 'NONE',  ( -0.04268292682926854600, 0.1999013940702252200, 0.02000000000000000000 ) ) ;
#5493 = PRESENTATION_LAYER_ASSIGNMENT (  '', '', ( #4548 ) ) ;
#5494 = CYLINDRICAL_SURFACE ( 'NONE', #4431, 0.2000000000000000900 ) ;
#5495 =( LENGTH_UNIT ( ) NAMED_UNIT ( * ) SI_UNIT ( .MILLI., .METRE. ) );
#5496 = VECTOR ( 'NONE', #1479, 1000.000000000000000 ) ;
#5497 = CARTESIAN_POINT ( 'NONE',  ( -0.4806914022423381900, 0.07391931017709225900, 1.355252715606880500E-017 ) ) ;
#5498 = CARTESIAN_POINT ( 'NONE',  ( 0.5503284455404370300, 0.1634075122256821400, 0.02000000000000000000 ) ) ;
#5499 = STYLED_ITEM ( 'NONE', ( #1544 ), #615 ) ;
#5500 = DIRECTION ( 'NONE',  ( 0.0000000000000000000, 0.0000000000000000000, -1.000000000000000000 ) ) ;
#5501 = DIRECTION ( 'NONE',  ( -1.000000000000000000, 0.0000000000000000000, 0.0000000000000000000 ) ) ;
#5502 = ORIENTED_EDGE ( 'NONE', *, *, #5335, .T. ) ;
#5503 = LINE ( 'NONE', #4232, #5343 ) ;
#5504 = DIRECTION ( 'NONE',  ( 1.000000000000000000, 0.0000000000000000000, 0.0000000000000000000 ) ) ;
#5505 = VECTOR ( 'NONE', #5609, 1000.000000000000000 ) ;
#5506 = SURFACE_SIDE_STYLE ('',( #4168 ) ) ;
#5507 = CARTESIAN_POINT ( 'NONE',  ( -0.4805904874864144200, 0.1889129990513783700, 0.0000000000000000000 ) ) ;
#5508 = VECTOR ( 'NONE', #6300, 1000.000000000000000 ) ;
#5509 = DIRECTION ( 'NONE',  ( -0.0000000000000000000, -0.0000000000000000000, -1.000000000000000000 ) ) ;
#5510 =( NAMED_UNIT ( * ) PLANE_ANGLE_UNIT ( ) SI_UNIT ( $, .RADIAN. ) );
#5511 = EDGE_CURVE ( 'NONE', #2148, #620, #4925, .T. ) ;
#5512 = EDGE_CURVE ( 'NONE', #5162, #4265, #3791, .T. ) ;
#5513 = DIRECTION ( 'NONE',  ( 0.0000000000000000000, 0.0000000000000000000, 1.000000000000000000 ) ) ;
#5514 = ORIENTED_EDGE ( 'NONE', *, *, #5104, .F. ) ;
#5515 = AXIS2_PLACEMENT_3D ( 'NONE', #1643, #5114, #2164 ) ;
#5516 = CARTESIAN_POINT ( 'NONE',  ( 0.5445714248179758200, -0.2347759042658567600, 1.355252715606880500E-017 ) ) ;
#5517 = UNCERTAINTY_MEASURE_WITH_UNIT (LENGTH_MEASURE( 1.000000000000000100E-005 ), #5871, 'distance_accuracy_value', 'NONE');
#5518 = CARTESIAN_POINT ( 'NONE',  ( 0.6153433058964602500, 0.02220649023755149500, 1.355252715606880500E-017 ) ) ;
#5519 = VECTOR ( 'NONE', #1523, 1000.000000000000000 ) ;
#5520 = SURFACE_SIDE_STYLE ('',( #2280 ) ) ;
#5521 = FILL_AREA_STYLE ('',( #4993 ) ) ;
#5522 = VERTEX_POINT ( 'NONE', #1231 ) ;
#5523 = EDGE_LOOP ( 'NONE', ( #616, #3015, #823, #2825 ) ) ;
#5524 = VERTEX_POINT ( 'NONE', #5191 ) ;
#5525 = LINE ( 'NONE', #2037, #2957 ) ;
#5526 = DIRECTION ( 'NONE',  ( -0.0000000000000000000, -0.0000000000000000000, -1.000000000000000000 ) ) ;
#5527 = ORIENTED_EDGE ( 'NONE', *, *, #5754, .F. ) ;
#5528 = ORIENTED_EDGE ( 'NONE', *, *, #4394, .F. ) ;
#5529 = CARTESIAN_POINT ( 'NONE',  ( 0.2134146341463412100, -0.2452205571492869800, 0.02000000000000000000 ) ) ;
#5530 = B_SPLINE_CURVE_WITH_KNOTS ( 'NONE', 3,
 ( #5424, #5951, #4015, #1002, #4508, #1507, #4972, #1996, #5450, #2521, #5968 ),
 .UNSPECIFIED., .F., .F.,
 ( 4, 1, 1, 1, 1, 1, 1, 1, 4 ),
 ( 0.0000000000000000000, 0.1252796967356258600, 0.2494199707420513300, 0.3733567994928198000, 0.4966812787822860200, 0.6202029157439824500, 0.7450863201614562600, 0.8712691950190979400, 1.000000000000000000 ),
 .UNSPECIFIED. ) ;
#5531 = LINE ( 'NONE', #2279, #2968 ) ;
#5532 = DIRECTION ( 'NONE',  ( 0.0000000000000000000, 0.0000000000000000000, -1.000000000000000000 ) ) ;
#5533 = CARTESIAN_POINT ( 'NONE',  ( -2.500000000000000000, 1.600000000000000300, 0.3489999999999999800 ) ) ;
#5534 = CARTESIAN_POINT ( 'NONE',  ( -0.8191217334991175400, 0.1652915305048654700, 0.02000000000000000000 ) ) ;
#5535 = EDGE_LOOP ( 'NONE', ( #1611, #1665, #1386, #1536 ) ) ;
#5536 = ORIENTED_EDGE ( 'NONE', *, *, #3914, .F. ) ;
#5537 = FILL_AREA_STYLE_COLOUR ( '', #3149 ) ;
#5538 = DIRECTION ( 'NONE',  ( 1.000000000000000000, 4.928191693115930000E-017, -0.0000000000000000000 ) ) ;
#5539 = DIRECTION ( 'NONE',  ( 0.0000000000000000000, -1.000000000000000000, 0.0000000000000000000 ) ) ;
#5540 = CARTESIAN_POINT ( 'NONE',  ( 0.5224595266993279400, -0.2422454414218239700, 0.02000000000000000000 ) ) ;
#5541 = VERTEX_POINT ( 'NONE', #146 ) ;
#5542 = SURFACE_STYLE_USAGE ( .BOTH. , #2880 ) ;
#5543 = DIRECTION ( 'NONE',  ( 0.0000000000000000000, 0.0000000000000000000, -1.000000000000000000 ) ) ;
#5544 = CARTESIAN_POINT ( 'NONE',  ( -2.400000000000000400, 0.6999999999999999600, 0.3489999999999999800 ) ) ;
#5545 =( NAMED_UNIT ( * ) PLANE_ANGLE_UNIT ( ) SI_UNIT ( $, .RADIAN. ) );
#5546 = FACE_OUTER_BOUND ( 'NONE', #2072, .T. ) ;
#5547 = ORIENTED_EDGE ( 'NONE', *, *, #1859, .T. ) ;
#5548 = DIRECTION ( 'NONE',  ( 1.000000000000000000, 0.0000000000000000000, 0.0000000000000000000 ) ) ;
#5549 = SURFACE_STYLE_USAGE ( .BOTH. , #5520 ) ;
#5550 = CARTESIAN_POINT ( 'NONE',  ( 2.500000000000000000, 1.201000000000000700, 0.0000000000000000000 ) ) ;
#5551 = UNCERTAINTY_MEASURE_WITH_UNIT (LENGTH_MEASURE( 1.000000000000000100E-005 ), #3715, 'distance_accuracy_value', 'NONE');
#5552 = EDGE_CURVE ( 'NONE', #3028, #2653, #1112, .T. ) ;
#5553 = FILL_AREA_STYLE_COLOUR ( '', #3716 ) ;
#5554 = EDGE_CURVE ( 'NONE', #3118, #4542, #4773, .T. ) ;
#5555 = AXIS2_PLACEMENT_3D ( 'NONE', #3312, #1776, #5237 ) ;
#5556 = SURFACE_STYLE_USAGE ( .BOTH. , #2103 ) ;
#5557 =( GEOMETRIC_REPRESENTATION_CONTEXT ( 3 ) GLOBAL_UNCERTAINTY_ASSIGNED_CONTEXT ( ( #6503 ) ) GLOBAL_UNIT_ASSIGNED_CONTEXT ( ( #3800, #4941, #5266 ) ) REPRESENTATION_CONTEXT ( 'NONE', 'WORKASPACE' ) );
#5558 = CARTESIAN_POINT ( 'NONE',  ( -2.200999999999999600, 1.600000000000000300, -0.001000000000000000000 ) ) ;
#5559 = CARTESIAN_POINT ( 'NONE',  ( 0.5445714248179758200, -0.2347759042658567600, 0.02000000000000000000 ) ) ;
#5560 = CARTESIAN_POINT ( 'NONE',  ( -2.199999999999999700, 1.300000000000000300, 0.6999999999999999600 ) ) ;
#5561 = CARTESIAN_POINT ( 'NONE',  ( 0.3868066585732958300, -0.1921864016431352500, 1.355252715606880500E-017 ) ) ;
#5562 = AXIS2_PLACEMENT_3D ( 'NONE', #705, #3168, #6181 ) ;
#5563 = CYLINDRICAL_SURFACE ( 'NONE', #4598, 0.01999999999999999700 ) ;
#5564 =( LENGTH_UNIT ( ) NAMED_UNIT ( * ) SI_UNIT ( .MILLI., .METRE. ) );
#5565 = DIRECTION ( 'NONE',  ( 1.000000000000000000, 4.928191693115930000E-017, -0.0000000000000000000 ) ) ;
#5566 =( NAMED_UNIT ( * ) PLANE_ANGLE_UNIT ( ) SI_UNIT ( $, .RADIAN. ) );
#5567 = CARTESIAN_POINT ( 'NONE',  ( 0.9817073170731704900, 0.2547794428507130200, 0.02000000000000000000 ) ) ;
#5568 = FILL_AREA_STYLE_COLOUR ( '', #3405 ) ;
#5569 = FILL_AREA_STYLE ('',( #3785 ) ) ;
#5570 = CARTESIAN_POINT ( 'NONE',  ( -0.1524390243902439800, 0.2547794428507130200, 0.02000000000000000000 ) ) ;
#5571 = CARTESIAN_POINT ( 'NONE',  ( -0.4878048780487805900, 0.009638436753152054800, 1.355252715606880500E-017 ) ) ;
#5572 = FACE_BOUND ( 'NONE', #6140, .T. ) ;
#5573 = ORIENTED_EDGE ( 'NONE', *, *, #1657, .T. ) ;
#5574 = STYLED_ITEM ( 'NONE', ( #2011 ), #488 ) ;
#5575 = ORIENTED_EDGE ( 'NONE', *, *, #3702, .F. ) ;
#5576 = EDGE_CURVE ( 'NONE', #5447, #731, #6084, .T. ) ;
#5577 = ORIENTED_EDGE ( 'NONE', *, *, #748, .T. ) ;
#5578 = FILL_AREA_STYLE ('',( #499 ) ) ;
#5579 = COLOUR_RGB ( '',0.8274509803921568100, 0.6666666666666666300, 0.1294117647058823400 ) ;
#5580 = ORIENTED_EDGE ( 'NONE', *, *, #5252, .T. ) ;
#5581 = SURFACE_STYLE_FILL_AREA ( #4146 ) ;
#5582 = PRESENTATION_LAYER_ASSIGNMENT (  '', '', ( #5942 ) ) ;
#5583 = CARTESIAN_POINT ( 'NONE',  ( 2.399999999999999900, 1.300000000000000300, 0.6999999999999999600 ) ) ;
#5584 = LINE ( 'NONE', #4139, #3018 ) ;
#5585 =( NAMED_UNIT ( * ) SI_UNIT ( $, .STERADIAN. ) SOLID_ANGLE_UNIT ( ) );
#5586 = FACE_OUTER_BOUND ( 'NONE', #1265, .T. ) ;
#5587 = ORIENTED_EDGE ( 'NONE', *, *, #1704, .T. ) ;
#5588 = ORIENTED_EDGE ( 'NONE', *, *, #5252, .F. ) ;
#5589 = SURFACE_STYLE_USAGE ( .BOTH. , #5659 ) ;
#5590 = CARTESIAN_POINT ( 'NONE',  ( 0.6788953285478538400, 0.05195168874432537500, 1.355252715606880500E-017 ) ) ;
#5591 = UNCERTAINTY_MEASURE_WITH_UNIT (LENGTH_MEASURE( 1.000000000000000100E-005 ), #143, 'distance_accuracy_value', 'NONE');
#5592 = DIRECTION ( 'NONE',  ( 0.0000000000000000000, 0.0000000000000000000, -1.000000000000000000 ) ) ;
#5593 = EDGE_CURVE ( 'NONE', #2610, #2874, #2133, .T. ) ;
#5594 = ORIENTED_EDGE ( 'NONE', *, *, #5945, .F. ) ;
#5595 = CARTESIAN_POINT ( 'NONE',  ( 0.3868066585732958300, -0.1921864016431352500, 0.02000000000000000000 ) ) ;
#5596 = MECHANICAL_DESIGN_GEOMETRIC_PRESENTATION_REPRESENTATION (  '', ( #4650 ), #5953 ) ;
#5597 = ORIENTED_EDGE ( 'NONE', *, *, #3752, .F. ) ;
#5598 = VERTEX_POINT ( 'NONE', #6217 ) ;
#5599 = CARTESIAN_POINT ( 'NONE',  ( 0.4990013883092909700, -0.2475616988701961900, 1.355252715606880500E-017 ) ) ;
#5600 = ADVANCED_FACE ( 'NONE', ( #3333 ), #4179, .F. ) ;
#5601 = VECTOR ( 'NONE', #3256, 1000.000000000000000 ) ;
#5602 = CARTESIAN_POINT ( 'NONE',  ( 2.400000000000000400, 1.201000000000000300, 0.3489999999999999800 ) ) ;
#5603 = CARTESIAN_POINT ( 'NONE',  ( 2.500000000000000000, -1.201000000000000700, 0.3489999999999999800 ) ) ;
#5604 =( LENGTH_UNIT ( ) NAMED_UNIT ( * ) SI_UNIT ( .MILLI., .METRE. ) );
#5605 = ORIENTED_EDGE ( 'NONE', *, *, #5149, .F. ) ;
#5606 = CARTESIAN_POINT ( 'NONE',  ( 0.7256097560975607300, -0.2452205571492869800, 0.02000000000000000000 ) ) ;
#5607 = COLOUR_RGB ( '',0.8274509803921568100, 0.6666666666666666300, 0.1294117647058823400 ) ;
#5608 = FILL_AREA_STYLE_COLOUR ( '', #6065 ) ;
#5609 = DIRECTION ( 'NONE',  ( 0.0000000000000000000, 0.0000000000000000000, -1.000000000000000000 ) ) ;
#5610 = ORIENTED_EDGE ( 'NONE', *, *, #4989, .F. ) ;
#5611 = CARTESIAN_POINT ( 'NONE',  ( 2.500000000000000000, -1.399999999999999900, 0.0000000000000000000 ) ) ;
#5612 = CARTESIAN_POINT ( 'NONE',  ( -0.7804878048780488100, 0.2547794428507130200, 0.02000000000000000000 ) ) ;
#5613 = PRODUCT ( 'CRYSTAL-SMD_4P-L5.0-W3.2-BL', 'CRYSTAL-SMD_4P-L5.0-W3.2-BL', '', ( #5846 ) ) ;
#5614 = VECTOR ( 'NONE', #5196, 1000.000000000000000 ) ;
#5615 = PLANE ( 'NONE',  #3824 ) ;
#5616 = CARTESIAN_POINT ( 'NONE',  ( 0.5929558394664785600, 0.2052409427049037600, 0.02000000000000000000 ) ) ;
#5617 = ORIENTED_EDGE ( 'NONE', *, *, #4793, .F. ) ;
#5618 = VERTEX_POINT ( 'NONE', #5208 ) ;
#5619 = CARTESIAN_POINT ( 'NONE',  ( -0.7292301829268294000, -0.05009860592977477500, 0.0000000000000000000 ) ) ;
#5620 =( NAMED_UNIT ( * ) SI_UNIT ( $, .STERADIAN. ) SOLID_ANGLE_UNIT ( ) );
#5621 = AXIS2_PLACEMENT_3D ( 'NONE', #5640, #4900, #5744 ) ;
#5622 = EDGE_CURVE ( 'NONE', #2947, #2481, #79, .T. ) ;
#5623 = DIRECTION ( 'NONE',  ( 0.0000000000000000000, -0.0000000000000000000, 1.000000000000000000 ) ) ;
#5624 = LINE ( 'NONE', #5050, #120 ) ;
#5625 = DIRECTION ( 'NONE',  ( 0.0000000000000000000, 0.0000000000000000000, -1.000000000000000000 ) ) ;
#5626 =( NAMED_UNIT ( * ) PLANE_ANGLE_UNIT ( ) SI_UNIT ( $, .RADIAN. ) );
#5627 = ADVANCED_FACE ( 'NONE', ( #1504 ), #5723, .T. ) ;
#5628 = ADVANCED_FACE ( 'NONE', ( #1030 ), #3815, .T. ) ;
#5629 = CARTESIAN_POINT ( 'NONE',  ( -0.7123666158536586800, -0.1049766547102625700, 0.02000000000000000000 ) ) ;
#5630 = CARTESIAN_POINT ( 'NONE',  ( 0.4990013883092909700, -0.2475616988701961900, -0.0000000000000000000 ) ) ;
#5631 = EDGE_CURVE ( 'NONE', #5777, #1580, #2215, .T. ) ;
#5632 = EDGE_CURVE ( 'NONE', #1380, #1212, #6145, .T. ) ;
#5633 = MECHANICAL_DESIGN_GEOMETRIC_PRESENTATION_REPRESENTATION (  '', ( #4677 ), #5986 ) ;
#5634 =( LENGTH_UNIT ( ) NAMED_UNIT ( * ) SI_UNIT ( .MILLI., .METRE. ) );
#5635 = CARTESIAN_POINT ( 'NONE',  ( 0.4553858262546222100, 0.2602547031304121600, 1.355252715606880500E-017 ) ) ;
#5636 = DIRECTION ( 'NONE',  ( -0.0000000000000000000, -0.0000000000000000000, 1.000000000000000000 ) ) ;
#5637 = CARTESIAN_POINT ( 'NONE',  ( 2.400000000000000400, 0.6999999999999999600, -0.001000000000000000000 ) ) ;
#5638 = DIRECTION ( 'NONE',  ( 1.000000000000000000, 0.0000000000000000000, 0.0000000000000000000 ) ) ;
#5639 = CARTESIAN_POINT ( 'NONE',  ( 0.6028410990238625100, -0.1996831275286624100, 1.355252715606880500E-017 ) ) ;
#5640 = CARTESIAN_POINT ( 'NONE',  ( -2.500000000000000000, 1.600000000000000300, 0.3489999999999999800 ) ) ;
#5641 = CARTESIAN_POINT ( 'NONE',  ( -0.3207373611852587000, 0.2541732475186565000, 0.02000000000000000000 ) ) ;
#5642 = PRODUCT_DEFINITION ( 'Î´Öª', '', #5998, #5462 ) ;
#5643 = FACE_OUTER_BOUND ( 'NONE', #2283, .T. ) ;
#5644 = LINE ( 'NONE', #202, #1703 ) ;
#5645 = FILL_AREA_STYLE ('',( #2218 ) ) ;
#5646 = FILL_AREA_STYLE_COLOUR ( '', #4627 ) ;
#5647 = CARTESIAN_POINT ( 'NONE',  ( 0.6824647428092076600, -0.03144435296032999100, 0.0000000000000000000 ) ) ;
#5648 = LINE ( 'NONE', #3393, #5815 ) ;
#5649 = VECTOR ( 'NONE', #1947, 1000.000000000000000 ) ;
#5650 =( NAMED_UNIT ( * ) PLANE_ANGLE_UNIT ( ) SI_UNIT ( $, .RADIAN. ) );
#5651 = CARTESIAN_POINT ( 'NONE',  ( -0.5506623980646331300, -0.04390394433163362400, 0.02000000000000000000 ) ) ;
#5652 = CYLINDRICAL_SURFACE ( 'NONE', #860, 0.3000000000000003800 ) ;
#5653 = FILL_AREA_STYLE ('',( #4704 ) ) ;
#5654 = CLOSED_SHELL ( 'NONE', ( #2284, #130, #199, #122, #357, #288, #5120, #419, #152, #4695, #497, #404, #665, #378, #587, #2183, #672, #411, #6107, #521, #26, #106, #645, #312, #421, #1679, #5600, #691, #420, #154, #2773, #333, #68, #144, #510, #35, #1188, #4751, #4197, #44, #681, #592, #461, #4784, #64, #165, #437, #612, #245, #2694, #184, #219, #4663, #280, #3682, #5205, #341, #290, #38, #221, #23, #2740, #4635, #3797, #362, #2151, #342, #615, #2221, #711, #5627, #1444, #601, #673, #33, #657, #3214, #310, #6228, #2252, #634, #266, #124, #5, #577, #599, #488, #231, #5720, #135, #227, #622, #206, #5757, #3191, #4253, #5161, #1640, #5628, #391, #212, #15, #3254, #233, #526, #276, #94, #3714, #320, #6166, #29, #3213, #710, #561, #1156, #114, #4161, #3765, #610, #436, #226, #31, #84, #722, #575, #302, #3360, #115, #363, #194, #6130, #5695, #688, #481, #259, #66, #2744, #314, #3712, #4696, #4220, #655, #446, #258, #696, #53, #547 ) ) ;
#5655 = CARTESIAN_POINT ( 'NONE',  ( 0.6474648039987285200, -0.1472709860729411500, 1.355252715606880500E-017 ) ) ;
#5656 = DIRECTION ( 'NONE',  ( 1.000000000000000000, 4.336808689942025600E-015, 0.0000000000000000000 ) ) ;
#5657 = UNCERTAINTY_MEASURE_WITH_UNIT (LENGTH_MEASURE( 1.000000000000000100E-005 ), #2447, 'distance_accuracy_value', 'NONE');
#5658 = LINE ( 'NONE', #1330, #5508 ) ;
#5659 = SURFACE_SIDE_STYLE ('',( #5355 ) ) ;
#5660 = CARTESIAN_POINT ( 'NONE',  ( -0.4221823489837584500, -0.1503189914790619100, 0.0000000000000000000 ) ) ;
#5661 = CARTESIAN_POINT ( 'NONE',  ( -0.5506537293359090600, 0.06369755356375507400, 0.02000000000000000000 ) ) ;
#5662 = VERTEX_POINT ( 'NONE', #1814 ) ;
#5663 = AXIS2_PLACEMENT_3D ( 'NONE', #6013, #2031, #937 ) ;
#5664 = PRESENTATION_STYLE_ASSIGNMENT (( #6281 ) ) ;
#5665 =( NAMED_UNIT ( * ) PLANE_ANGLE_UNIT ( ) SI_UNIT ( $, .RADIAN. ) );
#5666 = EDGE_CURVE ( 'NONE', #5522, #5931, #882, .T. ) ;
#5667 = ORIENTED_EDGE ( 'NONE', *, *, #6109, .T. ) ;
#5668 = FACE_OUTER_BOUND ( 'NONE', #553, .T. ) ;
#5669 = EDGE_CURVE ( 'NONE', #5078, #3118, #3581, .T. ) ;
#5670 = VERTEX_POINT ( 'NONE', #3854 ) ;
#5671 = ORIENTED_EDGE ( 'NONE', *, *, #4208, .T. ) ;
#5672 = AXIS2_PLACEMENT_3D ( 'NONE', #4468, #4435, #4388 ) ;
#5673 = STYLED_ITEM ( 'NONE', ( #5827 ), #23 ) ;
#5674 = LINE ( 'NONE', #2549, #366 ) ;
#5675 =( NAMED_UNIT ( * ) SI_UNIT ( $, .STERADIAN. ) SOLID_ANGLE_UNIT ( ) );
#5676 = CARTESIAN_POINT ( 'NONE',  ( -0.3167229944959291700, -0.2447080404971323000, 0.02000000000000000000 ) ) ;
#5677 = ORIENTED_EDGE ( 'NONE', *, *, #3200, .T. ) ;
#5678 = EDGE_LOOP ( 'NONE', ( #2076, #2083, #4849, #2657 ) ) ;
#5679 = CARTESIAN_POINT ( 'NONE',  ( 0.3154158025699776400, 0.1765668464196233400, 0.02000000000000000000 ) ) ;
#5680 =( GEOMETRIC_REPRESENTATION_CONTEXT ( 3 ) GLOBAL_UNCERTAINTY_ASSIGNED_CONTEXT ( ( #2334 ) ) GLOBAL_UNIT_ASSIGNED_CONTEXT ( ( #3545, #478, #4020 ) ) REPRESENTATION_CONTEXT ( 'NONE', 'WORKASPACE' ) );
#5681 = VERTEX_POINT ( 'NONE', #1838 ) ;
#5682 = VECTOR ( 'NONE', #768, 1000.000000000000000 ) ;
#5683 = AXIS2_PLACEMENT_3D ( 'NONE', #5570, #3088, #5263 ) ;
#5684 = CARTESIAN_POINT ( 'NONE',  ( 0.4990013883092909700, -0.2475616988701961900, 0.02000000000000000000 ) ) ;
#5685 = ORIENTED_EDGE ( 'NONE', *, *, #2030, .T. ) ;
#5686 = ORIENTED_EDGE ( 'NONE', *, *, #4569, .T. ) ;
#5687 = EDGE_LOOP ( 'NONE', ( #2196, #4028, #3466, #2577, #3864, #6475, #18, #6316, #6305, #6297 ) ) ;
#5688 = ORIENTED_EDGE ( 'NONE', *, *, #6070, .F. ) ;
#5689 = FACE_OUTER_BOUND ( 'NONE', #2307, .T. ) ;
#5690 = VERTEX_POINT ( 'NONE', #4825 ) ;
#5691 = EDGE_LOOP ( 'NONE', ( #1649, #3178, #262, #1510 ) ) ;
#5692 = CARTESIAN_POINT ( 'NONE',  ( 2.199999999999999700, -1.300000000000000000, 0.4500000000000000100 ) ) ;
#5693 = ORIENTED_EDGE ( 'NONE', *, *, #1079, .T. ) ;
#5694 = SURFACE_SIDE_STYLE ('',( #1096 ) ) ;
#5695 = ADVANCED_FACE ( 'NONE', ( #5830 ), #4671, .T. ) ;
#5696 = VECTOR ( 'NONE', #6528, 1000.000000000000000 ) ;
#5697 = ORIENTED_EDGE ( 'NONE', *, *, #412, .T. ) ;
#5698 = DIRECTION ( 'NONE',  ( -1.000000000000000000, 0.0000000000000000000, 0.0000000000000000000 ) ) ;
#5699 = CARTESIAN_POINT ( 'NONE',  ( 2.200999999999999600, 1.600000000000000300, 0.3489999999999999800 ) ) ;
#5700 = COLOUR_RGB ( '',0.8274509803921568100, 0.6666666666666666300, 0.1294117647058823400 ) ;
#5701 = CARTESIAN_POINT ( 'NONE',  ( -0.5548780487804878500, 0.01106755260681059300, 1.355252715606880500E-017 ) ) ;
#5702 =( NAMED_UNIT ( * ) PLANE_ANGLE_UNIT ( ) SI_UNIT ( $, .RADIAN. ) );
#5703 = CARTESIAN_POINT ( 'NONE',  ( 0.6584940782872651400, -0.1268386172592696800, 1.355252715606880500E-017 ) ) ;
#5704 = AXIS2_PLACEMENT_3D ( 'NONE', #3487, #1160, #4568 ) ;
#5705 = CARTESIAN_POINT ( 'NONE',  ( 0.4675398755289507100, 0.2027626854971906800, 1.355252715606880500E-017 ) ) ;
#5706 = CARTESIAN_POINT ( 'NONE',  ( -2.199999999999999700, 1.400000000000000100, 0.7500000000000000000 ) ) ;
#5707 = FILL_AREA_STYLE_COLOUR ( '', #5924 ) ;
#5708 = LINE ( 'NONE', #4779, #1756 ) ;
#5709 = AXIS2_PLACEMENT_3D ( 'NONE', #4061, #4300, #2565 ) ;
#5710 = CARTESIAN_POINT ( 'NONE',  ( -1.300000000000000300, 1.500000000000000000, 0.0000000000000000000 ) ) ;
#5711 = CARTESIAN_POINT ( 'NONE',  ( 0.6822828863907656200, 0.02411320955575899800, 0.0000000000000000000 ) ) ;
#5712 = CARTESIAN_POINT ( 'NONE',  ( -2.299999999999999800, 1.300000000000000300, 0.8000000000000000400 ) ) ;
#5713 = EDGE_CURVE ( 'NONE', #5598, #390, #3246, .T. ) ;
#5714 = PRESENTATION_LAYER_ASSIGNMENT (  '', '', ( #6075 ) ) ;
#5715 = FILL_AREA_STYLE_COLOUR ( '', #3859 ) ;
#5716 = PRESENTATION_STYLE_ASSIGNMENT (( #6416 ) ) ;
#5717 =( NAMED_UNIT ( * ) SI_UNIT ( $, .STERADIAN. ) SOLID_ANGLE_UNIT ( ) );
#5718 = FACE_OUTER_BOUND ( 'NONE', #3041, .T. ) ;
#5719 = CARTESIAN_POINT ( 'NONE',  ( -0.5448870500228861800, -0.06950246080276796500, 0.02000000000000000000 ) ) ;
#5720 = ADVANCED_FACE ( 'NONE', ( #4702 ), #5292, .T. ) ;
#5721 = CARTESIAN_POINT ( 'NONE',  ( 0.6674435890370698000, -0.1050160049156174900, 0.02000000000000000000 ) ) ;
#5722 = DIRECTION ( 'NONE',  ( 0.0000000000000000000, 0.0000000000000000000, 1.000000000000000000 ) ) ;
#5723 = PLANE ( 'NONE',  #4288 ) ;
#5724 = COLOUR_RGB ( '',0.8274509803921568100, 0.6666666666666666300, 0.1294117647058823400 ) ;
#5725 = VERTEX_POINT ( 'NONE', #4416 ) ;
#5726 = DIRECTION ( 'NONE',  ( 1.000000000000000000, 0.0000000000000000000, 0.0000000000000000000 ) ) ;
#5727 = CARTESIAN_POINT ( 'NONE',  ( 0.4813554753168046700, 0.2567307389347600100, 0.0000000000000000000 ) ) ;
#5728 = CARTESIAN_POINT ( 'NONE',  ( -2.200999999999999600, -1.600000000000000300, -0.001000000000000000000 ) ) ;
#5729 = EDGE_LOOP ( 'NONE', ( #565, #639, #759, #1601 ) ) ;
#5730 =( NAMED_UNIT ( * ) PLANE_ANGLE_UNIT ( ) SI_UNIT ( $, .RADIAN. ) );
#5731 = EDGE_LOOP ( 'NONE', ( #2637, #2714, #5938, #5440 ) ) ;
#5732 = CIRCLE ( 'NONE', #2129, 0.05000000000000002400 ) ;
#5733 = DIRECTION ( 'NONE',  ( -1.000000000000000000, -0.0000000000000000000, 0.0000000000000000000 ) ) ;
#5734 = UNCERTAINTY_MEASURE_WITH_UNIT (LENGTH_MEASURE( 1.000000000000000100E-005 ), #1787, 'distance_accuracy_value', 'NONE');
#5735 = CARTESIAN_POINT ( 'NONE',  ( 2.299999999999998900, 1.300000000000000300, 0.8000000000000000400 ) ) ;
#5736 = UNCERTAINTY_MEASURE_WITH_UNIT (LENGTH_MEASURE( 1.000000000000000100E-005 ), #5325, 'distance_accuracy_value', 'NONE');
#5737 = LINE ( 'NONE', #1619, #3169 ) ;
#5738 = SURFACE_SIDE_STYLE ('',( #684 ) ) ;
#5739 = ORIENTED_EDGE ( 'NONE', *, *, #4306, .T. ) ;
#5740 = CARTESIAN_POINT ( 'NONE',  ( -0.4613397204180566500, -0.1918168026657045000, 1.355252715606880500E-017 ) ) ;
#5741 = ORIENTED_EDGE ( 'NONE', *, *, #4830, .T. ) ;
#5742 = ORIENTED_EDGE ( 'NONE', *, *, #2486, .F. ) ;
#5743 = CARTESIAN_POINT ( 'NONE',  ( 0.6584940782872651400, -0.1268386172592696800, 0.02000000000000000000 ) ) ;
#5744 = DIRECTION ( 'NONE',  ( -1.000000000000000000, 0.0000000000000000000, 0.0000000000000000000 ) ) ;
#5745 = ORIENTED_EDGE ( 'NONE', *, *, #3597, .T. ) ;
#5746 = CARTESIAN_POINT ( 'NONE',  ( -0.3542990767548213100, -0.1832877580908943100, 0.02000000000000000000 ) ) ;
#5747 = ORIENTED_EDGE ( 'NONE', *, *, #4603, .T. ) ;
#5748 = ORIENTED_EDGE ( 'NONE', *, *, #919, .T. ) ;
#5749 = EDGE_LOOP ( 'NONE', ( #3639, #3026, #2886, #2711 ) ) ;
#5750 = VERTEX_POINT ( 'NONE', #2422 ) ;
#5751 = LINE ( 'NONE', #3416, #1803 ) ;
#5752 = CARTESIAN_POINT ( 'NONE',  ( -0.03048780487804902300, 0.03526724772876183000, 0.02000000000000000000 ) ) ;
#5753 = EDGE_CURVE ( 'NONE', #2168, #1531, #1879, .T. ) ;
#5754 = EDGE_CURVE ( 'NONE', #2789, #1283, #716, .T. ) ;
#5755 = CARTESIAN_POINT ( 'NONE',  ( 0.4123440683672716100, 0.2057612230208574500, 0.02000000000000000000 ) ) ;
#5756 = EDGE_CURVE ( 'NONE', #5369, #1317, #537, .T. ) ;
#5757 = ADVANCED_FACE ( 'NONE', ( #5668 ), #1878, .T. ) ;
#5758 = MECHANICAL_DESIGN_GEOMETRIC_PRESENTATION_REPRESENTATION (  '', ( #5105 ), #6113 ) ;
#5759 = EDGE_LOOP ( 'NONE', ( #6015, #4712, #1731, #3439 ) ) ;
#5760 = VERTEX_POINT ( 'NONE', #4439 ) ;
#5761 = PRESENTATION_LAYER_ASSIGNMENT (  '', '', ( #5108 ) ) ;
#5762 = PRESENTATION_STYLE_ASSIGNMENT (( #4120 ) ) ;
#5763 =( LENGTH_UNIT ( ) NAMED_UNIT ( * ) SI_UNIT ( .MILLI., .METRE. ) );
#5764 = VECTOR ( 'NONE', #5625, 1000.000000000000000 ) ;
#5765 = VERTEX_POINT ( 'NONE', #2987 ) ;
#5766 = FILL_AREA_STYLE ('',( #2320 ) ) ;
#5767 = ORIENTED_EDGE ( 'NONE', *, *, #3482, .T. ) ;
#5768 = CARTESIAN_POINT ( 'NONE',  ( -0.9189214939024391600, -0.1049766547102625700, 0.02000000000000000000 ) ) ;
#5769 = DIRECTION ( 'NONE',  ( -1.000000000000000000, 0.0000000000000000000, 0.0000000000000000000 ) ) ;
#5770 = CARTESIAN_POINT ( 'NONE',  ( -0.2979659377577967800, -0.2450474044612092300, 0.02000000000000000000 ) ) ;
#5771 = B_SPLINE_CURVE_WITH_KNOTS ( 'NONE', 3,
 ( #4672, #5148, #2191, #5630, #2731, #6138, #3216, #113, #3725, #692, #4217, #1201, #4697, #1698, #5171, #2223, #5647, #2754, #6168 ),
 .UNSPECIFIED., .F., .F.,
 ( 4, 1, 1, 1, 1, 1, 1, 1, 1, 1, 1, 1, 1, 1, 1, 1, 4 ),
 ( 0.0000000000000000000, 0.06783324845577362600, 0.1326555365079042600, 0.1950508840508279900, 0.2555829330687771100, 0.3147998341472898500, 0.3736004728263745400, 0.4325455953267435300, 0.4924306292835654000, 0.5526712559629696200, 0.6125130441881163600, 0.6726102503570063900, 0.7338383693139459700, 0.7965942385677738900, 0.8614497992905731900, 0.9291989423509055000, 1.000000000000000000 ),
 .UNSPECIFIED. ) ;
#5772 = MECHANICAL_DESIGN_GEOMETRIC_PRESENTATION_REPRESENTATION (  '', ( #4805 ), #6121 ) ;
#5773 = PRESENTATION_LAYER_ASSIGNMENT (  '', '', ( #5430 ) ) ;
#5774 = DIRECTION ( 'NONE',  ( -0.0000000000000000000, -0.0000000000000000000, -1.000000000000000000 ) ) ;
#5775 = VECTOR ( 'NONE', #160, 1000.000000000000000 ) ;
#5776 = ORIENTED_EDGE ( 'NONE', *, *, #2122, .T. ) ;
#5777 = VERTEX_POINT ( 'NONE', #5876 ) ;
#5778 = CARTESIAN_POINT ( 'NONE',  ( -0.4878048780487805900, 0.009638436753152054800, 0.02000000000000000000 ) ) ;
#5779 = CARTESIAN_POINT ( 'NONE',  ( -0.4876323200385822600, 0.001947166001155595800, 0.02000000000000000000 ) ) ;
#5780 = DIRECTION ( 'NONE',  ( -1.000000000000000000, 4.336808689942025600E-015, -0.0000000000000000000 ) ) ;
#5781 = VERTEX_POINT ( 'NONE', #5891 ) ;
#5782 = CARTESIAN_POINT ( 'NONE',  ( 0.3906215900297372300, -0.2470872881520112000, 0.02000000000000000000 ) ) ;
#5783 = DIRECTION ( 'NONE',  ( 0.0000000000000000000, 0.0000000000000000000, -1.000000000000000000 ) ) ;
#5784 = CARTESIAN_POINT ( 'NONE',  ( 2.500000000000000000, -1.300000000000000300, 0.3499999999999999800 ) ) ;
#5785 = B_SPLINE_CURVE_WITH_KNOTS ( 'NONE', 3,
 ( #2473, #5393, #3505, #424, #3984, #972, #4465, #1467, #4945, #1956, #5407, #2500, #5936, #3012, #6432, #3533, #451, #4002, #991 ),
 .UNSPECIFIED., .F., .F.,
 ( 4, 1, 1, 1, 1, 1, 1, 1, 1, 1, 1, 1, 1, 1, 1, 1, 4 ),
 ( 0.0000000000000000000, 0.06806869584499403200, 0.1334274328189550600, 0.1961460338131565700, 0.2570485924493128800, 0.3168826631591620800, 0.3761872086663216600, 0.4359603353635461100, 0.4965352368627263300, 0.5574653434807331800, 0.6176868634101467800, 0.6779436406969062700, 0.7388052848060404600, 0.8009493367665843100, 0.8648146674702268400, 0.9310247810786572700, 1.000000000000000000 ),
 .UNSPECIFIED. ) ;
#5786 = VECTOR ( 'NONE', #509, 1000.000000000000000 ) ;
#5787 = DIRECTION ( 'NONE',  ( 0.0000000000000000000, 0.0000000000000000000, -1.000000000000000000 ) ) ;
#5788 = CARTESIAN_POINT ( 'NONE',  ( 2.199999999999999700, 1.400000000000000400, 0.7500000000000000000 ) ) ;
#5789 = CARTESIAN_POINT ( 'NONE',  ( -0.8101486246691070900, 0.1835174082074200700, 0.02000000000000000000 ) ) ;
#5790 =( LENGTH_UNIT ( ) NAMED_UNIT ( * ) SI_UNIT ( .MILLI., .METRE. ) );
#5791 = COLOUR_RGB ( '',0.2980392156862745100, 0.2980392156862745100, 0.2980392156862745100 ) ;
#5792 = STYLED_ITEM ( 'NONE', ( #5716 ), #521 ) ;
#5793 = CARTESIAN_POINT ( 'NONE',  ( -1.042682926829268300, -0.2452205571492869800, 0.02000000000000000000 ) ) ;
#5794 = CARTESIAN_POINT ( 'NONE',  ( 0.7256097560975607300, -0.2452205571492869800, 0.02000000000000000000 ) ) ;
#5795 = UNCERTAINTY_MEASURE_WITH_UNIT (LENGTH_MEASURE( 1.000000000000000100E-005 ), #6350, 'distance_accuracy_value', 'NONE');
#5796 = CARTESIAN_POINT ( 'NONE',  ( 0.1463414634146338900, 0.03526724772876183000, 0.02000000000000000000 ) ) ;
#5797 = CARTESIAN_POINT ( 'NONE',  ( 0.6154434608049096400, -0.02214396074770013900, 0.02000000000000000000 ) ) ;
#5798 = CARTESIAN_POINT ( 'NONE',  ( 0.4286394817073176900, 0.2608770038263227800, 1.355252715606880500E-017 ) ) ;
#5799 = EDGE_CURVE ( 'NONE', #3355, #3576, #4400, .T. ) ;
#5800 = CARTESIAN_POINT ( 'NONE',  ( 0.2134146341463412100, 0.2547794428507130200, 0.02000000000000000000 ) ) ;
#5801 = AXIS2_PLACEMENT_3D ( 'NONE', #2273, #2180, #2173 ) ;
#5802 = FACE_OUTER_BOUND ( 'NONE', #2146, .T. ) ;
#5803 = EDGE_CURVE ( 'NONE', #3913, #1662, #3100, .T. ) ;
#5804 = DIRECTION ( 'NONE',  ( -0.0000000000000000000, -0.0000000000000000000, 1.000000000000000000 ) ) ;
#5805 = COLOUR_RGB ( '',0.8274509803921568100, 0.6666666666666666300, 0.1294117647058823400 ) ;
#5806 = CYLINDRICAL_SURFACE ( 'NONE', #1417, 0.05000000000000002400 ) ;
#5807 = EDGE_CURVE ( 'NONE', #3892, #2819, #2951, .T. ) ;
#5808 = AXIS2_PLACEMENT_3D ( 'NONE', #1631, #5099, #2152 ) ;
#5809 = AXIS2_PLACEMENT_3D ( 'NONE', #6215, #6543, #5872 ) ;
#5810 = CARTESIAN_POINT ( 'NONE',  ( -0.4876409877575750300, 0.01729887932191855700, 0.02000000000000000000 ) ) ;
#5811 = PRESENTATION_LAYER_ASSIGNMENT (  '', '', ( #4286 ) ) ;
#5812 = CARTESIAN_POINT ( 'NONE',  ( 0.3561380406335693500, -0.2391016554967827800, 0.0000000000000000000 ) ) ;
#5813 = FILL_AREA_STYLE ('',( #953 ) ) ;
#5814 = DIRECTION ( 'NONE',  ( 0.0000000000000000000, -0.0000000000000000000, -1.000000000000000000 ) ) ;
#5815 = VECTOR ( 'NONE', #3413, 1000.000000000000000 ) ;
#5816 = VECTOR ( 'NONE', #2440, 1000.000000000000000 ) ;
#5817 = DIRECTION ( 'NONE',  ( -1.000000000000000000, 0.0000000000000000000, 0.0000000000000000000 ) ) ;
#5818 =( NAMED_UNIT ( * ) SI_UNIT ( $, .STERADIAN. ) SOLID_ANGLE_UNIT ( ) );
#5819 = APPLICATION_CONTEXT ( 'automotive_design' ) ;
#5820 = CARTESIAN_POINT ( 'NONE',  ( -0.4806914022423381900, 0.07391931017709225900, 0.02000000000000000000 ) ) ;
#5821 = CARTESIAN_POINT ( 'NONE',  ( 0.4767545418744458800, -0.1934257428693633700, 0.02000000000000000000 ) ) ;
#5822 = CARTESIAN_POINT ( 'NONE',  ( 0.3494659985123489400, 0.2533672320202993200, 1.355252715606880500E-017 ) ) ;
#5823 = CARTESIAN_POINT ( 'NONE',  ( -2.500000000000000000, 1.600000000000000300, 0.0000000000000000000 ) ) ;
#5824 = VERTEX_POINT ( 'NONE', #5919 ) ;
#5825 = VECTOR ( 'NONE', #1305, 1000.000000000000000 ) ;
#5826 = FACE_OUTER_BOUND ( 'NONE', #1811, .T. ) ;
#5827 = PRESENTATION_STYLE_ASSIGNMENT (( #2992 ) ) ;
#5828 = ORIENTED_EDGE ( 'NONE', *, *, #3291, .T. ) ;
#5829 = FACE_OUTER_BOUND ( 'NONE', #2896, .T. ) ;
#5830 = FACE_OUTER_BOUND ( 'NONE', #1357, .T. ) ;
#5831 = ORIENTED_EDGE ( 'NONE', *, *, #5335, .F. ) ;
#5832 = VECTOR ( 'NONE', #5656, 1000.000000000000000 ) ;
#5833 = ORIENTED_EDGE ( 'NONE', *, *, #3076, .T. ) ;
#5834 = ORIENTED_EDGE ( 'NONE', *, *, #5511, .T. ) ;
#5835 = MECHANICAL_DESIGN_GEOMETRIC_PRESENTATION_REPRESENTATION (  '', ( #4548 ), #6180 ) ;
#5836 = SURFACE_STYLE_FILL_AREA ( #3696 ) ;
#5837 = FILL_AREA_STYLE_COLOUR ( '', #4889 ) ;
#5838 =( NAMED_UNIT ( * ) SI_UNIT ( $, .STERADIAN. ) SOLID_ANGLE_UNIT ( ) );
#5839 = VECTOR ( 'NONE', #490, 1000.000000000000000 ) ;
#5840 =( NAMED_UNIT ( * ) SI_UNIT ( $, .STERADIAN. ) SOLID_ANGLE_UNIT ( ) );
#5841 = DIRECTION ( 'NONE',  ( -0.0000000000000000000, -0.0000000000000000000, -1.000000000000000000 ) ) ;
#5842 = PLANE ( 'NONE',  #5809 ) ;
#5843 = EDGE_LOOP ( 'NONE', ( #2306, #5224, #1964, #4632 ) ) ;
#5844 = EDGE_LOOP ( 'NONE', ( #3037, #2552, #6490, #897 ) ) ;
#5845 = AXIS2_PLACEMENT_3D ( 'NONE', #5981, #2710, #1607 ) ;
#5846 = PRODUCT_CONTEXT ( 'NONE', #5819, 'mechanical' ) ;
#5847 = CIRCLE ( 'NONE', #6493, 0.01999999999999999700 ) ;
#5848 = CARTESIAN_POINT ( 'NONE',  ( -0.4747869969054330800, 0.09256868358158143500, 0.02000000000000000000 ) ) ;
#5849 = CARTESIAN_POINT ( 'NONE',  ( -0.8062193102706338700, 0.1659480138671232700, 0.02000000000000000000 ) ) ;
#5850 = CARTESIAN_POINT ( 'NONE',  ( -0.8475609756097561800, 0.2547794428507130200, 0.02000000000000000000 ) ) ;
#5851 = VERTEX_POINT ( 'NONE', #2999 ) ;
#5852 = VECTOR ( 'NONE', #3759, 1000.000000000000000 ) ;
#5853 = DIRECTION ( 'NONE',  ( -1.000000000000000000, 0.0000000000000000000, 0.0000000000000000000 ) ) ;
#5854 = SURFACE_STYLE_USAGE ( .BOTH. , #2424 ) ;
#5855 = ORIENTED_EDGE ( 'NONE', *, *, #1028, .F. ) ;
#5856 = ORIENTED_EDGE ( 'NONE', *, *, #470, .F. ) ;
#5857 = EDGE_CURVE ( 'NONE', #1677, #6167, #356, .T. ) ;
#5858 = DIRECTION ( 'NONE',  ( 0.0000000000000000000, 0.0000000000000000000, -1.000000000000000000 ) ) ;
#5859 = CARTESIAN_POINT ( 'NONE',  ( -0.3538631564933595300, 0.1935830907987204600, 0.02000000000000000000 ) ) ;
#5860 = EDGE_CURVE ( 'NONE', #2328, #4864, #1576, .T. ) ;
#5861 = STYLED_ITEM ( 'NONE', ( #1161 ), #2773 ) ;
#5863 = VERTEX_POINT ( 'NONE', #3992 ) ;
#5862 = STYLED_ITEM ( 'NONE', ( #781 ), #130 ) ;
#5864 = ORIENTED_EDGE ( 'NONE', *, *, #1987, .T. ) ;
#5865 = CARTESIAN_POINT ( 'NONE',  ( 0.2134146341463412100, 0.2547794428507130200, 0.0000000000000000000 ) ) ;
#5866 = CARTESIAN_POINT ( 'NONE',  ( -0.4747869969054330800, 0.09256868358158143500, 1.355252715606880500E-017 ) ) ;
#5867 = VECTOR ( 'NONE', #5025, 1000.000000000000000 ) ;
#5868 = CARTESIAN_POINT ( 'NONE',  ( 0.5296491528746722900, 0.2431251567585665000, 0.02000000000000000000 ) ) ;
#5869 = DIRECTION ( 'NONE',  ( 1.000000000000000000, 0.0000000000000000000, 0.0000000000000000000 ) ) ;
#5870 = SURFACE_STYLE_USAGE ( .BOTH. , #455 ) ;
#5871 =( LENGTH_UNIT ( ) NAMED_UNIT ( * ) SI_UNIT ( .MILLI., .METRE. ) );
#5872 = DIRECTION ( 'NONE',  ( 0.0000000000000000000, 0.0000000000000000000, -1.000000000000000000 ) ) ;
#5873 = EDGE_LOOP ( 'NONE', ( #987, #3717, #4950, #3095 ) ) ;
#5874 = SURFACE_STYLE_FILL_AREA ( #5653 ) ;
#5875 = CARTESIAN_POINT ( 'NONE',  ( -0.4672507317253956100, 0.1097958535553651000, 0.02000000000000000000 ) ) ;
#5876 = CARTESIAN_POINT ( 'NONE',  ( 2.500000000000000000, -1.201000000000000700, -0.001000000000000000000 ) ) ;
#5877 = DIRECTION ( 'NONE',  ( -0.0000000000000000000, 1.000000000000000000, -0.0000000000000000000 ) ) ;
#5878 = CARTESIAN_POINT ( 'NONE',  ( 0.4280678353658542400, 0.2059989550458349900, 0.0000000000000000000 ) ) ;
#5879 = CARTESIAN_POINT ( 'NONE',  ( -0.03048780487804902300, 0.03526724772876183000, 0.02000000000000000000 ) ) ;
#5880 = DIRECTION ( 'NONE',  ( -0.0000000000000000000, -0.0000000000000000000, -1.000000000000000000 ) ) ;
#5881 = CARTESIAN_POINT ( 'NONE',  ( -0.4672507317253956100, 0.1097958535553651000, 1.355252715606880500E-017 ) ) ;
#5882 = DIRECTION ( 'NONE',  ( -0.0000000000000000000, -0.0000000000000000000, -1.000000000000000000 ) ) ;
#5883 = CARTESIAN_POINT ( 'NONE',  ( -2.500000000000000000, 1.600000000000000300, 0.4500000000000000100 ) ) ;
#5884 = DIRECTION ( 'NONE',  ( 0.0000000000000000000, 0.0000000000000000000, 1.000000000000000000 ) ) ;
#5885 = SURFACE_STYLE_USAGE ( .BOTH. , #5959 ) ;
#5886 = DIRECTION ( 'NONE',  ( -1.000000000000000000, -0.0000000000000000000, 0.0000000000000000000 ) ) ;
#5887 = STYLED_ITEM ( 'NONE', ( #1302 ), #601 ) ;
#5888 = CARTESIAN_POINT ( 'NONE',  ( -0.7292301829268294000, -0.05009860592977477500, 0.02000000000000000000 ) ) ;
#5889 = FILL_AREA_STYLE ('',( #2709 ) ) ;
#5890 = CARTESIAN_POINT ( 'NONE',  ( -0.4579708159752969300, 0.1255021177699125500, 0.02000000000000000000 ) ) ;
#5891 = CARTESIAN_POINT ( 'NONE',  ( -1.042682926829268300, -0.2452205571492869800, 0.0000000000000000000 ) ) ;
#5892 = PRESENTATION_STYLE_ASSIGNMENT (( #4263 ) ) ;
#5893 = EDGE_CURVE ( 'NONE', #1745, #4413, #5362, .T. ) ;
#5894 = LINE ( 'NONE', #922, #6206 ) ;
#5895 = PLANE ( 'NONE',  #2387 ) ;
#5896 = B_SPLINE_SURFACE_WITH_KNOTS ( 'NONE', 3, 1, ( 
 ( #6041, #2596 ),
 ( #590, #4134 ),
 ( #1107, #4608 ),
 ( #1612, #5079 ),
 ( #2110, #5561 ),
 ( #2652, #6079 ),
 ( #3151, #22 ),
 ( #3661, #613 ),
 ( #4144, #1137 ),
 ( #4624, #1627 ),
 ( #5096, #2142 ) ),
 .UNSPECIFIED., .F., .F., .F.,
 ( 4, 1, 1, 1, 1, 1, 1, 1, 4 ),
 ( 2, 2 ),
 ( 0.0000000000000000000, 0.1352946047634291100, 0.2667656579247481000, 0.3948160188358722500, 0.5200516544342459500, 0.6421757029708216000, 0.7626518205584230700, 0.8818340043805018600, 1.000000000000000000 ),
 ( 0.0000000000000000000, 1.000000000000000000 ),
 .UNSPECIFIED. ) ;
#5897 = EDGE_CURVE ( 'NONE', #2873, #1450, #1420, .T. ) ;
#5898 = CARTESIAN_POINT ( 'NONE',  ( -0.3542990767548213100, -0.1832877580908943100, 1.355252715606880500E-017 ) ) ;
#5899 = PRESENTATION_LAYER_ASSIGNMENT (  '', '', ( #5218 ) ) ;
#5900 = CARTESIAN_POINT ( 'NONE',  ( 0.5356928650119090500, 0.1747554384129559000, 0.0000000000000000000 ) ) ;
#5901 = FACE_OUTER_BOUND ( 'NONE', #1413, .T. ) ;
#5902 = SURFACE_STYLE_FILL_AREA ( #6420 ) ;
#5903 = VECTOR ( 'NONE', #4578, 1000.000000000000000 ) ;
#5904 = CARTESIAN_POINT ( 'NONE',  ( 0.6093370453716222500, -0.06268616063144638600, 0.02000000000000000000 ) ) ;
#5905 = CARTESIAN_POINT ( 'NONE',  ( 2.500000000000000000, -1.201000000000000700, 0.0000000000000000000 ) ) ;
#5906 = PRESENTATION_STYLE_ASSIGNMENT (( #3298 ) ) ;
#5907 = AXIS2_PLACEMENT_3D ( 'NONE', #5438, #600, #4761 ) ;
#5908 = CARTESIAN_POINT ( 'NONE',  ( -0.4579708159752969300, 0.1255021177699125500, 1.355252715606880500E-017 ) ) ;
#5909 = AXIS2_PLACEMENT_3D ( 'NONE', #3478, #392, #3946 ) ;
#5910 = ORIENTED_EDGE ( 'NONE', *, *, #5181, .T. ) ;
#5911 = DIRECTION ( 'NONE',  ( 0.0000000000000000000, 1.000000000000000000, -0.0000000000000000000 ) ) ;
#5912 =( NAMED_UNIT ( * ) PLANE_ANGLE_UNIT ( ) SI_UNIT ( $, .RADIAN. ) );
#5913 = CARTESIAN_POINT ( 'NONE',  ( 0.9817073170731704900, -0.2452205571492869800, -0.0000000000000000000 ) ) ;
#5914 = SURFACE_STYLE_FILL_AREA ( #2454 ) ;
#5915 = ORIENTED_EDGE ( 'NONE', *, *, #6272, .T. ) ;
#5916 = PLANE ( 'NONE',  #6195 ) ;
#5917 = VERTEX_POINT ( 'NONE', #1493 ) ;
#5918 = CIRCLE ( 'NONE', #1770, 0.05000000000000002400 ) ;
#5919 = CARTESIAN_POINT ( 'NONE',  ( 2.101000000000000900, 1.600000000000000300, 0.0000000000000000000 ) ) ;
#5920 =( NAMED_UNIT ( * ) PLANE_ANGLE_UNIT ( ) SI_UNIT ( $, .RADIAN. ) );
#5921 = CARTESIAN_POINT ( 'NONE',  ( -0.4588251012888052700, -0.1089238240845926500, 0.02000000000000000000 ) ) ;
#5922 = VERTEX_POINT ( 'NONE', #4501 ) ;
#5923 = CIRCLE ( 'NONE', #2611, 0.2000000000000000900 ) ;
#5924 = COLOUR_RGB ( '',0.8274509803921568100, 0.6666666666666666300, 0.1294117647058823400 ) ;
#5925 = ORIENTED_EDGE ( 'NONE', *, *, #3514, .F. ) ;
#5926 = CARTESIAN_POINT ( 'NONE',  ( 2.400000000000000400, 0.0000000000000000000, 0.0000000000000000000 ) ) ;
#5927 = DIRECTION ( 'NONE',  ( -1.000000000000000000, 0.0000000000000000000, 0.0000000000000000000 ) ) ;
#5928 = ORIENTED_EDGE ( 'NONE', *, *, #5893, .T. ) ;
#5929 = ORIENTED_EDGE ( 'NONE', *, *, #3674, .T. ) ;
#5930 = LINE ( 'NONE', #4963, #631 ) ;
#5931 = VERTEX_POINT ( 'NONE', #994 ) ;
#5932 =( NAMED_UNIT ( * ) PLANE_ANGLE_UNIT ( ) SI_UNIT ( $, .RADIAN. ) );
#5933 = SURFACE_STYLE_FILL_AREA ( #5338 ) ;
#5934 = FILL_AREA_STYLE ('',( #2559 ) ) ;
#5935 = AXIS2_PLACEMENT_3D ( 'NONE', #4457, #56, #6381 ) ;
#5936 = CARTESIAN_POINT ( 'NONE',  ( -0.4185497136480041400, -0.2182973716267307400, 0.0000000000000000000 ) ) ;
#5937 = VERTEX_POINT ( 'NONE', #1986 ) ;
#5938 = ORIENTED_EDGE ( 'NONE', *, *, #4989, .T. ) ;
#5939 = CARTESIAN_POINT ( 'NONE',  ( 0.3109756097560982300, 0.2410599306555911400, 0.0000000000000000000 ) ) ;
#5940 = EDGE_CURVE ( 'NONE', #5931, #80, #1060, .T. ) ;
#5941 = FILL_AREA_STYLE_COLOUR ( '', #4612 ) ;
#5942 = STYLED_ITEM ( 'NONE', ( #6248 ), #673 ) ;
#5943 = CARTESIAN_POINT ( 'NONE',  ( 1.300000000000000300, -0.7000000000000000700, -0.001000000000000000000 ) ) ;
#5944 = EDGE_LOOP ( 'NONE', ( #4314, #4099, #5055, #4833 ) ) ;
#5945 = EDGE_CURVE ( 'NONE', #906, #4481, #3948, .T. ) ;
#5946 = CARTESIAN_POINT ( 'NONE',  ( -0.4876323200385822600, 0.001947166001155595800, 1.355252715606880500E-017 ) ) ;
#5947 = VECTOR ( 'NONE', #4720, 1000.000000000000000 ) ;
#5948 = DIRECTION ( 'NONE',  ( 0.0000000000000000000, -1.000000000000000000, 0.0000000000000000000 ) ) ;
#5949 = ORIENTED_EDGE ( 'NONE', *, *, #2609, .T. ) ;
#5950 = EDGE_CURVE ( 'NONE', #3055, #5937, #5200, .T. ) ;
#5951 = CARTESIAN_POINT ( 'NONE',  ( 0.3154158025699776400, 0.1765668464196233400, -0.0000000000000000000 ) ) ;
#5952 = STYLED_ITEM ( 'NONE', ( #4801 ), #3797 ) ;
#5953 =( GEOMETRIC_REPRESENTATION_CONTEXT ( 3 ) GLOBAL_UNCERTAINTY_ASSIGNED_CONTEXT ( ( #492 ) ) GLOBAL_UNIT_ASSIGNED_CONTEXT ( ( #5018, #614, #3194 ) ) REPRESENTATION_CONTEXT ( 'NONE', 'WORKASPACE' ) );
#5954 = ORIENTED_EDGE ( 'NONE', *, *, #4231, .F. ) ;
#5955 = COLOUR_RGB ( '',0.8274509803921568100, 0.6666666666666666300, 0.1294117647058823400 ) ;
#5956 = EDGE_LOOP ( 'NONE', ( #100, #4186, #570, #3252, #5834, #2107 ) ) ;
#5957 = FILL_AREA_STYLE ('',( #1481 ) ) ;
#5958 = DIRECTION ( 'NONE',  ( -0.0000000000000000000, -0.0000000000000000000, -1.000000000000000000 ) ) ;
#5959 = SURFACE_SIDE_STYLE ('',( #2064 ) ) ;
#5960 = FILL_AREA_STYLE ('',( #6515 ) ) ;
#5961 = SURFACE_STYLE_USAGE ( .BOTH. , #5506 ) ;
#5962 = CARTESIAN_POINT ( 'NONE',  ( -0.4470191824482142600, 0.1397644761524978500, 0.02000000000000000000 ) ) ;
#5963 = UNCERTAINTY_MEASURE_WITH_UNIT (LENGTH_MEASURE( 1.000000000000000100E-005 ), #234, 'distance_accuracy_value', 'NONE');
#5964 = CARTESIAN_POINT ( 'NONE',  ( 0.4393102134146347800, -0.1964400693444089400, 0.0000000000000000000 ) ) ;
#5965 = CARTESIAN_POINT ( 'NONE',  ( -1.300000000000000300, -0.7000000000000000700, 0.3489999999999999800 ) ) ;
#5966 = VECTOR ( 'NONE', #1014, 1000.000000000000000 ) ;
#5967 = DIRECTION ( 'NONE',  ( 1.000000000000000000, 0.0000000000000000000, 0.0000000000000000000 ) ) ;
#5968 = CARTESIAN_POINT ( 'NONE',  ( 0.4280678353658542400, 0.2059989550458349900, 0.0000000000000000000 ) ) ;
#5969 = CARTESIAN_POINT ( 'NONE',  ( 2.200999999999999600, -1.600000000000000300, -0.001000000000000000000 ) ) ;
#5970 = LINE ( 'NONE', #5768, #3387 ) ;
#5971 = MECHANICAL_DESIGN_GEOMETRIC_PRESENTATION_REPRESENTATION (  '', ( #5281 ), #6301 ) ;
#5972 = EDGE_CURVE ( 'NONE', #1728, #731, #2796, .T. ) ;
#5973 = CARTESIAN_POINT ( 'NONE',  ( -2.199999999999999700, -1.520000000000000000, 0.4500000000000000100 ) ) ;
#5974 = DIRECTION ( 'NONE',  ( -0.0000000000000000000, -0.0000000000000000000, 1.000000000000000000 ) ) ;
#5975 = FACE_OUTER_BOUND ( 'NONE', #246, .T. ) ;
#5976 = CARTESIAN_POINT ( 'NONE',  ( 2.399999999999999900, 1.300000000000000300, 0.4699999999999999700 ) ) ;
#5977 = CARTESIAN_POINT ( 'NONE',  ( -0.4873225018660896100, 0.03218531867558923500, 0.0000000000000000000 ) ) ;
#5978 = FILL_AREA_STYLE ('',( #386 ) ) ;
#5979 = SURFACE_SIDE_STYLE ('',( #5403 ) ) ;
#5980 = CARTESIAN_POINT ( 'NONE',  ( -2.101000000000000000, 1.500000000000000000, 0.0000000000000000000 ) ) ;
#5981 = CARTESIAN_POINT ( 'NONE',  ( 2.500000000000000000, 1.600000000000000300, 0.3499999999999999800 ) ) ;
#5982 = VECTOR ( 'NONE', #3934, 1000.000000000000000 ) ;
#5983 = EDGE_CURVE ( 'NONE', #5447, #578, #6388, .T. ) ;
#5984 = EDGE_CURVE ( 'NONE', #4022, #2947, #3782, .T. ) ;
#5985 = EDGE_LOOP ( 'NONE', ( #2629, #2116, #2032, #5357 ) ) ;
#5986 =( GEOMETRIC_REPRESENTATION_CONTEXT ( 3 ) GLOBAL_UNCERTAINTY_ASSIGNED_CONTEXT ( ( #952 ) ) GLOBAL_UNIT_ASSIGNED_CONTEXT ( ( #1322, #4813, #1824 ) ) REPRESENTATION_CONTEXT ( 'NONE', 'WORKASPACE' ) );
#5987 = CARTESIAN_POINT ( 'NONE',  ( -2.299999999999999800, 1.600000000000000300, 0.4500000000000000100 ) ) ;
#5988 = CARTESIAN_POINT ( 'NONE',  ( 2.199999999999999700, -1.300000000000000000, 0.7500000000000000000 ) ) ;
#5989 = PRESENTATION_LAYER_ASSIGNMENT (  '', '', ( #4361 ) ) ;
#5990 = ORIENTED_EDGE ( 'NONE', *, *, #2996, .F. ) ;
#5991 = CARTESIAN_POINT ( 'NONE',  ( -2.500000000000000000, -1.301000000000000200, 0.3489999999999999800 ) ) ;
#5992 = PRESENTATION_STYLE_ASSIGNMENT (( #504 ) ) ;
#5993 = LINE ( 'NONE', #4170, #4692 ) ;
#5994 = VECTOR ( 'NONE', #232, 1000.000000000000000 ) ;
#5995 = CARTESIAN_POINT ( 'NONE',  ( 0.3248036304379766100, -0.1722164681101874500, 0.0000000000000000000 ) ) ;
#5996 = EDGE_LOOP ( 'NONE', ( #1202, #4507, #1061, #1364 ) ) ;
#5997 = SURFACE_SIDE_STYLE ('',( #440 ) ) ;
#5998 = PRODUCT_DEFINITION_FORMATION_WITH_SPECIFIED_SOURCE ( 'ÈÎºÎ', '', #5613, .NOT_KNOWN. ) ;
#5999 = FACE_OUTER_BOUND ( 'NONE', #6395, .T. ) ;
#6000 = EDGE_LOOP ( 'NONE', ( #1282, #5745, #2631, #5273, #843, #6505, #4355, #4299 ) ) ;
#6001 = VECTOR ( 'NONE', #2849, 1000.000000000000000 ) ;
#6002 = CARTESIAN_POINT ( 'NONE',  ( -2.199999999999999700, -1.500000000000000000, 0.6999999999999999600 ) ) ;
#6003 = CARTESIAN_POINT ( 'NONE',  ( -0.3345974694437339700, 0.1972418912672645500, 0.0000000000000000000 ) ) ;
#6004 = VECTOR ( 'NONE', #6292, 1000.000000000000200 ) ;
#6005 = ORIENTED_EDGE ( 'NONE', *, *, #6408, .T. ) ;
#6006 = CARTESIAN_POINT ( 'NONE',  ( 0.5673533901101536200, -0.1437249551269814700, 0.02000000000000000000 ) ) ;
#6007 = LINE ( 'NONE', #4983, #5832 ) ;
#6008 =( NAMED_UNIT ( * ) PLANE_ANGLE_UNIT ( ) SI_UNIT ( $, .RADIAN. ) );
#6009 = ORIENTED_EDGE ( 'NONE', *, *, #693, .T. ) ;
#6010 = VECTOR ( 'NONE', #3403, 1000.000000000000000 ) ;
#6011 = CARTESIAN_POINT ( 'NONE',  ( -0.4470191824482142600, 0.1397644761524978500, 1.355252715606880500E-017 ) ) ;
#6012 = DIRECTION ( 'NONE',  ( 0.0000000000000000000, 1.000000000000000000, -0.0000000000000000000 ) ) ;
#6013 = CARTESIAN_POINT ( 'NONE',  ( 0.1463414634146338900, -0.01961080105172599200, 0.02000000000000000000 ) ) ;
#6014 = DIRECTION ( 'NONE',  ( 0.0000000000000000000, 0.0000000000000000000, -1.000000000000000000 ) ) ;
#6015 = ORIENTED_EDGE ( 'NONE', *, *, #5713, .T. ) ;
#6016 = FILL_AREA_STYLE ('',( #4068 ) ) ;
#6017 = UNCERTAINTY_MEASURE_WITH_UNIT (LENGTH_MEASURE( 1.000000000000000100E-005 ), #1933, 'distance_accuracy_value', 'NONE');
#6018 = FACE_OUTER_BOUND ( 'NONE', #3901, .T. ) ;
#6019 = CARTESIAN_POINT ( 'NONE',  ( -2.500000000000000000, -1.600000000000000300, 0.3499999999999999800 ) ) ;
#6020 = ORIENTED_EDGE ( 'NONE', *, *, #5245, .T. ) ;
#6021 =( NAMED_UNIT ( * ) SI_UNIT ( $, .STERADIAN. ) SOLID_ANGLE_UNIT ( ) );
#6022 = VERTEX_POINT ( 'NONE', #4538 ) ;
#6023 = SURFACE_STYLE_USAGE ( .BOTH. , #5997 ) ;
#6024 = PRESENTATION_LAYER_ASSIGNMENT (  '', '', ( #5328 ) ) ;
#6025 = CARTESIAN_POINT ( 'NONE',  ( 0.5761349786781613200, 0.1358304417103558800, 0.02000000000000000000 ) ) ;
#6026 = ORIENTED_EDGE ( 'NONE', *, *, #2487, .T. ) ;
#6027 = ORIENTED_EDGE ( 'NONE', *, *, #3204, .F. ) ;
#6028 = EDGE_CURVE ( 'NONE', #5760, #3576, #2625, .T. ) ;
#6029 = CARTESIAN_POINT ( 'NONE',  ( -2.199999999999999700, -1.300000000000000000, 0.8000000000000000400 ) ) ;
#6030 = DIRECTION ( 'NONE',  ( -0.0000000000000000000, -0.0000000000000000000, -1.000000000000000000 ) ) ;
#6031 = EDGE_CURVE ( 'NONE', #4864, #1348, #2003, .T. ) ;
#6032 = LINE ( 'NONE', #2057, #5696 ) ;
#6033 =( LENGTH_UNIT ( ) NAMED_UNIT ( * ) SI_UNIT ( .MILLI., .METRE. ) );
#6034 = CARTESIAN_POINT ( 'NONE',  ( -0.5132506857202211400, 0.1529665849759517800, 0.0000000000000000000 ) ) ;
#6035 = AXIS2_PLACEMENT_3D ( 'NONE', #4145, #821, #104 ) ;
#6036 = DIRECTION ( 'NONE',  ( -0.0000000000000000000, -0.0000000000000000000, -1.000000000000000000 ) ) ;
#6037 = CARTESIAN_POINT ( 'NONE',  ( 6.899468370362303500E-017, 0.7000000000000001800, 0.0000000000000000000 ) ) ;
#6038 = DIRECTION ( 'NONE',  ( 1.000000000000000000, 0.0000000000000000000, -0.0000000000000000000 ) ) ;
#6039 = VECTOR ( 'NONE', #3710, 1000.000000000000000 ) ;
#6040 = CARTESIAN_POINT ( 'NONE',  ( 0.6129680645552330100, 0.04417471194712827700, 0.02000000000000000000 ) ) ;
#6041 = CARTESIAN_POINT ( 'NONE',  ( 0.4393102134146347800, -0.1964400693444089400, 0.02000000000000000000 ) ) ;
#6042 = PRESENTATION_LAYER_ASSIGNMENT (  '', '', ( #5346 ) ) ;
#6043 = AXIS2_PLACEMENT_3D ( 'NONE', #4103, #1085, #4592 ) ;
#6044 = CARTESIAN_POINT ( 'NONE',  ( -0.4343974082350628400, 0.1524192623513770100, 0.02000000000000000000 ) ) ;
#6045 = CARTESIAN_POINT ( 'NONE',  ( 0.7256097560975607300, -0.2452205571492869800, -0.0000000000000000000 ) ) ;
#6046 = CARTESIAN_POINT ( 'NONE',  ( -0.7804878048780488100, 0.2547794428507130200, 0.0000000000000000000 ) ) ;
#6047 = CARTESIAN_POINT ( 'NONE',  ( -0.8101486246691070900, 0.1835174082074200700, 0.0000000000000000000 ) ) ;
#6048 = FILL_AREA_STYLE_COLOUR ( '', #4266 ) ;
#6049 =( LENGTH_UNIT ( ) NAMED_UNIT ( * ) SI_UNIT ( .MILLI., .METRE. ) );
#6050 = CARTESIAN_POINT ( 'NONE',  ( -0.4054168985882702400, 0.1733355308221993200, 0.02000000000000000000 ) ) ;
#6051 = CARTESIAN_POINT ( 'NONE',  ( -0.8154254375407994400, 0.1828678862813988800, 0.02000000000000000000 ) ) ;
#6052 = CARTESIAN_POINT ( 'NONE',  ( 0.3109756097560981700, 0.1739867599238837900, 0.02000000000000000000 ) ) ;
#6053 = CARTESIAN_POINT ( 'NONE',  ( -2.299999999999999400, -1.300000000000000000, 0.7500000000000000000 ) ) ;
#6054 = CARTESIAN_POINT ( 'NONE',  ( 1.300000000000000300, -0.7000000000000000700, 0.0000000000000000000 ) ) ;
#6055 =( NAMED_UNIT ( * ) SI_UNIT ( $, .STERADIAN. ) SOLID_ANGLE_UNIT ( ) );
#6056 = VECTOR ( 'NONE', #4872, 1000.000000000000000 ) ;
#6057 = CARTESIAN_POINT ( 'NONE',  ( -0.4054168985882702400, 0.1733355308221993200, 1.355252715606880500E-017 ) ) ;
#6058 = DIRECTION ( 'NONE',  ( 0.0000000000000000000, 0.0000000000000000000, -1.000000000000000000 ) ) ;
#6059 = PRESENTATION_LAYER_ASSIGNMENT (  '', '', ( #5375 ) ) ;
#6060 = CARTESIAN_POINT ( 'NONE',  ( -0.3892718088248065000, 0.1815563509975990100, 0.02000000000000000000 ) ) ;
#6061 = B_SPLINE_SURFACE_WITH_KNOTS ( 'NONE', 3, 1, ( 
 ( #6382, #395 ),
 ( #938, #4440 ),
 ( #1437, #4908 ),
 ( #1930, #5385 ),
 ( #2459, #5898 ),
 ( #2989, #6405 ),
 ( #3492, #413 ),
 ( #3975, #954 ),
 ( #4458, #1458 ),
 ( #4933, #1942 ),
 ( #5400, #2488 ),
 ( #5921, #3001 ),
 ( #6426, #3519 ),
 ( #435, #3994 ),
 ( #983, #4478 ),
 ( #1473, #4957 ),
 ( #1971, #5418 ),
 ( #2505, #5946 ),
 ( #3022, #6447 ) ),
 .UNSPECIFIED., .F., .F., .F.,
 ( 4, 1, 1, 1, 1, 1, 1, 1, 1, 1, 1, 1, 1, 1, 1, 1, 4 ),
 ( 2, 2 ),
 ( 0.0000000000000000000, 0.07082657255516257300, 0.1381690332797995100, 0.2024753315338422800, 0.2639737544135193300, 0.3233803205980370600, 0.3817976227131851800, 0.4393900745193888800, 0.4969027245459971500, 0.5546621696093697600, 0.6127418784921970800, 0.6715388363911720700, 0.7316557220901979100, 0.7942978116139529600, 0.8594822049793583400, 0.9276813254527898100, 1.000000000000000000 ),
 ( 0.0000000000000000000, 1.000000000000000000 ),
 .UNSPECIFIED. ) ;
#6062 = CARTESIAN_POINT ( 'NONE',  ( -0.2932545731707317800, 0.1999013940702252200, 0.0000000000000000000 ) ) ;
#6063 = AXIS2_PLACEMENT_3D ( 'NONE', #6029, #1393, #348 ) ;
#6064 = CARTESIAN_POINT ( 'NONE',  ( -0.04268292682926854600, 0.2547794428507130200, 0.0000000000000000000 ) ) ;
#6065 = COLOUR_RGB ( '',0.8274509803921568100, 0.6666666666666666300, 0.1294117647058823400 ) ;
#6066 = DIRECTION ( 'NONE',  ( 0.0000000000000000000, 0.0000000000000000000, -1.000000000000000000 ) ) ;
#6067 =( NAMED_UNIT ( * ) PLANE_ANGLE_UNIT ( ) SI_UNIT ( $, .RADIAN. ) );
#6068 = FILL_AREA_STYLE ('',( #394 ) ) ;
#6069 = EDGE_LOOP ( 'NONE', ( #2784, #3, #92, #6238 ) ) ;
#6070 = EDGE_CURVE ( 'NONE', #55, #6175, #3217, .T. ) ;
#6071 = FACE_OUTER_BOUND ( 'NONE', #5678, .T. ) ;
#6072 = AXIS2_PLACEMENT_3D ( 'NONE', #2575, #6014, #3086 ) ;
#6073 = FILL_AREA_STYLE_COLOUR ( '', #5258 ) ;
#6074 = LINE ( 'NONE', #3546, #2117 ) ;
#6075 = STYLED_ITEM ( 'NONE', ( #5892 ), #184 ) ;
#6076 = DIRECTION ( 'NONE',  ( -0.3222024856061135900, 0.9466707760722531400, 0.0000000000000000000 ) ) ;
#6077 = CARTESIAN_POINT ( 'NONE',  ( 0.4348425162981093800, 0.2058532870028461600, 1.355252715606880500E-017 ) ) ;
#6078 = FILL_AREA_STYLE ('',( #5374 ) ) ;
#6079 = CARTESIAN_POINT ( 'NONE',  ( 0.3704262831464873500, -0.1886330442821613800, 1.355252715606880500E-017 ) ) ;
#6080 = ORIENTED_EDGE ( 'NONE', *, *, #1815, .T. ) ;
#6081 = PRESENTATION_STYLE_ASSIGNMENT (( #6437 ) ) ;
#6082 = ORIENTED_EDGE ( 'NONE', *, *, #2996, .T. ) ;
#6083 = VECTOR ( 'NONE', #2375, 1000.000000000000000 ) ;
#6084 = LINE ( 'NONE', #4268, #813 ) ;
#6085 = CARTESIAN_POINT ( 'NONE',  ( -0.3538631564933595300, 0.1935830907987204600, 0.02000000000000000000 ) ) ;
#6086 = VERTEX_POINT ( 'NONE', #5046 ) ;
#6087 = CARTESIAN_POINT ( 'NONE',  ( 0.9817073170731704900, 0.2547794428507130200, 0.0000000000000000000 ) ) ;
#6088 = VERTEX_POINT ( 'NONE', #2084 ) ;
#6089 = VERTEX_POINT ( 'NONE', #4122 ) ;
#6090 = VECTOR ( 'NONE', #324, 1000.000000000000000 ) ;
#6091 = DIRECTION ( 'NONE',  ( 4.336808689942006700E-015, 1.000000000000000000, 0.0000000000000000000 ) ) ;
#6092 = LINE ( 'NONE', #900, #4641 ) ;
#6093 = SURFACE_SIDE_STYLE ('',( #5128 ) ) ;
#6094 = CARTESIAN_POINT ( 'NONE',  ( 2.500000000000000000, -1.600000000000000300, -0.001000000000000000000 ) ) ;
#6095 = EDGE_LOOP ( 'NONE', ( #78, #260, #1503, #5747 ) ) ;
#6096 = UNCERTAINTY_MEASURE_WITH_UNIT (LENGTH_MEASURE( 1.000000000000000100E-005 ), #491, 'distance_accuracy_value', 'NONE');
#6097 = FILL_AREA_STYLE ('',( #506 ) ) ;
#6098 = CARTESIAN_POINT ( 'NONE',  ( 0.9817073170731704900, -0.2452205571492869800, 0.02000000000000000000 ) ) ;
#6099 = CARTESIAN_POINT ( 'NONE',  ( -0.8112500380320645200, 0.1902433869505050200, 0.02000000000000000000 ) ) ;
#6100 = SURFACE_SIDE_STYLE ('',( #6376 ) ) ;
#6101 = ORIENTED_EDGE ( 'NONE', *, *, #3986, .F. ) ;
#6102 = ORIENTED_EDGE ( 'NONE', *, *, #151, .T. ) ;
#6103 = VERTEX_POINT ( 'NONE', #3631 ) ;
#6104 = LINE ( 'NONE', #3234, #1139 ) ;
#6105 = CARTESIAN_POINT ( 'NONE',  ( -2.101000000000000400, 1.600000000000000300, 0.3489999999999999800 ) ) ;
#6106 = VECTOR ( 'NONE', #295, 1000.000000000000100 ) ;
#6107 = ADVANCED_FACE ( 'NONE', ( #2290 ), #444, .T. ) ;
#6108 = CARTESIAN_POINT ( 'NONE',  ( 0.9817073170731704900, -0.2452205571492869800, 0.02000000000000000000 ) ) ;
#6109 = EDGE_CURVE ( 'NONE', #1723, #6343, #5737, .T. ) ;
#6110 =( NAMED_UNIT ( * ) PLANE_ANGLE_UNIT ( ) SI_UNIT ( $, .RADIAN. ) );
#6111 = EDGE_CURVE ( 'NONE', #1141, #656, #1791, .T. ) ;
#6112 = EDGE_CURVE ( 'NONE', #3118, #192, #5584, .T. ) ;
#6113 =( GEOMETRIC_REPRESENTATION_CONTEXT ( 3 ) GLOBAL_UNCERTAINTY_ASSIGNED_CONTEXT ( ( #5257 ) ) GLOBAL_UNIT_ASSIGNED_CONTEXT ( ( #2190, #5626, #2728 ) ) REPRESENTATION_CONTEXT ( 'NONE', 'WORKASPACE' ) );
#6114 = CARTESIAN_POINT ( 'NONE',  ( -0.3721065928830386000, 0.1883118140154712000, 1.355252715606880500E-017 ) ) ;
#6115 = CARTESIAN_POINT ( 'NONE',  ( 0.6733368993461258400, 0.07834868647192294600, 1.355252715606880500E-017 ) ) ;
#6116 = MECHANICAL_DESIGN_GEOMETRIC_PRESENTATION_REPRESENTATION (  '', ( #5108 ), #6449 ) ;
#6117 = CARTESIAN_POINT ( 'NONE',  ( 0.3546144861576529500, -0.1841850428571639200, 0.02000000000000000000 ) ) ;
#6118 = SURFACE_STYLE_USAGE ( .BOTH. , #6100 ) ;
#6119 = CARTESIAN_POINT ( 'NONE',  ( 0.3948270974870732900, 0.2597337769432822000, 0.0000000000000000000 ) ) ;
#6120 = PLANE ( 'NONE',  #2524 ) ;
#6121 =( GEOMETRIC_REPRESENTATION_CONTEXT ( 3 ) GLOBAL_UNCERTAINTY_ASSIGNED_CONTEXT ( ( #927 ) ) GLOBAL_UNIT_ASSIGNED_CONTEXT ( ( #2204, #2237, #2163 ) ) REPRESENTATION_CONTEXT ( 'NONE', 'WORKASPACE' ) );
#6122 = MECHANICAL_DESIGN_GEOMETRIC_PRESENTATION_REPRESENTATION (  '', ( #5430 ), #6457 ) ;
#6123 = DIRECTION ( 'NONE',  ( 0.0000000000000000000, -0.0000000000000000000, 1.000000000000000000 ) ) ;
#6124 = DIRECTION ( 'NONE',  ( -0.0000000000000000000, -0.0000000000000000000, -1.000000000000000000 ) ) ;
#6125 = CYLINDRICAL_SURFACE ( 'NONE', #3998, 0.3000000000000003800 ) ;
#6126 = CARTESIAN_POINT ( 'NONE',  ( 0.5730602608781828500, 0.2201511541087017600, 0.02000000000000000000 ) ) ;
#6127 = TOROIDAL_SURFACE ( 'NONE', #5935, 0.2200000000000000800, 0.02000000000000000000 ) ;
#6128 = CYLINDRICAL_SURFACE ( 'NONE', #1084, 0.05000000000000002400 ) ;
#6129 = SURFACE_STYLE_USAGE ( .BOTH. , #5979 ) ;
#6130 = ADVANCED_FACE ( 'NONE', ( #250 ), #2612, .T. ) ;
#6131 = VECTOR ( 'NONE', #3516, 1000.000000000000000 ) ;
#6132 = FILL_AREA_STYLE ('',( #41 ) ) ;
#6133 = VECTOR ( 'NONE', #3402, 1000.000000000000000 ) ;
#6134 = AXIS2_PLACEMENT_3D ( 'NONE', #760, #3109, #5853 ) ;
#6135 = EDGE_CURVE ( 'NONE', #4867, #482, #4173, .T. ) ;
#6136 = AXIS2_PLACEMENT_3D ( 'NONE', #3208, #3253, #2512 ) ;
#6137 = CARTESIAN_POINT ( 'NONE',  ( -0.04268292682926854600, 0.1999013940702252200, 0.02000000000000000000 ) ) ;
#6138 = CARTESIAN_POINT ( 'NONE',  ( 0.5445714248179758200, -0.2347759042658567600, -0.0000000000000000000 ) ) ;
#6139 = EDGE_CURVE ( 'NONE', #5725, #3973, #4094, .T. ) ;
#6140 = EDGE_LOOP ( 'NONE', ( #254, #4791, #5587, #1034, #1645, #441, #2810, #5949, #4132, #3730 ) ) ;
#6141 = ORIENTED_EDGE ( 'NONE', *, *, #306, .T. ) ;
#6142 = VECTOR ( 'NONE', #1757, 1000.000000000000000 ) ;
#6143 = SURFACE_STYLE_USAGE ( .BOTH. , #6093 ) ;
#6144 = CARTESIAN_POINT ( 'NONE',  ( 0.4376700701921745200, 0.2606668913195961400, 1.355252715606880500E-017 ) ) ;
#6145 = LINE ( 'NONE', #834, #6004 ) ;
#6146 = CARTESIAN_POINT ( 'NONE',  ( 0.1463414634146338900, -0.1903425083687991800, 0.02000000000000000000 ) ) ;
#6147 = EDGE_CURVE ( 'NONE', #2610, #3606, #4320, .T. ) ;
#6148 = EDGE_LOOP ( 'NONE', ( #6549, #1953, #163, #74 ) ) ;
#6149 = DIRECTION ( 'NONE',  ( -0.0000000000000000000, -1.000000000000000000, -0.0000000000000000000 ) ) ;
#6150 = AXIS2_PLACEMENT_3D ( 'NONE', #1118, #3155, #30 ) ;
#6151 = CARTESIAN_POINT ( 'NONE',  ( -0.8112500380320645200, 0.1902433869505050200, 1.355252715606880500E-017 ) ) ;
#6152 = EDGE_LOOP ( 'NONE', ( #1954, #2406, #3458, #3960, #1260, #9, #6567, #747 ) ) ;
#6153 = STYLED_ITEM ( 'NONE', ( #3865 ), #245 ) ;
#6154 = MECHANICAL_DESIGN_GEOMETRIC_PRESENTATION_REPRESENTATION (  '', ( #4286 ), #6508 ) ;
#6155 = EDGE_LOOP ( 'NONE', ( #3324, #3241, #3165, #3021 ) ) ;
#6156 = EDGE_LOOP ( 'NONE', ( #2691, #5915, #5580, #72 ) ) ;
#6157 =( LENGTH_UNIT ( ) NAMED_UNIT ( * ) SI_UNIT ( .MILLI., .METRE. ) );
#6158 = VECTOR ( 'NONE', #5322, 1000.000000000000000 ) ;
#6159 =( LENGTH_UNIT ( ) NAMED_UNIT ( * ) SI_UNIT ( .MILLI., .METRE. ) );
#6160 = UNCERTAINTY_MEASURE_WITH_UNIT (LENGTH_MEASURE( 1.000000000000000100E-005 ), #433, 'distance_accuracy_value', 'NONE');
#6161 = DIRECTION ( 'NONE',  ( -1.000000000000000000, 0.0000000000000000000, 0.0000000000000000000 ) ) ;
#6162 = CARTESIAN_POINT ( 'NONE',  ( -0.3723473547832421000, 0.2458319349927784700, 0.02000000000000000000 ) ) ;
#6163 = ORIENTED_EDGE ( 'NONE', *, *, #5214, .F. ) ;
#6164 = CARTESIAN_POINT ( 'NONE',  ( 2.199999999999999700, -1.500000000000000000, 0.4699999999999999700 ) ) ;
#6165 = SURFACE_STYLE_USAGE ( .BOTH. , #2752 ) ;
#6166 = ADVANCED_FACE ( 'NONE', ( #1642 ), #4257, .T. ) ;
#6167 = VERTEX_POINT ( 'NONE', #4154 ) ;
#6168 = CARTESIAN_POINT ( 'NONE',  ( 0.6829268292682932900, -0.004652721783433296800, 0.0000000000000000000 ) ) ;
#6169 = ORIENTED_EDGE ( 'NONE', *, *, #1541, .F. ) ;
#6170 = ORIENTED_EDGE ( 'NONE', *, *, #4230, .T. ) ;
#6171 = ORIENTED_EDGE ( 'NONE', *, *, #3239, .F. ) ;
#6172 = PRESENTATION_STYLE_ASSIGNMENT (( #5404 ) ) ;
#6173 = CARTESIAN_POINT ( 'NONE',  ( -0.5367801690928422100, -0.09366885322215477700, 0.02000000000000000000 ) ) ;
#6174 = VERTEX_POINT ( 'NONE', #753 ) ;
#6175 = VERTEX_POINT ( 'NONE', #2808 ) ;
#6176 = CARTESIAN_POINT ( 'NONE',  ( -2.500000000000000000, -1.600000000000000300, 0.3489999999999999800 ) ) ;
#6177 = SURFACE_STYLE_USAGE ( .BOTH. , #2760 ) ;
#6178 = DIRECTION ( 'NONE',  ( -0.0000000000000000000, -0.0000000000000000000, -1.000000000000000000 ) ) ;
#6179 = VECTOR ( 'NONE', #4962, 1000.000000000000000 ) ;
#6180 =( GEOMETRIC_REPRESENTATION_CONTEXT ( 3 ) GLOBAL_UNCERTAINTY_ASSIGNED_CONTEXT ( ( #1000 ) ) GLOBAL_UNIT_ASSIGNED_CONTEXT ( ( #3147, #3535, #3809 ) ) REPRESENTATION_CONTEXT ( 'NONE', 'WORKASPACE' ) );
#6181 = DIRECTION ( 'NONE',  ( -1.000000000000000000, 0.0000000000000000000, 0.0000000000000000000 ) ) ;
#6182 = ORIENTED_EDGE ( 'NONE', *, *, #4278, .F. ) ;
#6183 = DIRECTION ( 'NONE',  ( 0.0000000000000000000, -1.000000000000000000, -0.0000000000000000000 ) ) ;
#6184 = CARTESIAN_POINT ( 'NONE',  ( -0.4480639183564925600, -0.1241107457636529800, 0.0000000000000000000 ) ) ;
#6185 = CARTESIAN_POINT ( 'NONE',  ( -0.5546784648336009500, 0.02013103589230268200, 0.02000000000000000000 ) ) ;
#6186 = PRESENTATION_LAYER_ASSIGNMENT (  '', '', ( #5499 ) ) ;
#6187 = LINE ( 'NONE', #1664, #2248 ) ;
#6188 = SURFACE_SIDE_STYLE ('',( #415 ) ) ;
#6189 = CARTESIAN_POINT ( 'NONE',  ( 2.299999999999999800, -1.600000000000000300, 0.3499999999999999800 ) ) ;
#6190 = EDGE_CURVE ( 'NONE', #2147, #6251, #67, .T. ) ;
#6191 = EDGE_CURVE ( 'NONE', #2481, #4419, #5272, .T. ) ;
#6192 = PRESENTATION_LAYER_ASSIGNMENT (  '', '', ( #5861 ) ) ;
#6193 = COLOUR_RGB ( '',0.8274509803921568100, 0.6666666666666666300, 0.1294117647058823400 ) ;
#6194 = CARTESIAN_POINT ( 'NONE',  ( -0.2883955792682928500, -0.2452205571492870300, 0.02000000000000000000 ) ) ;
#6195 = AXIS2_PLACEMENT_3D ( 'NONE', #6246, #6267, #6286 ) ;
#6196 =( NAMED_UNIT ( * ) PLANE_ANGLE_UNIT ( ) SI_UNIT ( $, .RADIAN. ) );
#6197 = DIRECTION ( 'NONE',  ( 0.0000000000000000000, 1.000000000000000000, 0.0000000000000000000 ) ) ;
#6198 = CARTESIAN_POINT ( 'NONE',  ( 2.500000000000000000, 1.600000000000000300, 0.0000000000000000000 ) ) ;
#6199 =( NAMED_UNIT ( * ) PLANE_ANGLE_UNIT ( ) SI_UNIT ( $, .RADIAN. ) );
#6200 = COLOUR_RGB ( '',0.8274509803921568100, 0.6666666666666666300, 0.1294117647058823400 ) ;
#6201 = CARTESIAN_POINT ( 'NONE',  ( 0.4280678353658542400, 0.2059989550458349900, 0.02000000000000000000 ) ) ;
#6202 =( LENGTH_UNIT ( ) NAMED_UNIT ( * ) SI_UNIT ( .MILLI., .METRE. ) );
#6203 = CARTESIAN_POINT ( 'NONE',  ( -2.299999999999999800, 1.600000000000000300, 0.0000000000000000000 ) ) ;
#6204 = CIRCLE ( 'NONE', #3848, 0.3000000000000003800 ) ;
#6205 = DIRECTION ( 'NONE',  ( -1.000000000000000000, 0.0000000000000000000, 0.0000000000000000000 ) ) ;
#6206 = VECTOR ( 'NONE', #5877, 1000.000000000000000 ) ;
#6207 =( LENGTH_UNIT ( ) NAMED_UNIT ( * ) SI_UNIT ( .MILLI., .METRE. ) );
#6208 = DIRECTION ( 'NONE',  ( 0.0000000000000000000, -1.000000000000000000, -0.0000000000000000000 ) ) ;
#6209 =( NAMED_UNIT ( * ) PLANE_ANGLE_UNIT ( ) SI_UNIT ( $, .RADIAN. ) );
#6210 = SURFACE_STYLE_USAGE ( .BOTH. , #1127 ) ;
#6211 = DIRECTION ( 'NONE',  ( 1.000000000000000000, 0.0000000000000000000, -0.0000000000000000000 ) ) ;
#6212 = PRESENTATION_STYLE_ASSIGNMENT (( #5549 ) ) ;
#6213 = LINE ( 'NONE', #4216, #3637 ) ;
#6214 = DIRECTION ( 'NONE',  ( 0.0000000000000000000, 0.0000000000000000000, -1.000000000000000000 ) ) ;
#6215 = CARTESIAN_POINT ( 'NONE',  ( -1.600000000000001000, -0.7000000000000000700, 0.3489999999999999800 ) ) ;
#6216 = DIRECTION ( 'NONE',  ( 0.0000000000000000000, 0.0000000000000000000, 1.000000000000000000 ) ) ;
#6217 = CARTESIAN_POINT ( 'NONE',  ( 2.199999999999999700, -1.450000000000000200, 0.7500000000000000000 ) ) ;
#6218 = FACE_OUTER_BOUND ( 'NONE', #5844, .T. ) ;
#6219 = AXIS2_PLACEMENT_3D ( 'NONE', #3798, #3684, #3183 ) ;
#6220 = LINE ( 'NONE', #1483, #948 ) ;
#6221 = CARTESIAN_POINT ( 'NONE',  ( -2.400000000000000400, -1.201000000000000300, -0.001000000000000000000 ) ) ;
#6222 = EDGE_CURVE ( 'NONE', #6462, #5369, #4019, .T. ) ;
#6223 = ORIENTED_EDGE ( 'NONE', *, *, #3747, .F. ) ;
#6224 = COLOUR_RGB ( '',0.8274509803921568100, 0.6666666666666666300, 0.1294117647058823400 ) ;
#6225 = CARTESIAN_POINT ( 'NONE',  ( 0.6733368993461258400, 0.07834868647192294600, 0.0000000000000000000 ) ) ;
#6226 = EDGE_CURVE ( 'NONE', #652, #6412, #1494, .T. ) ;
#6227 = ORIENTED_EDGE ( 'NONE', *, *, #3422, .T. ) ;
#6228 = ADVANCED_FACE ( 'NONE', ( #1332 ), #1742, .F. ) ;
#6229 = MECHANICAL_DESIGN_GEOMETRIC_PRESENTATION_REPRESENTATION (  '', ( #5218 ), #13 ) ;
#6230 = SURFACE_STYLE_FILL_AREA ( #2827 ) ;
#6231 = CARTESIAN_POINT ( 'NONE',  ( 1.300000000000000300, 0.7000000000000000700, 0.3489999999999999800 ) ) ;
#6232 = STYLED_ITEM ( 'NONE', ( #1788 ), #35 ) ;
#6233 = VECTOR ( 'NONE', #4605, 1000.000000000000000 ) ;
#6234 = ORIENTED_EDGE ( 'NONE', *, *, #4149, .F. ) ;
#6235 =( NAMED_UNIT ( * ) SI_UNIT ( $, .STERADIAN. ) SOLID_ANGLE_UNIT ( ) );
#6236 = DIRECTION ( 'NONE',  ( 1.000000000000000000, -0.0000000000000000000, 0.0000000000000000000 ) ) ;
#6237 = ORIENTED_EDGE ( 'NONE', *, *, #2842, .T. ) ;
#6238 = ORIENTED_EDGE ( 'NONE', *, *, #4988, .T. ) ;
#6239 = CARTESIAN_POINT ( 'NONE',  ( 2.400000000000000400, -1.201000000000000300, -0.001000000000000000000 ) ) ;
#6240 = UNCERTAINTY_MEASURE_WITH_UNIT (LENGTH_MEASURE( 1.000000000000000100E-005 ), #6207, 'distance_accuracy_value', 'NONE');
#6241 = SURFACE_SIDE_STYLE ('',( #1086 ) ) ;
#6242 = CARTESIAN_POINT ( 'NONE',  ( -0.5367801690928422100, -0.09366885322215477700, 0.02000000000000000000 ) ) ;
#6243 = LINE ( 'NONE', #3400, #4781 ) ;
#6244 = STYLED_ITEM ( 'NONE', ( #2373 ), #310 ) ;
#6245 = AXIS2_PLACEMENT_3D ( 'NONE', #5850, #354, #3926 ) ;
#6246 = CARTESIAN_POINT ( 'NONE',  ( 2.101000000000000000, -1.500000000000000000, 0.3489999999999999800 ) ) ;
#6247 = PLANE ( 'NONE',  #6507 ) ;
#6248 = PRESENTATION_STYLE_ASSIGNMENT (( #4732 ) ) ;
#6249 = DIRECTION ( 'NONE',  ( 0.0000000000000000000, 1.000000000000000000, 0.0000000000000000000 ) ) ;
#6250 = FILL_AREA_STYLE_COLOUR ( '', #4027 ) ;
#6251 = VERTEX_POINT ( 'NONE', #1267 ) ;
#6252 = ORIENTED_EDGE ( 'NONE', *, *, #3561, .F. ) ;
#6253 = CARTESIAN_POINT ( 'NONE',  ( 0.3156673051435927600, -0.2218955478378919800, 0.02000000000000000000 ) ) ;
#6254 = CARTESIAN_POINT ( 'NONE',  ( 0.4376700701921745200, 0.2606668913195961400, -0.0000000000000000000 ) ) ;
#6255 = ORIENTED_EDGE ( 'NONE', *, *, #3003, .F. ) ;
#6256 = FACE_OUTER_BOUND ( 'NONE', #2650, .T. ) ;
#6257 = DIRECTION ( 'NONE',  ( -0.0000000000000000000, -0.0000000000000000000, -1.000000000000000000 ) ) ;
#6258 = DIRECTION ( 'NONE',  ( -1.000000000000000000, 0.0000000000000000000, 0.0000000000000000000 ) ) ;
#6259 = ORIENTED_EDGE ( 'NONE', *, *, #785, .F. ) ;
#6260 = CARTESIAN_POINT ( 'NONE',  ( 1.300000000000000300, 0.7000000000000000700, 0.3489999999999999800 ) ) ;
#6261 = CARTESIAN_POINT ( 'NONE',  ( -0.8134527439024390500, 0.1938038330946154600, 0.02000000000000000000 ) ) ;
#6262 = VECTOR ( 'NONE', #1335, 1000.000000000000000 ) ;
#6263 = CARTESIAN_POINT ( 'NONE',  ( 2.200999999999999600, 1.600000000000000300, -0.001000000000000000000 ) ) ;
#6264 = CARTESIAN_POINT ( 'NONE',  ( 0.6154434608049096400, -0.02214396074770013900, 0.0000000000000000000 ) ) ;
#6265 = SURFACE_SIDE_STYLE ('',( #674 ) ) ;
#6266 = CARTESIAN_POINT ( 'NONE',  ( -0.4407023022779717500, -0.2062802087956596400, 1.355252715606880500E-017 ) ) ;
#6267 = DIRECTION ( 'NONE',  ( -0.0000000000000000000, 1.000000000000000000, 0.0000000000000000000 ) ) ;
#6268 = PLANE ( 'NONE',  #1782 ) ;
#6269 = DIRECTION ( 'NONE',  ( -9.856383386231858800E-017, -1.000000000000000000, 0.0000000000000000000 ) ) ;
#6270 = CARTESIAN_POINT ( 'NONE',  ( -0.3907625265607553900, -0.1700897003234937400, 0.02000000000000000000 ) ) ;
#6271 = DIRECTION ( 'NONE',  ( -1.000000000000000000, 0.0000000000000000000, 0.0000000000000000000 ) ) ;
#6272 = EDGE_CURVE ( 'NONE', #4176, #4587, #4698, .T. ) ;
#6273 = AXIS2_PLACEMENT_3D ( 'NONE', #5435, #5395, #4897 ) ;
#6274 = DIRECTION ( 'NONE',  ( -0.0000000000000000000, -0.0000000000000000000, -1.000000000000000000 ) ) ;
#6275 = EDGE_CURVE ( 'NONE', #1785, #1674, #2029, .T. ) ;
#6276 = CARTESIAN_POINT ( 'NONE',  ( 0.4280678353658542400, 0.2059989550458349900, 0.02000000000000000000 ) ) ;
#6277 = CARTESIAN_POINT ( 'NONE',  ( 0.9146341463414632300, 0.2547794428507130200, 0.02000000000000000000 ) ) ;
#6278 = EDGE_CURVE ( 'NONE', #3746, #3737, #706, .T. ) ;
#6279 = AXIS2_PLACEMENT_3D ( 'NONE', #3389, #2385, #5814 ) ;
#6280 = CARTESIAN_POINT ( 'NONE',  ( 2.399999999999999900, -1.300000000000000000, 0.6999999999999999600 ) ) ;
#6281 = SURFACE_STYLE_USAGE ( .BOTH. , #2869 ) ;
#6282 =( NAMED_UNIT ( * ) SI_UNIT ( $, .STERADIAN. ) SOLID_ANGLE_UNIT ( ) );
#6283 = CARTESIAN_POINT ( 'NONE',  ( -0.2883955792682928500, -0.2452205571492870300, 0.02000000000000000000 ) ) ;
#6284 = B_SPLINE_CURVE_WITH_KNOTS ( 'NONE', 3,
 ( #2927, #5320, #1858, #6342, #3437, #340, #3915, #903, #4399, #1399, #4877, #1887, #5340, #2425, #5859, #2949, #6362, #3464, #368 ),
 .UNSPECIFIED., .F., .F.,
 ( 4, 1, 1, 1, 1, 1, 1, 1, 1, 1, 1, 1, 1, 1, 1, 1, 4 ),
 ( 0.0000000000000000000, 0.07430379644281594200, 0.1443936103644178100, 0.2104994961032797300, 0.2735426065034680700, 0.3338247445790736300, 0.3925296724085027300, 0.4500874545995856000, 0.5078206115557880600, 0.5654649127768466300, 0.6231487223336199500, 0.6812971927909355900, 0.7409134981565808100, 0.8018557521958578100, 0.8652412377209433000, 0.9309416570467441400, 1.000000000000000000 ),
 .UNSPECIFIED. ) ;
#6285 = CARTESIAN_POINT ( 'NONE',  ( -0.8101486246691070900, 0.1835174082074200700, 1.355252715606880500E-017 ) ) ;
#6286 = DIRECTION ( 'NONE',  ( 0.0000000000000000000, -0.0000000000000000000, 1.000000000000000000 ) ) ;
#6287 = PLANE ( 'NONE',  #1249 ) ;
#6288 = UNCERTAINTY_MEASURE_WITH_UNIT (LENGTH_MEASURE( 1.000000000000000100E-005 ), #4804, 'distance_accuracy_value', 'NONE');
#6289 = DIRECTION ( 'NONE',  ( 1.000000000000000000, -9.856383386231857600E-017, 0.0000000000000000000 ) ) ;
#6290 = CARTESIAN_POINT ( 'NONE',  ( -0.3721065928830386000, 0.1883118140154712000, 0.02000000000000000000 ) ) ;
#6291 = CARTESIAN_POINT ( 'NONE',  ( 2.199999999999999700, -1.600000000000000300, 0.3499999999999999800 ) ) ;
#6292 = DIRECTION ( 'NONE',  ( 0.3222024856061135900, -0.9466707760722531400, 0.0000000000000000000 ) ) ;
#6293 = CARTESIAN_POINT ( 'NONE',  ( 0.4285799291129857000, -0.2510838813511012700, 0.02000000000000000000 ) ) ;
#6294 = COLOUR_RGB ( '',0.8274509803921568100, 0.6666666666666666300, 0.1294117647058823400 ) ;
#6295 = CIRCLE ( 'NONE', #118, 0.2990000000000002100 ) ;
#6296 = DIRECTION ( 'NONE',  ( 0.0000000000000000000, 1.000000000000000000, 0.0000000000000000000 ) ) ;
#6297 = ORIENTED_EDGE ( 'NONE', *, *, #6028, .T. ) ;
#6298 = COLOUR_RGB ( '',0.2980392156862745100, 0.2980392156862745100, 0.2980392156862745100 ) ;
#6299 = CARTESIAN_POINT ( 'NONE',  ( -2.101000000000000000, -1.500000000000000000, 0.3489999999999999800 ) ) ;
#6300 = DIRECTION ( 'NONE',  ( 1.000000000000000000, 0.0000000000000000000, 0.0000000000000000000 ) ) ;
#6301 =( GEOMETRIC_REPRESENTATION_CONTEXT ( 3 ) GLOBAL_UNCERTAINTY_ASSIGNED_CONTEXT ( ( #809 ) ) GLOBAL_UNIT_ASSIGNED_CONTEXT ( ( #6159, #2745, #3925 ) ) REPRESENTATION_CONTEXT ( 'NONE', 'WORKASPACE' ) );
#6302 = EDGE_CURVE ( 'NONE', #6175, #80, #3408, .T. ) ;
#6303 = CARTESIAN_POINT ( 'NONE',  ( 0.3251187419298121600, -0.2271123561355403400, 0.0000000000000000000 ) ) ;
#6304 =( NAMED_UNIT ( * ) PLANE_ANGLE_UNIT ( ) SI_UNIT ( $, .RADIAN. ) );
#6305 = ORIENTED_EDGE ( 'NONE', *, *, #4903, .T. ) ;
#6306 = DIRECTION ( 'NONE',  ( 0.0000000000000000000, 0.0000000000000000000, 1.000000000000000000 ) ) ;
#6307 = FACE_OUTER_BOUND ( 'NONE', #5687, .T. ) ;
#6308 = ORIENTED_EDGE ( 'NONE', *, *, #5756, .F. ) ;
#6309 = CARTESIAN_POINT ( 'NONE',  ( 2.500000000000000000, -1.600000000000000300, 0.3499999999999999800 ) ) ;
#6310 = EDGE_LOOP ( 'NONE', ( #2528, #977, #2732, #3237 ) ) ;
#6311 = VECTOR ( 'NONE', #4312, 1000.000000000000000 ) ;
#6312 = FILL_AREA_STYLE_COLOUR ( '', #4095 ) ;
#6313 = CARTESIAN_POINT ( 'NONE',  ( 0.6093370453716222500, -0.06268616063144638600, 0.02000000000000000000 ) ) ;
#6314 = CARTESIAN_POINT ( 'NONE',  ( 0.4228260513954071300, 0.2608353316085185700, 0.02000000000000000000 ) ) ;
#6315 = ORIENTED_EDGE ( 'NONE', *, *, #5897, .F. ) ;
#6316 = ORIENTED_EDGE ( 'NONE', *, *, #1845, .T. ) ;
#6317 = CARTESIAN_POINT ( 'NONE',  ( 0.2134146341463412100, 0.2547794428507130200, 0.0000000000000000000 ) ) ;
#6318 = VERTEX_POINT ( 'NONE', #2289 ) ;
#6319 = VERTEX_POINT ( 'NONE', #1800 ) ;
#6320 = VECTOR ( 'NONE', #1303, 1000.000000000000000 ) ;
#6321 = CARTESIAN_POINT ( 'NONE',  ( 2.500000000000000000, 1.300000000000000300, 0.3499999999999999800 ) ) ;
#6322 = EDGE_CURVE ( 'NONE', #1945, #6478, #3094, .T. ) ;
#6323 = CARTESIAN_POINT ( 'NONE',  ( 2.500000000000000000, 1.399999999999999900, 0.0000000000000000000 ) ) ;
#6324 = EDGE_CURVE ( 'NONE', #5765, #5541, #4397, .T. ) ;
#6325 = DIRECTION ( 'NONE',  ( -1.000000000000000000, 0.0000000000000000000, 0.0000000000000000000 ) ) ;
#6326 = ORIENTED_EDGE ( 'NONE', *, *, #6322, .T. ) ;
#6327 = MECHANICAL_DESIGN_GEOMETRIC_PRESENTATION_REPRESENTATION (  '', ( #4361 ), #121 ) ;
#6328 = CARTESIAN_POINT ( 'NONE',  ( 2.500000000000000000, 1.201000000000000700, 0.3489999999999999800 ) ) ;
#6329 = CARTESIAN_POINT ( 'NONE',  ( 0.3906215900297372300, -0.2470872881520112000, 0.0000000000000000000 ) ) ;
#6330 = PRESENTATION_STYLE_ASSIGNMENT (( #5870 ) ) ;
#6331 = PRODUCT_RELATED_PRODUCT_CATEGORY ( 'part', '', ( #5613 ) ) ;
#6332 = CARTESIAN_POINT ( 'NONE',  ( -1.300000000000000300, -1.500000000000000000, 0.3489999999999999800 ) ) ;
#6333 = DIRECTION ( 'NONE',  ( -0.0000000000000000000, 0.0000000000000000000, -1.000000000000000000 ) ) ;
#6334 = LINE ( 'NONE', #4448, #5012 ) ;
#6335 = CARTESIAN_POINT ( 'NONE',  ( 2.299999999999999800, 1.600000000000000300, 0.4500000000000000100 ) ) ;
#6336 = PLANE ( 'NONE',  #14 ) ;
#6337 = CARTESIAN_POINT ( 'NONE',  ( 0.4457335509202432500, -0.1962745203024672300, 0.02000000000000000000 ) ) ;
#6338 = CARTESIAN_POINT ( 'NONE',  ( 0.3359067750317615800, 0.2498784427576004300, 1.355252715606880500E-017 ) ) ;
#6339 = EDGE_LOOP ( 'NONE', ( #4032, #3869, #3803, #3179 ) ) ;
#6340 = LINE ( 'NONE', #4496, #6179 ) ;
#6341 = CARTESIAN_POINT ( 'NONE',  ( -2.500000000000000000, -1.600000000000000300, -0.001000000000000000000 ) ) ;
#6342 = CARTESIAN_POINT ( 'NONE',  ( -0.4848443947653962000, 0.05377582260918129000, 0.02000000000000000000 ) ) ;
#6343 = VERTEX_POINT ( 'NONE', #4342 ) ;
#6344 = LINE ( 'NONE', #6098, #3750 ) ;
#6345 = CARTESIAN_POINT ( 'NONE',  ( 0.6822828863907656200, 0.02411320955575899800, 0.02000000000000000000 ) ) ;
#6346 = FILL_AREA_STYLE ('',( #5537 ) ) ;
#6347 = CARTESIAN_POINT ( 'NONE',  ( -1.300000000000000300, 1.500000000000000000, 0.3489999999999999800 ) ) ;
#6348 = CARTESIAN_POINT ( 'NONE',  ( -0.8082893805652045000, 0.1740929194788086700, 0.02000000000000000000 ) ) ;
#6349 = MECHANICAL_DESIGN_GEOMETRIC_PRESENTATION_REPRESENTATION (  '', ( #5328 ), #148 ) ;
#6350 =( LENGTH_UNIT ( ) NAMED_UNIT ( * ) SI_UNIT ( .MILLI., .METRE. ) );
#6351 = APPLICATION_PROTOCOL_DEFINITION ( 'draft international standard', 'automotive_design', 1998, #2937 ) ;
#6352 = DIRECTION ( 'NONE',  ( -0.0000000000000000000, -0.0000000000000000000, -1.000000000000000000 ) ) ;
#6353 = CARTESIAN_POINT ( 'NONE',  ( -0.8038300304878049900, 0.1587428574848593900, 0.02000000000000000000 ) ) ;
#6354 = DIRECTION ( 'NONE',  ( -1.000000000000000000, 0.0000000000000000000, 0.0000000000000000000 ) ) ;
#6355 = EDGE_CURVE ( 'NONE', #899, #4051, #5658, .T. ) ;
#6356 = PLANE ( 'NONE',  #4387 ) ;
#6357 = EDGE_CURVE ( 'NONE', #3099, #4022, #4549, .T. ) ;
#6358 = CARTESIAN_POINT ( 'NONE',  ( 2.200999999999999600, -1.600000000000000300, 0.3489999999999999800 ) ) ;
#6359 = STYLED_ITEM ( 'NONE', ( #4564 ), #1188 ) ;
#6360 = UNCERTAINTY_MEASURE_WITH_UNIT (LENGTH_MEASURE( 1.000000000000000100E-005 ), #5063, 'distance_accuracy_value', 'NONE');
#6361 =( NAMED_UNIT ( * ) PLANE_ANGLE_UNIT ( ) SI_UNIT ( $, .RADIAN. ) );
#6362 = CARTESIAN_POINT ( 'NONE',  ( -0.3142672990260592100, 0.1994690261560747900, 0.02000000000000000000 ) ) ;
#6363 = CARTESIAN_POINT ( 'NONE',  ( -2.199999999999999700, -1.500000000000000000, 0.4699999999999999700 ) ) ;
#6364 = COLOUR_RGB ( '',0.8274509803921568100, 0.6666666666666666300, 0.1294117647058823400 ) ;
#6365 = CARTESIAN_POINT ( 'NONE',  ( -0.8118330792682927300, 0.1938038330946154600, 0.0000000000000000000 ) ) ;
#6366 = VECTOR ( 'NONE', #307, 1000.000000000000000 ) ;
#6367 = VERTEX_POINT ( 'NONE', #2900 ) ;
#6369 = DIRECTION ( 'NONE',  ( 0.0000000000000000000, 0.0000000000000000000, -1.000000000000000000 ) ) ;
#6368 = STYLED_ITEM ( 'NONE', ( #1130 ), #4695 ) ;
#6370 = MECHANICAL_DESIGN_GEOMETRIC_PRESENTATION_REPRESENTATION (  '', ( #5346 ), #170 ) ;
#6371 = AXIS2_PLACEMENT_3D ( 'NONE', #1501, #4969, #1992 ) ;
#6372 = CARTESIAN_POINT ( 'NONE',  ( 0.4813554753168046700, 0.2567307389347600100, 0.02000000000000000000 ) ) ;
#6373 = SURFACE_STYLE_FILL_AREA ( #1702 ) ;
#6374 = PLANE ( 'NONE',  #2077 ) ;
#6375 = CARTESIAN_POINT ( 'NONE',  ( 0.3109756097560981700, -0.2193059230029455200, 0.02000000000000000000 ) ) ;
#6376 = SURFACE_STYLE_FILL_AREA ( #6016 ) ;
#6377 = PRESENTATION_STYLE_ASSIGNMENT (( #1546 ) ) ;
#6378 = DIRECTION ( 'NONE',  ( -0.0000000000000000000, -0.0000000000000000000, -1.000000000000000000 ) ) ;
#6379 =( NAMED_UNIT ( * ) PLANE_ANGLE_UNIT ( ) SI_UNIT ( $, .RADIAN. ) );
#6380 = FACE_BOUND ( 'NONE', #6000, .T. ) ;
#6381 = DIRECTION ( 'NONE',  ( -1.000000000000000000, 0.0000000000000000000, 0.0000000000000000000 ) ) ;
#6382 = CARTESIAN_POINT ( 'NONE',  ( -0.2904916158536586200, -0.1903425083687991800, 0.02000000000000000000 ) ) ;
#6383 = VECTOR ( 'NONE', #2367, 1000.000000000000000 ) ;
#6384 = FACE_OUTER_BOUND ( 'NONE', #3813, .T. ) ;
#6385 = ORIENTED_EDGE ( 'NONE', *, *, #6191, .T. ) ;
#6386 = CARTESIAN_POINT ( 'NONE',  ( -0.05487804878048806900, -0.1903425083687991800, 0.02000000000000000000 ) ) ;
#6387 = VECTOR ( 'NONE', #1935, 1000.000000000000000 ) ;
#6388 = LINE ( 'NONE', #6495, #2456 ) ;
#6389 = EDGE_LOOP ( 'NONE', ( #5220, #4644, #1269, #1802 ) ) ;
#6390 = VERTEX_POINT ( 'NONE', #291 ) ;
#6391 = MECHANICAL_DESIGN_GEOMETRIC_PRESENTATION_REPRESENTATION (  '', ( #5375 ), #201 ) ;
#6392 = VECTOR ( 'NONE', #2120, 1000.000000000000000 ) ;
#6393 = CARTESIAN_POINT ( 'NONE',  ( -2.199999999999999700, -1.520000000000000000, 0.4500000000000000100 ) ) ;
#6394 = CARTESIAN_POINT ( 'NONE',  ( 0.1463414634146338900, 0.03526724772876183000, 0.0000000000000000000 ) ) ;
#6395 = EDGE_LOOP ( 'NONE', ( #4855, #2463, #2123, #187 ) ) ;
#6396 = LINE ( 'NONE', #6569, #2464 ) ;
#6397 = CARTESIAN_POINT ( 'NONE',  ( 2.199999999999999700, -1.500000000000000000, 0.6999999999999999600 ) ) ;
#6398 = CARTESIAN_POINT ( 'NONE',  ( -1.042682926829268300, -0.2452205571492869800, 0.02000000000000000000 ) ) ;
#6399 = ORIENTED_EDGE ( 'NONE', *, *, #4753, .F. ) ;
#6400 = VERTEX_POINT ( 'NONE', #859 ) ;
#6401 = FILL_AREA_STYLE ('',( #126 ) ) ;
#6402 = DIRECTION ( 'NONE',  ( 0.0000000000000000000, 0.0000000000000000000, -1.000000000000000000 ) ) ;
#6403 = EDGE_LOOP ( 'NONE', ( #5671, #717, #1498, #5597 ) ) ;
#6404 = VECTOR ( 'NONE', #2912, 1000.000000000000000 ) ;
#6405 = CARTESIAN_POINT ( 'NONE',  ( -0.3732003330700083300, -0.1776125106780562200, 1.355252715606880500E-017 ) ) ;
#6406 = VERTEX_POINT ( 'NONE', #4837 ) ;
#6407 = CARTESIAN_POINT ( 'NONE',  ( 0.5638306837902358200, 0.1503119935986293700, 0.0000000000000000000 ) ) ;
#6408 = EDGE_CURVE ( 'NONE', #2295, #4047, #161, .T. ) ;
#6409 = AXIS2_PLACEMENT_3D ( 'NONE', #2546, #3069, #6499 ) ;
#6410 = VECTOR ( 'NONE', #3567, 1000.000000000000000 ) ;
#6411 = AXIS2_PLACEMENT_3D ( 'NONE', #5396, #3831, #4104 ) ;
#6412 = VERTEX_POINT ( 'NONE', #1844 ) ;
#6413 = FILL_AREA_STYLE ('',( #5568 ) ) ;
#6414 = ORIENTED_EDGE ( 'NONE', *, *, #1694, .F. ) ;
#6415 = VECTOR ( 'NONE', #1653, 1000.000000000000000 ) ;
#6416 = SURFACE_STYLE_USAGE ( .BOTH. , #2814 ) ;
#6417 = CARTESIAN_POINT ( 'NONE',  ( -2.199999999999999700, 1.300000000000000300, 0.4699999999999999700 ) ) ;
#6418 = B_SPLINE_CURVE_WITH_KNOTS ( 'NONE', 3,
 ( #627, #2136, #5111, #2159, #5595, #2681, #6117, #3188, #58, #3687, #654 ),
 .UNSPECIFIED., .F., .F.,
 ( 4, 1, 1, 1, 1, 1, 1, 1, 4 ),
 ( 0.0000000000000000000, 0.1352946047634291100, 0.2667656579247481000, 0.3948160188358722500, 0.5200516544342459500, 0.6421757029708216000, 0.7626518205584230700, 0.8818340043805018600, 1.000000000000000000 ),
 .UNSPECIFIED. ) ;
#6419 = SURFACE_STYLE_USAGE ( .BOTH. , #2646 ) ;
#6420 = FILL_AREA_STYLE ('',( #5941 ) ) ;
#6421 = ORIENTED_EDGE ( 'NONE', *, *, #1535, .F. ) ;
#6422 = CARTESIAN_POINT ( 'NONE',  ( 0.5761349786781613200, 0.1358304417103558800, 1.355252715606880500E-017 ) ) ;
#6423 = VECTOR ( 'NONE', #5186, 1000.000000000000000 ) ;
#6424 = CARTESIAN_POINT ( 'NONE',  ( -2.419999999999999900, -1.300000000000000000, 0.4699999999999999700 ) ) ;
#6425 = CARTESIAN_POINT ( 'NONE',  ( 0.5971118219282969300, -0.09861717925950797000, 0.0000000000000000000 ) ) ;
#6426 = CARTESIAN_POINT ( 'NONE',  ( -0.4677658563680960300, -0.09231417633902552800, 0.02000000000000000000 ) ) ;
#6427 = DIRECTION ( 'NONE',  ( 1.000000000000000000, 0.0000000000000000000, 0.0000000000000000000 ) ) ;
#6428 = CARTESIAN_POINT ( 'NONE',  ( -1.300000000000000300, -1.500000000000000000, 0.0000000000000000000 ) ) ;
#6429 = LINE ( 'NONE', #6397, #2668 ) ;
#6430 = CARTESIAN_POINT ( 'NONE',  ( -0.4204153958142502500, 0.1635446457464739800, 1.355252715606880500E-017 ) ) ;
#6431 = SURFACE_STYLE_FILL_AREA ( #4752 ) ;
#6432 = CARTESIAN_POINT ( 'NONE',  ( -0.3703077036300180300, -0.2359113419649045400, 0.0000000000000000000 ) ) ;
#6433 = CARTESIAN_POINT ( 'NONE',  ( 2.500000000000000000, 1.301000000000000200, 0.3489999999999999800 ) ) ;
#6434 = CARTESIAN_POINT ( 'NONE',  ( -1.300000000000000300, 0.0000000000000000000, 0.0000000000000000000 ) ) ;
#6435 = DIRECTION ( 'NONE',  ( -0.0000000000000000000, -0.0000000000000000000, 1.000000000000000000 ) ) ;
#6436 = SURFACE_SIDE_STYLE ('',( #5902 ) ) ;
#6437 = SURFACE_STYLE_USAGE ( .BOTH. , #3373 ) ;
#6438 = COLOUR_RGB ( '',0.2980392156862745100, 0.2980392156862745100, 0.2980392156862745100 ) ;
#6439 = DIRECTION ( 'NONE',  ( 0.0000000000000000000, 0.0000000000000000000, -1.000000000000000000 ) ) ;
#6440 = UNCERTAINTY_MEASURE_WITH_UNIT (LENGTH_MEASURE( 1.000000000000000100E-005 ), #1630, 'distance_accuracy_value', 'NONE');
#6441 = EDGE_CURVE ( 'NONE', #6412, #3972, #1566, .T. ) ;
#6442 = FACE_OUTER_BOUND ( 'NONE', #3361, .T. ) ;
#6443 = DIRECTION ( 'NONE',  ( 0.3390537954853692900, 0.9407669869669987900, 0.0000000000000000000 ) ) ;
#6444 = DIRECTION ( 'NONE',  ( 1.000000000000000000, 0.0000000000000000000, -0.0000000000000000000 ) ) ;
#6445 = EDGE_CURVE ( 'NONE', #5193, #1744, #4242, .T. ) ;
#6446 = EDGE_CURVE ( 'NONE', #635, #562, #1867, .T. ) ;
#6447 = CARTESIAN_POINT ( 'NONE',  ( -0.4878048780487805900, 0.009638436753152054800, 1.355252715606880500E-017 ) ) ;
#6448 = SURFACE_STYLE_USAGE ( .BOTH. , #3025 ) ;
#6449 =( GEOMETRIC_REPRESENTATION_CONTEXT ( 3 ) GLOBAL_UNCERTAINTY_ASSIGNED_CONTEXT ( ( #5315 ) ) GLOBAL_UNIT_ASSIGNED_CONTEXT ( ( #448, #708, #1070 ) ) REPRESENTATION_CONTEXT ( 'NONE', 'WORKASPACE' ) );
#6450 = FACE_OUTER_BOUND ( 'NONE', #4422, .T. ) ;
#6451 = CIRCLE ( 'NONE', #4572, 0.2000000000000000900 ) ;
#6452 = CARTESIAN_POINT ( 'NONE',  ( -1.300000000000000300, -1.000000000000002900, -0.001000000000000000000 ) ) ;
#6453 = SURFACE_STYLE_USAGE ( .BOTH. , #3032 ) ;
#6454 = LINE ( 'NONE', #2670, #3845 ) ;
#6455 = STYLED_ITEM ( 'NONE', ( #796 ), #341 ) ;
#6456 = DIRECTION ( 'NONE',  ( -1.000000000000000000, 0.0000000000000000000, 0.0000000000000000000 ) ) ;
#6457 =( GEOMETRIC_REPRESENTATION_CONTEXT ( 3 ) GLOBAL_UNCERTAINTY_ASSIGNED_CONTEXT ( ( #951 ) ) GLOBAL_UNIT_ASSIGNED_CONTEXT ( ( #4296, #1293, #4775 ) ) REPRESENTATION_CONTEXT ( 'NONE', 'WORKASPACE' ) );
#6458 = CARTESIAN_POINT ( 'NONE',  ( -2.500000000000000000, -1.300000000000000000, 0.3489999999999999800 ) ) ;
#6459 = ORIENTED_EDGE ( 'NONE', *, *, #4676, .T. ) ;
#6460 = CARTESIAN_POINT ( 'NONE',  ( -0.1524390243902439800, -0.2452205571492869800, 0.0000000000000000000 ) ) ;
#6461 = PRESENTATION_STYLE_ASSIGNMENT (( #6143 ) ) ;
#6462 = VERTEX_POINT ( 'NONE', #318 ) ;
#6463 = CIRCLE ( 'NONE', #4153, 0.05000000000000002400 ) ;
#6464 = DIRECTION ( 'NONE',  ( 0.0000000000000000000, -0.0000000000000000000, 1.000000000000000000 ) ) ;
#6465 = CARTESIAN_POINT ( 'NONE',  ( -0.3892718088248065000, 0.1815563509975990100, 1.355252715606880500E-017 ) ) ;
#6466 = CARTESIAN_POINT ( 'NONE',  ( -0.8172553295144939800, 0.1731510602917933900, 0.0000000000000000000 ) ) ;
#6467 = VECTOR ( 'NONE', #4755, 1000.000000000000000 ) ;
#6468 = CARTESIAN_POINT ( 'NONE',  ( 2.419999999999999900, -1.300000000000000000, 0.4699999999999999700 ) ) ;
#6469 = VERTEX_POINT ( 'NONE', #2345 ) ;
#6470 = DIRECTION ( 'NONE',  ( -1.000000000000000000, 9.856383386231858800E-017, 0.0000000000000000000 ) ) ;
#6471 = SURFACE_STYLE_FILL_AREA ( #6401 ) ;
#6472 = LINE ( 'NONE', #1356, #5138 ) ;
#6473 = CARTESIAN_POINT ( 'NONE',  ( -2.101000000000000000, 1.500000000000000000, 0.3489999999999999800 ) ) ;
#6474 = SURFACE_STYLE_USAGE ( .BOTH. , #6436 ) ;
#6475 = ORIENTED_EDGE ( 'NONE', *, *, #4477, .T. ) ;
#6476 = SURFACE_STYLE_FILL_AREA ( #5381 ) ;
#6477 = CARTESIAN_POINT ( 'NONE',  ( -2.199999999999999700, -1.300000000000000000, 0.7500000000000000000 ) ) ;
#6478 = VERTEX_POINT ( 'NONE', #1312 ) ;
#6479 = ORIENTED_EDGE ( 'NONE', *, *, #116, .F. ) ;
#6480 = LINE ( 'NONE', #5976, #5147 ) ;
#6481 = SURFACE_STYLE_FILL_AREA ( #5420 ) ;
#6482 = CARTESIAN_POINT ( 'NONE',  ( -0.8211699695121951200, 0.1587428574848593900, 0.02000000000000000000 ) ) ;
#6483 = ORIENTED_EDGE ( 'NONE', *, *, #556, .F. ) ;
#6484 = PRESENTATION_LAYER_ASSIGNMENT (  '', '', ( #5792 ) ) ;
#6485 = ORIENTED_EDGE ( 'NONE', *, *, #4628, .F. ) ;
#6486 = FACE_OUTER_BOUND ( 'NONE', #103, .T. ) ;
#6487 = CARTESIAN_POINT ( 'NONE',  ( -0.4806914022423381900, 0.07391931017709225900, 0.0000000000000000000 ) ) ;
#6488 = EDGE_CURVE ( 'NONE', #5144, #175, #4098, .T. ) ;
#6489 =( LENGTH_UNIT ( ) NAMED_UNIT ( * ) SI_UNIT ( .MILLI., .METRE. ) );
#6490 = ORIENTED_EDGE ( 'NONE', *, *, #2395, .T. ) ;
#6491 = SURFACE_STYLE_FILL_AREA ( #4714 ) ;
#6492 = CARTESIAN_POINT ( 'NONE',  ( 0.4280678353658542400, 0.2059989550458349900, 1.355252715606880500E-017 ) ) ;
#6493 = AXIS2_PLACEMENT_3D ( 'NONE', #1708, #1681, #1666 ) ;
#6494 = CARTESIAN_POINT ( 'NONE',  ( -2.400000000000000400, -1.201000000000000300, 0.3489999999999999800 ) ) ;
#6495 = CARTESIAN_POINT ( 'NONE',  ( 1.300000000000000300, 0.0000000000000000000, 0.0000000000000000000 ) ) ;
#6496 = EDGE_CURVE ( 'NONE', #3576, #4481, #2785, .T. ) ;
#6497 = ORIENTED_EDGE ( 'NONE', *, *, #4974, .T. ) ;
#6498 = FACE_OUTER_BOUND ( 'NONE', #3889, .T. ) ;
#6499 = DIRECTION ( 'NONE',  ( -0.3390537954853692900, -0.9407669869669987900, 0.0000000000000000000 ) ) ;
#6500 = LINE ( 'NONE', #2443, #3893 ) ;
#6501 = DIRECTION ( 'NONE',  ( -0.3635424856527063600, -0.9315776194850602400, 0.0000000000000000000 ) ) ;
#6502 = SURFACE_SIDE_STYLE ('',( #3075 ) ) ;
#6503 = UNCERTAINTY_MEASURE_WITH_UNIT (LENGTH_MEASURE( 1.000000000000000100E-005 ), #3800, 'distance_accuracy_value', 'NONE');
#6504 = ORIENTED_EDGE ( 'NONE', *, *, #5070, .T. ) ;
#6505 = ORIENTED_EDGE ( 'NONE', *, *, #2753, .T. ) ;
#6506 = EDGE_CURVE ( 'NONE', #3746, #277, #1411, .T. ) ;
#6507 = AXIS2_PLACEMENT_3D ( 'NONE', #2004, #1985, #1927 ) ;
#6508 =( GEOMETRIC_REPRESENTATION_CONTEXT ( 3 ) GLOBAL_UNCERTAINTY_ASSIGNED_CONTEXT ( ( #3773 ) ) GLOBAL_UNIT_ASSIGNED_CONTEXT ( ( #2241, #5665, #2770 ) ) REPRESENTATION_CONTEXT ( 'NONE', 'WORKASPACE' ) );
#6509 = CIRCLE ( 'NONE', #2523, 0.2000000000000000900 ) ;
#6510 = CARTESIAN_POINT ( 'NONE',  ( 0.3109756097560982300, -0.1644278742224577200, 6.776263578034402700E-018 ) ) ;
#6511 = CARTESIAN_POINT ( 'NONE',  ( -0.4204153958142502500, 0.1635446457464739800, 0.02000000000000000000 ) ) ;
#6512 = DIRECTION ( 'NONE',  ( -0.0000000000000000000, -0.0000000000000000000, -1.000000000000000000 ) ) ;
#6513 = LINE ( 'NONE', #1128, #3909 ) ;
#6514 = CARTESIAN_POINT ( 'NONE',  ( -0.3003742112739517500, 0.1997548969856780500, -0.0000000000000000000 ) ) ;
#6515 = FILL_AREA_STYLE_COLOUR ( '', #856 ) ;
#6516 = DIRECTION ( 'NONE',  ( 0.0000000000000000000, 0.0000000000000000000, -1.000000000000000000 ) ) ;
#6517 = CARTESIAN_POINT ( 'NONE',  ( -0.8205460169504995600, 0.1607377747114145700, 0.02000000000000000000 ) ) ;
#6518 = CARTESIAN_POINT ( 'NONE',  ( 0.5546881159329754000, -0.1560927811820553800, 0.0000000000000000000 ) ) ;
#6519 = CARTESIAN_POINT ( 'NONE',  ( 0.4286394817073176900, 0.2608770038263227800, 0.02000000000000000000 ) ) ;
#6520 = CARTESIAN_POINT ( 'NONE',  ( -2.400000000000000400, 1.201000000000000300, 0.0000000000000000000 ) ) ;
#6521 = CARTESIAN_POINT ( 'NONE',  ( 0.6153433058964602500, 0.02220649023755149500, 0.02000000000000000000 ) ) ;
#6522 = DIRECTION ( 'NONE',  ( 1.000000000000000000, -0.0000000000000000000, 0.0000000000000000000 ) ) ;
#6523 = DIRECTION ( 'NONE',  ( -1.000000000000000000, 0.0000000000000000000, -0.0000000000000000000 ) ) ;
#6524 = PRESENTATION_LAYER_ASSIGNMENT (  '', '', ( #344 ) ) ;
#6525 = CARTESIAN_POINT ( 'NONE',  ( -2.500000000000000000, -1.599999999999999900, 0.4500000000000000100 ) ) ;
#6526 = CARTESIAN_POINT ( 'NONE',  ( 0.5958547439563646200, 0.1028539963313422800, 0.02000000000000000000 ) ) ;
#6527 = MECHANICAL_DESIGN_GEOMETRIC_PRESENTATION_REPRESENTATION (  '', ( #5499 ), #353 ) ;
#6528 = DIRECTION ( 'NONE',  ( -1.000000000000000000, 0.0000000000000000000, 0.0000000000000000000 ) ) ;
#6529 = LINE ( 'NONE', #1877, #5185 ) ;
#6530 =( NAMED_UNIT ( * ) SI_UNIT ( $, .STERADIAN. ) SOLID_ANGLE_UNIT ( ) );
#6531 = ORIENTED_EDGE ( 'NONE', *, *, #5940, .T. ) ;
#6532 = CARTESIAN_POINT ( 'NONE',  ( -0.5367538280350979700, 0.1111813637478258800, 0.0000000000000000000 ) ) ;
#6533 =( LENGTH_UNIT ( ) NAMED_UNIT ( * ) SI_UNIT ( .MILLI., .METRE. ) );
#6534 = VECTOR ( 'NONE', #3027, 1000.000000000000000 ) ;
#6535 = EDGE_CURVE ( 'NONE', #5295, #3355, #3939, .T. ) ;
#6536 = EDGE_CURVE ( 'NONE', #3035, #1039, #1252, .T. ) ;
#6537 = CARTESIAN_POINT ( 'NONE',  ( -0.1524390243902439800, -0.2452205571492869800, 0.02000000000000000000 ) ) ;
#6538 = MECHANICAL_DESIGN_GEOMETRIC_PRESENTATION_REPRESENTATION (  '', ( #5861 ), #370 ) ;
#6539 =( GEOMETRIC_REPRESENTATION_CONTEXT ( 3 ) GLOBAL_UNCERTAINTY_ASSIGNED_CONTEXT ( ( #5124 ) ) GLOBAL_UNIT_ASSIGNED_CONTEXT ( ( #1759, #935, #2235 ) ) REPRESENTATION_CONTEXT ( 'NONE', 'WORKASPACE' ) );
#6540 = CARTESIAN_POINT ( 'NONE',  ( -2.101000000000000400, 1.600000000000000300, 0.3489999999999999800 ) ) ;
#6541 = CARTESIAN_POINT ( 'NONE',  ( 0.6344277638371990100, -0.1663243284817211300, 1.355252715606880500E-017 ) ) ;
#6542 = PRESENTATION_LAYER_ASSIGNMENT (  '', '', ( #5862 ) ) ;
#6543 = DIRECTION ( 'NONE',  ( -0.7071067811865495700, -0.7071067811865454600, -0.0000000000000000000 ) ) ;
#6544 = VECTOR ( 'NONE', #3685, 1000.000000000000000 ) ;
#6545 = DIRECTION ( 'NONE',  ( 0.0000000000000000000, 0.0000000000000000000, -1.000000000000000000 ) ) ;
#6546 = ORIENTED_EDGE ( 'NONE', *, *, #1769, .T. ) ;
#6547 = ORIENTED_EDGE ( 'NONE', *, *, #556, .T. ) ;
#6548 = LINE ( 'NONE', #2766, #5198 ) ;
#6549 = ORIENTED_EDGE ( 'NONE', *, *, #410, .F. ) ;
#6550 = EDGE_LOOP ( 'NONE', ( #1917, #1606, #580, #181 ) ) ;
#6551 = CYLINDRICAL_SURFACE ( 'NONE', #1124, 0.05000000000000002400 ) ;
#6552 = DIRECTION ( 'NONE',  ( -0.0000000000000000000, 1.000000000000000000, 0.0000000000000000000 ) ) ;
#6553 = CARTESIAN_POINT ( 'NONE',  ( -0.8062193102706338700, 0.1659480138671232700, 0.0000000000000000000 ) ) ;
#6554 = VECTOR ( 'NONE', #2503, 1000.000000000000000 ) ;
#6555 = PRESENTATION_STYLE_ASSIGNMENT (( #5542 ) ) ;
#6556 =( NAMED_UNIT ( * ) PLANE_ANGLE_UNIT ( ) SI_UNIT ( $, .RADIAN. ) );
#6557 = ORIENTED_EDGE ( 'NONE', *, *, #4516, .T. ) ;
#6558 = LINE ( 'NONE', #904, #3650 ) ;
#6559 = CARTESIAN_POINT ( 'NONE',  ( -2.400000000000000400, 1.201000000000000300, 0.3489999999999999800 ) ) ;
#6560 = CARTESIAN_POINT ( 'NONE',  ( -0.8134527439024390500, 0.1938038330946154600, 0.02000000000000000000 ) ) ;
#6561 = ORIENTED_EDGE ( 'NONE', *, *, #2805, .F. ) ;
#6562 = CIRCLE ( 'NONE', #6043, 0.3000000000000003800 ) ;
#6563 = SURFACE_STYLE_USAGE ( .BOTH. , #912 ) ;
#6564 = SURFACE_STYLE_USAGE ( .BOTH. , #6265 ) ;
#6565 = DIRECTION ( 'NONE',  ( 0.0000000000000000000, 0.0000000000000000000, -1.000000000000000000 ) ) ;
#6566 = CARTESIAN_POINT ( 'NONE',  ( -0.8082893805652045000, 0.1740929194788086700, 1.355252715606880500E-017 ) ) ;
#6567 = ORIENTED_EDGE ( 'NONE', *, *, #4753, .T. ) ;
#6568 = ORIENTED_EDGE ( 'NONE', *, *, #5387, .F. ) ;
#6569 = CARTESIAN_POINT ( 'NONE',  ( -2.500000000000000000, -1.599999999999999900, 0.0000000000000000000 ) ) ;
#6570 = CARTESIAN_POINT ( 'NONE',  ( 0.4742051573765536100, -0.2507459749996672800, 0.02000000000000000000 ) ) ;
#6571 = SURFACE_STYLE_FILL_AREA ( #702 ) ;
#6572 = CARTESIAN_POINT ( 'NONE',  ( -2.500000000000000000, -1.599999999999999900, 0.4500000000000000100 ) ) ;
#6573 = PLANE ( 'NONE',  #1001 ) ;
ENDSEC;
END-ISO-10303-21;
